week_start,panchayat_id,ndvi,lst_day_c
2023-01-01,MP0101,0.263,22.4
2023-01-01,MP0102,0.25,22.0
2023-01-01,MP0103,0.261,22.2
2023-01-01,MP0201,0.278,22.0
2023-01-01,MP0202,0.303,23.2
2023-01-01,MP0203,0.231,21.3
2023-01-01,MP0204,,
2023-01-01,MP0301,0.279,22.9
2023-01-01,MP0302,0.319,23.6
2023-01-01,MP0303,0.319,21.0
2023-01-01,MP0104,0.292,20.8
2023-01-01,MP0105,0.303,20.9
2023-01-01,MP0106,0.279,21.2
2023-01-01,MP0205,0.288,23.1
2023-01-01,MP0206,0.284,24.6
2023-01-01,MP0207,0.248,25.5
2023-01-01,MP0208,0.263,21.1
2023-01-01,MP0304,0.286,19.4
2023-01-01,MP0305,0.26,20.9
2023-01-01,MP0306,0.352,23.5
2023-01-01,MP0107,0.279,23.2
2023-01-01,MP0108,0.3,23.5
2023-01-01,MP0109,0.245,22.9
2023-01-01,MP0209,0.271,20.5
2023-01-01,MP0210,0.269,23.3
2023-01-01,MP0211,0.318,23.1
2023-01-01,MP0307,0.297,21.3
2023-01-01,MP0308,0.251,21.0
2023-01-01,MP0309,0.284,21.3
2023-01-01,MP0310,0.299,22.7
2023-01-01,MP0110,0.332,20.8
2023-01-01,MP0111,0.342,20.6
2023-01-01,MP0112,,
2023-01-01,MP0212,0.312,24.7
2023-01-01,MP0213,0.25,22.0
2023-01-01,MP0214,0.318,22.3
2023-01-01,MP0215,0.258,24.3
2023-01-01,MP0311,0.313,21.9
2023-01-01,MP0312,0.318,23.2
2023-01-01,MP0313,0.257,22.9
2023-01-01,MP0113,0.286,21.2
2023-01-01,MP0401,0.256,24.2
2023-01-01,MP0402,0.257,23.6
2023-01-01,MP0216,0.332,22.8
2023-01-01,MP0501,0.287,22.2
2023-01-01,MP0502,0.264,22.5
2023-01-01,MP0314,0.296,19.7
2023-01-01,MP0315,0.268,20.6
2023-01-01,MP0601,0.351,23.4
2023-01-01,MP0316,0.271,24.7
2023-01-01,MP0403,0.288,22.2
2023-01-01,MP0404,0.284,24.9
2023-01-01,MP0405,,
2023-01-01,MP0503,0.263,20.8
2023-01-01,MP0504,0.283,20.7
2023-01-01,MP0505,0.285,22.3
2023-01-01,MP0506,0.255,22.9
2023-01-01,MP0602,0.296,22.3
2023-01-01,MP0603,0.264,21.1
2023-01-01,MP0604,0.323,22.4
2023-01-01,MP0406,0.274,23.2
2023-01-01,MP0407,0.318,21.2
2023-01-01,MP0408,0.298,19.6
2023-01-01,MP0507,0.269,21.2
2023-01-01,MP0508,0.286,21.9
2023-01-01,MP0509,,
2023-01-01,MP0510,0.216,21.9
2023-01-01,MP0605,,
2023-01-01,MP0606,0.261,20.1
2023-01-01,MP0607,0.257,23.1
2023-01-01,MP0409,0.301,23.2
2023-01-01,MP0410,0.272,25.0
2023-01-01,MP0411,0.302,21.0
2023-01-01,MP0412,0.23,21.7
2023-01-01,MP0511,0.26,23.2
2023-01-01,MP0512,0.343,21.8
2023-01-01,MP0608,0.183,22.5
2023-01-01,MP0609,0.301,22.0
2023-01-01,MP0610,,
2023-01-01,MP0611,,
2023-01-01,MP0413,0.26,22.8
2023-01-01,MP0414,0.295,24.4
2023-01-01,MP0415,0.263,21.8
2023-01-01,MP0513,0.31,22.4
2023-01-01,MP0514,0.177,21.3
2023-01-01,MP0515,0.242,23.9
2023-01-01,MP0516,0.284,23.1
2023-01-01,MP0612,0.33,23.4
2023-01-01,MP0613,,
2023-01-01,MP0614,0.283,23.7
2023-01-08,MP0101,0.274,25.3
2023-01-08,MP0102,0.324,23.1
2023-01-08,MP0103,0.333,21.9
2023-01-08,MP0201,0.315,23.9
2023-01-08,MP0202,0.368,23.7
2023-01-08,MP0203,0.396,22.1
2023-01-08,MP0204,0.322,24.1
2023-01-08,MP0301,0.313,24.9
2023-01-08,MP0302,0.361,23.5
2023-01-08,MP0303,0.357,26.0
2023-01-08,MP0104,,
2023-01-08,MP0105,,
2023-01-08,MP0106,0.292,22.4
2023-01-08,MP0205,0.38,21.5
2023-01-08,MP0206,0.286,21.7
2023-01-08,MP0207,0.292,20.4
2023-01-08,MP0208,0.367,23.1
2023-01-08,MP0304,,
2023-01-08,MP0305,0.335,24.1
2023-01-08,MP0306,0.283,23.4
2023-01-08,MP0107,0.313,21.8
2023-01-08,MP0108,0.313,24.2
2023-01-08,MP0109,0.288,23.7
2023-01-08,MP0209,0.292,23.7
2023-01-08,MP0210,0.323,25.1
2023-01-08,MP0211,0.318,21.6
2023-01-08,MP0307,0.333,22.2
2023-01-08,MP0308,0.328,23.3
2023-01-08,MP0309,0.325,21.9
2023-01-08,MP0310,0.337,24.5
2023-01-08,MP0110,0.296,23.0
2023-01-08,MP0111,0.357,22.2
2023-01-08,MP0112,0.385,21.4
2023-01-08,MP0212,0.328,22.7
2023-01-08,MP0213,0.235,24.9
2023-01-08,MP0214,0.302,22.2
2023-01-08,MP0215,0.364,20.5
2023-01-08,MP0311,0.29,24.2
2023-01-08,MP0312,0.285,22.1
2023-01-08,MP0313,0.258,22.8
2023-01-08,MP0113,0.315,23.2
2023-01-08,MP0401,0.3,24.9
2023-01-08,MP0402,0.286,17.9
2023-01-08,MP0216,0.36,24.4
2023-01-08,MP0501,0.32,23.7
2023-01-08,MP0502,0.334,23.5
2023-01-08,MP0314,0.321,22.5
2023-01-08,MP0315,0.301,22.6
2023-01-08,MP0601,0.357,24.5
2023-01-08,MP0316,0.285,22.3
2023-01-08,MP0403,0.339,24.5
2023-01-08,MP0404,0.214,23.3
2023-01-08,MP0405,0.298,23.9
2023-01-08,MP0503,0.252,23.0
2023-01-08,MP0504,0.284,22.7
2023-01-08,MP0505,0.297,21.6
2023-01-08,MP0506,,
2023-01-08,MP0602,0.324,21.8
2023-01-08,MP0603,0.366,21.9
2023-01-08,MP0604,0.332,22.7
2023-01-08,MP0406,0.315,21.1
2023-01-08,MP0407,0.255,24.8
2023-01-08,MP0408,0.29,24.2
2023-01-08,MP0507,0.284,25.5
2023-01-08,MP0508,0.279,24.6
2023-01-08,MP0509,0.227,23.5
2023-01-08,MP0510,0.264,22.9
2023-01-08,MP0605,0.365,20.1
2023-01-08,MP0606,0.335,25.9
2023-01-08,MP0607,0.363,26.0
2023-01-08,MP0409,0.277,23.4
2023-01-08,MP0410,0.325,22.9
2023-01-08,MP0411,0.323,19.3
2023-01-08,MP0412,,
2023-01-08,MP0511,0.349,23.9
2023-01-08,MP0512,0.222,23.9
2023-01-08,MP0608,0.257,22.3
2023-01-08,MP0609,0.32,21.3
2023-01-08,MP0610,,
2023-01-08,MP0611,0.307,24.9
2023-01-08,MP0413,0.307,21.4
2023-01-08,MP0414,0.334,23.5
2023-01-08,MP0415,0.331,22.8
2023-01-08,MP0513,0.31,23.0
2023-01-08,MP0514,0.26,23.2
2023-01-08,MP0515,0.271,23.0
2023-01-08,MP0516,0.323,20.7
2023-01-08,MP0612,0.313,22.3
2023-01-08,MP0613,0.379,23.3
2023-01-08,MP0614,0.337,20.8
2023-01-15,MP0101,0.355,20.9
2023-01-15,MP0102,0.376,21.8
2023-01-15,MP0103,0.349,22.9
2023-01-15,MP0201,0.352,23.7
2023-01-15,MP0202,0.415,22.4
2023-01-15,MP0203,,
2023-01-15,MP0204,0.448,20.7
2023-01-15,MP0301,0.363,23.0
2023-01-15,MP0302,0.411,21.0
2023-01-15,MP0303,0.419,21.7
2023-01-15,MP0104,0.33,21.8
2023-01-15,MP0105,0.358,21.2
2023-01-15,MP0106,0.34,21.0
2023-01-15,MP0205,0.401,20.1
2023-01-15,MP0206,0.344,20.8
2023-01-15,MP0207,0.314,21.1
2023-01-15,MP0208,0.384,18.0
2023-01-15,MP0304,0.405,22.5
2023-01-15,MP0305,0.359,21.8
2023-01-15,MP0306,0.342,23.5
2023-01-15,MP0107,0.408,20.8
2023-01-15,MP0108,0.326,20.6
2023-01-15,MP0109,0.385,20.5
2023-01-15,MP0209,0.36,19.3
2023-01-15,MP0210,0.422,20.2
2023-01-15,MP0211,0.393,19.5
2023-01-15,MP0307,0.407,20.3
2023-01-15,MP0308,0.346,20.5
2023-01-15,MP0309,0.291,20.0
2023-01-15,MP0310,0.39,19.9
2023-01-15,MP0110,0.37,20.2
2023-01-15,MP0111,0.343,21.6
2023-01-15,MP0112,0.362,22.9
2023-01-15,MP0212,0.381,20.8
2023-01-15,MP0213,0.308,23.7
2023-01-15,MP0214,0.325,20.3
2023-01-15,MP0215,0.383,21.7
2023-01-15,MP0311,0.386,22.0
2023-01-15,MP0312,0.37,21.0
2023-01-15,MP0313,0.28,22.2
2023-01-15,MP0113,0.427,23.4
2023-01-15,MP0401,0.29,22.6
2023-01-15,MP0402,0.291,21.3
2023-01-15,MP0216,0.346,20.3
2023-01-15,MP0501,0.322,21.2
2023-01-15,MP0502,0.37,21.3
2023-01-15,MP0314,0.342,23.4
2023-01-15,MP0315,0.31,20.6
2023-01-15,MP0601,0.371,20.4
2023-01-15,MP0316,0.345,19.0
2023-01-15,MP0403,0.346,22.3
2023-01-15,MP0404,0.314,20.2
2023-01-15,MP0405,0.315,20.5
2023-01-15,MP0503,0.321,21.1
2023-01-15,MP0504,0.392,22.1
2023-01-15,MP0505,0.385,20.5
2023-01-15,MP0506,0.328,18.8
2023-01-15,MP0602,0.291,19.7
2023-01-15,MP0603,0.34,20.9
2023-01-15,MP0604,0.439,20.8
2023-01-15,MP0406,0.392,23.3
2023-01-15,MP0407,0.331,24.6
2023-01-15,MP0408,0.37,21.3
2023-01-15,MP0507,0.32,22.0
2023-01-15,MP0508,0.319,18.0
2023-01-15,MP0509,0.259,22.4
2023-01-15,MP0510,0.269,21.8
2023-01-15,MP0605,0.306,22.5
2023-01-15,MP0606,0.336,21.4
2023-01-15,MP0607,0.33,20.9
2023-01-15,MP0409,0.279,20.4
2023-01-15,MP0410,0.319,20.8
2023-01-15,MP0411,0.401,21.0
2023-01-15,MP0412,0.385,20.5
2023-01-15,MP0511,0.297,21.4
2023-01-15,MP0512,0.313,20.5
2023-01-15,MP0608,0.292,21.4
2023-01-15,MP0609,0.361,21.3
2023-01-15,MP0610,0.312,20.0
2023-01-15,MP0611,0.326,20.8
2023-01-15,MP0413,0.371,21.1
2023-01-15,MP0414,0.347,22.7
2023-01-15,MP0415,0.367,22.0
2023-01-15,MP0513,0.359,23.2
2023-01-15,MP0514,0.408,21.7
2023-01-15,MP0515,0.357,18.0
2023-01-15,MP0516,0.359,23.5
2023-01-15,MP0612,0.355,20.0
2023-01-15,MP0613,0.382,22.0
2023-01-15,MP0614,0.377,21.2
2023-01-22,MP0101,0.376,23.3
2023-01-22,MP0102,0.402,22.1
2023-01-22,MP0103,0.384,23.6
2023-01-22,MP0201,,
2023-01-22,MP0202,0.46,23.1
2023-01-22,MP0203,0.417,20.6
2023-01-22,MP0204,0.45,21.7
2023-01-22,MP0301,0.413,21.3
2023-01-22,MP0302,0.435,21.8
2023-01-22,MP0303,0.481,23.9
2023-01-22,MP0104,0.429,23.0
2023-01-22,MP0105,0.392,25.6
2023-01-22,MP0106,0.442,23.1
2023-01-22,MP0205,0.372,20.8
2023-01-22,MP0206,0.417,25.5
2023-01-22,MP0207,0.375,21.3
2023-01-22,MP0208,0.375,20.9
2023-01-22,MP0304,0.409,21.5
2023-01-22,MP0305,0.442,24.3
2023-01-22,MP0306,0.324,22.9
2023-01-22,MP0107,,
2023-01-22,MP0108,0.374,24.2
2023-01-22,MP0109,0.379,20.3
2023-01-22,MP0209,0.393,22.4
2023-01-22,MP0210,0.456,22.9
2023-01-22,MP0211,0.408,20.7
2023-01-22,MP0307,0.354,21.9
2023-01-22,MP0308,0.406,24.1
2023-01-22,MP0309,0.428,25.5
2023-01-22,MP0310,0.378,22.6
2023-01-22,MP0110,0.416,23.5
2023-01-22,MP0111,0.366,24.8
2023-01-22,MP0112,0.398,23.2
2023-01-22,MP0212,,
2023-01-22,MP0213,0.422,19.9
2023-01-22,MP0214,0.357,23.8
2023-01-22,MP0215,0.412,24.9
2023-01-22,MP0311,0.339,21.6
2023-01-22,MP0312,0.377,23.4
2023-01-22,MP0313,0.407,22.6
2023-01-22,MP0113,0.378,22.1
2023-01-22,MP0401,0.351,24.9
2023-01-22,MP0402,0.333,24.4
2023-01-22,MP0216,0.405,21.3
2023-01-22,MP0501,0.319,24.5
2023-01-22,MP0502,0.43,22.7
2023-01-22,MP0314,0.361,22.5
2023-01-22,MP0315,0.39,21.7
2023-01-22,MP0601,0.387,22.6
2023-01-22,MP0316,0.382,22.0
2023-01-22,MP0403,0.318,22.5
2023-01-22,MP0404,0.3,23.9
2023-01-22,MP0405,0.331,23.9
2023-01-22,MP0503,0.286,23.8
2023-01-22,MP0504,0.417,23.1
2023-01-22,MP0505,0.396,22.5
2023-01-22,MP0506,0.39,25.9
2023-01-22,MP0602,0.345,25.0
2023-01-22,MP0603,0.369,20.5
2023-01-22,MP0604,0.46,22.5
2023-01-22,MP0406,0.362,23.6
2023-01-22,MP0407,0.369,24.2
2023-01-22,MP0408,0.385,21.5
2023-01-22,MP0507,0.421,21.6
2023-01-22,MP0508,0.324,23.3
2023-01-22,MP0509,0.362,23.4
2023-01-22,MP0510,0.31,25.0
2023-01-22,MP0605,0.423,23.1
2023-01-22,MP0606,0.43,19.4
2023-01-22,MP0607,,
2023-01-22,MP0409,0.343,22.5
2023-01-22,MP0410,0.411,20.6
2023-01-22,MP0411,0.401,25.1
2023-01-22,MP0412,0.326,24.5
2023-01-22,MP0511,0.39,27.7
2023-01-22,MP0512,0.409,24.5
2023-01-22,MP0608,,
2023-01-22,MP0609,0.367,21.9
2023-01-22,MP0610,0.382,22.9
2023-01-22,MP0611,0.384,23.0
2023-01-22,MP0413,0.38,23.3
2023-01-22,MP0414,0.357,21.9
2023-01-22,MP0415,0.397,23.1
2023-01-22,MP0513,,
2023-01-22,MP0514,0.378,22.6
2023-01-22,MP0515,0.374,23.3
2023-01-22,MP0516,0.394,22.9
2023-01-22,MP0612,0.376,26.5
2023-01-22,MP0613,0.355,25.1
2023-01-22,MP0614,0.398,24.9
2023-01-29,MP0101,0.517,28.1
2023-01-29,MP0102,0.445,24.9
2023-01-29,MP0103,0.421,25.1
2023-01-29,MP0201,0.471,26.3
2023-01-29,MP0202,0.462,23.1
2023-01-29,MP0203,0.48,25.9
2023-01-29,MP0204,0.486,28.1
2023-01-29,MP0301,0.51,29.3
2023-01-29,MP0302,0.518,25.1
2023-01-29,MP0303,0.542,24.1
2023-01-29,MP0104,0.361,20.5
2023-01-29,MP0105,0.411,27.0
2023-01-29,MP0106,0.455,27.4
2023-01-29,MP0205,0.469,26.7
2023-01-29,MP0206,0.442,27.8
2023-01-29,MP0207,0.421,27.1
2023-01-29,MP0208,0.44,26.5
2023-01-29,MP0304,0.431,26.2
2023-01-29,MP0305,0.429,26.6
2023-01-29,MP0306,0.425,26.3
2023-01-29,MP0107,0.456,27.1
2023-01-29,MP0108,0.406,25.8
2023-01-29,MP0109,0.44,25.6
2023-01-29,MP0209,0.417,27.2
2023-01-29,MP0210,0.445,23.5
2023-01-29,MP0211,0.493,26.2
2023-01-29,MP0307,0.412,27.7
2023-01-29,MP0308,0.475,23.9
2023-01-29,MP0309,0.397,25.1
2023-01-29,MP0310,,
2023-01-29,MP0110,0.453,26.6
2023-01-29,MP0111,,
2023-01-29,MP0112,,
2023-01-29,MP0212,0.507,23.6
2023-01-29,MP0213,0.409,23.1
2023-01-29,MP0214,0.407,26.4
2023-01-29,MP0215,0.45,25.4
2023-01-29,MP0311,,
2023-01-29,MP0312,0.432,28.0
2023-01-29,MP0313,0.426,25.9
2023-01-29,MP0113,0.579,24.9
2023-01-29,MP0401,0.428,28.0
2023-01-29,MP0402,0.402,27.3
2023-01-29,MP0216,0.413,23.0
2023-01-29,MP0501,0.42,23.6
2023-01-29,MP0502,0.443,24.5
2023-01-29,MP0314,0.434,26.7
2023-01-29,MP0315,0.357,25.7
2023-01-29,MP0601,0.487,25.1
2023-01-29,MP0316,,
2023-01-29,MP0403,0.398,27.7
2023-01-29,MP0404,0.364,23.8
2023-01-29,MP0405,0.389,24.6
2023-01-29,MP0503,0.298,27.1
2023-01-29,MP0504,0.433,25.7
2023-01-29,MP0505,0.458,26.2
2023-01-29,MP0506,0.448,26.9
2023-01-29,MP0602,0.332,27.0
2023-01-29,MP0603,0.426,27.4
2023-01-29,MP0604,0.527,25.7
2023-01-29,MP0406,0.413,29.4
2023-01-29,MP0407,0.457,25.8
2023-01-29,MP0408,0.433,27.2
2023-01-29,MP0507,0.43,24.0
2023-01-29,MP0508,0.352,30.1
2023-01-29,MP0509,,
2023-01-29,MP0510,,
2023-01-29,MP0605,0.437,26.9
2023-01-29,MP0606,0.46,26.0
2023-01-29,MP0607,0.427,23.9
2023-01-29,MP0409,,
2023-01-29,MP0410,0.421,26.1
2023-01-29,MP0411,0.518,27.1
2023-01-29,MP0412,0.377,28.3
2023-01-29,MP0511,0.417,27.2
2023-01-29,MP0512,0.392,28.3
2023-01-29,MP0608,0.387,25.7
2023-01-29,MP0609,0.411,26.1
2023-01-29,MP0610,0.375,28.7
2023-01-29,MP0611,0.43,26.2
2023-01-29,MP0413,0.472,28.5
2023-01-29,MP0414,0.423,24.7
2023-01-29,MP0415,0.482,29.6
2023-01-29,MP0513,0.442,25.7
2023-01-29,MP0514,0.407,25.6
2023-01-29,MP0515,0.407,24.7
2023-01-29,MP0516,0.423,28.1
2023-01-29,MP0612,0.448,30.3
2023-01-29,MP0613,0.413,26.9
2023-01-29,MP0614,0.5,26.7
2023-02-05,MP0101,0.526,28.1
2023-02-05,MP0102,0.462,28.5
2023-02-05,MP0103,0.413,26.1
2023-02-05,MP0201,0.562,23.2
2023-02-05,MP0202,0.54,28.0
2023-02-05,MP0203,0.515,25.5
2023-02-05,MP0204,0.505,27.5
2023-02-05,MP0301,0.462,26.1
2023-02-05,MP0302,0.545,24.1
2023-02-05,MP0303,0.556,25.8
2023-02-05,MP0104,,
2023-02-05,MP0105,0.494,25.7
2023-02-05,MP0106,0.513,25.1
2023-02-05,MP0205,0.533,27.2
2023-02-05,MP0206,0.4,29.0
2023-02-05,MP0207,0.424,28.7
2023-02-05,MP0208,0.517,25.0
2023-02-05,MP0304,0.507,26.4
2023-02-05,MP0305,0.486,27.9
2023-02-05,MP0306,0.493,27.6
2023-02-05,MP0107,0.569,26.9
2023-02-05,MP0108,,
2023-02-05,MP0109,0.422,28.6
2023-02-05,MP0209,0.521,26.4
2023-02-05,MP0210,0.504,26.2
2023-02-05,MP0211,0.529,26.4
2023-02-05,MP0307,,
2023-02-05,MP0308,0.509,24.0
2023-02-05,MP0309,0.508,26.5
2023-02-05,MP0310,0.561,26.0
2023-02-05,MP0110,0.546,27.8
2023-02-05,MP0111,0.45,26.3
2023-02-05,MP0112,0.454,23.2
2023-02-05,MP0212,0.49,27.0
2023-02-05,MP0213,0.385,25.9
2023-02-05,MP0214,0.432,28.2
2023-02-05,MP0215,0.506,28.1
2023-02-05,MP0311,0.522,25.4
2023-02-05,MP0312,0.436,29.0
2023-02-05,MP0313,0.478,25.1
2023-02-05,MP0113,0.541,27.6
2023-02-05,MP0401,0.455,25.9
2023-02-05,MP0402,0.406,24.9
2023-02-05,MP0216,0.52,26.7
2023-02-05,MP0501,0.447,26.7
2023-02-05,MP0502,0.546,25.9
2023-02-05,MP0314,0.491,27.5
2023-02-05,MP0315,0.458,26.1
2023-02-05,MP0601,,
2023-02-05,MP0316,0.369,26.3
2023-02-05,MP0403,0.443,26.7
2023-02-05,MP0404,0.406,28.3
2023-02-05,MP0405,,
2023-02-05,MP0503,0.344,26.3
2023-02-05,MP0504,0.528,25.8
2023-02-05,MP0505,0.483,27.2
2023-02-05,MP0506,0.459,26.9
2023-02-05,MP0602,0.344,28.7
2023-02-05,MP0603,0.464,26.4
2023-02-05,MP0604,0.562,27.6
2023-02-05,MP0406,0.462,27.2
2023-02-05,MP0407,0.428,27.3
2023-02-05,MP0408,0.488,25.8
2023-02-05,MP0507,0.492,29.5
2023-02-05,MP0508,0.434,25.5
2023-02-05,MP0509,0.336,27.1
2023-02-05,MP0510,0.431,26.6
2023-02-05,MP0605,0.496,28.1
2023-02-05,MP0606,0.522,25.2
2023-02-05,MP0607,0.462,25.4
2023-02-05,MP0409,0.417,25.1
2023-02-05,MP0410,0.48,27.4
2023-02-05,MP0411,0.518,29.0
2023-02-05,MP0412,0.427,27.4
2023-02-05,MP0511,0.485,26.1
2023-02-05,MP0512,0.447,27.9
2023-02-05,MP0608,0.438,28.0
2023-02-05,MP0609,0.447,28.6
2023-02-05,MP0610,0.438,27.6
2023-02-05,MP0611,0.466,24.9
2023-02-05,MP0413,0.488,27.5
2023-02-05,MP0414,0.463,27.6
2023-02-05,MP0415,0.537,28.6
2023-02-05,MP0513,0.513,28.0
2023-02-05,MP0514,0.478,26.1
2023-02-05,MP0515,0.45,25.3
2023-02-05,MP0516,,
2023-02-05,MP0612,0.508,30.3
2023-02-05,MP0613,0.541,25.5
2023-02-05,MP0614,0.538,25.9
2023-02-12,MP0101,0.567,27.8
2023-02-12,MP0102,0.485,29.7
2023-02-12,MP0103,0.521,29.8
2023-02-12,MP0201,0.566,30.4
2023-02-12,MP0202,,
2023-02-12,MP0203,0.636,29.3
2023-02-12,MP0204,0.5,25.8
2023-02-12,MP0301,0.44,27.7
2023-02-12,MP0302,0.558,26.7
2023-02-12,MP0303,0.613,26.7
2023-02-12,MP0104,0.497,31.2
2023-02-12,MP0105,0.53,29.0
2023-02-12,MP0106,0.488,28.5
2023-02-12,MP0205,0.571,26.6
2023-02-12,MP0206,0.465,29.8
2023-02-12,MP0207,0.453,27.2
2023-02-12,MP0208,0.526,30.8
2023-02-12,MP0304,0.53,27.2
2023-02-12,MP0305,0.516,24.0
2023-02-12,MP0306,0.516,29.2
2023-02-12,MP0107,0.579,27.9
2023-02-12,MP0108,0.466,30.3
2023-02-12,MP0109,0.519,28.7
2023-02-12,MP0209,0.468,28.0
2023-02-12,MP0210,0.554,28.8
2023-02-12,MP0211,0.549,30.6
2023-02-12,MP0307,,
2023-02-12,MP0308,,
2023-02-12,MP0309,0.489,26.9
2023-02-12,MP0310,0.579,26.4
2023-02-12,MP0110,0.562,30.0
2023-02-12,MP0111,0.528,30.1
2023-02-12,MP0112,0.535,28.0
2023-02-12,MP0212,0.567,28.9
2023-02-12,MP0213,0.456,29.9
2023-02-12,MP0214,0.45,28.5
2023-02-12,MP0215,0.489,30.1
2023-02-12,MP0311,0.479,27.6
2023-02-12,MP0312,0.503,29.6
2023-02-12,MP0313,0.444,27.1
2023-02-12,MP0113,0.541,28.0
2023-02-12,MP0401,0.434,29.0
2023-02-12,MP0402,0.442,29.7
2023-02-12,MP0216,0.526,30.4
2023-02-12,MP0501,0.466,27.1
2023-02-12,MP0502,0.56,29.6
2023-02-12,MP0314,0.572,28.9
2023-02-12,MP0315,0.511,27.5
2023-02-12,MP0601,0.485,28.1
2023-02-12,MP0316,0.481,25.0
2023-02-12,MP0403,0.516,26.7
2023-02-12,MP0404,0.404,31.3
2023-02-12,MP0405,,
2023-02-12,MP0503,0.398,32.2
2023-02-12,MP0504,0.534,25.7
2023-02-12,MP0505,0.494,25.6
2023-02-12,MP0506,0.464,27.6
2023-02-12,MP0602,0.389,30.7
2023-02-12,MP0603,0.461,24.9
2023-02-12,MP0604,0.588,25.3
2023-02-12,MP0406,,
2023-02-12,MP0407,0.491,28.2
2023-02-12,MP0408,0.416,28.3
2023-02-12,MP0507,0.494,27.6
2023-02-12,MP0508,0.396,31.1
2023-02-12,MP0509,0.346,26.2
2023-02-12,MP0510,0.409,27.6
2023-02-12,MP0605,0.519,27.1
2023-02-12,MP0606,0.554,29.0
2023-02-12,MP0607,0.486,27.4
2023-02-12,MP0409,0.484,30.2
2023-02-12,MP0410,,
2023-02-12,MP0411,,
2023-02-12,MP0412,0.452,30.9
2023-02-12,MP0511,0.521,28.4
2023-02-12,MP0512,0.434,28.8
2023-02-12,MP0608,0.433,29.2
2023-02-12,MP0609,0.495,28.9
2023-02-12,MP0610,0.497,29.6
2023-02-12,MP0611,,
2023-02-12,MP0413,0.523,26.5
2023-02-12,MP0414,0.464,27.9
2023-02-12,MP0415,0.467,30.6
2023-02-12,MP0513,0.571,29.5
2023-02-12,MP0514,0.499,29.9
2023-02-12,MP0515,,
2023-02-12,MP0516,0.489,27.9
2023-02-12,MP0612,0.509,28.0
2023-02-12,MP0613,0.504,26.9
2023-02-12,MP0614,0.569,28.1
2023-02-19,MP0101,0.526,27.2
2023-02-19,MP0102,0.541,26.2
2023-02-19,MP0103,0.47,26.9
2023-02-19,MP0201,0.594,25.6
2023-02-19,MP0202,0.574,27.3
2023-02-19,MP0203,0.556,23.9
2023-02-19,MP0204,0.574,25.8
2023-02-19,MP0301,0.46,29.5
2023-02-19,MP0302,0.558,29.3
2023-02-19,MP0303,0.596,25.8
2023-02-19,MP0104,0.453,28.1
2023-02-19,MP0105,0.54,27.6
2023-02-19,MP0106,0.5,27.0
2023-02-19,MP0205,0.583,27.9
2023-02-19,MP0206,0.521,27.6
2023-02-19,MP0207,,
2023-02-19,MP0208,0.546,25.7
2023-02-19,MP0304,0.526,27.4
2023-02-19,MP0305,0.529,28.0
2023-02-19,MP0306,0.494,30.1
2023-02-19,MP0107,0.625,30.3
2023-02-19,MP0108,0.477,27.7
2023-02-19,MP0109,0.491,31.1
2023-02-19,MP0209,0.464,27.9
2023-02-19,MP0210,0.567,28.5
2023-02-19,MP0211,0.587,29.0
2023-02-19,MP0307,0.485,30.5
2023-02-19,MP0308,0.584,26.2
2023-02-19,MP0309,0.564,29.1
2023-02-19,MP0310,0.553,29.7
2023-02-19,MP0110,0.581,27.4
2023-02-19,MP0111,0.507,27.4
2023-02-19,MP0112,0.521,28.2
2023-02-19,MP0212,0.564,27.7
2023-02-19,MP0213,0.45,29.8
2023-02-19,MP0214,0.505,27.3
2023-02-19,MP0215,0.505,29.5
2023-02-19,MP0311,0.498,30.9
2023-02-19,MP0312,0.489,28.5
2023-02-19,MP0313,0.505,31.4
2023-02-19,MP0113,0.559,28.4
2023-02-19,MP0401,0.45,28.5
2023-02-19,MP0402,0.444,29.6
2023-02-19,MP0216,0.566,29.0
2023-02-19,MP0501,0.527,28.0
2023-02-19,MP0502,0.56,28.4
2023-02-19,MP0314,,
2023-02-19,MP0315,0.539,28.6
2023-02-19,MP0601,0.546,27.4
2023-02-19,MP0316,0.523,27.9
2023-02-19,MP0403,0.478,31.8
2023-02-19,MP0404,0.409,29.7
2023-02-19,MP0405,0.493,27.1
2023-02-19,MP0503,0.441,26.8
2023-02-19,MP0504,0.606,29.4
2023-02-19,MP0505,0.56,29.8
2023-02-19,MP0506,0.529,29.0
2023-02-19,MP0602,0.438,29.1
2023-02-19,MP0603,0.561,26.9
2023-02-19,MP0604,0.607,25.6
2023-02-19,MP0406,0.509,29.2
2023-02-19,MP0407,0.497,26.6
2023-02-19,MP0408,,
2023-02-19,MP0507,0.55,28.3
2023-02-19,MP0508,0.426,28.9
2023-02-19,MP0509,0.368,28.6
2023-02-19,MP0510,,
2023-02-19,MP0605,0.537,27.6
2023-02-19,MP0606,0.476,29.7
2023-02-19,MP0607,0.516,28.6
2023-02-19,MP0409,0.477,29.1
2023-02-19,MP0410,0.492,27.1
2023-02-19,MP0411,0.594,28.5
2023-02-19,MP0412,0.467,28.3
2023-02-19,MP0511,0.544,25.8
2023-02-19,MP0512,0.485,28.5
2023-02-19,MP0608,0.459,28.6
2023-02-19,MP0609,0.491,28.1
2023-02-19,MP0610,0.508,27.7
2023-02-19,MP0611,0.469,28.7
2023-02-19,MP0413,0.553,31.6
2023-02-19,MP0414,0.506,29.1
2023-02-19,MP0415,0.539,27.7
2023-02-19,MP0513,0.563,30.4
2023-02-19,MP0514,0.483,30.9
2023-02-19,MP0515,0.557,29.8
2023-02-19,MP0516,0.506,28.6
2023-02-19,MP0612,0.527,27.1
2023-02-19,MP0613,0.545,29.3
2023-02-19,MP0614,0.565,27.4
2023-02-26,MP0101,0.564,30.8
2023-02-26,MP0102,0.65,29.1
2023-02-26,MP0103,0.531,28.5
2023-02-26,MP0201,0.57,32.8
2023-02-26,MP0202,0.616,30.3
2023-02-26,MP0203,0.571,29.6
2023-02-26,MP0204,0.528,28.1
2023-02-26,MP0301,0.506,30.6
2023-02-26,MP0302,0.609,27.4
2023-02-26,MP0303,0.693,30.3
2023-02-26,MP0104,0.472,30.5
2023-02-26,MP0105,0.527,29.3
2023-02-26,MP0106,0.498,30.0
2023-02-26,MP0205,0.614,30.1
2023-02-26,MP0206,,
2023-02-26,MP0207,0.511,32.2
2023-02-26,MP0208,0.518,29.2
2023-02-26,MP0304,0.573,29.4
2023-02-26,MP0305,0.589,29.2
2023-02-26,MP0306,0.514,31.4
2023-02-26,MP0107,0.557,28.6
2023-02-26,MP0108,0.474,30.1
2023-02-26,MP0109,0.532,28.1
2023-02-26,MP0209,0.467,31.2
2023-02-26,MP0210,0.522,30.8
2023-02-26,MP0211,0.573,31.0
2023-02-26,MP0307,0.49,28.0
2023-02-26,MP0308,0.596,33.3
2023-02-26,MP0309,0.547,30.5
2023-02-26,MP0310,0.636,29.7
2023-02-26,MP0110,0.586,33.1
2023-02-26,MP0111,0.468,31.1
2023-02-26,MP0112,0.506,29.2
2023-02-26,MP0212,0.541,30.7
2023-02-26,MP0213,0.463,29.9
2023-02-26,MP0214,0.525,30.8
2023-02-26,MP0215,0.539,30.1
2023-02-26,MP0311,0.534,28.8
2023-02-26,MP0312,0.503,29.0
2023-02-26,MP0313,0.504,29.9
2023-02-26,MP0113,0.612,26.4
2023-02-26,MP0401,0.453,30.5
2023-02-26,MP0402,0.445,33.6
2023-02-26,MP0216,0.588,28.5
2023-02-26,MP0501,0.579,28.6
2023-02-26,MP0502,0.583,32.3
2023-02-26,MP0314,0.569,30.4
2023-02-26,MP0315,0.49,29.9
2023-02-26,MP0601,0.511,31.6
2023-02-26,MP0316,0.472,33.5
2023-02-26,MP0403,0.458,28.3
2023-02-26,MP0404,0.453,32.4
2023-02-26,MP0405,,
2023-02-26,MP0503,0.389,32.0
2023-02-26,MP0504,0.611,28.1
2023-02-26,MP0505,0.547,30.1
2023-02-26,MP0506,0.556,29.0
2023-02-26,MP0602,0.347,30.7
2023-02-26,MP0603,0.523,30.7
2023-02-26,MP0604,0.643,27.8
2023-02-26,MP0406,0.466,29.7
2023-02-26,MP0407,0.485,30.4
2023-02-26,MP0408,0.511,30.5
2023-02-26,MP0507,0.502,30.8
2023-02-26,MP0508,,
2023-02-26,MP0509,0.379,32.7
2023-02-26,MP0510,0.44,30.6
2023-02-26,MP0605,0.543,31.7
2023-02-26,MP0606,0.564,28.4
2023-02-26,MP0607,0.574,29.8
2023-02-26,MP0409,0.471,32.6
2023-02-26,MP0410,0.505,31.0
2023-02-26,MP0411,0.634,30.1
2023-02-26,MP0412,0.525,31.5
2023-02-26,MP0511,0.517,29.9
2023-02-26,MP0512,0.524,31.6
2023-02-26,MP0608,0.454,30.4
2023-02-26,MP0609,,
2023-02-26,MP0610,0.5,31.8
2023-02-26,MP0611,0.499,29.3
2023-02-26,MP0413,,
2023-02-26,MP0414,0.541,27.5
2023-02-26,MP0415,0.583,31.0
2023-02-26,MP0513,0.561,32.3
2023-02-26,MP0514,0.5,29.3
2023-02-26,MP0515,0.48,29.9
2023-02-26,MP0516,0.545,29.2
2023-02-26,MP0612,0.525,30.1
2023-02-26,MP0613,0.517,32.1
2023-02-26,MP0614,,
2023-03-05,MP0101,0.547,28.6
2023-03-05,MP0102,0.568,25.8
2023-03-05,MP0103,,
2023-03-05,MP0201,0.592,26.0
2023-03-05,MP0202,0.585,26.4
2023-03-05,MP0203,0.551,29.6
2023-03-05,MP0204,0.567,25.3
2023-03-05,MP0301,0.508,29.9
2023-03-05,MP0302,0.628,26.9
2023-03-05,MP0303,0.609,27.6
2023-03-05,MP0104,0.426,28.9
2023-03-05,MP0105,,
2023-03-05,MP0106,0.504,26.7
2023-03-05,MP0205,0.58,28.6
2023-03-05,MP0206,0.525,25.1
2023-03-05,MP0207,0.502,29.4
2023-03-05,MP0208,,
2023-03-05,MP0304,0.487,29.5
2023-03-05,MP0305,0.502,29.9
2023-03-05,MP0306,0.486,30.7
2023-03-05,MP0107,0.525,27.1
2023-03-05,MP0108,0.511,30.5
2023-03-05,MP0109,0.555,26.4
2023-03-05,MP0209,0.531,28.5
2023-03-05,MP0210,0.564,27.0
2023-03-05,MP0211,0.549,27.1
2023-03-05,MP0307,0.544,28.1
2023-03-05,MP0308,0.601,25.4
2023-03-05,MP0309,0.569,28.1
2023-03-05,MP0310,0.616,29.9
2023-03-05,MP0110,0.504,31.1
2023-03-05,MP0111,0.496,31.0
2023-03-05,MP0112,0.547,25.9
2023-03-05,MP0212,0.579,27.8
2023-03-05,MP0213,0.476,26.8
2023-03-05,MP0214,0.46,29.7
2023-03-05,MP0215,0.521,26.7
2023-03-05,MP0311,0.486,30.1
2023-03-05,MP0312,0.545,23.0
2023-03-05,MP0313,0.51,25.5
2023-03-05,MP0113,0.619,29.3
2023-03-05,MP0401,0.448,24.6
2023-03-05,MP0402,0.449,24.7
2023-03-05,MP0216,0.521,28.8
2023-03-05,MP0501,0.514,25.5
2023-03-05,MP0502,0.6,28.4
2023-03-05,MP0314,0.56,23.4
2023-03-05,MP0315,0.486,29.9
2023-03-05,MP0601,0.545,27.1
2023-03-05,MP0316,0.464,29.8
2023-03-05,MP0403,0.496,28.8
2023-03-05,MP0404,0.394,27.8
2023-03-05,MP0405,0.42,28.2
2023-03-05,MP0503,0.408,28.2
2023-03-05,MP0504,0.547,27.4
2023-03-05,MP0505,0.533,27.8
2023-03-05,MP0506,0.497,27.1
2023-03-05,MP0602,0.4,31.0
2023-03-05,MP0603,0.475,26.0
2023-03-05,MP0604,0.668,25.9
2023-03-05,MP0406,0.482,29.8
2023-03-05,MP0407,0.464,24.8
2023-03-05,MP0408,0.553,29.6
2023-03-05,MP0507,0.504,28.9
2023-03-05,MP0508,,
2023-03-05,MP0509,0.384,27.5
2023-03-05,MP0510,0.447,29.0
2023-03-05,MP0605,0.509,28.2
2023-03-05,MP0606,0.525,27.2
2023-03-05,MP0607,0.53,27.9
2023-03-05,MP0409,0.477,28.4
2023-03-05,MP0410,0.54,27.0
2023-03-05,MP0411,0.565,27.2
2023-03-05,MP0412,0.516,30.5
2023-03-05,MP0511,0.485,27.0
2023-03-05,MP0512,0.461,28.2
2023-03-05,MP0608,0.46,28.8
2023-03-05,MP0609,0.43,27.0
2023-03-05,MP0610,0.438,30.3
2023-03-05,MP0611,0.581,27.8
2023-03-05,MP0413,0.567,27.2
2023-03-05,MP0414,0.503,28.8
2023-03-05,MP0415,,
2023-03-05,MP0513,0.478,26.3
2023-03-05,MP0514,0.554,26.6
2023-03-05,MP0515,0.533,27.6
2023-03-05,MP0516,0.51,25.7
2023-03-05,MP0612,0.494,28.9
2023-03-05,MP0613,0.536,28.3
2023-03-05,MP0614,0.511,24.7
2023-03-12,MP0101,0.474,29.8
2023-03-12,MP0102,0.541,30.0
2023-03-12,MP0103,0.528,34.1
2023-03-12,MP0201,0.597,32.1
2023-03-12,MP0202,0.589,32.9
2023-03-12,MP0203,,
2023-03-12,MP0204,,
2023-03-12,MP0301,0.544,33.9
2023-03-12,MP0302,0.529,33.3
2023-03-12,MP0303,0.585,28.6
2023-03-12,MP0104,0.465,33.4
2023-03-12,MP0105,,
2023-03-12,MP0106,0.544,34.0
2023-03-12,MP0205,0.519,31.3
2023-03-12,MP0206,0.422,33.1
2023-03-12,MP0207,0.502,32.5
2023-03-12,MP0208,0.571,32.5
2023-03-12,MP0304,0.494,30.8
2023-03-12,MP0305,0.527,34.7
2023-03-12,MP0306,0.525,28.7
2023-03-12,MP0107,0.558,32.9
2023-03-12,MP0108,0.42,29.8
2023-03-12,MP0109,0.539,33.3
2023-03-12,MP0209,0.483,31.8
2023-03-12,MP0210,0.497,34.5
2023-03-12,MP0211,0.522,31.9
2023-03-12,MP0307,0.437,31.0
2023-03-12,MP0308,0.53,31.6
2023-03-12,MP0309,0.518,32.4
2023-03-12,MP0310,0.573,29.9
2023-03-12,MP0110,0.473,33.4
2023-03-12,MP0111,0.468,33.4
2023-03-12,MP0112,0.497,31.5
2023-03-12,MP0212,0.556,31.5
2023-03-12,MP0213,0.455,32.5
2023-03-12,MP0214,0.532,29.1
2023-03-12,MP0215,0.58,31.6
2023-03-12,MP0311,0.43,34.4
2023-03-12,MP0312,0.509,31.4
2023-03-12,MP0313,0.472,33.3
2023-03-12,MP0113,0.562,32.0
2023-03-12,MP0401,0.37,35.3
2023-03-12,MP0402,0.42,33.4
2023-03-12,MP0216,0.536,31.2
2023-03-12,MP0501,0.494,31.7
2023-03-12,MP0502,0.503,36.3
2023-03-12,MP0314,0.514,32.4
2023-03-12,MP0315,0.459,31.3
2023-03-12,MP0601,0.521,31.8
2023-03-12,MP0316,0.404,34.2
2023-03-12,MP0403,0.431,31.5
2023-03-12,MP0404,0.431,31.6
2023-03-12,MP0405,0.473,33.9
2023-03-12,MP0503,,
2023-03-12,MP0504,0.523,28.7
2023-03-12,MP0505,0.532,32.8
2023-03-12,MP0506,,
2023-03-12,MP0602,0.458,31.7
2023-03-12,MP0603,0.43,31.4
2023-03-12,MP0604,0.566,30.1
2023-03-12,MP0406,,
2023-03-12,MP0407,0.443,32.0
2023-03-12,MP0408,0.523,33.4
2023-03-12,MP0507,0.482,33.8
2023-03-12,MP0508,0.459,31.2
2023-03-12,MP0509,0.368,33.4
2023-03-12,MP0510,,
2023-03-12,MP0605,0.509,29.7
2023-03-12,MP0606,0.502,31.6
2023-03-12,MP0607,,
2023-03-12,MP0409,0.372,31.6
2023-03-12,MP0410,0.454,29.2
2023-03-12,MP0411,0.545,30.5
2023-03-12,MP0412,,
2023-03-12,MP0511,0.532,32.2
2023-03-12,MP0512,0.451,32.4
2023-03-12,MP0608,0.492,32.7
2023-03-12,MP0609,0.445,32.1
2023-03-12,MP0610,0.446,31.6
2023-03-12,MP0611,0.474,32.2
2023-03-12,MP0413,0.52,30.9
2023-03-12,MP0414,0.525,32.3
2023-03-12,MP0415,0.42,33.5
2023-03-12,MP0513,,
2023-03-12,MP0514,0.467,32.6
2023-03-12,MP0515,0.513,30.0
2023-03-12,MP0516,0.5,30.6
2023-03-12,MP0612,0.497,33.0
2023-03-12,MP0613,0.482,28.1
2023-03-12,MP0614,0.528,34.1
2023-03-19,MP0101,0.464,32.1
2023-03-19,MP0102,0.496,34.3
2023-03-19,MP0103,,
2023-03-19,MP0201,0.517,34.2
2023-03-19,MP0202,0.49,32.3
2023-03-19,MP0203,0.535,32.8
2023-03-19,MP0204,0.541,31.9
2023-03-19,MP0301,0.468,34.5
2023-03-19,MP0302,0.532,33.4
2023-03-19,MP0303,0.603,31.4
2023-03-19,MP0104,0.45,32.9
2023-03-19,MP0105,0.441,38.0
2023-03-19,MP0106,0.481,31.1
2023-03-19,MP0205,0.506,34.7
2023-03-19,MP0206,0.445,35.5
2023-03-19,MP0207,0.469,32.6
2023-03-19,MP0208,,
2023-03-19,MP0304,0.552,34.7
2023-03-19,MP0305,0.436,33.4
2023-03-19,MP0306,0.522,34.5
2023-03-19,MP0107,0.532,32.8
2023-03-19,MP0108,,
2023-03-19,MP0109,0.456,36.3
2023-03-19,MP0209,0.443,34.9
2023-03-19,MP0210,0.444,32.3
2023-03-19,MP0211,0.512,32.7
2023-03-19,MP0307,0.453,32.8
2023-03-19,MP0308,0.519,34.9
2023-03-19,MP0309,0.485,34.1
2023-03-19,MP0310,0.543,32.4
2023-03-19,MP0110,0.457,36.4
2023-03-19,MP0111,0.453,34.3
2023-03-19,MP0112,,
2023-03-19,MP0212,0.534,32.8
2023-03-19,MP0213,0.412,32.0
2023-03-19,MP0214,0.529,33.9
2023-03-19,MP0215,0.534,35.2
2023-03-19,MP0311,0.525,33.8
2023-03-19,MP0312,0.488,35.1
2023-03-19,MP0313,0.364,34.4
2023-03-19,MP0113,0.531,31.9
2023-03-19,MP0401,0.426,36.1
2023-03-19,MP0402,0.396,35.5
2023-03-19,MP0216,0.498,31.4
2023-03-19,MP0501,0.464,31.7
2023-03-19,MP0502,,
2023-03-19,MP0314,0.472,35.7
2023-03-19,MP0315,0.431,36.7
2023-03-19,MP0601,0.506,31.2
2023-03-19,MP0316,0.453,35.8
2023-03-19,MP0403,0.42,36.8
2023-03-19,MP0404,0.392,32.1
2023-03-19,MP0405,0.408,33.7
2023-03-19,MP0503,0.388,35.4
2023-03-19,MP0504,,
2023-03-19,MP0505,0.489,32.4
2023-03-19,MP0506,0.444,34.2
2023-03-19,MP0602,0.398,33.5
2023-03-19,MP0603,0.445,37.0
2023-03-19,MP0604,0.547,35.1
2023-03-19,MP0406,,
2023-03-19,MP0407,0.407,35.0
2023-03-19,MP0408,0.475,36.6
2023-03-19,MP0507,0.457,34.1
2023-03-19,MP0508,0.392,33.8
2023-03-19,MP0509,0.348,37.1
2023-03-19,MP0510,0.391,35.0
2023-03-19,MP0605,0.456,33.7
2023-03-19,MP0606,0.419,35.8
2023-03-19,MP0607,0.511,35.2
2023-03-19,MP0409,0.424,35.1
2023-03-19,MP0410,0.498,33.5
2023-03-19,MP0411,0.543,30.8
2023-03-19,MP0412,0.541,36.0
2023-03-19,MP0511,0.482,33.8
2023-03-19,MP0512,0.399,33.7
2023-03-19,MP0608,0.469,31.7
2023-03-19,MP0609,0.449,32.2
2023-03-19,MP0610,0.421,33.7
2023-03-19,MP0611,,
2023-03-19,MP0413,0.475,32.7
2023-03-19,MP0414,0.369,32.9
2023-03-19,MP0415,0.487,30.5
2023-03-19,MP0513,0.516,34.2
2023-03-19,MP0514,0.403,35.0
2023-03-19,MP0515,0.477,32.8
2023-03-19,MP0516,0.493,31.1
2023-03-19,MP0612,0.447,37.5
2023-03-19,MP0613,0.504,33.5
2023-03-19,MP0614,0.535,32.8
2023-03-26,MP0101,,
2023-03-26,MP0102,0.453,37.8
2023-03-26,MP0103,0.445,37.3
2023-03-26,MP0201,0.445,38.7
2023-03-26,MP0202,0.404,35.3
2023-03-26,MP0203,0.471,35.7
2023-03-26,MP0204,0.433,37.8
2023-03-26,MP0301,0.428,38.2
2023-03-26,MP0302,0.495,37.3
2023-03-26,MP0303,0.518,36.4
2023-03-26,MP0104,0.383,39.1
2023-03-26,MP0105,0.484,36.5
2023-03-26,MP0106,0.47,34.9
2023-03-26,MP0205,0.497,38.7
2023-03-26,MP0206,0.49,38.6
2023-03-26,MP0207,,
2023-03-26,MP0208,0.499,40.4
2023-03-26,MP0304,0.426,36.5
2023-03-26,MP0305,0.476,36.9
2023-03-26,MP0306,0.482,38.3
2023-03-26,MP0107,0.488,38.1
2023-03-26,MP0108,0.359,36.7
2023-03-26,MP0109,0.41,39.6
2023-03-26,MP0209,0.416,39.0
2023-03-26,MP0210,0.485,38.5
2023-03-26,MP0211,0.454,35.1
2023-03-26,MP0307,0.438,39.0
2023-03-26,MP0308,0.442,36.1
2023-03-26,MP0309,0.376,39.4
2023-03-26,MP0310,0.558,40.8
2023-03-26,MP0110,0.448,38.8
2023-03-26,MP0111,,
2023-03-26,MP0112,0.448,36.4
2023-03-26,MP0212,0.484,38.3
2023-03-26,MP0213,0.415,33.9
2023-03-26,MP0214,0.427,38.0
2023-03-26,MP0215,0.405,36.5
2023-03-26,MP0311,0.445,34.8
2023-03-26,MP0312,0.436,35.6
2023-03-26,MP0313,0.391,41.0
2023-03-26,MP0113,0.482,38.9
2023-03-26,MP0401,0.398,38.5
2023-03-26,MP0402,0.394,36.6
2023-03-26,MP0216,0.451,38.5
2023-03-26,MP0501,0.418,38.3
2023-03-26,MP0502,0.42,36.4
2023-03-26,MP0314,0.483,37.7
2023-03-26,MP0315,0.414,38.9
2023-03-26,MP0601,0.467,38.7
2023-03-26,MP0316,0.431,38.0
2023-03-26,MP0403,0.396,37.3
2023-03-26,MP0404,0.366,39.2
2023-03-26,MP0405,0.396,39.0
2023-03-26,MP0503,0.289,38.4
2023-03-26,MP0504,0.464,38.4
2023-03-26,MP0505,,
2023-03-26,MP0506,0.367,37.5
2023-03-26,MP0602,,
2023-03-26,MP0603,0.424,38.4
2023-03-26,MP0604,0.542,36.2
2023-03-26,MP0406,0.408,36.4
2023-03-26,MP0407,0.38,36.6
2023-03-26,MP0408,0.412,36.9
2023-03-26,MP0507,0.439,39.1
2023-03-26,MP0508,0.403,40.6
2023-03-26,MP0509,0.307,42.8
2023-03-26,MP0510,0.367,37.5
2023-03-26,MP0605,0.491,37.8
2023-03-26,MP0606,0.448,36.9
2023-03-26,MP0607,0.397,36.7
2023-03-26,MP0409,0.409,36.4
2023-03-26,MP0410,,
2023-03-26,MP0411,0.435,34.2
2023-03-26,MP0412,0.431,35.6
2023-03-26,MP0511,0.387,36.5
2023-03-26,MP0512,0.386,38.8
2023-03-26,MP0608,0.34,39.0
2023-03-26,MP0609,0.395,34.7
2023-03-26,MP0610,,
2023-03-26,MP0611,0.41,37.5
2023-03-26,MP0413,0.477,37.3
2023-03-26,MP0414,0.444,34.7
2023-03-26,MP0415,0.509,37.0
2023-03-26,MP0513,0.511,36.1
2023-03-26,MP0514,0.368,35.1
2023-03-26,MP0515,0.487,39.5
2023-03-26,MP0516,0.446,38.8
2023-03-26,MP0612,0.405,39.4
2023-03-26,MP0613,0.396,35.0
2023-03-26,MP0614,0.481,35.9
2023-04-02,MP0101,0.397,36.1
2023-04-02,MP0102,0.446,37.0
2023-04-02,MP0103,0.409,39.1
2023-04-02,MP0201,0.408,38.6
2023-04-02,MP0202,0.367,36.2
2023-04-02,MP0203,0.452,38.4
2023-04-02,MP0204,0.426,38.6
2023-04-02,MP0301,,
2023-04-02,MP0302,0.415,37.3
2023-04-02,MP0303,0.459,36.5
2023-04-02,MP0104,0.318,34.7
2023-04-02,MP0105,0.371,39.0
2023-04-02,MP0106,0.399,39.5
2023-04-02,MP0205,0.432,38.0
2023-04-02,MP0206,0.361,42.0
2023-04-02,MP0207,0.363,39.9
2023-04-02,MP0208,0.444,38.5
2023-04-02,MP0304,0.344,38.9
2023-04-02,MP0305,0.454,38.8
2023-04-02,MP0306,0.381,38.3
2023-04-02,MP0107,0.445,34.9
2023-04-02,MP0108,0.401,39.9
2023-04-02,MP0109,0.37,37.9
2023-04-02,MP0209,0.379,38.6
2023-04-02,MP0210,0.452,37.4
2023-04-02,MP0211,0.442,36.1
2023-04-02,MP0307,0.363,36.4
2023-04-02,MP0308,0.363,36.4
2023-04-02,MP0309,0.428,38.4
2023-04-02,MP0310,0.45,36.1
2023-04-02,MP0110,0.416,38.6
2023-04-02,MP0111,,
2023-04-02,MP0112,0.471,35.5
2023-04-02,MP0212,0.45,37.3
2023-04-02,MP0213,0.359,39.1
2023-04-02,MP0214,0.41,36.7
2023-04-02,MP0215,0.384,37.4
2023-04-02,MP0311,0.377,37.1
2023-04-02,MP0312,0.392,37.2
2023-04-02,MP0313,0.355,43.4
2023-04-02,MP0113,0.453,36.7
2023-04-02,MP0401,0.332,40.8
2023-04-02,MP0402,0.34,38.9
2023-04-02,MP0216,0.443,37.2
2023-04-02,MP0501,0.363,36.9
2023-04-02,MP0502,0.429,34.8
2023-04-02,MP0314,0.429,40.2
2023-04-02,MP0315,0.384,39.1
2023-04-02,MP0601,0.417,37.5
2023-04-02,MP0316,0.411,40.5
2023-04-02,MP0403,0.424,39.1
2023-04-02,MP0404,0.351,39.8
2023-04-02,MP0405,0.346,36.6
2023-04-02,MP0503,0.322,39.8
2023-04-02,MP0504,0.348,36.3
2023-04-02,MP0505,0.388,37.0
2023-04-02,MP0506,0.383,38.4
2023-04-02,MP0602,0.352,41.6
2023-04-02,MP0603,0.399,40.0
2023-04-02,MP0604,0.41,35.9
2023-04-02,MP0406,0.376,39.7
2023-04-02,MP0407,,
2023-04-02,MP0408,0.457,38.9
2023-04-02,MP0507,0.364,39.8
2023-04-02,MP0508,,
2023-04-02,MP0509,,
2023-04-02,MP0510,0.354,38.2
2023-04-02,MP0605,0.417,39.0
2023-04-02,MP0606,0.397,37.7
2023-04-02,MP0607,0.445,35.7
2023-04-02,MP0409,0.373,36.2
2023-04-02,MP0410,0.375,40.0
2023-04-02,MP0411,0.413,36.3
2023-04-02,MP0412,0.328,37.8
2023-04-02,MP0511,0.379,38.6
2023-04-02,MP0512,0.356,41.1
2023-04-02,MP0608,0.337,40.4
2023-04-02,MP0609,0.402,40.0
2023-04-02,MP0610,0.376,39.5
2023-04-02,MP0611,0.385,37.2
2023-04-02,MP0413,0.383,35.4
2023-04-02,MP0414,0.409,39.2
2023-04-02,MP0415,0.345,34.3
2023-04-02,MP0513,0.399,35.7
2023-04-02,MP0514,0.349,39.0
2023-04-02,MP0515,0.446,37.9
2023-04-02,MP0516,0.38,37.7
2023-04-02,MP0612,0.379,39.9
2023-04-02,MP0613,0.383,38.4
2023-04-02,MP0614,,
2023-04-09,MP0101,0.388,39.5
2023-04-09,MP0102,0.399,40.4
2023-04-09,MP0103,0.368,40.4
2023-04-09,MP0201,0.357,38.6
2023-04-09,MP0202,0.346,42.0
2023-04-09,MP0203,0.412,38.1
2023-04-09,MP0204,0.425,37.0
2023-04-09,MP0301,0.365,43.1
2023-04-09,MP0302,0.358,39.1
2023-04-09,MP0303,0.388,41.0
2023-04-09,MP0104,0.271,39.3
2023-04-09,MP0105,0.333,38.0
2023-04-09,MP0106,0.351,43.0
2023-04-09,MP0205,0.299,40.1
2023-04-09,MP0206,0.334,41.5
2023-04-09,MP0207,0.35,37.8
2023-04-09,MP0208,0.369,38.3
2023-04-09,MP0304,0.356,41.6
2023-04-09,MP0305,0.418,40.4
2023-04-09,MP0306,0.384,40.6
2023-04-09,MP0107,0.387,39.4
2023-04-09,MP0108,0.297,42.0
2023-04-09,MP0109,0.358,43.1
2023-04-09,MP0209,0.333,38.6
2023-04-09,MP0210,0.311,41.2
2023-04-09,MP0211,0.365,39.9
2023-04-09,MP0307,,
2023-04-09,MP0308,,
2023-04-09,MP0309,0.375,38.7
2023-04-09,MP0310,0.344,40.2
2023-04-09,MP0110,0.294,41.2
2023-04-09,MP0111,0.319,42.0
2023-04-09,MP0112,0.318,37.9
2023-04-09,MP0212,0.388,40.7
2023-04-09,MP0213,0.28,41.8
2023-04-09,MP0214,0.343,42.2
2023-04-09,MP0215,0.324,40.2
2023-04-09,MP0311,0.375,42.3
2023-04-09,MP0312,0.333,37.8
2023-04-09,MP0313,0.317,40.7
2023-04-09,MP0113,0.442,40.1
2023-04-09,MP0401,0.338,42.9
2023-04-09,MP0402,0.303,40.9
2023-04-09,MP0216,0.353,39.2
2023-04-09,MP0501,0.359,41.4
2023-04-09,MP0502,0.343,40.1
2023-04-09,MP0314,0.292,36.1
2023-04-09,MP0315,0.361,40.5
2023-04-09,MP0601,0.341,40.8
2023-04-09,MP0316,0.323,40.2
2023-04-09,MP0403,0.332,39.8
2023-04-09,MP0404,0.361,44.7
2023-04-09,MP0405,0.349,41.7
2023-04-09,MP0503,,
2023-04-09,MP0504,0.34,37.4
2023-04-09,MP0505,0.327,39.8
2023-04-09,MP0506,,
2023-04-09,MP0602,,
2023-04-09,MP0603,0.354,40.8
2023-04-09,MP0604,0.389,39.4
2023-04-09,MP0406,0.357,41.4
2023-04-09,MP0407,0.279,41.8
2023-04-09,MP0408,0.338,43.4
2023-04-09,MP0507,0.316,40.2
2023-04-09,MP0508,0.323,38.9
2023-04-09,MP0509,0.251,41.1
2023-04-09,MP0510,0.324,40.3
2023-04-09,MP0605,0.289,39.0
2023-04-09,MP0606,0.417,38.8
2023-04-09,MP0607,0.369,39.9
2023-04-09,MP0409,0.278,40.6
2023-04-09,MP0410,0.39,39.9
2023-04-09,MP0411,0.404,35.2
2023-04-09,MP0412,0.364,41.3
2023-04-09,MP0511,0.401,39.3
2023-04-09,MP0512,0.355,42.4
2023-04-09,MP0608,0.377,38.6
2023-04-09,MP0609,0.284,39.9
2023-04-09,MP0610,0.32,41.4
2023-04-09,MP0611,0.358,39.5
2023-04-09,MP0413,,
2023-04-09,MP0414,0.32,41.3
2023-04-09,MP0415,0.328,41.1
2023-04-09,MP0513,0.325,39.2
2023-04-09,MP0514,0.345,40.6
2023-04-09,MP0515,0.311,40.8
2023-04-09,MP0516,0.4,40.5
2023-04-09,MP0612,0.332,38.3
2023-04-09,MP0613,0.387,36.6
2023-04-09,MP0614,0.319,38.7
2023-04-16,MP0101,0.337,39.2
2023-04-16,MP0102,0.337,37.7
2023-04-16,MP0103,0.37,36.2
2023-04-16,MP0201,0.281,38.8
2023-04-16,MP0202,0.322,39.6
2023-04-16,MP0203,0.282,39.1
2023-04-16,MP0204,0.34,39.5
2023-04-16,MP0301,0.293,41.3
2023-04-16,MP0302,0.328,40.1
2023-04-16,MP0303,0.343,37.2
2023-04-16,MP0104,0.238,40.7
2023-04-16,MP0105,0.269,39.7
2023-04-16,MP0106,0.328,39.3
2023-04-16,MP0205,0.317,39.4
2023-04-16,MP0206,0.295,43.5
2023-04-16,MP0207,0.278,40.8
2023-04-16,MP0208,0.356,39.4
2023-04-16,MP0304,0.323,40.6
2023-04-16,MP0305,0.271,40.3
2023-04-16,MP0306,0.352,38.2
2023-04-16,MP0107,0.387,38.5
2023-04-16,MP0108,0.283,39.8
2023-04-16,MP0109,0.301,40.0
2023-04-16,MP0209,0.319,39.7
2023-04-16,MP0210,,
2023-04-16,MP0211,,
2023-04-16,MP0307,0.284,41.4
2023-04-16,MP0308,0.333,41.1
2023-04-16,MP0309,0.335,39.8
2023-04-16,MP0310,0.352,40.1
2023-04-16,MP0110,0.305,37.4
2023-04-16,MP0111,0.314,41.6
2023-04-16,MP0112,0.374,38.6
2023-04-16,MP0212,0.328,39.4
2023-04-16,MP0213,0.324,40.3
2023-04-16,MP0214,0.27,41.1
2023-04-16,MP0215,0.346,39.1
2023-04-16,MP0311,0.298,42.0
2023-04-16,MP0312,0.322,39.8
2023-04-16,MP0313,0.313,44.1
2023-04-16,MP0113,0.354,37.0
2023-04-16,MP0401,0.361,44.7
2023-04-16,MP0402,0.286,41.2
2023-04-16,MP0216,0.302,37.8
2023-04-16,MP0501,0.291,38.5
2023-04-16,MP0502,0.288,39.0
2023-04-16,MP0314,0.322,39.6
2023-04-16,MP0315,0.327,39.5
2023-04-16,MP0601,0.356,37.6
2023-04-16,MP0316,0.318,40.5
2023-04-16,MP0403,0.28,40.5
2023-04-16,MP0404,,
2023-04-16,MP0405,0.295,39.7
2023-04-16,MP0503,0.299,39.6
2023-04-16,MP0504,0.357,38.4
2023-04-16,MP0505,0.374,41.6
2023-04-16,MP0506,0.269,39.7
2023-04-16,MP0602,0.227,42.4
2023-04-16,MP0603,0.291,41.6
2023-04-16,MP0604,0.363,37.5
2023-04-16,MP0406,,
2023-04-16,MP0407,0.278,42.3
2023-04-16,MP0408,0.283,40.5
2023-04-16,MP0507,0.275,40.5
2023-04-16,MP0508,0.237,37.9
2023-04-16,MP0509,,
2023-04-16,MP0510,0.279,41.3
2023-04-16,MP0605,0.326,41.5
2023-04-16,MP0606,0.324,43.0
2023-04-16,MP0607,0.292,40.4
2023-04-16,MP0409,0.26,41.5
2023-04-16,MP0410,0.293,40.6
2023-04-16,MP0411,0.315,37.9
2023-04-16,MP0412,0.303,42.9
2023-04-16,MP0511,0.305,40.3
2023-04-16,MP0512,,
2023-04-16,MP0608,0.311,40.6
2023-04-16,MP0609,0.287,41.7
2023-04-16,MP0610,0.31,40.7
2023-04-16,MP0611,0.32,38.8
2023-04-16,MP0413,0.342,37.5
2023-04-16,MP0414,0.285,41.2
2023-04-16,MP0415,,
2023-04-16,MP0513,0.276,43.5
2023-04-16,MP0514,0.24,40.5
2023-04-16,MP0515,0.326,42.1
2023-04-16,MP0516,0.32,39.4
2023-04-16,MP0612,0.275,42.1
2023-04-16,MP0613,0.32,40.2
2023-04-16,MP0614,0.342,41.7
2023-04-23,MP0101,0.282,41.9
2023-04-23,MP0102,0.332,41.8
2023-04-23,MP0103,0.274,44.0
2023-04-23,MP0201,0.28,44.5
2023-04-23,MP0202,0.31,42.5
2023-04-23,MP0203,0.23,43.5
2023-04-23,MP0204,0.353,39.9
2023-04-23,MP0301,0.32,47.4
2023-04-23,MP0302,0.298,43.8
2023-04-23,MP0303,0.347,43.4
2023-04-23,MP0104,0.239,42.4
2023-04-23,MP0105,0.303,42.8
2023-04-23,MP0106,0.261,40.0
2023-04-23,MP0205,0.349,45.9
2023-04-23,MP0206,0.31,46.4
2023-04-23,MP0207,0.316,42.9
2023-04-23,MP0208,,
2023-04-23,MP0304,0.309,45.1
2023-04-23,MP0305,0.278,45.8
2023-04-23,MP0306,0.262,43.3
2023-04-23,MP0107,0.251,41.1
2023-04-23,MP0108,0.253,43.0
2023-04-23,MP0109,0.268,42.0
2023-04-23,MP0209,0.206,43.5
2023-04-23,MP0210,0.239,44.2
2023-04-23,MP0211,,
2023-04-23,MP0307,0.312,45.5
2023-04-23,MP0308,,
2023-04-23,MP0309,0.315,46.2
2023-04-23,MP0310,0.31,43.7
2023-04-23,MP0110,,
2023-04-23,MP0111,0.269,47.3
2023-04-23,MP0112,0.28,43.4
2023-04-23,MP0212,0.287,44.1
2023-04-23,MP0213,0.276,43.1
2023-04-23,MP0214,0.29,43.8
2023-04-23,MP0215,0.286,44.2
2023-04-23,MP0311,0.296,43.4
2023-04-23,MP0312,0.296,45.4
2023-04-23,MP0313,0.246,48.2
2023-04-23,MP0113,0.205,41.7
2023-04-23,MP0401,,
2023-04-23,MP0402,0.278,43.0
2023-04-23,MP0216,0.299,44.1
2023-04-23,MP0501,0.31,42.4
2023-04-23,MP0502,,
2023-04-23,MP0314,0.273,41.5
2023-04-23,MP0315,0.271,46.2
2023-04-23,MP0601,0.302,42.4
2023-04-23,MP0316,0.298,45.2
2023-04-23,MP0403,0.285,45.7
2023-04-23,MP0404,0.252,43.4
2023-04-23,MP0405,0.331,44.7
2023-04-23,MP0503,,
2023-04-23,MP0504,0.271,39.8
2023-04-23,MP0505,0.271,42.6
2023-04-23,MP0506,,
2023-04-23,MP0602,,
2023-04-23,MP0603,0.289,44.6
2023-04-23,MP0604,0.289,40.3
2023-04-23,MP0406,0.314,42.5
2023-04-23,MP0407,0.29,44.0
2023-04-23,MP0408,0.27,43.2
2023-04-23,MP0507,0.244,41.9
2023-04-23,MP0508,0.276,44.5
2023-04-23,MP0509,,
2023-04-23,MP0510,0.243,44.7
2023-04-23,MP0605,0.248,41.9
2023-04-23,MP0606,0.271,44.3
2023-04-23,MP0607,0.287,42.8
2023-04-23,MP0409,0.23,46.6
2023-04-23,MP0410,0.29,43.1
2023-04-23,MP0411,0.343,42.6
2023-04-23,MP0412,0.243,42.5
2023-04-23,MP0511,0.282,43.0
2023-04-23,MP0512,,
2023-04-23,MP0608,0.291,42.5
2023-04-23,MP0609,0.287,45.4
2023-04-23,MP0610,0.197,44.5
2023-04-23,MP0611,,
2023-04-23,MP0413,0.318,44.0
2023-04-23,MP0414,0.282,43.1
2023-04-23,MP0415,0.327,46.2
2023-04-23,MP0513,0.29,44.1
2023-04-23,MP0514,0.227,44.8
2023-04-23,MP0515,0.288,43.5
2023-04-23,MP0516,0.283,42.2
2023-04-23,MP0612,0.34,47.6
2023-04-23,MP0613,0.274,43.1
2023-04-23,MP0614,0.27,44.2
2023-04-30,MP0101,0.246,45.9
2023-04-30,MP0102,0.277,45.1
2023-04-30,MP0103,0.274,46.5
2023-04-30,MP0201,0.254,47.9
2023-04-30,MP0202,0.276,47.7
2023-04-30,MP0203,0.245,41.6
2023-04-30,MP0204,0.205,44.6
2023-04-30,MP0301,0.24,45.8
2023-04-30,MP0302,,
2023-04-30,MP0303,0.257,43.9
2023-04-30,MP0104,0.25,43.7
2023-04-30,MP0105,0.254,49.4
2023-04-30,MP0106,0.273,44.2
2023-04-30,MP0205,0.214,42.6
2023-04-30,MP0206,,
2023-04-30,MP0207,0.237,43.4
2023-04-30,MP0208,0.312,46.0
2023-04-30,MP0304,0.206,42.4
2023-04-30,MP0305,,
2023-04-30,MP0306,0.24,44.2
2023-04-30,MP0107,0.287,45.3
2023-04-30,MP0108,0.206,45.6
2023-04-30,MP0109,,
2023-04-30,MP0209,0.222,44.3
2023-04-30,MP0210,0.282,43.0
2023-04-30,MP0211,0.268,45.1
2023-04-30,MP0307,0.201,46.9
2023-04-30,MP0308,0.26,47.3
2023-04-30,MP0309,0.289,43.9
2023-04-30,MP0310,0.27,43.6
2023-04-30,MP0110,0.191,45.3
2023-04-30,MP0111,0.276,42.6
2023-04-30,MP0112,0.225,46.1
2023-04-30,MP0212,0.241,46.7
2023-04-30,MP0213,0.234,43.1
2023-04-30,MP0214,0.215,46.9
2023-04-30,MP0215,0.261,44.4
2023-04-30,MP0311,0.303,44.3
2023-04-30,MP0312,0.263,44.3
2023-04-30,MP0313,0.246,47.2
2023-04-30,MP0113,0.271,45.1
2023-04-30,MP0401,0.237,47.3
2023-04-30,MP0402,0.197,47.7
2023-04-30,MP0216,0.242,45.6
2023-04-30,MP0501,0.232,45.4
2023-04-30,MP0502,0.246,43.3
2023-04-30,MP0314,0.302,45.8
2023-04-30,MP0315,0.196,44.6
2023-04-30,MP0601,0.274,46.2
2023-04-30,MP0316,0.237,46.5
2023-04-30,MP0403,0.21,42.7
2023-04-30,MP0404,0.239,45.3
2023-04-30,MP0405,0.245,45.9
2023-04-30,MP0503,0.194,45.4
2023-04-30,MP0504,0.238,44.4
2023-04-30,MP0505,0.185,44.8
2023-04-30,MP0506,0.296,43.5
2023-04-30,MP0602,0.218,45.3
2023-04-30,MP0603,0.267,50.2
2023-04-30,MP0604,0.203,45.4
2023-04-30,MP0406,0.244,44.9
2023-04-30,MP0407,0.27,44.3
2023-04-30,MP0408,,
2023-04-30,MP0507,0.234,43.2
2023-04-30,MP0508,0.24,46.5
2023-04-30,MP0509,0.192,44.8
2023-04-30,MP0510,0.25,47.9
2023-04-30,MP0605,0.269,42.6
2023-04-30,MP0606,0.286,44.9
2023-04-30,MP0607,0.246,45.1
2023-04-30,MP0409,0.218,44.9
2023-04-30,MP0410,0.228,46.9
2023-04-30,MP0411,0.279,46.0
2023-04-30,MP0412,0.263,45.3
2023-04-30,MP0511,0.24,47.7
2023-04-30,MP0512,0.28,46.5
2023-04-30,MP0608,0.253,43.7
2023-04-30,MP0609,0.226,47.7
2023-04-30,MP0610,,
2023-04-30,MP0611,0.264,43.0
2023-04-30,MP0413,0.274,45.7
2023-04-30,MP0414,0.224,44.8
2023-04-30,MP0415,0.263,44.2
2023-04-30,MP0513,0.327,46.0
2023-04-30,MP0514,0.263,45.0
2023-04-30,MP0515,0.211,45.1
2023-04-30,MP0516,0.282,45.6
2023-04-30,MP0612,0.274,46.9
2023-04-30,MP0613,0.273,42.6
2023-04-30,MP0614,0.229,43.1
2023-05-07,MP0101,0.213,50.7
2023-05-07,MP0102,0.236,46.6
2023-05-07,MP0103,0.187,49.3
2023-05-07,MP0201,0.263,48.3
2023-05-07,MP0202,0.23,48.5
2023-05-07,MP0203,0.231,47.8
2023-05-07,MP0204,0.219,48.4
2023-05-07,MP0301,,
2023-05-07,MP0302,0.267,46.2
2023-05-07,MP0303,0.237,45.5
2023-05-07,MP0104,0.2,49.2
2023-05-07,MP0105,0.272,47.2
2023-05-07,MP0106,0.251,49.0
2023-05-07,MP0205,0.266,48.7
2023-05-07,MP0206,,
2023-05-07,MP0207,0.237,47.8
2023-05-07,MP0208,0.224,47.2
2023-05-07,MP0304,0.226,45.9
2023-05-07,MP0305,0.236,43.9
2023-05-07,MP0306,0.246,46.7
2023-05-07,MP0107,0.207,49.6
2023-05-07,MP0108,0.247,47.9
2023-05-07,MP0109,0.181,47.4
2023-05-07,MP0209,0.199,44.5
2023-05-07,MP0210,0.187,49.5
2023-05-07,MP0211,0.24,46.7
2023-05-07,MP0307,0.177,47.6
2023-05-07,MP0308,0.196,45.1
2023-05-07,MP0309,0.236,45.7
2023-05-07,MP0310,0.218,48.2
2023-05-07,MP0110,0.236,50.5
2023-05-07,MP0111,0.19,50.3
2023-05-07,MP0112,,
2023-05-07,MP0212,,
2023-05-07,MP0213,0.196,46.3
2023-05-07,MP0214,0.247,51.8
2023-05-07,MP0215,0.207,49.5
2023-05-07,MP0311,0.16,45.9
2023-05-07,MP0312,0.236,46.7
2023-05-07,MP0313,0.215,50.8
2023-05-07,MP0113,0.213,46.5
2023-05-07,MP0401,0.224,53.2
2023-05-07,MP0402,0.203,50.0
2023-05-07,MP0216,0.209,51.4
2023-05-07,MP0501,0.203,46.9
2023-05-07,MP0502,0.262,44.5
2023-05-07,MP0314,0.194,45.9
2023-05-07,MP0315,0.206,46.7
2023-05-07,MP0601,0.232,46.7
2023-05-07,MP0316,0.203,47.8
2023-05-07,MP0403,0.218,45.7
2023-05-07,MP0404,0.251,51.0
2023-05-07,MP0405,0.249,48.6
2023-05-07,MP0503,0.2,49.0
2023-05-07,MP0504,,
2023-05-07,MP0505,0.259,47.1
2023-05-07,MP0506,0.254,48.7
2023-05-07,MP0602,0.23,48.8
2023-05-07,MP0603,0.252,49.3
2023-05-07,MP0604,0.266,47.0
2023-05-07,MP0406,0.216,47.2
2023-05-07,MP0407,,
2023-05-07,MP0408,0.175,48.9
2023-05-07,MP0507,,
2023-05-07,MP0508,0.222,48.4
2023-05-07,MP0509,,
2023-05-07,MP0510,0.151,49.8
2023-05-07,MP0605,0.258,47.9
2023-05-07,MP0606,0.242,46.1
2023-05-07,MP0607,0.274,46.6
2023-05-07,MP0409,0.186,47.6
2023-05-07,MP0410,0.263,45.4
2023-05-07,MP0411,0.254,45.8
2023-05-07,MP0412,0.204,46.3
2023-05-07,MP0511,0.251,46.7
2023-05-07,MP0512,0.193,49.9
2023-05-07,MP0608,0.216,46.2
2023-05-07,MP0609,0.251,45.3
2023-05-07,MP0610,0.279,46.9
2023-05-07,MP0611,0.203,49.9
2023-05-07,MP0413,0.231,47.3
2023-05-07,MP0414,0.276,48.6
2023-05-07,MP0415,0.258,48.0
2023-05-07,MP0513,0.256,45.6
2023-05-07,MP0514,,
2023-05-07,MP0515,0.182,46.1
2023-05-07,MP0516,0.235,47.1
2023-05-07,MP0612,0.186,48.7
2023-05-07,MP0613,0.254,49.7
2023-05-07,MP0614,,
2023-05-14,MP0101,0.216,47.7
2023-05-14,MP0102,0.161,49.0
2023-05-14,MP0103,0.161,46.3
2023-05-14,MP0201,0.173,46.7
2023-05-14,MP0202,,
2023-05-14,MP0203,0.223,45.9
2023-05-14,MP0204,0.265,48.0
2023-05-14,MP0301,0.283,49.8
2023-05-14,MP0302,0.27,43.8
2023-05-14,MP0303,0.194,45.5
2023-05-14,MP0104,0.257,45.4
2023-05-14,MP0105,0.244,47.4
2023-05-14,MP0106,0.19,46.7
2023-05-14,MP0205,0.199,49.2
2023-05-14,MP0206,0.155,52.8
2023-05-14,MP0207,0.196,47.3
2023-05-14,MP0208,0.177,48.4
2023-05-14,MP0304,0.237,46.4
2023-05-14,MP0305,,
2023-05-14,MP0306,0.223,47.1
2023-05-14,MP0107,0.241,46.9
2023-05-14,MP0108,0.225,47.3
2023-05-14,MP0109,0.189,49.9
2023-05-14,MP0209,0.233,46.2
2023-05-14,MP0210,0.256,44.2
2023-05-14,MP0211,0.197,47.6
2023-05-14,MP0307,0.242,47.7
2023-05-14,MP0308,0.198,48.3
2023-05-14,MP0309,0.164,45.9
2023-05-14,MP0310,0.164,45.4
2023-05-14,MP0110,0.201,47.9
2023-05-14,MP0111,0.248,47.7
2023-05-14,MP0112,0.194,45.4
2023-05-14,MP0212,,
2023-05-14,MP0213,0.214,45.5
2023-05-14,MP0214,0.213,45.2
2023-05-14,MP0215,0.203,47.3
2023-05-14,MP0311,0.21,45.1
2023-05-14,MP0312,0.223,46.2
2023-05-14,MP0313,0.244,47.7
2023-05-14,MP0113,0.228,46.5
2023-05-14,MP0401,,
2023-05-14,MP0402,0.173,47.4
2023-05-14,MP0216,0.188,47.8
2023-05-14,MP0501,0.178,45.5
2023-05-14,MP0502,0.262,46.5
2023-05-14,MP0314,,
2023-05-14,MP0315,0.171,44.5
2023-05-14,MP0601,0.213,42.4
2023-05-14,MP0316,0.184,48.8
2023-05-14,MP0403,0.162,48.5
2023-05-14,MP0404,0.236,48.6
2023-05-14,MP0405,0.225,48.3
2023-05-14,MP0503,0.149,45.8
2023-05-14,MP0504,0.221,46.1
2023-05-14,MP0505,0.209,47.2
2023-05-14,MP0506,0.165,44.9
2023-05-14,MP0602,0.22,48.0
2023-05-14,MP0603,0.161,47.4
2023-05-14,MP0604,0.263,45.3
2023-05-14,MP0406,0.181,47.5
2023-05-14,MP0407,0.175,49.1
2023-05-14,MP0408,0.221,49.2
2023-05-14,MP0507,0.275,49.7
2023-05-14,MP0508,0.142,46.0
2023-05-14,MP0509,0.156,49.5
2023-05-14,MP0510,0.234,46.7
2023-05-14,MP0605,0.232,46.1
2023-05-14,MP0606,0.246,48.2
2023-05-14,MP0607,0.216,47.3
2023-05-14,MP0409,0.183,48.1
2023-05-14,MP0410,0.179,45.7
2023-05-14,MP0411,0.251,46.4
2023-05-14,MP0412,0.21,48.1
2023-05-14,MP0511,0.212,48.6
2023-05-14,MP0512,,
2023-05-14,MP0608,0.239,47.7
2023-05-14,MP0609,0.207,46.2
2023-05-14,MP0610,0.238,46.1
2023-05-14,MP0611,0.249,45.0
2023-05-14,MP0413,0.247,47.6
2023-05-14,MP0414,0.241,46.5
2023-05-14,MP0415,,
2023-05-14,MP0513,0.249,45.8
2023-05-14,MP0514,0.199,44.9
2023-05-14,MP0515,0.211,48.1
2023-05-14,MP0516,0.142,46.4
2023-05-14,MP0612,0.218,48.9
2023-05-14,MP0613,0.244,43.1
2023-05-14,MP0614,0.18,43.9
2023-05-21,MP0101,,
2023-05-21,MP0102,0.228,44.0
2023-05-21,MP0103,0.244,43.2
2023-05-21,MP0201,0.245,44.7
2023-05-21,MP0202,0.162,44.5
2023-05-21,MP0203,0.183,43.9
2023-05-21,MP0204,0.219,43.4
2023-05-21,MP0301,0.251,48.5
2023-05-21,MP0302,0.197,45.1
2023-05-21,MP0303,0.225,44.0
2023-05-21,MP0104,,
2023-05-21,MP0105,,
2023-05-21,MP0106,0.206,46.3
2023-05-21,MP0205,0.214,46.3
2023-05-21,MP0206,0.235,44.6
2023-05-21,MP0207,0.17,44.7
2023-05-21,MP0208,0.255,42.1
2023-05-21,MP0304,0.167,44.4
2023-05-21,MP0305,0.213,41.5
2023-05-21,MP0306,0.209,44.3
2023-05-21,MP0107,0.251,46.0
2023-05-21,MP0108,,
2023-05-21,MP0109,,
2023-05-21,MP0209,0.244,45.9
2023-05-21,MP0210,0.248,44.8
2023-05-21,MP0211,0.192,42.8
2023-05-21,MP0307,0.147,48.1
2023-05-21,MP0308,0.243,43.2
2023-05-21,MP0309,0.181,46.0
2023-05-21,MP0310,0.195,44.0
2023-05-21,MP0110,0.183,47.1
2023-05-21,MP0111,0.199,46.0
2023-05-21,MP0112,0.205,44.4
2023-05-21,MP0212,0.176,43.5
2023-05-21,MP0213,0.198,45.4
2023-05-21,MP0214,0.205,44.3
2023-05-21,MP0215,,
2023-05-21,MP0311,0.208,44.1
2023-05-21,MP0312,,
2023-05-21,MP0313,0.21,47.0
2023-05-21,MP0113,0.198,46.3
2023-05-21,MP0401,0.218,47.2
2023-05-21,MP0402,0.212,48.8
2023-05-21,MP0216,0.184,45.3
2023-05-21,MP0501,0.178,47.5
2023-05-21,MP0502,0.19,46.2
2023-05-21,MP0314,0.226,43.6
2023-05-21,MP0315,0.221,47.4
2023-05-21,MP0601,0.198,47.4
2023-05-21,MP0316,0.208,48.3
2023-05-21,MP0403,0.219,47.7
2023-05-21,MP0404,0.22,45.9
2023-05-21,MP0405,0.162,46.3
2023-05-21,MP0503,0.208,45.0
2023-05-21,MP0504,0.188,44.3
2023-05-21,MP0505,0.235,44.8
2023-05-21,MP0506,0.187,46.2
2023-05-21,MP0602,0.231,47.1
2023-05-21,MP0603,0.217,47.6
2023-05-21,MP0604,,
2023-05-21,MP0406,0.18,45.0
2023-05-21,MP0407,0.204,44.1
2023-05-21,MP0408,0.22,45.1
2023-05-21,MP0507,,
2023-05-21,MP0508,0.218,46.3
2023-05-21,MP0509,0.185,44.4
2023-05-21,MP0510,0.219,47.2
2023-05-21,MP0605,0.162,43.3
2023-05-21,MP0606,0.177,45.2
2023-05-21,MP0607,0.215,44.9
2023-05-21,MP0409,0.16,42.7
2023-05-21,MP0410,0.223,44.5
2023-05-21,MP0411,0.213,45.6
2023-05-21,MP0412,0.152,43.9
2023-05-21,MP0511,0.198,44.0
2023-05-21,MP0512,0.188,49.2
2023-05-21,MP0608,0.229,44.3
2023-05-21,MP0609,0.174,45.3
2023-05-21,MP0610,,
2023-05-21,MP0611,0.183,47.1
2023-05-21,MP0413,0.187,44.7
2023-05-21,MP0414,0.232,44.8
2023-05-21,MP0415,0.201,45.6
2023-05-21,MP0513,0.25,42.6
2023-05-21,MP0514,0.191,49.0
2023-05-21,MP0515,0.187,45.6
2023-05-21,MP0516,0.233,42.3
2023-05-21,MP0612,,
2023-05-21,MP0613,0.168,47.0
2023-05-21,MP0614,0.2,44.3
2023-05-28,MP0101,0.205,44.7
2023-05-28,MP0102,0.182,46.7
2023-05-28,MP0103,0.144,44.0
2023-05-28,MP0201,0.153,43.2
2023-05-28,MP0202,,
2023-05-28,MP0203,0.197,41.2
2023-05-28,MP0204,0.155,46.0
2023-05-28,MP0301,0.171,49.0
2023-05-28,MP0302,0.242,43.2
2023-05-28,MP0303,0.221,44.1
2023-05-28,MP0104,,
2023-05-28,MP0105,,
2023-05-28,MP0106,0.191,45.5
2023-05-28,MP0205,0.202,47.2
2023-05-28,MP0206,0.175,49.9
2023-05-28,MP0207,0.197,46.9
2023-05-28,MP0208,0.2,47.9
2023-05-28,MP0304,0.201,45.6
2023-05-28,MP0305,0.234,43.9
2023-05-28,MP0306,0.229,42.4
2023-05-28,MP0107,0.237,45.8
2023-05-28,MP0108,0.135,47.4
2023-05-28,MP0109,0.203,46.0
2023-05-28,MP0209,,
2023-05-28,MP0210,0.207,47.4
2023-05-28,MP0211,0.181,43.5
2023-05-28,MP0307,0.181,48.6
2023-05-28,MP0308,0.159,45.8
2023-05-28,MP0309,0.168,43.6
2023-05-28,MP0310,,
2023-05-28,MP0110,0.171,46.0
2023-05-28,MP0111,0.177,48.4
2023-05-28,MP0112,0.151,45.5
2023-05-28,MP0212,,
2023-05-28,MP0213,0.172,47.1
2023-05-28,MP0214,0.173,49.3
2023-05-28,MP0215,,
2023-05-28,MP0311,0.174,44.6
2023-05-28,MP0312,0.161,47.5
2023-05-28,MP0313,0.22,47.6
2023-05-28,MP0113,0.186,43.9
2023-05-28,MP0401,0.172,49.9
2023-05-28,MP0402,0.163,46.2
2023-05-28,MP0216,0.19,46.4
2023-05-28,MP0501,0.162,45.5
2023-05-28,MP0502,0.183,43.1
2023-05-28,MP0314,0.191,46.5
2023-05-28,MP0315,0.196,46.0
2023-05-28,MP0601,0.14,44.0
2023-05-28,MP0316,0.236,43.7
2023-05-28,MP0403,,
2023-05-28,MP0404,0.153,47.5
2023-05-28,MP0405,0.2,48.0
2023-05-28,MP0503,0.208,45.1
2023-05-28,MP0504,0.203,44.7
2023-05-28,MP0505,0.234,45.2
2023-05-28,MP0506,0.214,43.7
2023-05-28,MP0602,0.2,48.3
2023-05-28,MP0603,0.236,47.3
2023-05-28,MP0604,0.189,44.4
2023-05-28,MP0406,0.181,44.1
2023-05-28,MP0407,0.19,48.7
2023-05-28,MP0408,0.202,46.2
2023-05-28,MP0507,0.227,44.9
2023-05-28,MP0508,0.156,47.6
2023-05-28,MP0509,0.175,46.3
2023-05-28,MP0510,0.205,48.6
2023-05-28,MP0605,,
2023-05-28,MP0606,0.219,47.4
2023-05-28,MP0607,0.222,47.1
2023-05-28,MP0409,0.215,45.9
2023-05-28,MP0410,0.229,46.5
2023-05-28,MP0411,0.212,47.8
2023-05-28,MP0412,0.227,49.3
2023-05-28,MP0511,0.233,45.2
2023-05-28,MP0512,0.141,47.3
2023-05-28,MP0608,0.23,46.3
2023-05-28,MP0609,0.194,46.9
2023-05-28,MP0610,0.163,46.1
2023-05-28,MP0611,0.239,44.7
2023-05-28,MP0413,0.158,46.6
2023-05-28,MP0414,0.148,47.6
2023-05-28,MP0415,0.178,47.2
2023-05-28,MP0513,0.186,46.1
2023-05-28,MP0514,0.264,47.6
2023-05-28,MP0515,0.196,44.6
2023-05-28,MP0516,0.201,45.9
2023-05-28,MP0612,0.201,48.3
2023-05-28,MP0613,0.21,45.9
2023-05-28,MP0614,0.192,45.3
2023-06-04,MP0101,0.197,51.2
2023-06-04,MP0102,0.202,47.2
2023-06-04,MP0103,0.192,48.3
2023-06-04,MP0201,0.233,48.2
2023-06-04,MP0202,0.234,49.5
2023-06-04,MP0203,0.176,46.3
2023-06-04,MP0204,0.202,49.1
2023-06-04,MP0301,0.176,48.3
2023-06-04,MP0302,0.204,45.2
2023-06-04,MP0303,0.173,49.0
2023-06-04,MP0104,0.226,48.5
2023-06-04,MP0105,0.182,52.2
2023-06-04,MP0106,0.195,48.9
2023-06-04,MP0205,0.201,48.8
2023-06-04,MP0206,0.202,50.1
2023-06-04,MP0207,0.25,50.2
2023-06-04,MP0208,,
2023-06-04,MP0304,0.141,49.1
2023-06-04,MP0305,0.25,48.4
2023-06-04,MP0306,0.186,46.4
2023-06-04,MP0107,0.213,48.4
2023-06-04,MP0108,0.219,47.6
2023-06-04,MP0109,0.233,50.4
2023-06-04,MP0209,0.199,47.4
2023-06-04,MP0210,0.187,51.3
2023-06-04,MP0211,0.211,47.6
2023-06-04,MP0307,0.254,46.9
2023-06-04,MP0308,0.163,49.0
2023-06-04,MP0309,0.231,48.7
2023-06-04,MP0310,,
2023-06-04,MP0110,0.209,50.3
2023-06-04,MP0111,0.152,51.6
2023-06-04,MP0112,0.175,49.0
2023-06-04,MP0212,,
2023-06-04,MP0213,0.18,47.1
2023-06-04,MP0214,,
2023-06-04,MP0215,0.2,48.7
2023-06-04,MP0311,,
2023-06-04,MP0312,0.215,48.2
2023-06-04,MP0313,0.196,52.1
2023-06-04,MP0113,0.221,48.4
2023-06-04,MP0401,0.159,52.5
2023-06-04,MP0402,0.185,49.3
2023-06-04,MP0216,,
2023-06-04,MP0501,0.219,52.4
2023-06-04,MP0502,0.183,48.2
2023-06-04,MP0314,0.171,48.1
2023-06-04,MP0315,0.212,44.7
2023-06-04,MP0601,0.227,47.9
2023-06-04,MP0316,0.21,50.1
2023-06-04,MP0403,0.206,47.8
2023-06-04,MP0404,0.197,49.8
2023-06-04,MP0405,0.178,49.9
2023-06-04,MP0503,0.152,48.9
2023-06-04,MP0504,0.144,45.6
2023-06-04,MP0505,0.219,47.1
2023-06-04,MP0506,0.189,50.1
2023-06-04,MP0602,,
2023-06-04,MP0603,0.184,53.0
2023-06-04,MP0604,0.184,47.4
2023-06-04,MP0406,0.227,48.6
2023-06-04,MP0407,0.189,51.0
2023-06-04,MP0408,0.147,52.1
2023-06-04,MP0507,0.207,49.5
2023-06-04,MP0508,,
2023-06-04,MP0509,0.169,51.6
2023-06-04,MP0510,0.192,50.0
2023-06-04,MP0605,0.171,48.2
2023-06-04,MP0606,0.221,48.6
2023-06-04,MP0607,,
2023-06-04,MP0409,0.186,49.6
2023-06-04,MP0410,0.204,49.2
2023-06-04,MP0411,0.198,47.0
2023-06-04,MP0412,0.185,51.5
2023-06-04,MP0511,0.209,50.1
2023-06-04,MP0512,0.186,51.1
2023-06-04,MP0608,0.211,50.4
2023-06-04,MP0609,0.165,46.9
2023-06-04,MP0610,,
2023-06-04,MP0611,,
2023-06-04,MP0413,0.234,43.9
2023-06-04,MP0414,0.25,50.7
2023-06-04,MP0415,0.186,48.6
2023-06-04,MP0513,0.218,47.2
2023-06-04,MP0514,0.212,48.3
2023-06-04,MP0515,0.171,49.8
2023-06-04,MP0516,0.206,48.2
2023-06-04,MP0612,0.197,51.3
2023-06-04,MP0613,0.245,48.8
2023-06-04,MP0614,0.218,51.0
2023-06-11,MP0101,0.222,45.9
2023-06-11,MP0102,0.169,46.7
2023-06-11,MP0103,0.221,47.6
2023-06-11,MP0201,0.225,47.3
2023-06-11,MP0202,0.179,44.0
2023-06-11,MP0203,0.21,43.3
2023-06-11,MP0204,0.209,47.1
2023-06-11,MP0301,0.191,48.1
2023-06-11,MP0302,0.293,47.6
2023-06-11,MP0303,0.26,44.8
2023-06-11,MP0104,0.233,47.1
2023-06-11,MP0105,0.209,47.1
2023-06-11,MP0106,0.204,44.9
2023-06-11,MP0205,0.213,44.1
2023-06-11,MP0206,0.191,49.4
2023-06-11,MP0207,0.167,47.5
2023-06-11,MP0208,0.197,46.2
2023-06-11,MP0304,0.212,46.9
2023-06-11,MP0305,0.232,48.5
2023-06-11,MP0306,0.253,46.0
2023-06-11,MP0107,0.208,42.8
2023-06-11,MP0108,0.204,46.9
2023-06-11,MP0109,0.232,45.1
2023-06-11,MP0209,0.261,45.8
2023-06-11,MP0210,0.248,46.8
2023-06-11,MP0211,0.213,44.1
2023-06-11,MP0307,0.245,46.2
2023-06-11,MP0308,0.212,46.5
2023-06-11,MP0309,0.186,45.5
2023-06-11,MP0310,0.222,46.2
2023-06-11,MP0110,,
2023-06-11,MP0111,,
2023-06-11,MP0112,0.178,44.3
2023-06-11,MP0212,0.188,46.7
2023-06-11,MP0213,0.144,46.1
2023-06-11,MP0214,0.163,45.7
2023-06-11,MP0215,0.251,46.0
2023-06-11,MP0311,0.269,46.2
2023-06-11,MP0312,0.217,46.4
2023-06-11,MP0313,0.236,45.1
2023-06-11,MP0113,0.213,44.3
2023-06-11,MP0401,0.189,46.3
2023-06-11,MP0402,0.271,45.9
2023-06-11,MP0216,0.269,45.6
2023-06-11,MP0501,0.21,45.5
2023-06-11,MP0502,0.213,43.3
2023-06-11,MP0314,0.185,47.0
2023-06-11,MP0315,0.203,47.4
2023-06-11,MP0601,0.173,47.5
2023-06-11,MP0316,0.191,48.5
2023-06-11,MP0403,0.234,46.5
2023-06-11,MP0404,0.19,49.8
2023-06-11,MP0405,0.169,45.3
2023-06-11,MP0503,0.152,46.8
2023-06-11,MP0504,0.228,43.1
2023-06-11,MP0505,0.159,45.2
2023-06-11,MP0506,0.184,46.4
2023-06-11,MP0602,0.198,47.3
2023-06-11,MP0603,0.225,49.2
2023-06-11,MP0604,0.232,44.8
2023-06-11,MP0406,0.228,44.8
2023-06-11,MP0407,0.217,48.6
2023-06-11,MP0408,0.185,46.0
2023-06-11,MP0507,0.158,47.2
2023-06-11,MP0508,0.189,47.1
2023-06-11,MP0509,,
2023-06-11,MP0510,0.149,44.7
2023-06-11,MP0605,0.172,46.7
2023-06-11,MP0606,0.144,45.9
2023-06-11,MP0607,0.161,46.6
2023-06-11,MP0409,0.198,48.4
2023-06-11,MP0410,0.196,44.4
2023-06-11,MP0411,0.176,43.3
2023-06-11,MP0412,0.218,47.0
2023-06-11,MP0511,0.14,47.5
2023-06-11,MP0512,,
2023-06-11,MP0608,0.198,45.9
2023-06-11,MP0609,0.174,44.6
2023-06-11,MP0610,0.241,46.8
2023-06-11,MP0611,0.208,45.2
2023-06-11,MP0413,0.218,43.5
2023-06-11,MP0414,0.216,46.4
2023-06-11,MP0415,0.164,45.6
2023-06-11,MP0513,0.215,46.3
2023-06-11,MP0514,,
2023-06-11,MP0515,0.165,47.2
2023-06-11,MP0516,0.195,44.2
2023-06-11,MP0612,0.135,48.1
2023-06-11,MP0613,0.151,44.3
2023-06-11,MP0614,0.217,45.9
2023-06-18,MP0101,0.153,42.0
2023-06-18,MP0102,0.171,41.5
2023-06-18,MP0103,0.152,40.9
2023-06-18,MP0201,0.187,43.8
2023-06-18,MP0202,0.19,40.4
2023-06-18,MP0203,0.181,41.7
2023-06-18,MP0204,0.17,43.2
2023-06-18,MP0301,0.194,46.2
2023-06-18,MP0302,0.174,41.1
2023-06-18,MP0303,0.21,40.8
2023-06-18,MP0104,0.223,44.2
2023-06-18,MP0105,0.201,43.2
2023-06-18,MP0106,0.252,41.6
2023-06-18,MP0205,0.171,43.6
2023-06-18,MP0206,0.243,45.1
2023-06-18,MP0207,0.262,46.1
2023-06-18,MP0208,0.201,42.6
2023-06-18,MP0304,0.172,42.5
2023-06-18,MP0305,0.243,41.2
2023-06-18,MP0306,0.187,41.2
2023-06-18,MP0107,0.165,42.1
2023-06-18,MP0108,0.221,41.1
2023-06-18,MP0109,0.223,43.3
2023-06-18,MP0209,0.179,44.5
2023-06-18,MP0210,0.253,43.2
2023-06-18,MP0211,0.229,44.0
2023-06-18,MP0307,0.213,44.7
2023-06-18,MP0308,0.184,43.3
2023-06-18,MP0309,0.27,41.6
2023-06-18,MP0310,0.22,41.8
2023-06-18,MP0110,0.143,45.3
2023-06-18,MP0111,0.174,44.2
2023-06-18,MP0112,0.197,40.3
2023-06-18,MP0212,0.222,42.8
2023-06-18,MP0213,0.225,45.3
2023-06-18,MP0214,0.219,44.7
2023-06-18,MP0215,0.164,44.0
2023-06-18,MP0311,0.198,44.0
2023-06-18,MP0312,0.217,41.8
2023-06-18,MP0313,0.205,44.6
2023-06-18,MP0113,0.183,42.9
2023-06-18,MP0401,0.221,45.9
2023-06-18,MP0402,0.166,46.4
2023-06-18,MP0216,0.14,44.5
2023-06-18,MP0501,0.206,43.5
2023-06-18,MP0502,0.197,39.3
2023-06-18,MP0314,0.196,40.2
2023-06-18,MP0315,0.162,42.4
2023-06-18,MP0601,0.206,41.9
2023-06-18,MP0316,0.199,44.0
2023-06-18,MP0403,0.204,42.2
2023-06-18,MP0404,0.12,47.1
2023-06-18,MP0405,0.218,43.2
2023-06-18,MP0503,0.209,42.8
2023-06-18,MP0504,0.202,40.8
2023-06-18,MP0505,0.205,41.8
2023-06-18,MP0506,0.209,43.8
2023-06-18,MP0602,0.171,45.0
2023-06-18,MP0603,0.219,45.8
2023-06-18,MP0604,0.187,42.7
2023-06-18,MP0406,0.245,42.5
2023-06-18,MP0407,0.201,41.4
2023-06-18,MP0408,0.206,43.7
2023-06-18,MP0507,,
2023-06-18,MP0508,0.201,41.1
2023-06-18,MP0509,0.228,44.5
2023-06-18,MP0510,0.224,46.3
2023-06-18,MP0605,0.174,42.7
2023-06-18,MP0606,0.162,42.0
2023-06-18,MP0607,0.151,43.4
2023-06-18,MP0409,0.195,43.6
2023-06-18,MP0410,0.203,42.5
2023-06-18,MP0411,0.217,38.5
2023-06-18,MP0412,0.212,45.0
2023-06-18,MP0511,0.176,42.5
2023-06-18,MP0512,0.199,43.9
2023-06-18,MP0608,0.186,42.1
2023-06-18,MP0609,0.133,43.4
2023-06-18,MP0610,0.193,44.3
2023-06-18,MP0611,0.154,43.4
2023-06-18,MP0413,,
2023-06-18,MP0414,0.184,42.5
2023-06-18,MP0415,0.218,43.6
2023-06-18,MP0513,0.229,43.8
2023-06-18,MP0514,0.267,46.4
2023-06-18,MP0515,0.215,43.6
2023-06-18,MP0516,0.251,41.7
2023-06-18,MP0612,0.176,45.0
2023-06-18,MP0613,0.245,43.4
2023-06-18,MP0614,0.206,42.2
2023-06-25,MP0101,0.258,42.3
2023-06-25,MP0102,0.229,42.6
2023-06-25,MP0103,0.165,41.0
2023-06-25,MP0201,0.228,42.0
2023-06-25,MP0202,0.252,43.9
2023-06-25,MP0203,0.171,44.1
2023-06-25,MP0204,0.172,38.4
2023-06-25,MP0301,0.144,46.0
2023-06-25,MP0302,0.207,42.2
2023-06-25,MP0303,0.218,39.9
2023-06-25,MP0104,0.157,43.5
2023-06-25,MP0105,0.208,44.5
2023-06-25,MP0106,0.237,43.1
2023-06-25,MP0205,0.202,42.8
2023-06-25,MP0206,0.171,45.8
2023-06-25,MP0207,0.158,42.7
2023-06-25,MP0208,0.237,41.8
2023-06-25,MP0304,0.182,40.7
2023-06-25,MP0305,0.191,44.4
2023-06-25,MP0306,0.198,40.8
2023-06-25,MP0107,0.255,43.2
2023-06-25,MP0108,0.234,42.7
2023-06-25,MP0109,0.222,44.2
2023-06-25,MP0209,0.276,41.0
2023-06-25,MP0210,0.187,42.2
2023-06-25,MP0211,0.266,44.3
2023-06-25,MP0307,0.228,42.9
2023-06-25,MP0308,0.256,41.0
2023-06-25,MP0309,,
2023-06-25,MP0310,0.212,43.6
2023-06-25,MP0110,,
2023-06-25,MP0111,0.203,43.3
2023-06-25,MP0112,0.139,44.0
2023-06-25,MP0212,0.295,44.6
2023-06-25,MP0213,0.216,42.3
2023-06-25,MP0214,0.214,46.9
2023-06-25,MP0215,0.194,44.8
2023-06-25,MP0311,0.181,44.2
2023-06-25,MP0312,0.221,40.9
2023-06-25,MP0313,0.25,45.6
2023-06-25,MP0113,0.221,42.6
2023-06-25,MP0401,0.151,43.3
2023-06-25,MP0402,,
2023-06-25,MP0216,0.174,41.6
2023-06-25,MP0501,0.21,42.6
2023-06-25,MP0502,0.208,41.8
2023-06-25,MP0314,0.226,43.2
2023-06-25,MP0315,0.214,43.6
2023-06-25,MP0601,0.233,41.9
2023-06-25,MP0316,0.166,44.0
2023-06-25,MP0403,0.209,44.2
2023-06-25,MP0404,0.226,43.5
2023-06-25,MP0405,0.14,44.3
2023-06-25,MP0503,0.26,42.2
2023-06-25,MP0504,,
2023-06-25,MP0505,0.22,42.8
2023-06-25,MP0506,0.204,42.7
2023-06-25,MP0602,0.175,45.1
2023-06-25,MP0603,0.215,42.8
2023-06-25,MP0604,0.232,39.1
2023-06-25,MP0406,0.257,44.6
2023-06-25,MP0407,0.198,44.8
2023-06-25,MP0408,0.191,42.2
2023-06-25,MP0507,0.164,42.3
2023-06-25,MP0508,,
2023-06-25,MP0509,0.145,43.0
2023-06-25,MP0510,0.221,44.3
2023-06-25,MP0605,0.258,44.4
2023-06-25,MP0606,0.16,43.7
2023-06-25,MP0607,0.26,41.8
2023-06-25,MP0409,0.205,41.5
2023-06-25,MP0410,0.223,42.6
2023-06-25,MP0411,0.22,43.7
2023-06-25,MP0412,0.166,41.2
2023-06-25,MP0511,0.152,44.2
2023-06-25,MP0512,,
2023-06-25,MP0608,0.223,42.8
2023-06-25,MP0609,0.223,43.5
2023-06-25,MP0610,0.194,43.2
2023-06-25,MP0611,0.255,44.7
2023-06-25,MP0413,0.186,37.7
2023-06-25,MP0414,0.19,40.7
2023-06-25,MP0415,0.187,44.5
2023-06-25,MP0513,0.204,41.2
2023-06-25,MP0514,0.164,40.9
2023-06-25,MP0515,0.211,43.5
2023-06-25,MP0516,0.214,43.2
2023-06-25,MP0612,0.215,42.5
2023-06-25,MP0613,0.249,38.7
2023-06-25,MP0614,0.223,42.7
2023-07-02,MP0101,0.176,38.9
2023-07-02,MP0102,,
2023-07-02,MP0103,0.291,37.4
2023-07-02,MP0201,,
2023-07-02,MP0202,0.22,37.8
2023-07-02,MP0203,0.249,37.4
2023-07-02,MP0204,,
2023-07-02,MP0301,0.289,41.9
2023-07-02,MP0302,,
2023-07-02,MP0303,0.275,38.4
2023-07-02,MP0104,0.27,39.0
2023-07-02,MP0105,0.257,39.9
2023-07-02,MP0106,0.247,39.0
2023-07-02,MP0205,0.26,39.8
2023-07-02,MP0206,0.249,42.5
2023-07-02,MP0207,,
2023-07-02,MP0208,,
2023-07-02,MP0304,,
2023-07-02,MP0305,0.245,37.4
2023-07-02,MP0306,,
2023-07-02,MP0107,0.216,37.5
2023-07-02,MP0108,0.207,42.0
2023-07-02,MP0109,0.206,40.0
2023-07-02,MP0209,0.23,41.3
2023-07-02,MP0210,0.239,39.5
2023-07-02,MP0211,0.235,40.9
2023-07-02,MP0307,0.214,39.0
2023-07-02,MP0308,0.236,37.6
2023-07-02,MP0309,,
2023-07-02,MP0310,,
2023-07-02,MP0110,0.236,39.4
2023-07-02,MP0111,0.214,37.7
2023-07-02,MP0112,,
2023-07-02,MP0212,0.209,40.4
2023-07-02,MP0213,,
2023-07-02,MP0214,0.252,38.2
2023-07-02,MP0215,0.271,39.1
2023-07-02,MP0311,0.251,42.3
2023-07-02,MP0312,0.203,40.2
2023-07-02,MP0313,0.235,40.4
2023-07-02,MP0113,,
2023-07-02,MP0401,,
2023-07-02,MP0402,0.178,38.9
2023-07-02,MP0216,,
2023-07-02,MP0501,0.203,39.7
2023-07-02,MP0502,0.182,36.4
2023-07-02,MP0314,,
2023-07-02,MP0315,0.278,43.8
2023-07-02,MP0601,0.243,37.7
2023-07-02,MP0316,0.207,42.3
2023-07-02,MP0403,,
2023-07-02,MP0404,,
2023-07-02,MP0405,0.197,38.0
2023-07-02,MP0503,0.177,40.5
2023-07-02,MP0504,,
2023-07-02,MP0505,,
2023-07-02,MP0506,0.271,38.5
2023-07-02,MP0602,0.163,39.2
2023-07-02,MP0603,0.241,40.5
2023-07-02,MP0604,0.238,38.6
2023-07-02,MP0406,0.267,40.5
2023-07-02,MP0407,,
2023-07-02,MP0408,,
2023-07-02,MP0507,,
2023-07-02,MP0508,0.159,40.6
2023-07-02,MP0509,,
2023-07-02,MP0510,0.256,43.4
2023-07-02,MP0605,,
2023-07-02,MP0606,,
2023-07-02,MP0607,0.254,40.8
2023-07-02,MP0409,0.198,41.1
2023-07-02,MP0410,,
2023-07-02,MP0411,,
2023-07-02,MP0412,0.226,42.2
2023-07-02,MP0511,0.219,38.9
2023-07-02,MP0512,,
2023-07-02,MP0608,,
2023-07-02,MP0609,,
2023-07-02,MP0610,0.262,41.1
2023-07-02,MP0611,,
2023-07-02,MP0413,,
2023-07-02,MP0414,0.243,38.1
2023-07-02,MP0415,,
2023-07-02,MP0513,0.232,38.2
2023-07-02,MP0514,0.229,42.5
2023-07-02,MP0515,,
2023-07-02,MP0516,,
2023-07-02,MP0612,0.232,42.1
2023-07-02,MP0613,0.309,42.2
2023-07-02,MP0614,,
2023-07-09,MP0101,,
2023-07-09,MP0102,0.261,40.3
2023-07-09,MP0103,0.256,38.7
2023-07-09,MP0201,0.246,38.6
2023-07-09,MP0202,0.251,41.2
2023-07-09,MP0203,0.283,41.1
2023-07-09,MP0204,0.29,37.7
2023-07-09,MP0301,,
2023-07-09,MP0302,,
2023-07-09,MP0303,,
2023-07-09,MP0104,0.181,41.5
2023-07-09,MP0105,0.212,38.9
2023-07-09,MP0106,0.245,42.6
2023-07-09,MP0205,,
2023-07-09,MP0206,0.252,42.3
2023-07-09,MP0207,,
2023-07-09,MP0208,0.254,42.3
2023-07-09,MP0304,,
2023-07-09,MP0305,,
2023-07-09,MP0306,,
2023-07-09,MP0107,0.259,40.1
2023-07-09,MP0108,,
2023-07-09,MP0109,0.31,39.9
2023-07-09,MP0209,0.25,40.6
2023-07-09,MP0210,,
2023-07-09,MP0211,,
2023-07-09,MP0307,,
2023-07-09,MP0308,0.204,37.6
2023-07-09,MP0309,0.24,38.7
2023-07-09,MP0310,0.292,41.1
2023-07-09,MP0110,,
2023-07-09,MP0111,0.186,43.2
2023-07-09,MP0112,0.24,40.0
2023-07-09,MP0212,0.302,41.1
2023-07-09,MP0213,0.172,38.4
2023-07-09,MP0214,0.236,40.8
2023-07-09,MP0215,0.246,44.0
2023-07-09,MP0311,0.294,41.6
2023-07-09,MP0312,0.25,38.6
2023-07-09,MP0313,,
2023-07-09,MP0113,0.247,41.7
2023-07-09,MP0401,0.245,43.1
2023-07-09,MP0402,,
2023-07-09,MP0216,0.229,38.4
2023-07-09,MP0501,0.254,39.8
2023-07-09,MP0502,0.264,40.2
2023-07-09,MP0314,,
2023-07-09,MP0315,0.221,40.7
2023-07-09,MP0601,0.238,38.4
2023-07-09,MP0316,0.232,44.2
2023-07-09,MP0403,0.231,40.1
2023-07-09,MP0404,,
2023-07-09,MP0405,0.224,41.9
2023-07-09,MP0503,,
2023-07-09,MP0504,0.279,40.9
2023-07-09,MP0505,0.266,39.7
2023-07-09,MP0506,,
2023-07-09,MP0602,,
2023-07-09,MP0603,,
2023-07-09,MP0604,,
2023-07-09,MP0406,0.267,40.6
2023-07-09,MP0407,,
2023-07-09,MP0408,,
2023-07-09,MP0507,0.237,42.0
2023-07-09,MP0508,,
2023-07-09,MP0509,0.228,38.4
2023-07-09,MP0510,0.243,41.2
2023-07-09,MP0605,0.247,42.6
2023-07-09,MP0606,0.233,38.0
2023-07-09,MP0607,,
2023-07-09,MP0409,0.246,40.8
2023-07-09,MP0410,,
2023-07-09,MP0411,0.225,40.2
2023-07-09,MP0412,,
2023-07-09,MP0511,0.265,39.2
2023-07-09,MP0512,0.296,37.3
2023-07-09,MP0608,0.232,40.9
2023-07-09,MP0609,0.215,40.0
2023-07-09,MP0610,,
2023-07-09,MP0611,,
2023-07-09,MP0413,0.265,39.0
2023-07-09,MP0414,,
2023-07-09,MP0415,0.184,41.6
2023-07-09,MP0513,,
2023-07-09,MP0514,0.286,39.9
2023-07-09,MP0515,,
2023-07-09,MP0516,0.265,41.2
2023-07-09,MP0612,,
2023-07-09,MP0613,,
2023-07-09,MP0614,,
2023-07-16,MP0101,,
2023-07-16,MP0102,0.296,41.5
2023-07-16,MP0103,0.335,39.6
2023-07-16,MP0201,0.279,39.0
2023-07-16,MP0202,,
2023-07-16,MP0203,0.313,38.5
2023-07-16,MP0204,,
2023-07-16,MP0301,0.256,37.9
2023-07-16,MP0302,0.3,40.1
2023-07-16,MP0303,0.298,35.2
2023-07-16,MP0104,0.288,37.1
2023-07-16,MP0105,0.302,37.5
2023-07-16,MP0106,,
2023-07-16,MP0205,0.31,39.6
2023-07-16,MP0206,0.32,39.5
2023-07-16,MP0207,,
2023-07-16,MP0208,,
2023-07-16,MP0304,0.285,39.4
2023-07-16,MP0305,0.232,39.8
2023-07-16,MP0306,0.292,37.7
2023-07-16,MP0107,,
2023-07-16,MP0108,0.252,41.4
2023-07-16,MP0109,0.272,40.6
2023-07-16,MP0209,0.291,40.6
2023-07-16,MP0210,0.242,39.3
2023-07-16,MP0211,0.232,41.8
2023-07-16,MP0307,0.255,38.9
2023-07-16,MP0308,,
2023-07-16,MP0309,,
2023-07-16,MP0310,,
2023-07-16,MP0110,0.25,42.4
2023-07-16,MP0111,0.287,40.4
2023-07-16,MP0112,0.283,41.9
2023-07-16,MP0212,0.343,40.7
2023-07-16,MP0213,0.257,38.5
2023-07-16,MP0214,0.28,41.4
2023-07-16,MP0215,0.291,38.5
2023-07-16,MP0311,,
2023-07-16,MP0312,0.229,37.2
2023-07-16,MP0313,0.247,40.4
2023-07-16,MP0113,,
2023-07-16,MP0401,0.33,43.4
2023-07-16,MP0402,0.237,41.7
2023-07-16,MP0216,,
2023-07-16,MP0501,,
2023-07-16,MP0502,,
2023-07-16,MP0314,0.297,38.9
2023-07-16,MP0315,0.284,40.3
2023-07-16,MP0601,,
2023-07-16,MP0316,0.281,36.2
2023-07-16,MP0403,0.276,39.0
2023-07-16,MP0404,,
2023-07-16,MP0405,,
2023-07-16,MP0503,0.242,39.3
2023-07-16,MP0504,,
2023-07-16,MP0505,0.254,39.7
2023-07-16,MP0506,0.255,40.1
2023-07-16,MP0602,,
2023-07-16,MP0603,0.26,40.2
2023-07-16,MP0604,0.327,38.4
2023-07-16,MP0406,,
2023-07-16,MP0407,,
2023-07-16,MP0408,0.294,39.0
2023-07-16,MP0507,0.285,39.4
2023-07-16,MP0508,,
2023-07-16,MP0509,0.204,39.3
2023-07-16,MP0510,,
2023-07-16,MP0605,0.261,41.5
2023-07-16,MP0606,0.282,37.9
2023-07-16,MP0607,,
2023-07-16,MP0409,0.243,37.8
2023-07-16,MP0410,0.294,39.4
2023-07-16,MP0411,0.286,38.1
2023-07-16,MP0412,,
2023-07-16,MP0511,0.288,40.4
2023-07-16,MP0512,0.325,41.6
2023-07-16,MP0608,0.215,40.9
2023-07-16,MP0609,,
2023-07-16,MP0610,,
2023-07-16,MP0611,,
2023-07-16,MP0413,,
2023-07-16,MP0414,0.29,40.1
2023-07-16,MP0415,0.266,39.5
2023-07-16,MP0513,0.295,38.6
2023-07-16,MP0514,0.259,39.7
2023-07-16,MP0515,,
2023-07-16,MP0516,0.264,37.7
2023-07-16,MP0612,0.29,39.8
2023-07-16,MP0613,0.235,36.2
2023-07-16,MP0614,0.25,39.5
2023-07-23,MP0101,,
2023-07-23,MP0102,0.298,37.5
2023-07-23,MP0103,0.28,40.7
2023-07-23,MP0201,,
2023-07-23,MP0202,,
2023-07-23,MP0203,,
2023-07-23,MP0204,0.321,41.8
2023-07-23,MP0301,,
2023-07-23,MP0302,,
2023-07-23,MP0303,0.344,38.9
2023-07-23,MP0104,0.276,41.8
2023-07-23,MP0105,0.256,40.6
2023-07-23,MP0106,0.321,40.3
2023-07-23,MP0205,0.315,37.9
2023-07-23,MP0206,0.322,41.7
2023-07-23,MP0207,0.278,41.7
2023-07-23,MP0208,,
2023-07-23,MP0304,,
2023-07-23,MP0305,,
2023-07-23,MP0306,0.286,42.8
2023-07-23,MP0107,0.284,40.7
2023-07-23,MP0108,0.301,40.8
2023-07-23,MP0109,0.36,42.0
2023-07-23,MP0209,0.314,40.8
2023-07-23,MP0210,0.289,40.6
2023-07-23,MP0211,,
2023-07-23,MP0307,0.319,41.0
2023-07-23,MP0308,,
2023-07-23,MP0309,0.346,39.4
2023-07-23,MP0310,0.368,40.4
2023-07-23,MP0110,0.276,40.9
2023-07-23,MP0111,0.283,39.2
2023-07-23,MP0112,0.322,38.3
2023-07-23,MP0212,,
2023-07-23,MP0213,,
2023-07-23,MP0214,,
2023-07-23,MP0215,0.282,39.0
2023-07-23,MP0311,0.309,42.4
2023-07-23,MP0312,,
2023-07-23,MP0313,0.346,43.3
2023-07-23,MP0113,,
2023-07-23,MP0401,0.317,45.3
2023-07-23,MP0402,,
2023-07-23,MP0216,0.335,38.1
2023-07-23,MP0501,0.282,43.0
2023-07-23,MP0502,0.326,38.7
2023-07-23,MP0314,0.332,42.5
2023-07-23,MP0315,0.316,41.5
2023-07-23,MP0601,,
2023-07-23,MP0316,0.255,40.5
2023-07-23,MP0403,,
2023-07-23,MP0404,0.308,42.1
2023-07-23,MP0405,0.276,39.7
2023-07-23,MP0503,0.264,36.9
2023-07-23,MP0504,,
2023-07-23,MP0505,0.29,39.1
2023-07-23,MP0506,0.302,43.0
2023-07-23,MP0602,0.249,38.6
2023-07-23,MP0603,0.268,37.9
2023-07-23,MP0604,,
2023-07-23,MP0406,,
2023-07-23,MP0407,,
2023-07-23,MP0408,,
2023-07-23,MP0507,,
2023-07-23,MP0508,,
2023-07-23,MP0509,0.208,42.8
2023-07-23,MP0510,,
2023-07-23,MP0605,,
2023-07-23,MP0606,,
2023-07-23,MP0607,0.313,37.7
2023-07-23,MP0409,0.234,40.6
2023-07-23,MP0410,0.303,36.8
2023-07-23,MP0411,,
2023-07-23,MP0412,,
2023-07-23,MP0511,,
2023-07-23,MP0512,0.296,41.6
2023-07-23,MP0608,0.306,39.5
2023-07-23,MP0609,0.267,40.4
2023-07-23,MP0610,0.267,42.7
2023-07-23,MP0611,,
2023-07-23,MP0413,,
2023-07-23,MP0414,,
2023-07-23,MP0415,0.276,38.0
2023-07-23,MP0513,0.335,38.5
2023-07-23,MP0514,0.319,40.1
2023-07-23,MP0515,0.325,38.7
2023-07-23,MP0516,,
2023-07-23,MP0612,0.284,42.8
2023-07-23,MP0613,,
2023-07-23,MP0614,,
2023-07-30,MP0101,0.302,35.0
2023-07-30,MP0102,0.387,33.5
2023-07-30,MP0103,0.277,33.8
2023-07-30,MP0201,,
2023-07-30,MP0202,0.364,34.0
2023-07-30,MP0203,0.415,33.2
2023-07-30,MP0204,,
2023-07-30,MP0301,,
2023-07-30,MP0302,0.36,37.4
2023-07-30,MP0303,0.385,34.3
2023-07-30,MP0104,,
2023-07-30,MP0105,0.331,32.2
2023-07-30,MP0106,,
2023-07-30,MP0205,,
2023-07-30,MP0206,0.276,38.3
2023-07-30,MP0207,0.362,34.8
2023-07-30,MP0208,,
2023-07-30,MP0304,,
2023-07-30,MP0305,,
2023-07-30,MP0306,0.355,34.9
2023-07-30,MP0107,,
2023-07-30,MP0108,0.355,34.6
2023-07-30,MP0109,,
2023-07-30,MP0209,,
2023-07-30,MP0210,,
2023-07-30,MP0211,,
2023-07-30,MP0307,0.327,36.5
2023-07-30,MP0308,0.382,35.0
2023-07-30,MP0309,,
2023-07-30,MP0310,,
2023-07-30,MP0110,,
2023-07-30,MP0111,,
2023-07-30,MP0112,,
2023-07-30,MP0212,,
2023-07-30,MP0213,0.262,39.3
2023-07-30,MP0214,0.352,30.7
2023-07-30,MP0215,,
2023-07-30,MP0311,,
2023-07-30,MP0312,0.328,36.7
2023-07-30,MP0313,,
2023-07-30,MP0113,0.342,32.8
2023-07-30,MP0401,0.297,37.7
2023-07-30,MP0402,0.313,36.8
2023-07-30,MP0216,,
2023-07-30,MP0501,0.349,34.1
2023-07-30,MP0502,0.325,35.3
2023-07-30,MP0314,0.295,33.2
2023-07-30,MP0315,0.364,37.5
2023-07-30,MP0601,0.364,35.0
2023-07-30,MP0316,0.293,34.9
2023-07-30,MP0403,0.33,36.9
2023-07-30,MP0404,,
2023-07-30,MP0405,0.313,37.7
2023-07-30,MP0503,0.319,35.7
2023-07-30,MP0504,,
2023-07-30,MP0505,0.344,34.1
2023-07-30,MP0506,0.341,37.1
2023-07-30,MP0602,0.238,36.7
2023-07-30,MP0603,0.278,38.1
2023-07-30,MP0604,0.426,36.8
2023-07-30,MP0406,0.292,34.9
2023-07-30,MP0407,,
2023-07-30,MP0408,0.354,35.9
2023-07-30,MP0507,,
2023-07-30,MP0508,,
2023-07-30,MP0509,0.255,39.7
2023-07-30,MP0510,,
2023-07-30,MP0605,0.327,37.9
2023-07-30,MP0606,0.312,35.7
2023-07-30,MP0607,,
2023-07-30,MP0409,0.325,37.5
2023-07-30,MP0410,0.312,32.6
2023-07-30,MP0411,,
2023-07-30,MP0412,0.331,35.2
2023-07-30,MP0511,0.273,34.2
2023-07-30,MP0512,,
2023-07-30,MP0608,0.271,36.5
2023-07-30,MP0609,0.312,36.4
2023-07-30,MP0610,0.336,35.2
2023-07-30,MP0611,0.39,37.0
2023-07-30,MP0413,0.356,33.5
2023-07-30,MP0414,0.307,38.0
2023-07-30,MP0415,0.365,38.6
2023-07-30,MP0513,,
2023-07-30,MP0514,0.348,35.5
2023-07-30,MP0515,0.325,36.4
2023-07-30,MP0516,,
2023-07-30,MP0612,0.336,40.4
2023-07-30,MP0613,0.299,39.5
2023-07-30,MP0614,0.369,40.3
2023-08-06,MP0101,,
2023-08-06,MP0102,,
2023-08-06,MP0103,0.354,40.0
2023-08-06,MP0201,0.374,38.4
2023-08-06,MP0202,,
2023-08-06,MP0203,,
2023-08-06,MP0204,0.414,34.6
2023-08-06,MP0301,,
2023-08-06,MP0302,0.372,36.3
2023-08-06,MP0303,0.451,36.4
2023-08-06,MP0104,,
2023-08-06,MP0105,0.365,34.6
2023-08-06,MP0106,,
2023-08-06,MP0205,0.418,38.5
2023-08-06,MP0206,0.345,39.6
2023-08-06,MP0207,0.3,39.6
2023-08-06,MP0208,,
2023-08-06,MP0304,0.345,38.0
2023-08-06,MP0305,0.343,35.6
2023-08-06,MP0306,0.323,36.7
2023-08-06,MP0107,0.431,33.7
2023-08-06,MP0108,0.363,36.9
2023-08-06,MP0109,,
2023-08-06,MP0209,,
2023-08-06,MP0210,,
2023-08-06,MP0211,0.38,39.4
2023-08-06,MP0307,0.378,38.6
2023-08-06,MP0308,,
2023-08-06,MP0309,0.357,35.8
2023-08-06,MP0310,0.393,37.9
2023-08-06,MP0110,0.39,39.2
2023-08-06,MP0111,,
2023-08-06,MP0112,,
2023-08-06,MP0212,0.378,38.1
2023-08-06,MP0213,0.416,35.9
2023-08-06,MP0214,,
2023-08-06,MP0215,0.429,36.4
2023-08-06,MP0311,0.376,38.2
2023-08-06,MP0312,0.34,35.2
2023-08-06,MP0313,,
2023-08-06,MP0113,,
2023-08-06,MP0401,0.307,38.6
2023-08-06,MP0402,0.307,35.5
2023-08-06,MP0216,0.359,37.7
2023-08-06,MP0501,0.349,38.7
2023-08-06,MP0502,,
2023-08-06,MP0314,,
2023-08-06,MP0315,0.341,38.9
2023-08-06,MP0601,0.366,39.4
2023-08-06,MP0316,,
2023-08-06,MP0403,,
2023-08-06,MP0404,,
2023-08-06,MP0405,0.363,35.7
2023-08-06,MP0503,0.225,35.7
2023-08-06,MP0504,0.41,37.7
2023-08-06,MP0505,0.404,38.2
2023-08-06,MP0506,,
2023-08-06,MP0602,0.298,39.5
2023-08-06,MP0603,0.389,39.5
2023-08-06,MP0604,0.469,36.1
2023-08-06,MP0406,,
2023-08-06,MP0407,0.344,37.8
2023-08-06,MP0408,0.313,37.1
2023-08-06,MP0507,0.422,38.8
2023-08-06,MP0508,0.348,36.6
2023-08-06,MP0509,,
2023-08-06,MP0510,,
2023-08-06,MP0605,0.345,35.1
2023-08-06,MP0606,0.36,40.2
2023-08-06,MP0607,,
2023-08-06,MP0409,,
2023-08-06,MP0410,,
2023-08-06,MP0411,0.409,36.9
2023-08-06,MP0412,0.299,39.7
2023-08-06,MP0511,,
2023-08-06,MP0512,,
2023-08-06,MP0608,,
2023-08-06,MP0609,0.325,36.3
2023-08-06,MP0610,,
2023-08-06,MP0611,0.329,36.3
2023-08-06,MP0413,0.42,37.0
2023-08-06,MP0414,0.325,34.7
2023-08-06,MP0415,0.361,38.2
2023-08-06,MP0513,0.357,37.7
2023-08-06,MP0514,,
2023-08-06,MP0515,,
2023-08-06,MP0516,,
2023-08-06,MP0612,0.327,37.8
2023-08-06,MP0613,0.379,36.4
2023-08-06,MP0614,0.329,36.2
2023-08-13,MP0101,0.463,36.0
2023-08-13,MP0102,0.397,36.1
2023-08-13,MP0103,0.441,34.5
2023-08-13,MP0201,,
2023-08-13,MP0202,0.428,36.0
2023-08-13,MP0203,,
2023-08-13,MP0204,,
2023-08-13,MP0301,0.395,33.9
2023-08-13,MP0302,0.443,34.6
2023-08-13,MP0303,,
2023-08-13,MP0104,0.39,34.5
2023-08-13,MP0105,0.442,34.4
2023-08-13,MP0106,,
2023-08-13,MP0205,0.417,37.8
2023-08-13,MP0206,0.347,37.4
2023-08-13,MP0207,,
2023-08-13,MP0208,0.45,34.2
2023-08-13,MP0304,0.391,33.8
2023-08-13,MP0305,,
2023-08-13,MP0306,0.399,34.4
2023-08-13,MP0107,,
2023-08-13,MP0108,,
2023-08-13,MP0109,0.378,32.3
2023-08-13,MP0209,0.376,33.4
2023-08-13,MP0210,,
2023-08-13,MP0211,0.384,34.6
2023-08-13,MP0307,0.364,35.2
2023-08-13,MP0308,0.46,35.4
2023-08-13,MP0309,0.43,34.2
2023-08-13,MP0310,0.473,32.6
2023-08-13,MP0110,0.457,35.1
2023-08-13,MP0111,0.371,38.9
2023-08-13,MP0112,0.357,32.6
2023-08-13,MP0212,0.452,34.3
2023-08-13,MP0213,,
2023-08-13,MP0214,0.388,35.6
2023-08-13,MP0215,,
2023-08-13,MP0311,0.419,34.4
2023-08-13,MP0312,,
2023-08-13,MP0313,,
2023-08-13,MP0113,,
2023-08-13,MP0401,0.313,35.3
2023-08-13,MP0402,,
2023-08-13,MP0216,0.401,35.2
2023-08-13,MP0501,,
2023-08-13,MP0502,0.444,33.3
2023-08-13,MP0314,0.439,34.3
2023-08-13,MP0315,,
2023-08-13,MP0601,0.411,33.0
2023-08-13,MP0316,0.366,37.2
2023-08-13,MP0403,0.382,36.4
2023-08-13,MP0404,0.313,35.6
2023-08-13,MP0405,,
2023-08-13,MP0503,,
2023-08-13,MP0504,0.46,34.3
2023-08-13,MP0505,,
2023-08-13,MP0506,,
2023-08-13,MP0602,,
2023-08-13,MP0603,,
2023-08-13,MP0604,,
2023-08-13,MP0406,,
2023-08-13,MP0407,0.37,34.4
2023-08-13,MP0408,0.4,34.5
2023-08-13,MP0507,0.363,33.9
2023-08-13,MP0508,0.347,32.6
2023-08-13,MP0509,0.277,35.9
2023-08-13,MP0510,0.329,36.6
2023-08-13,MP0605,0.432,36.2
2023-08-13,MP0606,0.413,30.0
2023-08-13,MP0607,0.391,33.9
2023-08-13,MP0409,0.352,33.4
2023-08-13,MP0410,0.404,35.2
2023-08-13,MP0411,0.438,32.8
2023-08-13,MP0412,0.367,35.4
2023-08-13,MP0511,,
2023-08-13,MP0512,,
2023-08-13,MP0608,0.302,33.7
2023-08-13,MP0609,0.309,33.8
2023-08-13,MP0610,,
2023-08-13,MP0611,,
2023-08-13,MP0413,,
2023-08-13,MP0414,,
2023-08-13,MP0415,0.435,33.8
2023-08-13,MP0513,,
2023-08-13,MP0514,0.33,33.7
2023-08-13,MP0515,,
2023-08-13,MP0516,,
2023-08-13,MP0612,0.362,35.8
2023-08-13,MP0613,,
2023-08-13,MP0614,0.431,31.2
2023-08-20,MP0101,,
2023-08-20,MP0102,,
2023-08-20,MP0103,0.46,35.2
2023-08-20,MP0201,0.494,36.5
2023-08-20,MP0202,0.474,38.2
2023-08-20,MP0203,0.459,35.0
2023-08-20,MP0204,0.442,34.6
2023-08-20,MP0301,0.45,40.4
2023-08-20,MP0302,,
2023-08-20,MP0303,0.553,35.8
2023-08-20,MP0104,,
2023-08-20,MP0105,0.434,38.7
2023-08-20,MP0106,0.374,36.3
2023-08-20,MP0205,,
2023-08-20,MP0206,,
2023-08-20,MP0207,0.423,36.6
2023-08-20,MP0208,,
2023-08-20,MP0304,0.451,35.5
2023-08-20,MP0305,,
2023-08-20,MP0306,0.463,37.1
2023-08-20,MP0107,0.413,34.8
2023-08-20,MP0108,0.413,34.2
2023-08-20,MP0109,,
2023-08-20,MP0209,,
2023-08-20,MP0210,0.439,36.0
2023-08-20,MP0211,0.455,37.1
2023-08-20,MP0307,0.451,36.8
2023-08-20,MP0308,,
2023-08-20,MP0309,0.481,36.3
2023-08-20,MP0310,0.478,36.9
2023-08-20,MP0110,,
2023-08-20,MP0111,0.413,37.9
2023-08-20,MP0112,,
2023-08-20,MP0212,0.458,36.2
2023-08-20,MP0213,0.383,35.6
2023-08-20,MP0214,,
2023-08-20,MP0215,,
2023-08-20,MP0311,0.398,38.8
2023-08-20,MP0312,0.408,37.5
2023-08-20,MP0313,,
2023-08-20,MP0113,,
2023-08-20,MP0401,0.4,39.7
2023-08-20,MP0402,0.337,35.7
2023-08-20,MP0216,,
2023-08-20,MP0501,0.399,34.5
2023-08-20,MP0502,,
2023-08-20,MP0314,,
2023-08-20,MP0315,0.408,39.1
2023-08-20,MP0601,0.422,38.0
2023-08-20,MP0316,0.407,36.4
2023-08-20,MP0403,0.403,33.4
2023-08-20,MP0404,,
2023-08-20,MP0405,0.375,33.3
2023-08-20,MP0503,0.336,36.8
2023-08-20,MP0504,0.428,37.4
2023-08-20,MP0505,0.439,38.8
2023-08-20,MP0506,0.425,37.7
2023-08-20,MP0602,,
2023-08-20,MP0603,,
2023-08-20,MP0604,,
2023-08-20,MP0406,0.419,35.3
2023-08-20,MP0407,0.371,38.8
2023-08-20,MP0408,0.439,40.1
2023-08-20,MP0507,,
2023-08-20,MP0508,,
2023-08-20,MP0509,0.346,38.8
2023-08-20,MP0510,,
2023-08-20,MP0605,0.46,36.6
2023-08-20,MP0606,0.39,39.5
2023-08-20,MP0607,0.405,35.9
2023-08-20,MP0409,,
2023-08-20,MP0410,0.405,36.4
2023-08-20,MP0411,,
2023-08-20,MP0412,0.423,36.6
2023-08-20,MP0511,0.399,34.2
2023-08-20,MP0512,,
2023-08-20,MP0608,0.342,36.3
2023-08-20,MP0609,0.404,34.1
2023-08-20,MP0610,0.397,36.4
2023-08-20,MP0611,,
2023-08-20,MP0413,0.421,33.9
2023-08-20,MP0414,0.36,36.7
2023-08-20,MP0415,0.374,38.0
2023-08-20,MP0513,0.435,35.3
2023-08-20,MP0514,0.371,39.2
2023-08-20,MP0515,0.406,35.6
2023-08-20,MP0516,,
2023-08-20,MP0612,0.405,39.1
2023-08-20,MP0613,0.419,37.1
2023-08-20,MP0614,,
2023-08-27,MP0101,0.413,38.4
2023-08-27,MP0102,0.458,36.4
2023-08-27,MP0103,0.421,40.2
2023-08-27,MP0201,,
2023-08-27,MP0202,0.504,38.3
2023-08-27,MP0203,0.541,37.1
2023-08-27,MP0204,0.48,37.9
2023-08-27,MP0301,,
2023-08-27,MP0302,,
2023-08-27,MP0303,0.514,31.8
2023-08-27,MP0104,0.422,37.8
2023-08-27,MP0105,0.398,35.8
2023-08-27,MP0106,0.466,38.0
2023-08-27,MP0205,0.436,36.4
2023-08-27,MP0206,0.444,38.4
2023-08-27,MP0207,0.392,35.7
2023-08-27,MP0208,,
2023-08-27,MP0304,0.463,37.7
2023-08-27,MP0305,,
2023-08-27,MP0306,0.441,38.0
2023-08-27,MP0107,,
2023-08-27,MP0108,0.378,38.2
2023-08-27,MP0109,0.368,35.8
2023-08-27,MP0209,,
2023-08-27,MP0210,0.429,40.1
2023-08-27,MP0211,0.499,37.4
2023-08-27,MP0307,,
2023-08-27,MP0308,0.491,38.4
2023-08-27,MP0309,0.452,37.6
2023-08-27,MP0310,0.496,39.5
2023-08-27,MP0110,0.402,39.4
2023-08-27,MP0111,,
2023-08-27,MP0112,0.396,39.6
2023-08-27,MP0212,0.486,37.7
2023-08-27,MP0213,,
2023-08-27,MP0214,0.423,37.3
2023-08-27,MP0215,0.449,41.2
2023-08-27,MP0311,0.41,37.7
2023-08-27,MP0312,0.447,35.6
2023-08-27,MP0313,0.456,40.3
2023-08-27,MP0113,0.462,34.5
2023-08-27,MP0401,,
2023-08-27,MP0402,,
2023-08-27,MP0216,,
2023-08-27,MP0501,0.432,39.2
2023-08-27,MP0502,0.439,37.8
2023-08-27,MP0314,0.454,36.6
2023-08-27,MP0315,,
2023-08-27,MP0601,,
2023-08-27,MP0316,0.409,42.3
2023-08-27,MP0403,,
2023-08-27,MP0404,0.335,37.4
2023-08-27,MP0405,,
2023-08-27,MP0503,0.357,38.5
2023-08-27,MP0504,0.434,33.1
2023-08-27,MP0505,0.457,38.2
2023-08-27,MP0506,0.357,38.5
2023-08-27,MP0602,0.316,39.5
2023-08-27,MP0603,0.412,40.3
2023-08-27,MP0604,0.537,37.4
2023-08-27,MP0406,0.451,37.1
2023-08-27,MP0407,0.435,37.6
2023-08-27,MP0408,,
2023-08-27,MP0507,0.421,39.2
2023-08-27,MP0508,0.348,40.8
2023-08-27,MP0509,0.274,39.6
2023-08-27,MP0510,0.369,39.1
2023-08-27,MP0605,0.435,36.4
2023-08-27,MP0606,0.407,38.7
2023-08-27,MP0607,0.46,39.6
2023-08-27,MP0409,,
2023-08-27,MP0410,0.421,38.4
2023-08-27,MP0411,,
2023-08-27,MP0412,0.395,37.2
2023-08-27,MP0511,,
2023-08-27,MP0512,0.405,38.6
2023-08-27,MP0608,,
2023-08-27,MP0609,,
2023-08-27,MP0610,,
2023-08-27,MP0611,0.461,38.5
2023-08-27,MP0413,0.457,39.2
2023-08-27,MP0414,0.373,38.1
2023-08-27,MP0415,,
2023-08-27,MP0513,,
2023-08-27,MP0514,,
2023-08-27,MP0515,0.47,37.6
2023-08-27,MP0516,,
2023-08-27,MP0612,0.443,38.8
2023-08-27,MP0613,0.486,40.8
2023-08-27,MP0614,0.439,38.5
2023-09-03,MP0101,0.441,37.6
2023-09-03,MP0102,,
2023-09-03,MP0103,,
2023-09-03,MP0201,0.474,38.8
2023-09-03,MP0202,0.471,37.0
2023-09-03,MP0203,0.529,39.4
2023-09-03,MP0204,,
2023-09-03,MP0301,0.403,39.5
2023-09-03,MP0302,,
2023-09-03,MP0303,0.522,36.5
2023-09-03,MP0104,0.406,42.1
2023-09-03,MP0105,0.449,38.0
2023-09-03,MP0106,0.465,38.3
2023-09-03,MP0205,0.494,38.4
2023-09-03,MP0206,,
2023-09-03,MP0207,0.454,37.4
2023-09-03,MP0208,,
2023-09-03,MP0304,,
2023-09-03,MP0305,,
2023-09-03,MP0306,,
2023-09-03,MP0107,,
2023-09-03,MP0108,,
2023-09-03,MP0109,0.367,38.1
2023-09-03,MP0209,,
2023-09-03,MP0210,0.458,40.3
2023-09-03,MP0211,0.458,40.2
2023-09-03,MP0307,0.417,39.6
2023-09-03,MP0308,0.491,34.9
2023-09-03,MP0309,,
2023-09-03,MP0310,,
2023-09-03,MP0110,,
2023-09-03,MP0111,0.423,37.9
2023-09-03,MP0112,0.419,38.9
2023-09-03,MP0212,0.476,39.6
2023-09-03,MP0213,,
2023-09-03,MP0214,,
2023-09-03,MP0215,0.441,35.5
2023-09-03,MP0311,,
2023-09-03,MP0312,,
2023-09-03,MP0313,0.423,39.9
2023-09-03,MP0113,,
2023-09-03,MP0401,,
2023-09-03,MP0402,,
2023-09-03,MP0216,,
2023-09-03,MP0501,,
2023-09-03,MP0502,0.477,37.6
2023-09-03,MP0314,,
2023-09-03,MP0315,,
2023-09-03,MP0601,,
2023-09-03,MP0316,0.426,39.6
2023-09-03,MP0403,0.394,37.1
2023-09-03,MP0404,0.373,36.4
2023-09-03,MP0405,0.408,38.1
2023-09-03,MP0503,0.27,37.8
2023-09-03,MP0504,0.508,37.8
2023-09-03,MP0505,0.488,38.9
2023-09-03,MP0506,,
2023-09-03,MP0602,,
2023-09-03,MP0603,0.393,41.4
2023-09-03,MP0604,0.543,35.7
2023-09-03,MP0406,0.427,39.8
2023-09-03,MP0407,,
2023-09-03,MP0408,,
2023-09-03,MP0507,0.408,39.6
2023-09-03,MP0508,0.368,39.9
2023-09-03,MP0509,,
2023-09-03,MP0510,0.422,39.4
2023-09-03,MP0605,0.476,38.1
2023-09-03,MP0606,0.429,42.0
2023-09-03,MP0607,0.446,35.9
2023-09-03,MP0409,0.371,39.1
2023-09-03,MP0410,0.428,38.7
2023-09-03,MP0411,0.503,37.7
2023-09-03,MP0412,,
2023-09-03,MP0511,,
2023-09-03,MP0512,,
2023-09-03,MP0608,0.455,39.2
2023-09-03,MP0609,0.37,38.6
2023-09-03,MP0610,0.445,38.5
2023-09-03,MP0611,0.406,40.0
2023-09-03,MP0413,0.476,36.2
2023-09-03,MP0414,0.383,40.2
2023-09-03,MP0415,,
2023-09-03,MP0513,0.424,38.7
2023-09-03,MP0514,0.376,38.8
2023-09-03,MP0515,,
2023-09-03,MP0516,,
2023-09-03,MP0612,0.415,41.2
2023-09-03,MP0613,0.423,37.7
2023-09-03,MP0614,0.456,38.9
2023-09-10,MP0101,0.423,31.8
2023-09-10,MP0102,0.473,34.8
2023-09-10,MP0103,0.417,38.5
2023-09-10,MP0201,0.421,34.4
2023-09-10,MP0202,,
2023-09-10,MP0203,0.502,35.2
2023-09-10,MP0204,,
2023-09-10,MP0301,0.392,37.5
2023-09-10,MP0302,0.529,34.4
2023-09-10,MP0303,0.539,35.7
2023-09-10,MP0104,,
2023-09-10,MP0105,0.504,34.5
2023-09-10,MP0106,,
2023-09-10,MP0205,,
2023-09-10,MP0206,0.432,37.5
2023-09-10,MP0207,0.391,35.3
2023-09-10,MP0208,,
2023-09-10,MP0304,,
2023-09-10,MP0305,,
2023-09-10,MP0306,0.432,37.6
2023-09-10,MP0107,0.457,33.3
2023-09-10,MP0108,0.45,33.9
2023-09-10,MP0109,0.453,33.3
2023-09-10,MP0209,0.418,37.2
2023-09-10,MP0210,0.465,36.6
2023-09-10,MP0211,,
2023-09-10,MP0307,,
2023-09-10,MP0308,,
2023-09-10,MP0309,,
2023-09-10,MP0310,0.503,35.5
2023-09-10,MP0110,,
2023-09-10,MP0111,0.439,35.8
2023-09-10,MP0112,0.401,34.4
2023-09-10,MP0212,,
2023-09-10,MP0213,,
2023-09-10,MP0214,,
2023-09-10,MP0215,0.467,32.8
2023-09-10,MP0311,0.414,38.1
2023-09-10,MP0312,0.423,37.1
2023-09-10,MP0313,,
2023-09-10,MP0113,,
2023-09-10,MP0401,0.387,41.4
2023-09-10,MP0402,0.361,42.0
2023-09-10,MP0216,0.476,34.6
2023-09-10,MP0501,0.412,37.0
2023-09-10,MP0502,,
2023-09-10,MP0314,,
2023-09-10,MP0315,,
2023-09-10,MP0601,0.447,36.5
2023-09-10,MP0316,,
2023-09-10,MP0403,,
2023-09-10,MP0404,0.363,37.9
2023-09-10,MP0405,0.359,37.4
2023-09-10,MP0503,0.314,37.4
2023-09-10,MP0504,0.438,32.2
2023-09-10,MP0505,0.442,35.8
2023-09-10,MP0506,0.393,38.7
2023-09-10,MP0602,0.379,36.4
2023-09-10,MP0603,,
2023-09-10,MP0604,,
2023-09-10,MP0406,0.445,34.0
2023-09-10,MP0407,,
2023-09-10,MP0408,0.425,33.4
2023-09-10,MP0507,0.451,36.6
2023-09-10,MP0508,,
2023-09-10,MP0509,,
2023-09-10,MP0510,0.326,40.2
2023-09-10,MP0605,,
2023-09-10,MP0606,,
2023-09-10,MP0607,0.473,35.3
2023-09-10,MP0409,0.429,33.5
2023-09-10,MP0410,,
2023-09-10,MP0411,,
2023-09-10,MP0412,0.4,35.1
2023-09-10,MP0511,0.461,34.9
2023-09-10,MP0512,0.406,36.0
2023-09-10,MP0608,0.39,37.3
2023-09-10,MP0609,,
2023-09-10,MP0610,0.44,36.1
2023-09-10,MP0611,,
2023-09-10,MP0413,0.533,33.1
2023-09-10,MP0414,0.462,35.6
2023-09-10,MP0415,0.476,36.7
2023-09-10,MP0513,,
2023-09-10,MP0514,0.4,38.2
2023-09-10,MP0515,,
2023-09-10,MP0516,,
2023-09-10,MP0612,,
2023-09-10,MP0613,,
2023-09-10,MP0614,0.451,37.7
2023-09-17,MP0101,0.493,39.8
2023-09-17,MP0102,0.459,36.4
2023-09-17,MP0103,0.409,37.6
2023-09-17,MP0201,0.521,38.9
2023-09-17,MP0202,0.449,37.9
2023-09-17,MP0203,,
2023-09-17,MP0204,0.488,36.8
2023-09-17,MP0301,0.41,39.7
2023-09-17,MP0302,,
2023-09-17,MP0303,0.475,36.7
2023-09-17,MP0104,,
2023-09-17,MP0105,,
2023-09-17,MP0106,,
2023-09-17,MP0205,0.488,37.6
2023-09-17,MP0206,0.428,40.6
2023-09-17,MP0207,0.408,40.4
2023-09-17,MP0208,0.425,39.3
2023-09-17,MP0304,,
2023-09-17,MP0305,0.479,37.8
2023-09-17,MP0306,0.432,37.8
2023-09-17,MP0107,,
2023-09-17,MP0108,,
2023-09-17,MP0109,0.415,40.9
2023-09-17,MP0209,,
2023-09-17,MP0210,0.415,40.6
2023-09-17,MP0211,0.372,40.0
2023-09-17,MP0307,0.37,39.6
2023-09-17,MP0308,,
2023-09-17,MP0309,0.427,41.4
2023-09-17,MP0310,0.499,38.6
2023-09-17,MP0110,0.461,38.7
2023-09-17,MP0111,0.406,38.3
2023-09-17,MP0112,0.475,37.4
2023-09-17,MP0212,0.497,39.5
2023-09-17,MP0213,0.43,36.4
2023-09-17,MP0214,0.359,36.4
2023-09-17,MP0215,,
2023-09-17,MP0311,,
2023-09-17,MP0312,0.427,38.8
2023-09-17,MP0313,0.478,39.9
2023-09-17,MP0113,,
2023-09-17,MP0401,0.362,40.4
2023-09-17,MP0402,,
2023-09-17,MP0216,,
2023-09-17,MP0501,0.368,40.8
2023-09-17,MP0502,,
2023-09-17,MP0314,0.41,37.0
2023-09-17,MP0315,0.401,40.3
2023-09-17,MP0601,,
2023-09-17,MP0316,,
2023-09-17,MP0403,,
2023-09-17,MP0404,,
2023-09-17,MP0405,0.376,38.1
2023-09-17,MP0503,0.38,38.2
2023-09-17,MP0504,,
2023-09-17,MP0505,,
2023-09-17,MP0506,,
2023-09-17,MP0602,,
2023-09-17,MP0603,0.402,40.5
2023-09-17,MP0604,,
2023-09-17,MP0406,,
2023-09-17,MP0407,0.381,38.3
2023-09-17,MP0408,0.416,39.2
2023-09-17,MP0507,,
2023-09-17,MP0508,0.369,38.6
2023-09-17,MP0509,,
2023-09-17,MP0510,,
2023-09-17,MP0605,0.42,38.9
2023-09-17,MP0606,0.407,38.8
2023-09-17,MP0607,0.41,39.0
2023-09-17,MP0409,,
2023-09-17,MP0410,,
2023-09-17,MP0411,0.501,37.6
2023-09-17,MP0412,,
2023-09-17,MP0511,0.376,41.4
2023-09-17,MP0512,0.379,43.5
2023-09-17,MP0608,0.369,40.2
2023-09-17,MP0609,0.388,38.4
2023-09-17,MP0610,0.444,39.4
2023-09-17,MP0611,0.368,38.7
2023-09-17,MP0413,,
2023-09-17,MP0414,,
2023-09-17,MP0415,,
2023-09-17,MP0513,0.426,37.0
2023-09-17,MP0514,0.401,42.8
2023-09-17,MP0515,0.417,37.9
2023-09-17,MP0516,0.353,39.4
2023-09-17,MP0612,0.444,42.4
2023-09-17,MP0613,,
2023-09-17,MP0614,,
2023-09-24,MP0101,0.373,38.3
2023-09-24,MP0102,0.459,33.7
2023-09-24,MP0103,0.349,36.6
2023-09-24,MP0201,0.465,34.8
2023-09-24,MP0202,0.397,34.3
2023-09-24,MP0203,,
2023-09-24,MP0204,0.409,33.3
2023-09-24,MP0301,0.407,37.5
2023-09-24,MP0302,0.489,35.9
2023-09-24,MP0303,,
2023-09-24,MP0104,,
2023-09-24,MP0105,0.468,35.3
2023-09-24,MP0106,0.461,35.5
2023-09-24,MP0205,0.423,37.8
2023-09-24,MP0206,,
2023-09-24,MP0207,,
2023-09-24,MP0208,0.4,37.7
2023-09-24,MP0304,0.461,37.4
2023-09-24,MP0305,0.458,34.2
2023-09-24,MP0306,0.41,37.2
2023-09-24,MP0107,0.525,35.4
2023-09-24,MP0108,0.413,35.4
2023-09-24,MP0109,,
2023-09-24,MP0209,0.407,33.3
2023-09-24,MP0210,,
2023-09-24,MP0211,,
2023-09-24,MP0307,,
2023-09-24,MP0308,0.386,39.1
2023-09-24,MP0309,,
2023-09-24,MP0310,0.446,38.7
2023-09-24,MP0110,0.424,36.7
2023-09-24,MP0111,0.408,37.1
2023-09-24,MP0112,0.42,34.6
2023-09-24,MP0212,0.498,35.0
2023-09-24,MP0213,0.386,35.9
2023-09-24,MP0214,,
2023-09-24,MP0215,0.427,37.2
2023-09-24,MP0311,0.347,36.9
2023-09-24,MP0312,0.422,37.0
2023-09-24,MP0313,,
2023-09-24,MP0113,0.407,32.9
2023-09-24,MP0401,0.367,38.1
2023-09-24,MP0402,,
2023-09-24,MP0216,0.439,35.4
2023-09-24,MP0501,,
2023-09-24,MP0502,,
2023-09-24,MP0314,,
2023-09-24,MP0315,,
2023-09-24,MP0601,,
2023-09-24,MP0316,0.354,35.3
2023-09-24,MP0403,0.425,34.8
2023-09-24,MP0404,,
2023-09-24,MP0405,0.335,37.6
2023-09-24,MP0503,0.299,37.7
2023-09-24,MP0504,,
2023-09-24,MP0505,0.401,34.5
2023-09-24,MP0506,0.382,34.0
2023-09-24,MP0602,0.317,35.8
2023-09-24,MP0603,,
2023-09-24,MP0604,,
2023-09-24,MP0406,,
2023-09-24,MP0407,0.367,37.2
2023-09-24,MP0408,,
2023-09-24,MP0507,,
2023-09-24,MP0508,0.321,37.2
2023-09-24,MP0509,,
2023-09-24,MP0510,0.369,36.8
2023-09-24,MP0605,0.425,35.6
2023-09-24,MP0606,0.459,34.3
2023-09-24,MP0607,0.398,33.5
2023-09-24,MP0409,,
2023-09-24,MP0410,0.367,36.4
2023-09-24,MP0411,,
2023-09-24,MP0412,0.34,36.3
2023-09-24,MP0511,0.379,35.9
2023-09-24,MP0512,,
2023-09-24,MP0608,0.371,36.6
2023-09-24,MP0609,0.387,36.0
2023-09-24,MP0610,,
2023-09-24,MP0611,0.412,34.2
2023-09-24,MP0413,0.404,37.6
2023-09-24,MP0414,0.364,32.8
2023-09-24,MP0415,,
2023-09-24,MP0513,0.406,36.1
2023-09-24,MP0514,0.379,37.2
2023-09-24,MP0515,0.389,35.4
2023-09-24,MP0516,0.448,35.9
2023-09-24,MP0612,0.388,37.4
2023-09-24,MP0613,0.407,36.3
2023-09-24,MP0614,0.389,35.6
2023-10-01,MP0101,0.376,35.4
2023-10-01,MP0102,0.433,33.2
2023-10-01,MP0103,0.356,35.2
2023-10-01,MP0201,0.407,35.5
2023-10-01,MP0202,0.435,37.0
2023-10-01,MP0203,0.425,34.2
2023-10-01,MP0204,0.49,33.6
2023-10-01,MP0301,0.373,35.7
2023-10-01,MP0302,,
2023-10-01,MP0303,0.422,33.6
2023-10-01,MP0104,0.332,34.9
2023-10-01,MP0105,0.456,37.1
2023-10-01,MP0106,0.396,33.2
2023-10-01,MP0205,0.434,35.4
2023-10-01,MP0206,0.34,36.7
2023-10-01,MP0207,0.307,34.0
2023-10-01,MP0208,0.359,35.0
2023-10-01,MP0304,0.354,35.0
2023-10-01,MP0305,0.382,34.9
2023-10-01,MP0306,0.399,35.3
2023-10-01,MP0107,0.425,36.0
2023-10-01,MP0108,0.374,34.6
2023-10-01,MP0109,,
2023-10-01,MP0209,0.358,35.8
2023-10-01,MP0210,0.38,35.7
2023-10-01,MP0211,0.39,34.2
2023-10-01,MP0307,0.344,36.3
2023-10-01,MP0308,0.432,35.5
2023-10-01,MP0309,0.394,32.7
2023-10-01,MP0310,0.468,34.0
2023-10-01,MP0110,0.356,33.9
2023-10-01,MP0111,0.367,37.0
2023-10-01,MP0112,0.373,36.5
2023-10-01,MP0212,0.36,38.2
2023-10-01,MP0213,0.364,35.3
2023-10-01,MP0214,0.364,32.9
2023-10-01,MP0215,,
2023-10-01,MP0311,0.379,35.8
2023-10-01,MP0312,0.366,37.3
2023-10-01,MP0313,,
2023-10-01,MP0113,0.434,32.3
2023-10-01,MP0401,0.317,31.7
2023-10-01,MP0402,0.289,34.9
2023-10-01,MP0216,0.348,34.7
2023-10-01,MP0501,0.364,35.0
2023-10-01,MP0502,0.374,32.1
2023-10-01,MP0314,0.362,30.5
2023-10-01,MP0315,0.35,33.3
2023-10-01,MP0601,0.429,34.6
2023-10-01,MP0316,0.339,37.8
2023-10-01,MP0403,0.385,34.5
2023-10-01,MP0404,0.347,36.2
2023-10-01,MP0405,0.282,33.2
2023-10-01,MP0503,0.355,36.7
2023-10-01,MP0504,0.42,34.2
2023-10-01,MP0505,0.363,37.1
2023-10-01,MP0506,0.328,37.1
2023-10-01,MP0602,0.306,36.1
2023-10-01,MP0603,0.373,33.9
2023-10-01,MP0604,0.526,34.4
2023-10-01,MP0406,0.387,33.0
2023-10-01,MP0407,0.344,34.4
2023-10-01,MP0408,0.352,33.9
2023-10-01,MP0507,0.34,36.4
2023-10-01,MP0508,0.305,35.1
2023-10-01,MP0509,0.277,37.8
2023-10-01,MP0510,,
2023-10-01,MP0605,0.401,35.5
2023-10-01,MP0606,0.379,35.3
2023-10-01,MP0607,,
2023-10-01,MP0409,0.276,34.8
2023-10-01,MP0410,0.389,32.3
2023-10-01,MP0411,0.417,30.9
2023-10-01,MP0412,0.348,35.4
2023-10-01,MP0511,0.39,35.7
2023-10-01,MP0512,0.334,34.6
2023-10-01,MP0608,0.328,37.8
2023-10-01,MP0609,0.36,34.6
2023-10-01,MP0610,0.446,35.9
2023-10-01,MP0611,0.391,37.1
2023-10-01,MP0413,0.385,33.9
2023-10-01,MP0414,0.346,34.0
2023-10-01,MP0415,0.377,36.5
2023-10-01,MP0513,,
2023-10-01,MP0514,0.351,38.5
2023-10-01,MP0515,0.354,35.7
2023-10-01,MP0516,0.374,35.1
2023-10-01,MP0612,0.343,38.5
2023-10-01,MP0613,0.319,36.2
2023-10-01,MP0614,0.373,36.1
2023-10-08,MP0101,0.331,39.6
2023-10-08,MP0102,0.363,37.6
2023-10-08,MP0103,0.389,36.4
2023-10-08,MP0201,0.373,37.1
2023-10-08,MP0202,0.387,36.4
2023-10-08,MP0203,0.32,36.2
2023-10-08,MP0204,0.393,36.6
2023-10-08,MP0301,0.399,35.1
2023-10-08,MP0302,,
2023-10-08,MP0303,0.335,35.7
2023-10-08,MP0104,0.349,36.4
2023-10-08,MP0105,,
2023-10-08,MP0106,0.368,35.9
2023-10-08,MP0205,,
2023-10-08,MP0206,0.34,37.4
2023-10-08,MP0207,0.34,38.4
2023-10-08,MP0208,0.366,39.1
2023-10-08,MP0304,0.356,36.4
2023-10-08,MP0305,0.333,36.3
2023-10-08,MP0306,0.298,35.1
2023-10-08,MP0107,0.37,37.3
2023-10-08,MP0108,0.327,37.9
2023-10-08,MP0109,0.361,35.6
2023-10-08,MP0209,0.37,36.2
2023-10-08,MP0210,0.338,35.9
2023-10-08,MP0211,0.349,35.0
2023-10-08,MP0307,0.313,39.9
2023-10-08,MP0308,0.393,36.7
2023-10-08,MP0309,,
2023-10-08,MP0310,0.399,34.7
2023-10-08,MP0110,,
2023-10-08,MP0111,,
2023-10-08,MP0112,0.329,35.0
2023-10-08,MP0212,0.345,35.8
2023-10-08,MP0213,0.325,39.5
2023-10-08,MP0214,0.291,39.0
2023-10-08,MP0215,0.371,34.5
2023-10-08,MP0311,0.287,32.9
2023-10-08,MP0312,0.325,36.6
2023-10-08,MP0313,0.343,39.6
2023-10-08,MP0113,0.381,37.1
2023-10-08,MP0401,0.297,35.5
2023-10-08,MP0402,0.382,36.0
2023-10-08,MP0216,0.317,33.3
2023-10-08,MP0501,0.32,34.1
2023-10-08,MP0502,0.429,37.5
2023-10-08,MP0314,0.354,38.6
2023-10-08,MP0315,0.357,36.4
2023-10-08,MP0601,0.353,38.1
2023-10-08,MP0316,0.317,34.6
2023-10-08,MP0403,0.261,38.4
2023-10-08,MP0404,0.3,34.4
2023-10-08,MP0405,0.339,35.5
2023-10-08,MP0503,0.301,34.2
2023-10-08,MP0504,0.355,36.7
2023-10-08,MP0505,0.335,34.7
2023-10-08,MP0506,0.332,38.7
2023-10-08,MP0602,0.29,36.5
2023-10-08,MP0603,0.357,36.9
2023-10-08,MP0604,0.483,36.6
2023-10-08,MP0406,0.245,33.6
2023-10-08,MP0407,0.323,36.5
2023-10-08,MP0408,0.335,36.9
2023-10-08,MP0507,0.341,36.2
2023-10-08,MP0508,0.314,36.8
2023-10-08,MP0509,0.235,34.7
2023-10-08,MP0510,0.331,38.6
2023-10-08,MP0605,0.393,35.4
2023-10-08,MP0606,0.304,35.2
2023-10-08,MP0607,0.361,37.0
2023-10-08,MP0409,0.282,35.3
2023-10-08,MP0410,0.352,37.0
2023-10-08,MP0411,0.386,37.6
2023-10-08,MP0412,0.286,35.0
2023-10-08,MP0511,0.315,36.3
2023-10-08,MP0512,0.324,33.9
2023-10-08,MP0608,0.281,38.1
2023-10-08,MP0609,0.384,35.3
2023-10-08,MP0610,0.305,35.8
2023-10-08,MP0611,0.366,36.3
2023-10-08,MP0413,0.383,33.2
2023-10-08,MP0414,0.342,36.7
2023-10-08,MP0415,0.396,36.7
2023-10-08,MP0513,0.316,37.8
2023-10-08,MP0514,,
2023-10-08,MP0515,0.329,33.9
2023-10-08,MP0516,0.304,39.5
2023-10-08,MP0612,0.359,40.6
2023-10-08,MP0613,,
2023-10-08,MP0614,0.349,37.8
2023-10-15,MP0101,0.294,35.7
2023-10-15,MP0102,0.313,38.5
2023-10-15,MP0103,0.263,36.6
2023-10-15,MP0201,0.323,36.0
2023-10-15,MP0202,0.3,35.6
2023-10-15,MP0203,0.329,37.2
2023-10-15,MP0204,0.329,36.1
2023-10-15,MP0301,0.28,38.8
2023-10-15,MP0302,0.367,39.1
2023-10-15,MP0303,0.334,36.4
2023-10-15,MP0104,0.262,35.4
2023-10-15,MP0105,0.282,35.5
2023-10-15,MP0106,0.281,37.4
2023-10-15,MP0205,0.353,37.8
2023-10-15,MP0206,0.328,38.3
2023-10-15,MP0207,0.332,35.7
2023-10-15,MP0208,0.324,37.1
2023-10-15,MP0304,0.348,38.1
2023-10-15,MP0305,0.307,36.8
2023-10-15,MP0306,0.265,36.7
2023-10-15,MP0107,0.332,38.0
2023-10-15,MP0108,0.317,36.9
2023-10-15,MP0109,0.28,37.2
2023-10-15,MP0209,0.324,37.8
2023-10-15,MP0210,0.341,36.5
2023-10-15,MP0211,0.335,37.7
2023-10-15,MP0307,0.298,36.0
2023-10-15,MP0308,,
2023-10-15,MP0309,0.358,34.7
2023-10-15,MP0310,0.405,35.9
2023-10-15,MP0110,0.307,36.6
2023-10-15,MP0111,0.321,38.0
2023-10-15,MP0112,0.363,36.2
2023-10-15,MP0212,0.308,38.3
2023-10-15,MP0213,,
2023-10-15,MP0214,0.317,37.4
2023-10-15,MP0215,0.318,36.1
2023-10-15,MP0311,0.285,37.2
2023-10-15,MP0312,0.311,37.9
2023-10-15,MP0313,,
2023-10-15,MP0113,0.328,37.7
2023-10-15,MP0401,0.309,42.6
2023-10-15,MP0402,0.255,38.1
2023-10-15,MP0216,,
2023-10-15,MP0501,0.304,38.3
2023-10-15,MP0502,0.309,34.7
2023-10-15,MP0314,0.361,37.5
2023-10-15,MP0315,0.341,37.3
2023-10-15,MP0601,0.287,35.8
2023-10-15,MP0316,0.3,36.9
2023-10-15,MP0403,0.284,38.6
2023-10-15,MP0404,0.255,41.7
2023-10-15,MP0405,0.254,41.4
2023-10-15,MP0503,0.266,39.3
2023-10-15,MP0504,0.326,35.4
2023-10-15,MP0505,0.302,35.6
2023-10-15,MP0506,0.291,38.7
2023-10-15,MP0602,0.23,41.6
2023-10-15,MP0603,0.26,38.9
2023-10-15,MP0604,0.378,38.6
2023-10-15,MP0406,0.258,37.4
2023-10-15,MP0407,0.27,37.5
2023-10-15,MP0408,,
2023-10-15,MP0507,0.304,38.4
2023-10-15,MP0508,0.252,37.1
2023-10-15,MP0509,0.314,38.1
2023-10-15,MP0510,0.28,41.1
2023-10-15,MP0605,0.268,39.7
2023-10-15,MP0606,0.293,37.2
2023-10-15,MP0607,0.305,38.3
2023-10-15,MP0409,0.274,37.1
2023-10-15,MP0410,0.255,38.9
2023-10-15,MP0411,0.3,35.9
2023-10-15,MP0412,0.307,37.4
2023-10-15,MP0511,0.276,36.3
2023-10-15,MP0512,0.292,38.9
2023-10-15,MP0608,0.258,37.2
2023-10-15,MP0609,0.253,37.2
2023-10-15,MP0610,0.295,39.1
2023-10-15,MP0611,0.346,37.8
2023-10-15,MP0413,0.361,35.2
2023-10-15,MP0414,0.316,38.4
2023-10-15,MP0415,0.333,37.5
2023-10-15,MP0513,0.318,38.9
2023-10-15,MP0514,0.289,35.4
2023-10-15,MP0515,0.285,38.9
2023-10-15,MP0516,0.264,35.1
2023-10-15,MP0612,0.297,36.1
2023-10-15,MP0613,0.294,37.8
2023-10-15,MP0614,0.306,35.6
2023-10-22,MP0101,0.302,32.8
2023-10-22,MP0102,0.296,35.3
2023-10-22,MP0103,0.279,33.9
2023-10-22,MP0201,0.309,33.2
2023-10-22,MP0202,0.259,35.3
2023-10-22,MP0203,0.334,35.5
2023-10-22,MP0204,0.33,37.7
2023-10-22,MP0301,0.284,34.6
2023-10-22,MP0302,0.28,35.0
2023-10-22,MP0303,0.313,33.0
2023-10-22,MP0104,0.318,35.4
2023-10-22,MP0105,0.29,32.5
2023-10-22,MP0106,0.3,32.3
2023-10-22,MP0205,0.295,36.2
2023-10-22,MP0206,0.299,35.2
2023-10-22,MP0207,0.253,34.9
2023-10-22,MP0208,0.321,37.1
2023-10-22,MP0304,0.333,31.9
2023-10-22,MP0305,0.363,32.5
2023-10-22,MP0306,0.338,34.9
2023-10-22,MP0107,0.351,31.5
2023-10-22,MP0108,0.284,35.3
2023-10-22,MP0109,0.266,35.6
2023-10-22,MP0209,0.342,34.9
2023-10-22,MP0210,0.273,35.3
2023-10-22,MP0211,0.286,31.8
2023-10-22,MP0307,0.287,37.4
2023-10-22,MP0308,0.287,33.3
2023-10-22,MP0309,0.3,33.4
2023-10-22,MP0310,0.294,34.3
2023-10-22,MP0110,0.211,37.2
2023-10-22,MP0111,0.279,35.4
2023-10-22,MP0112,0.299,34.2
2023-10-22,MP0212,0.314,34.9
2023-10-22,MP0213,0.248,34.2
2023-10-22,MP0214,0.319,35.0
2023-10-22,MP0215,,
2023-10-22,MP0311,0.269,34.4
2023-10-22,MP0312,0.241,36.1
2023-10-22,MP0313,0.29,33.7
2023-10-22,MP0113,0.306,35.0
2023-10-22,MP0401,0.268,34.2
2023-10-22,MP0402,,
2023-10-22,MP0216,0.288,35.2
2023-10-22,MP0501,,
2023-10-22,MP0502,0.283,35.7
2023-10-22,MP0314,0.284,30.4
2023-10-22,MP0315,0.265,35.1
2023-10-22,MP0601,0.249,31.1
2023-10-22,MP0316,,
2023-10-22,MP0403,0.238,34.7
2023-10-22,MP0404,0.257,32.2
2023-10-22,MP0405,0.264,35.3
2023-10-22,MP0503,0.243,38.0
2023-10-22,MP0504,0.265,32.3
2023-10-22,MP0505,0.237,33.9
2023-10-22,MP0506,0.261,35.8
2023-10-22,MP0602,0.244,33.9
2023-10-22,MP0603,0.224,34.2
2023-10-22,MP0604,0.341,32.6
2023-10-22,MP0406,,
2023-10-22,MP0407,0.273,35.3
2023-10-22,MP0408,0.308,33.5
2023-10-22,MP0507,,
2023-10-22,MP0508,0.26,35.6
2023-10-22,MP0509,0.222,35.8
2023-10-22,MP0510,0.276,36.4
2023-10-22,MP0605,0.334,35.8
2023-10-22,MP0606,0.256,33.2
2023-10-22,MP0607,0.303,33.4
2023-10-22,MP0409,0.278,31.7
2023-10-22,MP0410,0.345,30.4
2023-10-22,MP0411,0.371,36.8
2023-10-22,MP0412,0.336,35.7
2023-10-22,MP0511,0.266,31.7
2023-10-22,MP0512,0.288,35.4
2023-10-22,MP0608,0.253,34.6
2023-10-22,MP0609,0.297,33.0
2023-10-22,MP0610,0.221,34.2
2023-10-22,MP0611,0.269,35.0
2023-10-22,MP0413,0.275,32.5
2023-10-22,MP0414,0.244,35.2
2023-10-22,MP0415,0.349,32.0
2023-10-22,MP0513,0.297,35.8
2023-10-22,MP0514,0.29,32.6
2023-10-22,MP0515,0.294,33.9
2023-10-22,MP0516,0.302,34.2
2023-10-22,MP0612,0.273,36.1
2023-10-22,MP0613,0.281,34.1
2023-10-22,MP0614,0.294,34.2
2023-10-29,MP0101,0.323,31.2
2023-10-29,MP0102,,
2023-10-29,MP0103,0.294,32.8
2023-10-29,MP0201,0.219,31.5
2023-10-29,MP0202,,
2023-10-29,MP0203,0.228,32.6
2023-10-29,MP0204,0.283,35.6
2023-10-29,MP0301,0.233,35.2
2023-10-29,MP0302,0.262,33.9
2023-10-29,MP0303,0.24,34.3
2023-10-29,MP0104,0.291,32.5
2023-10-29,MP0105,0.285,30.8
2023-10-29,MP0106,0.267,35.2
2023-10-29,MP0205,0.351,32.4
2023-10-29,MP0206,0.242,33.9
2023-10-29,MP0207,0.218,34.6
2023-10-29,MP0208,0.27,34.9
2023-10-29,MP0304,0.239,34.4
2023-10-29,MP0305,0.317,32.7
2023-10-29,MP0306,0.245,32.9
2023-10-29,MP0107,0.289,36.4
2023-10-29,MP0108,0.304,29.9
2023-10-29,MP0109,0.275,30.7
2023-10-29,MP0209,0.281,36.2
2023-10-29,MP0210,0.244,32.7
2023-10-29,MP0211,0.28,31.6
2023-10-29,MP0307,0.236,35.6
2023-10-29,MP0308,0.246,31.4
2023-10-29,MP0309,0.248,32.8
2023-10-29,MP0310,0.299,31.8
2023-10-29,MP0110,0.228,34.1
2023-10-29,MP0111,0.252,32.3
2023-10-29,MP0112,0.247,32.9
2023-10-29,MP0212,0.266,33.4
2023-10-29,MP0213,0.244,29.7
2023-10-29,MP0214,,
2023-10-29,MP0215,0.246,33.5
2023-10-29,MP0311,0.208,31.9
2023-10-29,MP0312,,
2023-10-29,MP0313,0.273,35.4
2023-10-29,MP0113,0.283,32.7
2023-10-29,MP0401,0.253,35.1
2023-10-29,MP0402,0.236,33.1
2023-10-29,MP0216,,
2023-10-29,MP0501,0.263,35.5
2023-10-29,MP0502,0.265,30.5
2023-10-29,MP0314,0.312,34.5
2023-10-29,MP0315,0.288,31.5
2023-10-29,MP0601,0.246,34.0
2023-10-29,MP0316,0.196,34.1
2023-10-29,MP0403,0.247,30.5
2023-10-29,MP0404,0.25,33.7
2023-10-29,MP0405,0.248,32.1
2023-10-29,MP0503,0.218,34.6
2023-10-29,MP0504,0.266,32.4
2023-10-29,MP0505,0.243,30.3
2023-10-29,MP0506,0.253,31.3
2023-10-29,MP0602,0.293,35.8
2023-10-29,MP0603,0.291,36.4
2023-10-29,MP0604,0.265,33.6
2023-10-29,MP0406,0.283,29.9
2023-10-29,MP0407,0.256,35.1
2023-10-29,MP0408,0.268,32.9
2023-10-29,MP0507,,
2023-10-29,MP0508,0.24,35.3
2023-10-29,MP0509,0.249,33.0
2023-10-29,MP0510,0.252,30.6
2023-10-29,MP0605,0.24,32.9
2023-10-29,MP0606,0.236,34.3
2023-10-29,MP0607,0.247,32.8
2023-10-29,MP0409,0.251,32.5
2023-10-29,MP0410,0.257,33.2
2023-10-29,MP0411,,
2023-10-29,MP0412,0.281,30.6
2023-10-29,MP0511,0.275,33.2
2023-10-29,MP0512,0.225,31.9
2023-10-29,MP0608,0.255,32.1
2023-10-29,MP0609,0.276,32.4
2023-10-29,MP0610,0.281,34.6
2023-10-29,MP0611,0.246,32.1
2023-10-29,MP0413,0.274,32.9
2023-10-29,MP0414,0.257,33.2
2023-10-29,MP0415,0.244,35.7
2023-10-29,MP0513,0.249,30.6
2023-10-29,MP0514,0.285,32.7
2023-10-29,MP0515,0.244,32.7
2023-10-29,MP0516,0.267,32.8
2023-10-29,MP0612,0.236,31.5
2023-10-29,MP0613,0.316,33.3
2023-10-29,MP0614,0.204,33.7
2023-11-05,MP0101,0.286,35.1
2023-11-05,MP0102,0.252,34.4
2023-11-05,MP0103,0.246,34.8
2023-11-05,MP0201,0.278,35.0
2023-11-05,MP0202,0.237,34.4
2023-11-05,MP0203,,
2023-11-05,MP0204,,
2023-11-05,MP0301,0.225,36.2
2023-11-05,MP0302,0.234,33.7
2023-11-05,MP0303,0.219,35.6
2023-11-05,MP0104,0.192,35.3
2023-11-05,MP0105,0.222,35.4
2023-11-05,MP0106,0.213,33.5
2023-11-05,MP0205,0.256,36.2
2023-11-05,MP0206,0.239,35.9
2023-11-05,MP0207,0.279,39.1
2023-11-05,MP0208,0.254,38.4
2023-11-05,MP0304,0.215,35.6
2023-11-05,MP0305,0.274,35.9
2023-11-05,MP0306,0.248,37.7
2023-11-05,MP0107,0.254,37.0
2023-11-05,MP0108,0.23,33.8
2023-11-05,MP0109,0.247,32.9
2023-11-05,MP0209,0.229,36.2
2023-11-05,MP0210,,
2023-11-05,MP0211,0.281,37.6
2023-11-05,MP0307,0.261,36.5
2023-11-05,MP0308,0.214,37.4
2023-11-05,MP0309,0.278,36.3
2023-11-05,MP0310,0.24,33.8
2023-11-05,MP0110,0.268,38.9
2023-11-05,MP0111,0.235,37.4
2023-11-05,MP0112,0.224,36.5
2023-11-05,MP0212,0.274,35.6
2023-11-05,MP0213,0.237,37.0
2023-11-05,MP0214,0.223,36.9
2023-11-05,MP0215,0.292,37.2
2023-11-05,MP0311,0.258,36.3
2023-11-05,MP0312,0.252,36.7
2023-11-05,MP0313,0.27,36.4
2023-11-05,MP0113,0.249,33.5
2023-11-05,MP0401,0.205,36.5
2023-11-05,MP0402,0.248,37.6
2023-11-05,MP0216,0.259,35.2
2023-11-05,MP0501,0.193,35.6
2023-11-05,MP0502,0.248,35.0
2023-11-05,MP0314,0.216,34.4
2023-11-05,MP0315,0.23,35.8
2023-11-05,MP0601,0.253,37.3
2023-11-05,MP0316,0.241,37.3
2023-11-05,MP0403,0.213,35.6
2023-11-05,MP0404,0.204,35.7
2023-11-05,MP0405,0.225,37.7
2023-11-05,MP0503,0.184,35.4
2023-11-05,MP0504,0.21,35.1
2023-11-05,MP0505,0.238,35.7
2023-11-05,MP0506,0.27,39.1
2023-11-05,MP0602,0.188,33.6
2023-11-05,MP0603,0.213,38.0
2023-11-05,MP0604,0.24,33.4
2023-11-05,MP0406,0.246,35.0
2023-11-05,MP0407,0.212,35.9
2023-11-05,MP0408,0.263,34.2
2023-11-05,MP0507,0.289,39.6
2023-11-05,MP0508,0.238,36.8
2023-11-05,MP0509,0.2,38.5
2023-11-05,MP0510,0.199,35.5
2023-11-05,MP0605,0.17,37.4
2023-11-05,MP0606,,
2023-11-05,MP0607,0.219,35.4
2023-11-05,MP0409,0.225,36.8
2023-11-05,MP0410,0.209,34.7
2023-11-05,MP0411,0.226,36.2
2023-11-05,MP0412,0.177,39.5
2023-11-05,MP0511,0.229,34.7
2023-11-05,MP0512,0.23,35.5
2023-11-05,MP0608,0.282,34.9
2023-11-05,MP0609,0.239,33.8
2023-11-05,MP0610,0.202,32.4
2023-11-05,MP0611,0.276,35.7
2023-11-05,MP0413,0.262,35.2
2023-11-05,MP0414,0.26,33.8
2023-11-05,MP0415,0.236,38.6
2023-11-05,MP0513,0.215,36.2
2023-11-05,MP0514,0.24,35.1
2023-11-05,MP0515,0.242,33.4
2023-11-05,MP0516,0.283,33.2
2023-11-05,MP0612,0.213,35.9
2023-11-05,MP0613,0.208,33.6
2023-11-05,MP0614,0.266,36.0
2023-11-12,MP0101,0.21,36.1
2023-11-12,MP0102,0.237,31.4
2023-11-12,MP0103,0.201,34.1
2023-11-12,MP0201,0.256,32.6
2023-11-12,MP0202,0.257,31.5
2023-11-12,MP0203,0.241,31.9
2023-11-12,MP0204,0.255,33.0
2023-11-12,MP0301,0.22,30.8
2023-11-12,MP0302,0.267,31.8
2023-11-12,MP0303,0.238,31.5
2023-11-12,MP0104,0.199,32.2
2023-11-12,MP0105,,
2023-11-12,MP0106,0.243,30.6
2023-11-12,MP0205,0.29,29.5
2023-11-12,MP0206,0.193,30.9
2023-11-12,MP0207,0.193,31.9
2023-11-12,MP0208,0.26,32.5
2023-11-12,MP0304,0.192,34.0
2023-11-12,MP0305,0.246,28.3
2023-11-12,MP0306,0.188,32.9
2023-11-12,MP0107,0.26,30.3
2023-11-12,MP0108,,
2023-11-12,MP0109,0.172,34.2
2023-11-12,MP0209,0.203,33.2
2023-11-12,MP0210,0.175,33.7
2023-11-12,MP0211,0.197,31.6
2023-11-12,MP0307,,
2023-11-12,MP0308,0.212,32.1
2023-11-12,MP0309,0.178,31.1
2023-11-12,MP0310,0.268,34.9
2023-11-12,MP0110,0.196,34.9
2023-11-12,MP0111,0.229,33.8
2023-11-12,MP0112,0.183,33.7
2023-11-12,MP0212,0.213,33.0
2023-11-12,MP0213,0.276,35.0
2023-11-12,MP0214,0.202,34.6
2023-11-12,MP0215,0.285,34.0
2023-11-12,MP0311,0.181,30.8
2023-11-12,MP0312,0.236,31.3
2023-11-12,MP0313,,
2023-11-12,MP0113,0.319,36.4
2023-11-12,MP0401,0.202,33.5
2023-11-12,MP0402,,
2023-11-12,MP0216,0.22,29.2
2023-11-12,MP0501,0.196,33.9
2023-11-12,MP0502,0.272,32.7
2023-11-12,MP0314,0.241,34.1
2023-11-12,MP0315,0.219,36.0
2023-11-12,MP0601,0.213,33.0
2023-11-12,MP0316,0.189,35.3
2023-11-12,MP0403,0.178,33.5
2023-11-12,MP0404,0.198,32.3
2023-11-12,MP0405,,
2023-11-12,MP0503,0.251,36.9
2023-11-12,MP0504,,
2023-11-12,MP0505,0.176,32.4
2023-11-12,MP0506,0.26,32.9
2023-11-12,MP0602,0.226,36.4
2023-11-12,MP0603,0.205,35.1
2023-11-12,MP0604,0.238,33.1
2023-11-12,MP0406,0.181,33.6
2023-11-12,MP0407,0.175,33.3
2023-11-12,MP0408,0.191,32.8
2023-11-12,MP0507,0.239,33.9
2023-11-12,MP0508,0.242,30.9
2023-11-12,MP0509,0.202,34.4
2023-11-12,MP0510,0.201,34.0
2023-11-12,MP0605,0.221,30.2
2023-11-12,MP0606,0.237,33.0
2023-11-12,MP0607,0.265,33.0
2023-11-12,MP0409,,
2023-11-12,MP0410,0.206,34.2
2023-11-12,MP0411,0.253,34.2
2023-11-12,MP0412,0.202,35.5
2023-11-12,MP0511,,
2023-11-12,MP0512,0.167,33.6
2023-11-12,MP0608,0.185,33.2
2023-11-12,MP0609,0.269,31.2
2023-11-12,MP0610,0.256,32.2
2023-11-12,MP0611,0.227,34.7
2023-11-12,MP0413,0.202,32.7
2023-11-12,MP0414,0.189,31.9
2023-11-12,MP0415,0.211,33.1
2023-11-12,MP0513,0.237,31.8
2023-11-12,MP0514,0.195,32.6
2023-11-12,MP0515,,
2023-11-12,MP0516,0.171,37.8
2023-11-12,MP0612,0.246,34.4
2023-11-12,MP0613,0.165,34.9
2023-11-12,MP0614,0.223,33.3
2023-11-19,MP0101,0.174,32.4
2023-11-19,MP0102,0.229,32.3
2023-11-19,MP0103,0.242,34.4
2023-11-19,MP0201,0.242,35.5
2023-11-19,MP0202,0.219,34.5
2023-11-19,MP0203,0.198,34.7
2023-11-19,MP0204,0.226,33.9
2023-11-19,MP0301,0.243,35.4
2023-11-19,MP0302,0.222,34.7
2023-11-19,MP0303,0.23,31.9
2023-11-19,MP0104,,
2023-11-19,MP0105,0.201,33.9
2023-11-19,MP0106,0.235,35.6
2023-11-19,MP0205,0.181,32.8
2023-11-19,MP0206,0.215,34.7
2023-11-19,MP0207,0.228,33.9
2023-11-19,MP0208,0.226,34.7
2023-11-19,MP0304,0.227,31.9
2023-11-19,MP0305,0.202,33.6
2023-11-19,MP0306,0.205,34.0
2023-11-19,MP0107,0.201,32.7
2023-11-19,MP0108,0.206,32.0
2023-11-19,MP0109,0.187,36.3
2023-11-19,MP0209,0.15,35.4
2023-11-19,MP0210,0.203,33.1
2023-11-19,MP0211,0.2,33.7
2023-11-19,MP0307,0.216,35.6
2023-11-19,MP0308,0.195,34.1
2023-11-19,MP0309,0.22,33.0
2023-11-19,MP0310,0.16,34.0
2023-11-19,MP0110,0.22,36.8
2023-11-19,MP0111,0.223,31.3
2023-11-19,MP0112,0.164,34.0
2023-11-19,MP0212,0.188,35.0
2023-11-19,MP0213,0.171,33.1
2023-11-19,MP0214,,
2023-11-19,MP0215,0.238,33.4
2023-11-19,MP0311,0.212,32.1
2023-11-19,MP0312,0.22,29.6
2023-11-19,MP0313,0.22,34.9
2023-11-19,MP0113,0.253,35.9
2023-11-19,MP0401,0.211,33.3
2023-11-19,MP0402,,
2023-11-19,MP0216,0.248,32.1
2023-11-19,MP0501,0.236,35.3
2023-11-19,MP0502,0.162,33.4
2023-11-19,MP0314,0.261,31.2
2023-11-19,MP0315,0.248,35.1
2023-11-19,MP0601,0.191,33.5
2023-11-19,MP0316,0.253,34.7
2023-11-19,MP0403,0.185,32.1
2023-11-19,MP0404,,
2023-11-19,MP0405,0.191,31.2
2023-11-19,MP0503,,
2023-11-19,MP0504,0.232,32.3
2023-11-19,MP0505,,
2023-11-19,MP0506,0.214,33.9
2023-11-19,MP0602,0.224,34.1
2023-11-19,MP0603,0.203,37.6
2023-11-19,MP0604,0.229,31.5
2023-11-19,MP0406,0.205,34.3
2023-11-19,MP0407,0.196,36.9
2023-11-19,MP0408,0.194,35.7
2023-11-19,MP0507,0.187,36.2
2023-11-19,MP0508,0.246,33.5
2023-11-19,MP0509,0.207,35.3
2023-11-19,MP0510,0.19,35.0
2023-11-19,MP0605,0.253,34.0
2023-11-19,MP0606,0.193,33.0
2023-11-19,MP0607,0.178,32.9
2023-11-19,MP0409,0.242,31.9
2023-11-19,MP0410,0.243,33.5
2023-11-19,MP0411,0.186,33.2
2023-11-19,MP0412,,
2023-11-19,MP0511,0.171,33.1
2023-11-19,MP0512,0.209,34.4
2023-11-19,MP0608,0.207,34.4
2023-11-19,MP0609,0.243,35.3
2023-11-19,MP0610,0.209,32.9
2023-11-19,MP0611,0.218,33.3
2023-11-19,MP0413,0.152,32.9
2023-11-19,MP0414,,
2023-11-19,MP0415,0.191,35.4
2023-11-19,MP0513,0.211,34.9
2023-11-19,MP0514,0.203,33.6
2023-11-19,MP0515,0.206,36.1
2023-11-19,MP0516,0.225,33.3
2023-11-19,MP0612,0.247,33.2
2023-11-19,MP0613,0.174,33.8
2023-11-19,MP0614,0.197,33.4
2023-11-26,MP0101,0.209,27.2
2023-11-26,MP0102,0.234,27.3
2023-11-26,MP0103,0.237,29.2
2023-11-26,MP0201,0.196,29.9
2023-11-26,MP0202,,
2023-11-26,MP0203,0.238,29.1
2023-11-26,MP0204,0.207,30.3
2023-11-26,MP0301,0.26,31.8
2023-11-26,MP0302,0.217,30.1
2023-11-26,MP0303,0.231,29.1
2023-11-26,MP0104,0.202,29.5
2023-11-26,MP0105,,
2023-11-26,MP0106,0.236,29.9
2023-11-26,MP0205,0.17,30.7
2023-11-26,MP0206,0.174,28.8
2023-11-26,MP0207,0.204,28.2
2023-11-26,MP0208,0.15,30.4
2023-11-26,MP0304,0.297,30.3
2023-11-26,MP0305,0.196,29.2
2023-11-26,MP0306,0.212,30.4
2023-11-26,MP0107,,
2023-11-26,MP0108,0.211,29.6
2023-11-26,MP0109,0.212,30.0
2023-11-26,MP0209,0.227,28.1
2023-11-26,MP0210,0.191,30.6
2023-11-26,MP0211,0.16,30.1
2023-11-26,MP0307,0.229,26.0
2023-11-26,MP0308,0.2,28.9
2023-11-26,MP0309,0.174,29.2
2023-11-26,MP0310,0.216,29.7
2023-11-26,MP0110,0.243,29.4
2023-11-26,MP0111,0.181,30.1
2023-11-26,MP0112,0.218,31.3
2023-11-26,MP0212,0.207,30.5
2023-11-26,MP0213,0.23,30.1
2023-11-26,MP0214,0.242,29.8
2023-11-26,MP0215,0.207,30.9
2023-11-26,MP0311,,
2023-11-26,MP0312,0.18,30.1
2023-11-26,MP0313,0.227,28.5
2023-11-26,MP0113,0.218,28.8
2023-11-26,MP0401,0.213,27.5
2023-11-26,MP0402,0.158,29.2
2023-11-26,MP0216,0.22,28.8
2023-11-26,MP0501,0.248,30.0
2023-11-26,MP0502,0.205,27.9
2023-11-26,MP0314,,
2023-11-26,MP0315,0.223,29.0
2023-11-26,MP0601,0.177,31.0
2023-11-26,MP0316,0.187,27.1
2023-11-26,MP0403,0.201,28.5
2023-11-26,MP0404,0.134,29.9
2023-11-26,MP0405,0.175,30.5
2023-11-26,MP0503,0.169,30.2
2023-11-26,MP0504,0.208,30.4
2023-11-26,MP0505,0.249,31.6
2023-11-26,MP0506,0.17,28.3
2023-11-26,MP0602,0.21,30.9
2023-11-26,MP0603,0.147,29.4
2023-11-26,MP0604,0.221,31.4
2023-11-26,MP0406,0.184,29.7
2023-11-26,MP0407,0.203,30.6
2023-11-26,MP0408,0.233,27.4
2023-11-26,MP0507,0.198,30.5
2023-11-26,MP0508,0.191,31.4
2023-11-26,MP0509,0.218,28.2
2023-11-26,MP0510,0.192,30.3
2023-11-26,MP0605,0.207,30.4
2023-11-26,MP0606,0.167,30.3
2023-11-26,MP0607,0.215,31.3
2023-11-26,MP0409,0.179,28.7
2023-11-26,MP0410,0.186,29.2
2023-11-26,MP0411,0.215,29.4
2023-11-26,MP0412,0.169,30.6
2023-11-26,MP0511,0.254,30.8
2023-11-26,MP0512,0.194,29.3
2023-11-26,MP0608,0.235,29.4
2023-11-26,MP0609,0.205,30.1
2023-11-26,MP0610,0.176,30.2
2023-11-26,MP0611,0.161,32.0
2023-11-26,MP0413,,
2023-11-26,MP0414,0.229,28.0
2023-11-26,MP0415,,
2023-11-26,MP0513,0.198,29.9
2023-11-26,MP0514,0.267,28.7
2023-11-26,MP0515,0.183,28.7
2023-11-26,MP0516,0.149,29.2
2023-11-26,MP0612,0.217,30.7
2023-11-26,MP0613,0.206,26.5
2023-11-26,MP0614,0.235,30.0
2023-12-03,MP0101,,
2023-12-03,MP0102,0.232,29.6
2023-12-03,MP0103,0.205,28.1
2023-12-03,MP0201,0.241,28.5
2023-12-03,MP0202,0.184,29.6
2023-12-03,MP0203,0.211,27.0
2023-12-03,MP0204,0.209,29.0
2023-12-03,MP0301,0.182,30.0
2023-12-03,MP0302,0.162,29.3
2023-12-03,MP0303,0.255,29.7
2023-12-03,MP0104,0.224,29.5
2023-12-03,MP0105,0.221,29.1
2023-12-03,MP0106,0.233,30.9
2023-12-03,MP0205,0.203,30.1
2023-12-03,MP0206,0.216,29.1
2023-12-03,MP0207,0.243,29.9
2023-12-03,MP0208,0.221,30.1
2023-12-03,MP0304,0.262,29.9
2023-12-03,MP0305,0.189,27.5
2023-12-03,MP0306,0.201,28.8
2023-12-03,MP0107,0.214,29.0
2023-12-03,MP0108,0.166,29.4
2023-12-03,MP0109,,
2023-12-03,MP0209,0.203,30.6
2023-12-03,MP0210,0.187,27.7
2023-12-03,MP0211,,
2023-12-03,MP0307,0.266,29.2
2023-12-03,MP0308,0.216,31.6
2023-12-03,MP0309,0.221,26.3
2023-12-03,MP0310,0.235,28.6
2023-12-03,MP0110,0.255,31.5
2023-12-03,MP0111,0.275,28.9
2023-12-03,MP0112,,
2023-12-03,MP0212,0.208,28.7
2023-12-03,MP0213,0.212,27.4
2023-12-03,MP0214,0.171,29.8
2023-12-03,MP0215,0.217,26.9
2023-12-03,MP0311,0.266,28.4
2023-12-03,MP0312,0.235,31.7
2023-12-03,MP0313,0.216,28.6
2023-12-03,MP0113,0.23,33.5
2023-12-03,MP0401,0.231,30.0
2023-12-03,MP0402,0.213,30.2
2023-12-03,MP0216,0.18,28.0
2023-12-03,MP0501,0.188,31.0
2023-12-03,MP0502,,
2023-12-03,MP0314,0.243,28.6
2023-12-03,MP0315,0.231,28.1
2023-12-03,MP0601,0.229,27.7
2023-12-03,MP0316,0.198,29.4
2023-12-03,MP0403,0.236,29.0
2023-12-03,MP0404,0.188,29.6
2023-12-03,MP0405,0.227,29.1
2023-12-03,MP0503,0.168,31.9
2023-12-03,MP0504,0.25,30.1
2023-12-03,MP0505,0.203,26.2
2023-12-03,MP0506,0.252,29.7
2023-12-03,MP0602,0.186,30.4
2023-12-03,MP0603,0.223,29.7
2023-12-03,MP0604,0.184,31.5
2023-12-03,MP0406,0.198,29.6
2023-12-03,MP0407,0.244,30.6
2023-12-03,MP0408,0.214,30.6
2023-12-03,MP0507,0.187,31.8
2023-12-03,MP0508,0.175,30.8
2023-12-03,MP0509,0.191,31.1
2023-12-03,MP0510,0.142,29.7
2023-12-03,MP0605,0.215,29.1
2023-12-03,MP0606,,
2023-12-03,MP0607,,
2023-12-03,MP0409,0.177,28.4
2023-12-03,MP0410,0.166,30.5
2023-12-03,MP0411,0.23,27.3
2023-12-03,MP0412,0.176,27.6
2023-12-03,MP0511,,
2023-12-03,MP0512,0.243,31.9
2023-12-03,MP0608,0.209,31.4
2023-12-03,MP0609,,
2023-12-03,MP0610,0.249,29.1
2023-12-03,MP0611,0.247,28.7
2023-12-03,MP0413,0.226,29.0
2023-12-03,MP0414,0.162,30.1
2023-12-03,MP0415,0.261,29.3
2023-12-03,MP0513,0.207,32.1
2023-12-03,MP0514,0.175,30.1
2023-12-03,MP0515,0.153,30.7
2023-12-03,MP0516,0.231,31.9
2023-12-03,MP0612,0.132,27.8
2023-12-03,MP0613,0.206,31.9
2023-12-03,MP0614,0.164,27.3
2023-12-10,MP0101,,
2023-12-10,MP0102,0.215,23.5
2023-12-10,MP0103,0.166,24.7
2023-12-10,MP0201,0.227,23.9
2023-12-10,MP0202,0.245,21.5
2023-12-10,MP0203,0.174,24.2
2023-12-10,MP0204,0.21,21.6
2023-12-10,MP0301,0.267,20.6
2023-12-10,MP0302,0.201,20.9
2023-12-10,MP0303,0.208,25.1
2023-12-10,MP0104,0.216,19.4
2023-12-10,MP0105,0.223,22.1
2023-12-10,MP0106,0.235,23.4
2023-12-10,MP0205,0.247,25.2
2023-12-10,MP0206,0.218,23.1
2023-12-10,MP0207,0.183,23.4
2023-12-10,MP0208,0.258,23.6
2023-12-10,MP0304,0.214,22.9
2023-12-10,MP0305,0.221,24.1
2023-12-10,MP0306,,
2023-12-10,MP0107,0.223,22.8
2023-12-10,MP0108,0.181,25.4
2023-12-10,MP0109,,
2023-12-10,MP0209,0.219,23.2
2023-12-10,MP0210,0.189,22.9
2023-12-10,MP0211,0.229,24.3
2023-12-10,MP0307,0.264,21.5
2023-12-10,MP0308,0.211,22.1
2023-12-10,MP0309,0.246,20.6
2023-12-10,MP0310,0.224,22.7
2023-12-10,MP0110,0.217,23.8
2023-12-10,MP0111,0.215,25.1
2023-12-10,MP0112,0.278,24.4
2023-12-10,MP0212,0.199,20.1
2023-12-10,MP0213,,
2023-12-10,MP0214,0.218,23.5
2023-12-10,MP0215,0.222,25.3
2023-12-10,MP0311,0.218,22.6
2023-12-10,MP0312,0.255,23.3
2023-12-10,MP0313,0.206,22.8
2023-12-10,MP0113,0.21,23.7
2023-12-10,MP0401,0.199,22.9
2023-12-10,MP0402,0.174,25.0
2023-12-10,MP0216,0.208,23.0
2023-12-10,MP0501,,
2023-12-10,MP0502,0.202,22.9
2023-12-10,MP0314,0.203,22.1
2023-12-10,MP0315,0.172,22.4
2023-12-10,MP0601,0.202,22.7
2023-12-10,MP0316,0.149,21.2
2023-12-10,MP0403,0.158,21.3
2023-12-10,MP0404,0.217,19.0
2023-12-10,MP0405,0.226,23.2
2023-12-10,MP0503,0.191,25.6
2023-12-10,MP0504,0.261,21.0
2023-12-10,MP0505,0.178,24.8
2023-12-10,MP0506,0.256,22.3
2023-12-10,MP0602,,
2023-12-10,MP0603,0.201,24.8
2023-12-10,MP0604,0.239,23.2
2023-12-10,MP0406,0.251,24.7
2023-12-10,MP0407,0.164,22.1
2023-12-10,MP0408,0.193,23.5
2023-12-10,MP0507,0.189,25.4
2023-12-10,MP0508,0.239,22.4
2023-12-10,MP0509,0.25,23.6
2023-12-10,MP0510,0.186,23.0
2023-12-10,MP0605,0.198,22.9
2023-12-10,MP0606,0.165,24.6
2023-12-10,MP0607,0.219,24.0
2023-12-10,MP0409,0.252,24.5
2023-12-10,MP0410,0.244,24.3
2023-12-10,MP0411,0.258,22.7
2023-12-10,MP0412,0.196,22.4
2023-12-10,MP0511,0.199,24.3
2023-12-10,MP0512,0.17,21.3
2023-12-10,MP0608,,
2023-12-10,MP0609,0.27,21.5
2023-12-10,MP0610,0.185,20.7
2023-12-10,MP0611,0.135,24.3
2023-12-10,MP0413,,
2023-12-10,MP0414,0.189,22.8
2023-12-10,MP0415,0.178,22.7
2023-12-10,MP0513,0.247,24.0
2023-12-10,MP0514,0.176,23.6
2023-12-10,MP0515,0.207,23.3
2023-12-10,MP0516,0.204,23.7
2023-12-10,MP0612,0.261,21.6
2023-12-10,MP0613,0.212,22.2
2023-12-10,MP0614,0.229,21.6
2023-12-17,MP0101,0.213,23.2
2023-12-17,MP0102,0.232,26.6
2023-12-17,MP0103,0.223,23.1
2023-12-17,MP0201,0.246,20.0
2023-12-17,MP0202,,
2023-12-17,MP0203,0.184,23.6
2023-12-17,MP0204,0.198,25.2
2023-12-17,MP0301,0.227,25.7
2023-12-17,MP0302,0.234,22.3
2023-12-17,MP0303,0.211,24.4
2023-12-17,MP0104,0.205,21.6
2023-12-17,MP0105,0.21,21.6
2023-12-17,MP0106,0.249,22.8
2023-12-17,MP0205,0.239,20.7
2023-12-17,MP0206,,
2023-12-17,MP0207,0.243,23.9
2023-12-17,MP0208,0.237,24.9
2023-12-17,MP0304,,
2023-12-17,MP0305,0.254,22.0
2023-12-17,MP0306,0.244,22.9
2023-12-17,MP0107,0.247,22.2
2023-12-17,MP0108,0.288,22.5
2023-12-17,MP0109,0.249,23.4
2023-12-17,MP0209,,
2023-12-17,MP0210,0.214,25.4
2023-12-17,MP0211,0.257,23.5
2023-12-17,MP0307,0.277,23.4
2023-12-17,MP0308,0.265,24.7
2023-12-17,MP0309,0.272,22.9
2023-12-17,MP0310,0.266,23.9
2023-12-17,MP0110,0.201,24.3
2023-12-17,MP0111,0.248,27.4
2023-12-17,MP0112,0.209,23.4
2023-12-17,MP0212,0.223,24.3
2023-12-17,MP0213,0.181,23.4
2023-12-17,MP0214,0.238,24.6
2023-12-17,MP0215,0.27,23.3
2023-12-17,MP0311,0.231,23.2
2023-12-17,MP0312,0.243,23.7
2023-12-17,MP0313,0.184,25.6
2023-12-17,MP0113,0.245,24.1
2023-12-17,MP0401,0.194,23.3
2023-12-17,MP0402,0.209,23.7
2023-12-17,MP0216,,
2023-12-17,MP0501,0.206,24.1
2023-12-17,MP0502,0.201,23.6
2023-12-17,MP0314,0.203,24.1
2023-12-17,MP0315,0.195,21.9
2023-12-17,MP0601,0.207,25.2
2023-12-17,MP0316,0.243,25.7
2023-12-17,MP0403,,
2023-12-17,MP0404,0.205,22.7
2023-12-17,MP0405,0.268,21.7
2023-12-17,MP0503,0.216,26.2
2023-12-17,MP0504,0.216,23.8
2023-12-17,MP0505,0.23,21.5
2023-12-17,MP0506,0.248,25.0
2023-12-17,MP0602,0.146,22.5
2023-12-17,MP0603,,
2023-12-17,MP0604,0.215,23.3
2023-12-17,MP0406,0.221,22.3
2023-12-17,MP0407,0.231,21.4
2023-12-17,MP0408,0.241,24.9
2023-12-17,MP0507,0.221,22.6
2023-12-17,MP0508,0.213,21.7
2023-12-17,MP0509,0.215,23.9
2023-12-17,MP0510,0.173,24.1
2023-12-17,MP0605,0.227,25.5
2023-12-17,MP0606,0.225,26.9
2023-12-17,MP0607,0.203,25.4
2023-12-17,MP0409,,
2023-12-17,MP0410,0.17,21.8
2023-12-17,MP0411,0.214,22.4
2023-12-17,MP0412,0.234,23.2
2023-12-17,MP0511,0.263,22.9
2023-12-17,MP0512,0.219,24.1
2023-12-17,MP0608,0.187,21.7
2023-12-17,MP0609,0.202,25.3
2023-12-17,MP0610,0.195,24.1
2023-12-17,MP0611,0.187,23.0
2023-12-17,MP0413,0.275,25.0
2023-12-17,MP0414,0.196,22.8
2023-12-17,MP0415,0.257,23.9
2023-12-17,MP0513,0.284,20.2
2023-12-17,MP0514,0.198,20.5
2023-12-17,MP0515,0.14,23.4
2023-12-17,MP0516,0.183,23.2
2023-12-17,MP0612,0.221,24.8
2023-12-17,MP0613,,
2023-12-17,MP0614,0.201,25.3
2023-12-24,MP0101,0.283,27.8
2023-12-24,MP0102,0.268,25.6
2023-12-24,MP0103,0.226,28.5
2023-12-24,MP0201,0.247,26.5
2023-12-24,MP0202,0.281,27.2
2023-12-24,MP0203,,
2023-12-24,MP0204,0.27,26.7
2023-12-24,MP0301,0.242,26.9
2023-12-24,MP0302,0.315,25.4
2023-12-24,MP0303,0.273,26.8
2023-12-24,MP0104,0.252,27.1
2023-12-24,MP0105,0.215,26.7
2023-12-24,MP0106,0.266,21.7
2023-12-24,MP0205,0.266,24.0
2023-12-24,MP0206,0.252,25.4
2023-12-24,MP0207,0.242,25.4
2023-12-24,MP0208,0.235,26.6
2023-12-24,MP0304,,
2023-12-24,MP0305,,
2023-12-24,MP0306,0.279,26.9
2023-12-24,MP0107,0.256,26.3
2023-12-24,MP0108,0.277,23.9
2023-12-24,MP0109,0.266,26.4
2023-12-24,MP0209,0.274,26.2
2023-12-24,MP0210,0.271,25.9
2023-12-24,MP0211,0.277,27.8
2023-12-24,MP0307,0.235,24.7
2023-12-24,MP0308,0.236,24.7
2023-12-24,MP0309,0.271,27.5
2023-12-24,MP0310,0.281,25.5
2023-12-24,MP0110,0.207,26.5
2023-12-24,MP0111,0.254,28.7
2023-12-24,MP0112,0.288,24.9
2023-12-24,MP0212,0.276,27.0
2023-12-24,MP0213,0.22,25.4
2023-12-24,MP0214,,
2023-12-24,MP0215,0.246,27.1
2023-12-24,MP0311,,
2023-12-24,MP0312,0.261,27.5
2023-12-24,MP0313,0.185,24.1
2023-12-24,MP0113,0.24,25.4
2023-12-24,MP0401,0.183,26.0
2023-12-24,MP0402,0.25,25.1
2023-12-24,MP0216,0.273,27.7
2023-12-24,MP0501,0.279,25.2
2023-12-24,MP0502,,
2023-12-24,MP0314,0.227,24.5
2023-12-24,MP0315,0.223,27.8
2023-12-24,MP0601,0.252,26.2
2023-12-24,MP0316,0.269,28.6
2023-12-24,MP0403,0.218,25.9
2023-12-24,MP0404,0.2,24.3
2023-12-24,MP0405,0.239,27.4
2023-12-24,MP0503,0.186,25.1
2023-12-24,MP0504,0.203,24.1
2023-12-24,MP0505,0.294,27.6
2023-12-24,MP0506,0.274,27.3
2023-12-24,MP0602,0.215,26.8
2023-12-24,MP0603,0.244,26.7
2023-12-24,MP0604,0.316,28.2
2023-12-24,MP0406,0.288,25.5
2023-12-24,MP0407,0.2,24.4
2023-12-24,MP0408,0.235,28.4
2023-12-24,MP0507,0.225,27.2
2023-12-24,MP0508,0.244,24.3
2023-12-24,MP0509,0.164,27.2
2023-12-24,MP0510,0.199,23.6
2023-12-24,MP0605,0.24,29.5
2023-12-24,MP0606,0.265,26.8
2023-12-24,MP0607,0.229,24.5
2023-12-24,MP0409,,
2023-12-24,MP0410,0.241,25.4
2023-12-24,MP0411,0.251,24.1
2023-12-24,MP0412,0.276,23.1
2023-12-24,MP0511,0.288,26.2
2023-12-24,MP0512,0.229,28.6
2023-12-24,MP0608,,
2023-12-24,MP0609,0.282,27.4
2023-12-24,MP0610,,
2023-12-24,MP0611,0.211,26.4
2023-12-24,MP0413,0.255,27.6
2023-12-24,MP0414,0.194,22.7
2023-12-24,MP0415,,
2023-12-24,MP0513,,
2023-12-24,MP0514,0.262,26.6
2023-12-24,MP0515,0.245,25.4
2023-12-24,MP0516,0.24,27.2
2023-12-24,MP0612,0.238,27.1
2023-12-24,MP0613,0.239,23.8
2023-12-24,MP0614,0.29,26.2
2023-12-31,MP0101,0.302,27.9
2023-12-31,MP0102,0.288,26.7
2023-12-31,MP0103,0.275,25.8
2023-12-31,MP0201,0.278,25.4
2023-12-31,MP0202,0.287,29.7
2023-12-31,MP0203,0.314,24.0
2023-12-31,MP0204,0.271,26.3
2023-12-31,MP0301,0.206,26.4
2023-12-31,MP0302,0.241,25.2
2023-12-31,MP0303,0.276,27.6
2023-12-31,MP0104,0.283,23.4
2023-12-31,MP0105,0.241,27.2
2023-12-31,MP0106,0.272,26.1
2023-12-31,MP0205,0.206,25.5
2023-12-31,MP0206,0.25,25.0
2023-12-31,MP0207,,
2023-12-31,MP0208,0.323,25.3
2023-12-31,MP0304,0.35,24.8
2023-12-31,MP0305,0.301,26.5
2023-12-31,MP0306,0.235,25.2
2023-12-31,MP0107,0.258,27.0
2023-12-31,MP0108,0.256,26.8
2023-12-31,MP0109,0.26,26.4
2023-12-31,MP0209,0.293,25.6
2023-12-31,MP0210,0.296,29.8
2023-12-31,MP0211,0.294,26.1
2023-12-31,MP0307,0.209,27.3
2023-12-31,MP0308,,
2023-12-31,MP0309,0.264,28.1
2023-12-31,MP0310,0.302,25.1
2023-12-31,MP0110,0.298,25.3
2023-12-31,MP0111,0.291,27.7
2023-12-31,MP0112,0.241,25.9
2023-12-31,MP0212,0.309,25.7
2023-12-31,MP0213,0.262,28.3
2023-12-31,MP0214,0.283,26.2
2023-12-31,MP0215,0.291,24.5
2023-12-31,MP0311,0.3,27.0
2023-12-31,MP0312,0.265,26.5
2023-12-31,MP0313,0.259,24.8
2023-12-31,MP0113,0.297,25.2
2023-12-31,MP0401,0.249,25.1
2023-12-31,MP0402,0.242,26.5
2023-12-31,MP0216,0.262,26.7
2023-12-31,MP0501,0.325,26.8
2023-12-31,MP0502,0.335,22.5
2023-12-31,MP0314,0.264,26.0
2023-12-31,MP0315,,
2023-12-31,MP0601,0.239,23.2
2023-12-31,MP0316,0.235,26.3
2023-12-31,MP0403,0.251,25.9
2023-12-31,MP0404,0.239,25.4
2023-12-31,MP0405,0.268,29.8
2023-12-31,MP0503,0.221,26.4
2023-12-31,MP0504,0.328,26.2
2023-12-31,MP0505,0.254,24.5
2023-12-31,MP0506,0.243,26.2
2023-12-31,MP0602,0.24,24.3
2023-12-31,MP0603,0.258,24.7
2023-12-31,MP0604,0.342,26.9
2023-12-31,MP0406,0.24,25.6
2023-12-31,MP0407,0.305,25.9
2023-12-31,MP0408,0.263,26.1
2023-12-31,MP0507,0.277,26.6
2023-12-31,MP0508,0.26,24.7
2023-12-31,MP0509,0.217,26.1
2023-12-31,MP0510,0.243,26.1
2023-12-31,MP0605,0.263,22.6
2023-12-31,MP0606,0.286,25.4
2023-12-31,MP0607,0.233,27.9
2023-12-31,MP0409,0.263,24.0
2023-12-31,MP0410,,
2023-12-31,MP0411,0.321,24.5
2023-12-31,MP0412,0.273,24.8
2023-12-31,MP0511,0.257,28.2
2023-12-31,MP0512,0.303,27.3
2023-12-31,MP0608,0.224,24.3
2023-12-31,MP0609,0.286,28.3
2023-12-31,MP0610,0.218,28.0
2023-12-31,MP0611,0.282,24.7
2023-12-31,MP0413,0.326,26.0
2023-12-31,MP0414,0.248,27.3
2023-12-31,MP0415,0.308,24.6
2023-12-31,MP0513,0.279,27.1
2023-12-31,MP0514,0.267,24.8
2023-12-31,MP0515,0.253,24.0
2023-12-31,MP0516,,
2023-12-31,MP0612,0.247,25.3
2023-12-31,MP0613,0.244,27.1
2023-12-31,MP0614,0.312,26.3
2024-01-07,MP0101,0.333,27.8
2024-01-07,MP0102,0.314,24.1
2024-01-07,MP0103,0.341,27.5
2024-01-07,MP0201,0.319,24.8
2024-01-07,MP0202,0.317,25.8
2024-01-07,MP0203,0.295,26.7
2024-01-07,MP0204,0.264,23.5
2024-01-07,MP0301,0.304,27.8
2024-01-07,MP0302,0.349,29.1
2024-01-07,MP0303,0.3,25.7
2024-01-07,MP0104,0.281,24.4
2024-01-07,MP0105,0.323,24.9
2024-01-07,MP0106,,
2024-01-07,MP0205,,
2024-01-07,MP0206,0.33,24.3
2024-01-07,MP0207,0.228,23.8
2024-01-07,MP0208,0.303,23.3
2024-01-07,MP0304,0.319,25.2
2024-01-07,MP0305,0.309,27.4
2024-01-07,MP0306,0.261,24.9
2024-01-07,MP0107,0.301,23.6
2024-01-07,MP0108,0.303,27.5
2024-01-07,MP0109,,
2024-01-07,MP0209,0.316,25.4
2024-01-07,MP0210,0.31,26.6
2024-01-07,MP0211,0.322,24.4
2024-01-07,MP0307,0.285,26.3
2024-01-07,MP0308,0.338,25.6
2024-01-07,MP0309,0.313,25.3
2024-01-07,MP0310,0.341,23.4
2024-01-07,MP0110,0.341,28.7
2024-01-07,MP0111,0.326,26.1
2024-01-07,MP0112,0.311,25.6
2024-01-07,MP0212,0.352,25.2
2024-01-07,MP0213,0.31,25.6
2024-01-07,MP0214,0.318,27.3
2024-01-07,MP0215,0.312,25.4
2024-01-07,MP0311,0.303,26.3
2024-01-07,MP0312,0.31,22.4
2024-01-07,MP0313,0.276,27.8
2024-01-07,MP0113,0.32,28.5
2024-01-07,MP0401,0.292,28.3
2024-01-07,MP0402,0.239,28.2
2024-01-07,MP0216,0.315,25.3
2024-01-07,MP0501,0.288,27.2
2024-01-07,MP0502,,
2024-01-07,MP0314,,
2024-01-07,MP0315,0.293,25.6
2024-01-07,MP0601,0.362,28.4
2024-01-07,MP0316,0.305,26.1
2024-01-07,MP0403,0.27,27.3
2024-01-07,MP0404,0.199,25.4
2024-01-07,MP0405,0.307,27.6
2024-01-07,MP0503,0.242,26.7
2024-01-07,MP0504,0.309,25.9
2024-01-07,MP0505,0.32,26.4
2024-01-07,MP0506,0.315,25.8
2024-01-07,MP0602,,
2024-01-07,MP0603,0.267,24.7
2024-01-07,MP0604,0.366,25.8
2024-01-07,MP0406,0.363,29.0
2024-01-07,MP0407,0.307,25.0
2024-01-07,MP0408,,
2024-01-07,MP0507,0.267,27.9
2024-01-07,MP0508,0.278,23.9
2024-01-07,MP0509,0.223,25.3
2024-01-07,MP0510,0.281,25.0
2024-01-07,MP0605,0.283,24.4
2024-01-07,MP0606,0.257,23.6
2024-01-07,MP0607,0.324,24.8
2024-01-07,MP0409,,
2024-01-07,MP0410,0.304,25.4
2024-01-07,MP0411,0.319,27.3
2024-01-07,MP0412,0.303,25.8
2024-01-07,MP0511,0.311,25.3
2024-01-07,MP0512,0.283,26.9
2024-01-07,MP0608,,
2024-01-07,MP0609,0.307,26.2
2024-01-07,MP0610,0.279,25.5
2024-01-07,MP0611,0.321,26.3
2024-01-07,MP0413,0.319,25.5
2024-01-07,MP0414,0.302,26.2
2024-01-07,MP0415,0.319,26.4
2024-01-07,MP0513,0.34,24.4
2024-01-07,MP0514,0.316,25.1
2024-01-07,MP0515,0.29,24.7
2024-01-07,MP0516,0.286,27.3
2024-01-07,MP0612,0.321,26.0
2024-01-07,MP0613,0.289,28.1
2024-01-07,MP0614,0.296,26.1
2024-01-14,MP0101,0.327,24.6
2024-01-14,MP0102,0.346,26.0
2024-01-14,MP0103,0.345,23.6
2024-01-14,MP0201,,
2024-01-14,MP0202,0.351,25.6
2024-01-14,MP0203,,
2024-01-14,MP0204,0.386,24.7
2024-01-14,MP0301,0.333,27.2
2024-01-14,MP0302,0.43,23.8
2024-01-14,MP0303,,
2024-01-14,MP0104,0.323,24.2
2024-01-14,MP0105,0.377,26.2
2024-01-14,MP0106,0.364,21.8
2024-01-14,MP0205,,
2024-01-14,MP0206,0.356,23.5
2024-01-14,MP0207,0.34,24.1
2024-01-14,MP0208,0.39,26.0
2024-01-14,MP0304,0.398,26.8
2024-01-14,MP0305,0.263,27.3
2024-01-14,MP0306,0.33,23.4
2024-01-14,MP0107,0.349,23.1
2024-01-14,MP0108,0.322,25.0
2024-01-14,MP0109,0.304,23.7
2024-01-14,MP0209,0.321,23.9
2024-01-14,MP0210,0.35,26.3
2024-01-14,MP0211,0.34,25.6
2024-01-14,MP0307,0.364,25.0
2024-01-14,MP0308,0.451,22.8
2024-01-14,MP0309,0.351,26.1
2024-01-14,MP0310,0.354,24.7
2024-01-14,MP0110,0.349,23.5
2024-01-14,MP0111,0.349,22.2
2024-01-14,MP0112,0.377,22.6
2024-01-14,MP0212,0.364,25.4
2024-01-14,MP0213,0.3,24.4
2024-01-14,MP0214,0.323,24.9
2024-01-14,MP0215,0.344,24.1
2024-01-14,MP0311,0.357,23.2
2024-01-14,MP0312,0.324,25.5
2024-01-14,MP0313,0.383,26.1
2024-01-14,MP0113,0.37,25.9
2024-01-14,MP0401,0.313,25.2
2024-01-14,MP0402,0.321,22.8
2024-01-14,MP0216,0.358,24.4
2024-01-14,MP0501,0.331,22.5
2024-01-14,MP0502,0.349,24.2
2024-01-14,MP0314,0.313,24.6
2024-01-14,MP0315,0.307,26.1
2024-01-14,MP0601,0.322,21.9
2024-01-14,MP0316,0.365,21.3
2024-01-14,MP0403,0.315,24.3
2024-01-14,MP0404,0.319,26.7
2024-01-14,MP0405,0.321,24.5
2024-01-14,MP0503,0.284,22.3
2024-01-14,MP0504,0.367,25.0
2024-01-14,MP0505,0.377,22.4
2024-01-14,MP0506,,
2024-01-14,MP0602,0.325,24.2
2024-01-14,MP0603,0.373,22.6
2024-01-14,MP0604,0.374,22.5
2024-01-14,MP0406,0.319,24.8
2024-01-14,MP0407,0.318,23.2
2024-01-14,MP0408,0.321,21.9
2024-01-14,MP0507,0.355,22.7
2024-01-14,MP0508,0.258,20.7
2024-01-14,MP0509,0.265,27.4
2024-01-14,MP0510,0.277,22.5
2024-01-14,MP0605,0.392,22.0
2024-01-14,MP0606,0.331,24.7
2024-01-14,MP0607,0.359,24.1
2024-01-14,MP0409,0.33,25.2
2024-01-14,MP0410,0.356,26.4
2024-01-14,MP0411,0.353,24.1
2024-01-14,MP0412,0.331,24.8
2024-01-14,MP0511,0.279,25.9
2024-01-14,MP0512,0.295,19.7
2024-01-14,MP0608,0.296,24.8
2024-01-14,MP0609,0.313,23.9
2024-01-14,MP0610,0.284,22.8
2024-01-14,MP0611,0.345,22.2
2024-01-14,MP0413,0.318,22.8
2024-01-14,MP0414,0.343,23.8
2024-01-14,MP0415,0.401,23.4
2024-01-14,MP0513,0.362,23.9
2024-01-14,MP0514,0.293,22.8
2024-01-14,MP0515,,
2024-01-14,MP0516,0.392,24.6
2024-01-14,MP0612,0.368,27.3
2024-01-14,MP0613,0.349,25.1
2024-01-14,MP0614,0.38,24.9
2024-01-21,MP0101,,
2024-01-21,MP0102,0.378,23.8
2024-01-21,MP0103,0.364,24.5
2024-01-21,MP0201,0.366,26.7
2024-01-21,MP0202,0.416,24.6
2024-01-21,MP0203,0.381,25.2
2024-01-21,MP0204,0.422,23.4
2024-01-21,MP0301,,
2024-01-21,MP0302,0.435,26.9
2024-01-21,MP0303,,
2024-01-21,MP0104,0.365,22.5
2024-01-21,MP0105,0.428,25.6
2024-01-21,MP0106,0.4,24.4
2024-01-21,MP0205,0.461,28.6
2024-01-21,MP0206,0.367,25.3
2024-01-21,MP0207,0.455,25.4
2024-01-21,MP0208,0.472,24.4
2024-01-21,MP0304,0.395,25.9
2024-01-21,MP0305,0.382,27.7
2024-01-21,MP0306,0.436,25.3
2024-01-21,MP0107,0.425,27.0
2024-01-21,MP0108,0.327,24.6
2024-01-21,MP0109,0.42,25.5
2024-01-21,MP0209,0.371,25.0
2024-01-21,MP0210,0.416,23.8
2024-01-21,MP0211,0.35,23.8
2024-01-21,MP0307,0.392,21.9
2024-01-21,MP0308,0.44,24.9
2024-01-21,MP0309,0.38,24.9
2024-01-21,MP0310,0.415,24.0
2024-01-21,MP0110,0.347,23.5
2024-01-21,MP0111,0.395,24.8
2024-01-21,MP0112,0.419,22.1
2024-01-21,MP0212,0.406,21.8
2024-01-21,MP0213,0.349,23.8
2024-01-21,MP0214,,
2024-01-21,MP0215,0.419,27.6
2024-01-21,MP0311,,
2024-01-21,MP0312,0.367,24.6
2024-01-21,MP0313,0.359,29.0
2024-01-21,MP0113,0.467,24.4
2024-01-21,MP0401,,
2024-01-21,MP0402,0.323,22.0
2024-01-21,MP0216,,
2024-01-21,MP0501,0.408,25.9
2024-01-21,MP0502,0.366,25.4
2024-01-21,MP0314,0.374,22.2
2024-01-21,MP0315,0.381,24.2
2024-01-21,MP0601,0.425,26.0
2024-01-21,MP0316,0.287,26.0
2024-01-21,MP0403,0.408,25.5
2024-01-21,MP0404,0.4,28.3
2024-01-21,MP0405,0.372,24.9
2024-01-21,MP0503,0.263,25.9
2024-01-21,MP0504,0.415,24.1
2024-01-21,MP0505,0.361,24.2
2024-01-21,MP0506,0.403,24.5
2024-01-21,MP0602,0.303,25.8
2024-01-21,MP0603,0.398,26.0
2024-01-21,MP0604,0.465,24.5
2024-01-21,MP0406,0.38,24.9
2024-01-21,MP0407,,
2024-01-21,MP0408,0.397,24.7
2024-01-21,MP0507,,
2024-01-21,MP0508,0.315,26.1
2024-01-21,MP0509,0.309,24.8
2024-01-21,MP0510,0.325,26.2
2024-01-21,MP0605,0.349,22.7
2024-01-21,MP0606,0.403,25.6
2024-01-21,MP0607,0.334,26.7
2024-01-21,MP0409,0.416,23.0
2024-01-21,MP0410,0.371,23.8
2024-01-21,MP0411,0.418,24.3
2024-01-21,MP0412,0.369,23.6
2024-01-21,MP0511,0.4,25.0
2024-01-21,MP0512,0.39,26.0
2024-01-21,MP0608,0.313,25.6
2024-01-21,MP0609,,
2024-01-21,MP0610,0.4,26.7
2024-01-21,MP0611,0.364,24.3
2024-01-21,MP0413,0.445,25.9
2024-01-21,MP0414,0.38,24.5
2024-01-21,MP0415,0.406,22.3
2024-01-21,MP0513,0.382,25.0
2024-01-21,MP0514,0.369,27.7
2024-01-21,MP0515,0.366,25.9
2024-01-21,MP0516,0.354,26.1
2024-01-21,MP0612,0.394,24.5
2024-01-21,MP0613,0.43,26.0
2024-01-21,MP0614,0.372,24.7
2024-01-28,MP0101,0.436,25.4
2024-01-28,MP0102,,
2024-01-28,MP0103,,
2024-01-28,MP0201,0.496,29.4
2024-01-28,MP0202,0.432,25.9
2024-01-28,MP0203,0.514,24.9
2024-01-28,MP0204,0.471,22.2
2024-01-28,MP0301,0.455,26.8
2024-01-28,MP0302,0.487,26.1
2024-01-28,MP0303,,
2024-01-28,MP0104,0.35,26.7
2024-01-28,MP0105,,
2024-01-28,MP0106,,
2024-01-28,MP0205,0.431,27.9
2024-01-28,MP0206,0.398,29.9
2024-01-28,MP0207,0.41,28.0
2024-01-28,MP0208,0.421,24.3
2024-01-28,MP0304,0.469,26.1
2024-01-28,MP0305,0.434,25.7
2024-01-28,MP0306,0.447,26.1
2024-01-28,MP0107,0.47,26.8
2024-01-28,MP0108,0.381,28.5
2024-01-28,MP0109,0.374,27.9
2024-01-28,MP0209,0.426,28.7
2024-01-28,MP0210,0.443,28.2
2024-01-28,MP0211,0.43,29.8
2024-01-28,MP0307,0.357,27.6
2024-01-28,MP0308,0.411,24.0
2024-01-28,MP0309,0.449,26.2
2024-01-28,MP0310,0.516,25.7
2024-01-28,MP0110,0.434,27.0
2024-01-28,MP0111,0.439,27.0
2024-01-28,MP0112,,
2024-01-28,MP0212,0.46,26.5
2024-01-28,MP0213,0.421,27.8
2024-01-28,MP0214,0.423,28.8
2024-01-28,MP0215,,
2024-01-28,MP0311,0.406,24.4
2024-01-28,MP0312,0.335,26.7
2024-01-28,MP0313,0.403,27.8
2024-01-28,MP0113,0.428,25.6
2024-01-28,MP0401,0.339,28.9
2024-01-28,MP0402,0.318,25.0
2024-01-28,MP0216,0.447,29.0
2024-01-28,MP0501,0.468,29.8
2024-01-28,MP0502,0.433,28.9
2024-01-28,MP0314,0.505,26.2
2024-01-28,MP0315,0.388,25.1
2024-01-28,MP0601,0.447,25.2
2024-01-28,MP0316,0.383,25.3
2024-01-28,MP0403,0.439,25.1
2024-01-28,MP0404,0.415,26.5
2024-01-28,MP0405,0.366,26.0
2024-01-28,MP0503,0.297,25.7
2024-01-28,MP0504,0.489,23.7
2024-01-28,MP0505,0.462,27.0
2024-01-28,MP0506,0.376,23.9
2024-01-28,MP0602,0.423,27.6
2024-01-28,MP0603,0.416,26.0
2024-01-28,MP0604,0.512,26.4
2024-01-28,MP0406,0.446,26.6
2024-01-28,MP0407,0.361,24.6
2024-01-28,MP0408,0.423,27.0
2024-01-28,MP0507,0.441,27.0
2024-01-28,MP0508,0.357,26.7
2024-01-28,MP0509,0.29,28.4
2024-01-28,MP0510,0.372,27.6
2024-01-28,MP0605,0.362,25.5
2024-01-28,MP0606,0.377,26.4
2024-01-28,MP0607,0.383,26.9
2024-01-28,MP0409,0.382,27.8
2024-01-28,MP0410,0.375,27.1
2024-01-28,MP0411,0.429,24.1
2024-01-28,MP0412,0.368,25.7
2024-01-28,MP0511,0.46,26.4
2024-01-28,MP0512,0.44,25.9
2024-01-28,MP0608,0.336,26.7
2024-01-28,MP0609,,
2024-01-28,MP0610,,
2024-01-28,MP0611,0.371,28.7
2024-01-28,MP0413,0.471,25.8
2024-01-28,MP0414,0.386,25.1
2024-01-28,MP0415,0.428,24.9
2024-01-28,MP0513,0.422,24.7
2024-01-28,MP0514,0.386,28.4
2024-01-28,MP0515,0.43,27.3
2024-01-28,MP0516,0.456,27.7
2024-01-28,MP0612,0.414,24.7
2024-01-28,MP0613,,
2024-01-28,MP0614,0.452,29.0
2024-02-04,MP0101,0.444,29.6
2024-02-04,MP0102,0.444,29.4
2024-02-04,MP0103,0.5,30.7
2024-02-04,MP0201,0.501,30.0
2024-02-04,MP0202,0.494,26.7
2024-02-04,MP0203,0.551,28.7
2024-02-04,MP0204,0.491,30.6
2024-02-04,MP0301,,
2024-02-04,MP0302,,
2024-02-04,MP0303,0.588,27.4
2024-02-04,MP0104,0.453,29.6
2024-02-04,MP0105,0.486,28.8
2024-02-04,MP0106,0.476,28.9
2024-02-04,MP0205,0.438,26.4
2024-02-04,MP0206,,
2024-02-04,MP0207,0.426,27.5
2024-02-04,MP0208,0.463,28.5
2024-02-04,MP0304,0.503,31.0
2024-02-04,MP0305,0.49,27.4
2024-02-04,MP0306,0.455,27.4
2024-02-04,MP0107,0.468,29.7
2024-02-04,MP0108,0.393,28.5
2024-02-04,MP0109,0.442,29.4
2024-02-04,MP0209,0.468,27.8
2024-02-04,MP0210,0.477,29.9
2024-02-04,MP0211,0.519,29.2
2024-02-04,MP0307,0.466,29.6
2024-02-04,MP0308,0.471,28.7
2024-02-04,MP0309,0.493,28.3
2024-02-04,MP0310,0.514,27.6
2024-02-04,MP0110,0.462,29.1
2024-02-04,MP0111,0.456,32.6
2024-02-04,MP0112,0.52,28.9
2024-02-04,MP0212,0.504,28.8
2024-02-04,MP0213,0.442,26.5
2024-02-04,MP0214,0.431,25.7
2024-02-04,MP0215,0.44,26.6
2024-02-04,MP0311,0.472,30.1
2024-02-04,MP0312,0.497,28.7
2024-02-04,MP0313,0.429,30.2
2024-02-04,MP0113,0.544,31.0
2024-02-04,MP0401,0.463,31.1
2024-02-04,MP0402,0.401,27.6
2024-02-04,MP0216,0.434,27.5
2024-02-04,MP0501,0.448,26.7
2024-02-04,MP0502,0.457,30.2
2024-02-04,MP0314,0.472,27.0
2024-02-04,MP0315,0.451,27.6
2024-02-04,MP0601,0.441,26.4
2024-02-04,MP0316,0.428,30.6
2024-02-04,MP0403,0.467,32.9
2024-02-04,MP0404,0.339,29.7
2024-02-04,MP0405,0.42,30.2
2024-02-04,MP0503,0.345,29.6
2024-02-04,MP0504,0.467,26.5
2024-02-04,MP0505,0.426,29.1
2024-02-04,MP0506,0.457,30.2
2024-02-04,MP0602,0.382,28.4
2024-02-04,MP0603,,
2024-02-04,MP0604,0.532,28.0
2024-02-04,MP0406,0.448,27.3
2024-02-04,MP0407,0.466,30.7
2024-02-04,MP0408,,
2024-02-04,MP0507,0.5,30.7
2024-02-04,MP0508,0.363,28.9
2024-02-04,MP0509,0.357,26.4
2024-02-04,MP0510,0.426,27.9
2024-02-04,MP0605,0.452,26.7
2024-02-04,MP0606,0.46,26.7
2024-02-04,MP0607,0.463,26.0
2024-02-04,MP0409,0.392,30.7
2024-02-04,MP0410,0.472,29.1
2024-02-04,MP0411,0.511,25.7
2024-02-04,MP0412,0.425,27.1
2024-02-04,MP0511,0.495,28.6
2024-02-04,MP0512,0.405,28.9
2024-02-04,MP0608,0.451,29.0
2024-02-04,MP0609,0.42,28.3
2024-02-04,MP0610,,
2024-02-04,MP0611,0.42,27.8
2024-02-04,MP0413,,
2024-02-04,MP0414,0.436,28.3
2024-02-04,MP0415,0.502,28.9
2024-02-04,MP0513,0.502,28.2
2024-02-04,MP0514,0.442,29.2
2024-02-04,MP0515,0.468,26.6
2024-02-04,MP0516,0.449,27.6
2024-02-04,MP0612,0.476,28.8
2024-02-04,MP0613,0.468,28.2
2024-02-04,MP0614,0.446,30.1
2024-02-11,MP0101,0.513,30.1
2024-02-11,MP0102,0.595,24.6
2024-02-11,MP0103,0.524,26.3
2024-02-11,MP0201,0.534,26.4
2024-02-11,MP0202,0.555,28.3
2024-02-11,MP0203,0.572,26.0
2024-02-11,MP0204,0.551,28.7
2024-02-11,MP0301,0.477,29.3
2024-02-11,MP0302,,
2024-02-11,MP0303,0.568,28.4
2024-02-11,MP0104,0.453,30.0
2024-02-11,MP0105,0.51,27.6
2024-02-11,MP0106,0.48,28.0
2024-02-11,MP0205,0.516,28.3
2024-02-11,MP0206,0.475,30.9
2024-02-11,MP0207,0.465,28.0
2024-02-11,MP0208,0.511,27.1
2024-02-11,MP0304,,
2024-02-11,MP0305,0.563,25.9
2024-02-11,MP0306,0.533,28.4
2024-02-11,MP0107,0.549,30.6
2024-02-11,MP0108,0.514,29.9
2024-02-11,MP0109,0.551,26.0
2024-02-11,MP0209,0.535,26.4
2024-02-11,MP0210,,
2024-02-11,MP0211,0.583,29.8
2024-02-11,MP0307,0.415,28.8
2024-02-11,MP0308,0.556,27.3
2024-02-11,MP0309,0.511,26.6
2024-02-11,MP0310,0.511,28.1
2024-02-11,MP0110,0.452,28.2
2024-02-11,MP0111,0.471,26.7
2024-02-11,MP0112,0.538,29.8
2024-02-11,MP0212,0.569,27.5
2024-02-11,MP0213,0.445,26.2
2024-02-11,MP0214,0.523,28.0
2024-02-11,MP0215,0.535,28.0
2024-02-11,MP0311,0.431,27.6
2024-02-11,MP0312,,
2024-02-11,MP0313,0.49,28.8
2024-02-11,MP0113,0.57,29.6
2024-02-11,MP0401,0.456,28.3
2024-02-11,MP0402,0.378,27.4
2024-02-11,MP0216,0.507,28.8
2024-02-11,MP0501,0.465,29.4
2024-02-11,MP0502,0.544,28.1
2024-02-11,MP0314,0.56,27.8
2024-02-11,MP0315,0.455,28.4
2024-02-11,MP0601,0.499,28.3
2024-02-11,MP0316,0.499,28.3
2024-02-11,MP0403,0.475,26.3
2024-02-11,MP0404,,
2024-02-11,MP0405,0.484,27.0
2024-02-11,MP0503,0.39,27.5
2024-02-11,MP0504,0.547,26.9
2024-02-11,MP0505,0.515,29.8
2024-02-11,MP0506,0.478,25.7
2024-02-11,MP0602,0.41,26.3
2024-02-11,MP0603,0.469,28.2
2024-02-11,MP0604,0.583,26.8
2024-02-11,MP0406,0.495,29.7
2024-02-11,MP0407,0.412,27.2
2024-02-11,MP0408,0.511,28.2
2024-02-11,MP0507,0.476,26.7
2024-02-11,MP0508,0.36,30.9
2024-02-11,MP0509,0.383,27.6
2024-02-11,MP0510,0.361,28.2
2024-02-11,MP0605,0.565,25.9
2024-02-11,MP0606,,
2024-02-11,MP0607,0.478,28.8
2024-02-11,MP0409,0.455,27.8
2024-02-11,MP0410,0.553,28.3
2024-02-11,MP0411,0.544,26.5
2024-02-11,MP0412,0.498,28.5
2024-02-11,MP0511,0.52,25.6
2024-02-11,MP0512,0.488,26.9
2024-02-11,MP0608,0.508,29.4
2024-02-11,MP0609,0.45,29.3
2024-02-11,MP0610,0.496,28.2
2024-02-11,MP0611,0.555,25.5
2024-02-11,MP0413,0.56,28.6
2024-02-11,MP0414,0.479,26.5
2024-02-11,MP0415,0.509,29.8
2024-02-11,MP0513,0.532,28.5
2024-02-11,MP0514,0.479,24.9
2024-02-11,MP0515,0.503,28.9
2024-02-11,MP0516,0.48,27.2
2024-02-11,MP0612,0.507,28.1
2024-02-11,MP0613,0.536,30.0
2024-02-11,MP0614,0.542,26.1
2024-02-18,MP0101,0.566,29.0
2024-02-18,MP0102,0.549,29.0
2024-02-18,MP0103,0.538,30.6
2024-02-18,MP0201,0.591,27.5
2024-02-18,MP0202,,
2024-02-18,MP0203,0.569,29.9
2024-02-18,MP0204,0.634,29.4
2024-02-18,MP0301,0.503,26.5
2024-02-18,MP0302,0.588,29.4
2024-02-18,MP0303,0.622,28.9
2024-02-18,MP0104,0.436,29.1
2024-02-18,MP0105,0.561,29.7
2024-02-18,MP0106,0.522,31.1
2024-02-18,MP0205,,
2024-02-18,MP0206,0.529,31.3
2024-02-18,MP0207,0.48,28.2
2024-02-18,MP0208,0.573,31.7
2024-02-18,MP0304,,
2024-02-18,MP0305,0.587,28.0
2024-02-18,MP0306,,
2024-02-18,MP0107,0.577,26.2
2024-02-18,MP0108,0.488,24.7
2024-02-18,MP0109,0.495,29.5
2024-02-18,MP0209,0.54,27.3
2024-02-18,MP0210,0.529,29.3
2024-02-18,MP0211,0.555,28.7
2024-02-18,MP0307,0.47,29.1
2024-02-18,MP0308,0.603,28.8
2024-02-18,MP0309,0.555,29.6
2024-02-18,MP0310,0.578,27.2
2024-02-18,MP0110,0.511,31.0
2024-02-18,MP0111,0.471,30.4
2024-02-18,MP0112,0.501,30.5
2024-02-18,MP0212,0.574,27.5
2024-02-18,MP0213,,
2024-02-18,MP0214,,
2024-02-18,MP0215,0.544,29.9
2024-02-18,MP0311,0.473,28.7
2024-02-18,MP0312,0.483,30.2
2024-02-18,MP0313,0.492,29.4
2024-02-18,MP0113,0.548,28.8
2024-02-18,MP0401,,
2024-02-18,MP0402,0.428,29.4
2024-02-18,MP0216,0.608,26.4
2024-02-18,MP0501,,
2024-02-18,MP0502,0.516,29.6
2024-02-18,MP0314,0.585,28.0
2024-02-18,MP0315,0.521,27.9
2024-02-18,MP0601,0.56,27.6
2024-02-18,MP0316,0.48,29.2
2024-02-18,MP0403,0.511,27.5
2024-02-18,MP0404,0.466,30.0
2024-02-18,MP0405,0.429,29.2
2024-02-18,MP0503,0.461,30.7
2024-02-18,MP0504,0.55,29.8
2024-02-18,MP0505,0.496,30.1
2024-02-18,MP0506,0.445,32.3
2024-02-18,MP0602,0.447,31.5
2024-02-18,MP0603,0.567,29.0
2024-02-18,MP0604,0.628,28.3
2024-02-18,MP0406,0.488,26.5
2024-02-18,MP0407,0.437,28.6
2024-02-18,MP0408,0.521,27.7
2024-02-18,MP0507,0.52,28.5
2024-02-18,MP0508,0.412,28.8
2024-02-18,MP0509,0.371,29.2
2024-02-18,MP0510,0.402,30.3
2024-02-18,MP0605,0.496,32.1
2024-02-18,MP0606,0.529,28.9
2024-02-18,MP0607,0.523,27.3
2024-02-18,MP0409,,
2024-02-18,MP0410,0.486,29.7
2024-02-18,MP0411,0.547,26.5
2024-02-18,MP0412,0.456,26.7
2024-02-18,MP0511,0.516,29.5
2024-02-18,MP0512,0.432,30.5
2024-02-18,MP0608,0.449,28.9
2024-02-18,MP0609,0.523,28.6
2024-02-18,MP0610,0.443,28.3
2024-02-18,MP0611,0.482,29.0
2024-02-18,MP0413,0.52,26.1
2024-02-18,MP0414,0.507,30.7
2024-02-18,MP0415,0.554,26.3
2024-02-18,MP0513,0.495,26.1
2024-02-18,MP0514,0.453,30.5
2024-02-18,MP0515,0.506,31.5
2024-02-18,MP0516,0.459,31.2
2024-02-18,MP0612,0.465,31.0
2024-02-18,MP0613,0.52,29.7
2024-02-18,MP0614,0.543,28.3
2024-02-25,MP0101,0.553,24.8
2024-02-25,MP0102,0.595,27.4
2024-02-25,MP0103,0.526,30.1
2024-02-25,MP0201,0.593,27.3
2024-02-25,MP0202,0.619,28.4
2024-02-25,MP0203,0.584,29.3
2024-02-25,MP0204,0.564,27.7
2024-02-25,MP0301,0.537,30.7
2024-02-25,MP0302,0.614,27.3
2024-02-25,MP0303,0.63,26.8
2024-02-25,MP0104,0.465,25.8
2024-02-25,MP0105,0.594,31.9
2024-02-25,MP0106,0.53,28.0
2024-02-25,MP0205,0.506,27.8
2024-02-25,MP0206,0.496,26.1
2024-02-25,MP0207,0.506,29.0
2024-02-25,MP0208,0.613,29.4
2024-02-25,MP0304,0.558,29.4
2024-02-25,MP0305,0.565,31.2
2024-02-25,MP0306,,
2024-02-25,MP0107,0.566,27.0
2024-02-25,MP0108,0.456,29.0
2024-02-25,MP0109,0.528,30.5
2024-02-25,MP0209,0.478,28.3
2024-02-25,MP0210,0.537,27.5
2024-02-25,MP0211,0.548,26.8
2024-02-25,MP0307,0.472,27.7
2024-02-25,MP0308,0.576,29.3
2024-02-25,MP0309,0.517,28.7
2024-02-25,MP0310,0.574,28.2
2024-02-25,MP0110,0.539,27.4
2024-02-25,MP0111,0.485,30.2
2024-02-25,MP0112,0.53,28.0
2024-02-25,MP0212,0.594,27.3
2024-02-25,MP0213,0.49,32.1
2024-02-25,MP0214,0.477,29.5
2024-02-25,MP0215,0.525,25.6
2024-02-25,MP0311,0.556,28.3
2024-02-25,MP0312,0.477,27.6
2024-02-25,MP0313,0.532,30.9
2024-02-25,MP0113,0.577,27.3
2024-02-25,MP0401,0.513,31.6
2024-02-25,MP0402,0.39,29.4
2024-02-25,MP0216,0.566,27.8
2024-02-25,MP0501,,
2024-02-25,MP0502,0.573,27.7
2024-02-25,MP0314,,
2024-02-25,MP0315,0.497,31.3
2024-02-25,MP0601,0.529,29.7
2024-02-25,MP0316,0.524,28.6
2024-02-25,MP0403,0.501,31.5
2024-02-25,MP0404,0.456,29.1
2024-02-25,MP0405,0.464,26.9
2024-02-25,MP0503,0.428,27.5
2024-02-25,MP0504,0.572,28.9
2024-02-25,MP0505,0.563,29.8
2024-02-25,MP0506,0.507,30.4
2024-02-25,MP0602,,
2024-02-25,MP0603,0.497,31.8
2024-02-25,MP0604,0.583,26.3
2024-02-25,MP0406,0.485,28.4
2024-02-25,MP0407,0.455,27.6
2024-02-25,MP0408,0.594,29.6
2024-02-25,MP0507,0.538,29.5
2024-02-25,MP0508,0.434,29.0
2024-02-25,MP0509,0.396,27.3
2024-02-25,MP0510,0.461,28.0
2024-02-25,MP0605,0.555,31.4
2024-02-25,MP0606,0.555,28.2
2024-02-25,MP0607,0.543,28.6
2024-02-25,MP0409,0.457,27.6
2024-02-25,MP0410,0.473,27.6
2024-02-25,MP0411,0.625,29.5
2024-02-25,MP0412,,
2024-02-25,MP0511,0.496,26.7
2024-02-25,MP0512,,
2024-02-25,MP0608,0.494,29.0
2024-02-25,MP0609,0.497,28.9
2024-02-25,MP0610,0.561,27.7
2024-02-25,MP0611,0.481,29.2
2024-02-25,MP0413,0.602,26.8
2024-02-25,MP0414,0.472,27.4
2024-02-25,MP0415,0.565,28.4
2024-02-25,MP0513,0.546,28.1
2024-02-25,MP0514,,
2024-02-25,MP0515,0.552,26.0
2024-02-25,MP0516,0.483,28.8
2024-02-25,MP0612,0.539,28.1
2024-02-25,MP0613,0.561,30.5
2024-02-25,MP0614,0.562,30.7
2024-03-03,MP0101,0.574,28.9
2024-03-03,MP0102,0.564,29.6
2024-03-03,MP0103,0.48,31.5
2024-03-03,MP0201,0.605,32.7
2024-03-03,MP0202,0.615,28.7
2024-03-03,MP0203,0.551,30.1
2024-03-03,MP0204,0.586,27.3
2024-03-03,MP0301,0.506,32.2
2024-03-03,MP0302,0.575,30.3
2024-03-03,MP0303,0.676,29.0
2024-03-03,MP0104,0.392,31.1
2024-03-03,MP0105,0.544,28.4
2024-03-03,MP0106,0.558,32.1
2024-03-03,MP0205,,
2024-03-03,MP0206,0.546,30.6
2024-03-03,MP0207,0.452,32.5
2024-03-03,MP0208,0.582,29.4
2024-03-03,MP0304,0.561,29.3
2024-03-03,MP0305,0.549,32.3
2024-03-03,MP0306,0.531,30.7
2024-03-03,MP0107,0.602,32.4
2024-03-03,MP0108,0.524,33.4
2024-03-03,MP0109,0.55,28.1
2024-03-03,MP0209,0.521,31.7
2024-03-03,MP0210,0.549,30.2
2024-03-03,MP0211,0.552,32.3
2024-03-03,MP0307,,
2024-03-03,MP0308,0.579,31.0
2024-03-03,MP0309,0.54,27.4
2024-03-03,MP0310,0.574,32.5
2024-03-03,MP0110,0.503,30.2
2024-03-03,MP0111,0.502,31.9
2024-03-03,MP0112,0.461,30.7
2024-03-03,MP0212,0.58,30.2
2024-03-03,MP0213,0.514,31.0
2024-03-03,MP0214,0.478,32.1
2024-03-03,MP0215,0.521,31.0
2024-03-03,MP0311,0.472,30.2
2024-03-03,MP0312,0.554,29.0
2024-03-03,MP0313,0.477,29.8
2024-03-03,MP0113,0.593,27.9
2024-03-03,MP0401,0.446,30.5
2024-03-03,MP0402,0.459,30.3
2024-03-03,MP0216,0.576,30.8
2024-03-03,MP0501,0.537,31.2
2024-03-03,MP0502,0.547,31.6
2024-03-03,MP0314,0.561,28.8
2024-03-03,MP0315,0.454,30.6
2024-03-03,MP0601,0.521,31.3
2024-03-03,MP0316,0.505,32.3
2024-03-03,MP0403,0.5,29.5
2024-03-03,MP0404,0.428,28.2
2024-03-03,MP0405,0.44,30.1
2024-03-03,MP0503,0.395,30.8
2024-03-03,MP0504,0.527,28.6
2024-03-03,MP0505,0.558,28.3
2024-03-03,MP0506,0.55,27.2
2024-03-03,MP0602,0.432,31.4
2024-03-03,MP0603,0.525,29.4
2024-03-03,MP0604,0.662,27.7
2024-03-03,MP0406,0.552,30.3
2024-03-03,MP0407,0.466,33.0
2024-03-03,MP0408,0.567,27.1
2024-03-03,MP0507,0.501,32.4
2024-03-03,MP0508,0.402,29.2
2024-03-03,MP0509,,
2024-03-03,MP0510,0.496,30.9
2024-03-03,MP0605,0.584,30.2
2024-03-03,MP0606,0.554,28.2
2024-03-03,MP0607,0.559,30.3
2024-03-03,MP0409,0.408,28.2
2024-03-03,MP0410,0.443,30.1
2024-03-03,MP0411,0.558,29.7
2024-03-03,MP0412,0.415,29.2
2024-03-03,MP0511,0.536,30.3
2024-03-03,MP0512,0.5,29.8
2024-03-03,MP0608,0.442,30.9
2024-03-03,MP0609,0.511,27.7
2024-03-03,MP0610,0.525,29.5
2024-03-03,MP0611,0.522,28.4
2024-03-03,MP0413,0.561,30.2
2024-03-03,MP0414,0.471,29.8
2024-03-03,MP0415,0.556,29.6
2024-03-03,MP0513,0.558,29.1
2024-03-03,MP0514,0.476,31.4
2024-03-03,MP0515,0.488,30.6
2024-03-03,MP0516,0.503,30.2
2024-03-03,MP0612,0.583,31.9
2024-03-03,MP0613,,
2024-03-03,MP0614,0.564,29.7
2024-03-10,MP0101,0.557,32.6
2024-03-10,MP0102,0.516,30.8
2024-03-10,MP0103,,
2024-03-10,MP0201,0.565,30.5
2024-03-10,MP0202,0.598,34.3
2024-03-10,MP0203,0.557,32.6
2024-03-10,MP0204,0.539,31.4
2024-03-10,MP0301,0.493,32.5
2024-03-10,MP0302,0.596,33.4
2024-03-10,MP0303,,
2024-03-10,MP0104,0.452,34.8
2024-03-10,MP0105,0.548,31.7
2024-03-10,MP0106,0.593,35.1
2024-03-10,MP0205,,
2024-03-10,MP0206,,
2024-03-10,MP0207,0.432,31.2
2024-03-10,MP0208,0.569,31.7
2024-03-10,MP0304,0.492,29.8
2024-03-10,MP0305,0.52,30.9
2024-03-10,MP0306,0.521,29.7
2024-03-10,MP0107,0.496,31.0
2024-03-10,MP0108,0.495,33.0
2024-03-10,MP0109,0.476,33.3
2024-03-10,MP0209,0.469,33.0
2024-03-10,MP0210,0.516,32.4
2024-03-10,MP0211,0.535,33.5
2024-03-10,MP0307,0.453,32.5
2024-03-10,MP0308,0.56,33.4
2024-03-10,MP0309,0.575,30.6
2024-03-10,MP0310,0.594,31.5
2024-03-10,MP0110,0.47,33.2
2024-03-10,MP0111,0.445,30.9
2024-03-10,MP0112,0.527,33.4
2024-03-10,MP0212,0.518,33.5
2024-03-10,MP0213,0.488,32.0
2024-03-10,MP0214,0.472,34.6
2024-03-10,MP0215,,
2024-03-10,MP0311,,
2024-03-10,MP0312,0.434,33.0
2024-03-10,MP0313,0.437,34.4
2024-03-10,MP0113,0.544,32.4
2024-03-10,MP0401,0.417,36.1
2024-03-10,MP0402,0.433,34.1
2024-03-10,MP0216,0.562,31.4
2024-03-10,MP0501,0.497,31.7
2024-03-10,MP0502,,
2024-03-10,MP0314,0.515,33.5
2024-03-10,MP0315,0.454,32.2
2024-03-10,MP0601,,
2024-03-10,MP0316,0.412,31.6
2024-03-10,MP0403,,
2024-03-10,MP0404,0.415,33.3
2024-03-10,MP0405,0.496,33.8
2024-03-10,MP0503,0.338,29.8
2024-03-10,MP0504,0.515,31.3
2024-03-10,MP0505,0.537,33.5
2024-03-10,MP0506,0.475,29.7
2024-03-10,MP0602,0.406,33.3
2024-03-10,MP0603,0.473,33.0
2024-03-10,MP0604,0.656,32.0
2024-03-10,MP0406,,
2024-03-10,MP0407,,
2024-03-10,MP0408,0.516,31.9
2024-03-10,MP0507,0.502,34.6
2024-03-10,MP0508,0.438,33.9
2024-03-10,MP0509,0.399,33.8
2024-03-10,MP0510,0.447,32.8
2024-03-10,MP0605,0.506,29.8
2024-03-10,MP0606,0.492,32.2
2024-03-10,MP0607,0.491,31.9
2024-03-10,MP0409,0.428,32.3
2024-03-10,MP0410,0.501,35.0
2024-03-10,MP0411,,
2024-03-10,MP0412,,
2024-03-10,MP0511,0.485,33.7
2024-03-10,MP0512,0.403,30.8
2024-03-10,MP0608,,
2024-03-10,MP0609,0.478,31.3
2024-03-10,MP0610,0.489,32.7
2024-03-10,MP0611,0.548,31.5
2024-03-10,MP0413,0.546,32.7
2024-03-10,MP0414,0.496,32.8
2024-03-10,MP0415,0.527,32.5
2024-03-10,MP0513,0.516,31.9
2024-03-10,MP0514,0.504,30.5
2024-03-10,MP0515,0.562,31.8
2024-03-10,MP0516,,
2024-03-10,MP0612,0.562,31.0
2024-03-10,MP0613,0.558,31.3
2024-03-10,MP0614,0.558,28.8
2024-03-17,MP0101,0.488,37.1
2024-03-17,MP0102,0.48,37.9
2024-03-17,MP0103,0.46,37.6
2024-03-17,MP0201,0.549,36.5
2024-03-17,MP0202,0.537,35.0
2024-03-17,MP0203,0.5,36.5
2024-03-17,MP0204,0.494,35.3
2024-03-17,MP0301,0.41,40.6
2024-03-17,MP0302,0.522,33.8
2024-03-17,MP0303,0.529,34.8
2024-03-17,MP0104,0.402,35.8
2024-03-17,MP0105,0.559,37.8
2024-03-17,MP0106,0.48,39.5
2024-03-17,MP0205,0.507,33.9
2024-03-17,MP0206,0.392,36.1
2024-03-17,MP0207,0.459,38.1
2024-03-17,MP0208,0.466,37.1
2024-03-17,MP0304,0.511,34.4
2024-03-17,MP0305,0.516,36.6
2024-03-17,MP0306,0.452,38.3
2024-03-17,MP0107,0.51,36.6
2024-03-17,MP0108,0.396,37.6
2024-03-17,MP0109,0.468,37.3
2024-03-17,MP0209,0.464,35.6
2024-03-17,MP0210,0.519,37.2
2024-03-17,MP0211,0.494,38.2
2024-03-17,MP0307,0.37,38.3
2024-03-17,MP0308,0.551,35.6
2024-03-17,MP0309,0.573,37.1
2024-03-17,MP0310,0.573,37.3
2024-03-17,MP0110,,
2024-03-17,MP0111,0.456,36.6
2024-03-17,MP0112,0.493,36.6
2024-03-17,MP0212,0.579,37.3
2024-03-17,MP0213,0.43,38.8
2024-03-17,MP0214,0.493,37.0
2024-03-17,MP0215,0.554,34.0
2024-03-17,MP0311,0.442,35.3
2024-03-17,MP0312,0.472,34.3
2024-03-17,MP0313,0.451,37.9
2024-03-17,MP0113,0.576,36.5
2024-03-17,MP0401,0.481,39.4
2024-03-17,MP0402,0.426,37.7
2024-03-17,MP0216,0.514,35.5
2024-03-17,MP0501,,
2024-03-17,MP0502,0.523,34.7
2024-03-17,MP0314,0.455,35.6
2024-03-17,MP0315,0.452,35.4
2024-03-17,MP0601,0.427,36.3
2024-03-17,MP0316,0.461,39.1
2024-03-17,MP0403,0.445,37.6
2024-03-17,MP0404,,
2024-03-17,MP0405,,
2024-03-17,MP0503,0.295,35.2
2024-03-17,MP0504,0.537,33.9
2024-03-17,MP0505,,
2024-03-17,MP0506,0.462,36.2
2024-03-17,MP0602,0.4,39.4
2024-03-17,MP0603,0.437,34.9
2024-03-17,MP0604,0.542,35.0
2024-03-17,MP0406,0.466,35.9
2024-03-17,MP0407,0.444,39.7
2024-03-17,MP0408,0.449,37.5
2024-03-17,MP0507,,
2024-03-17,MP0508,0.41,38.1
2024-03-17,MP0509,0.293,39.3
2024-03-17,MP0510,0.396,39.7
2024-03-17,MP0605,0.486,36.5
2024-03-17,MP0606,0.526,38.1
2024-03-17,MP0607,0.483,38.1
2024-03-17,MP0409,0.487,34.9
2024-03-17,MP0410,0.464,36.7
2024-03-17,MP0411,0.457,37.0
2024-03-17,MP0412,,
2024-03-17,MP0511,0.496,38.3
2024-03-17,MP0512,0.449,38.3
2024-03-17,MP0608,0.418,35.9
2024-03-17,MP0609,0.418,36.5
2024-03-17,MP0610,0.507,37.7
2024-03-17,MP0611,0.498,37.7
2024-03-17,MP0413,0.542,34.0
2024-03-17,MP0414,0.446,37.2
2024-03-17,MP0415,,
2024-03-17,MP0513,0.525,37.0
2024-03-17,MP0514,0.437,38.0
2024-03-17,MP0515,0.501,36.0
2024-03-17,MP0516,0.474,33.6
2024-03-17,MP0612,0.479,39.4
2024-03-17,MP0613,0.486,38.1
2024-03-17,MP0614,0.5,37.2
2024-03-24,MP0101,0.429,39.6
2024-03-24,MP0102,0.415,34.9
2024-03-24,MP0103,,
2024-03-24,MP0201,0.491,36.5
2024-03-24,MP0202,0.449,37.1
2024-03-24,MP0203,0.478,33.9
2024-03-24,MP0204,0.461,37.7
2024-03-24,MP0301,0.425,37.8
2024-03-24,MP0302,0.468,35.1
2024-03-24,MP0303,0.521,33.4
2024-03-24,MP0104,0.402,34.6
2024-03-24,MP0105,,
2024-03-24,MP0106,0.441,35.2
2024-03-24,MP0205,0.468,37.5
2024-03-24,MP0206,0.445,37.6
2024-03-24,MP0207,,
2024-03-24,MP0208,0.483,39.1
2024-03-24,MP0304,0.48,34.6
2024-03-24,MP0305,0.517,37.0
2024-03-24,MP0306,0.405,39.0
2024-03-24,MP0107,0.45,37.3
2024-03-24,MP0108,0.362,39.6
2024-03-24,MP0109,0.439,36.3
2024-03-24,MP0209,0.434,38.2
2024-03-24,MP0210,0.481,39.5
2024-03-24,MP0211,0.419,36.7
2024-03-24,MP0307,0.421,34.8
2024-03-24,MP0308,0.506,36.6
2024-03-24,MP0309,0.428,33.0
2024-03-24,MP0310,0.513,35.9
2024-03-24,MP0110,0.453,39.2
2024-03-24,MP0111,0.403,35.6
2024-03-24,MP0112,0.472,36.0
2024-03-24,MP0212,0.428,34.2
2024-03-24,MP0213,0.386,35.3
2024-03-24,MP0214,0.413,36.0
2024-03-24,MP0215,0.49,38.3
2024-03-24,MP0311,0.455,37.1
2024-03-24,MP0312,0.41,35.4
2024-03-24,MP0313,,
2024-03-24,MP0113,0.481,38.0
2024-03-24,MP0401,0.403,41.1
2024-03-24,MP0402,0.425,36.6
2024-03-24,MP0216,,
2024-03-24,MP0501,0.435,37.4
2024-03-24,MP0502,,
2024-03-24,MP0314,0.445,37.9
2024-03-24,MP0315,0.419,36.6
2024-03-24,MP0601,0.524,38.6
2024-03-24,MP0316,,
2024-03-24,MP0403,0.393,39.1
2024-03-24,MP0404,0.4,40.5
2024-03-24,MP0405,0.391,38.5
2024-03-24,MP0503,0.365,36.2
2024-03-24,MP0504,0.465,35.0
2024-03-24,MP0505,,
2024-03-24,MP0506,,
2024-03-24,MP0602,,
2024-03-24,MP0603,0.447,38.6
2024-03-24,MP0604,0.495,33.5
2024-03-24,MP0406,0.415,37.1
2024-03-24,MP0407,0.399,35.4
2024-03-24,MP0408,0.439,37.4
2024-03-24,MP0507,0.434,38.2
2024-03-24,MP0508,0.403,36.5
2024-03-24,MP0509,0.33,39.4
2024-03-24,MP0510,0.373,38.4
2024-03-24,MP0605,0.48,34.5
2024-03-24,MP0606,0.477,35.4
2024-03-24,MP0607,,
2024-03-24,MP0409,0.369,39.5
2024-03-24,MP0410,0.399,35.8
2024-03-24,MP0411,0.5,33.6
2024-03-24,MP0412,0.386,38.5
2024-03-24,MP0511,0.47,37.0
2024-03-24,MP0512,0.427,40.7
2024-03-24,MP0608,0.325,37.3
2024-03-24,MP0609,0.427,36.2
2024-03-24,MP0610,0.434,36.4
2024-03-24,MP0611,0.407,36.5
2024-03-24,MP0413,0.432,38.6
2024-03-24,MP0414,0.455,36.2
2024-03-24,MP0415,,
2024-03-24,MP0513,0.479,36.9
2024-03-24,MP0514,0.373,36.4
2024-03-24,MP0515,0.434,37.0
2024-03-24,MP0516,0.464,37.2
2024-03-24,MP0612,0.46,38.4
2024-03-24,MP0613,0.455,35.7
2024-03-24,MP0614,0.462,35.6
2024-03-31,MP0101,0.443,41.4
2024-03-31,MP0102,0.472,39.2
2024-03-31,MP0103,0.381,39.0
2024-03-31,MP0201,,
2024-03-31,MP0202,0.4,40.7
2024-03-31,MP0203,0.462,39.7
2024-03-31,MP0204,0.383,38.0
2024-03-31,MP0301,0.415,40.7
2024-03-31,MP0302,0.45,38.8
2024-03-31,MP0303,0.437,38.2
2024-03-31,MP0104,0.34,41.3
2024-03-31,MP0105,0.41,40.1
2024-03-31,MP0106,0.424,41.2
2024-03-31,MP0205,0.455,39.3
2024-03-31,MP0206,0.385,40.6
2024-03-31,MP0207,0.347,43.6
2024-03-31,MP0208,0.431,40.5
2024-03-31,MP0304,0.38,40.4
2024-03-31,MP0305,0.374,41.2
2024-03-31,MP0306,,
2024-03-31,MP0107,0.422,40.8
2024-03-31,MP0108,0.43,39.8
2024-03-31,MP0109,0.42,41.1
2024-03-31,MP0209,0.428,43.1
2024-03-31,MP0210,0.398,41.0
2024-03-31,MP0211,0.384,38.7
2024-03-31,MP0307,0.361,41.7
2024-03-31,MP0308,0.467,41.1
2024-03-31,MP0309,0.345,38.7
2024-03-31,MP0310,0.44,43.6
2024-03-31,MP0110,0.372,39.9
2024-03-31,MP0111,0.361,39.1
2024-03-31,MP0112,0.41,37.1
2024-03-31,MP0212,0.412,42.0
2024-03-31,MP0213,0.383,40.0
2024-03-31,MP0214,0.374,38.7
2024-03-31,MP0215,0.44,39.7
2024-03-31,MP0311,0.416,39.9
2024-03-31,MP0312,0.356,42.4
2024-03-31,MP0313,0.374,42.3
2024-03-31,MP0113,0.416,37.0
2024-03-31,MP0401,0.349,45.4
2024-03-31,MP0402,0.357,41.0
2024-03-31,MP0216,0.364,39.2
2024-03-31,MP0501,0.379,39.4
2024-03-31,MP0502,,
2024-03-31,MP0314,0.391,39.9
2024-03-31,MP0315,0.364,40.7
2024-03-31,MP0601,0.352,38.6
2024-03-31,MP0316,0.399,40.8
2024-03-31,MP0403,0.394,42.7
2024-03-31,MP0404,0.332,41.1
2024-03-31,MP0405,0.361,43.0
2024-03-31,MP0503,0.318,41.4
2024-03-31,MP0504,0.463,37.7
2024-03-31,MP0505,0.437,40.1
2024-03-31,MP0506,,
2024-03-31,MP0602,0.29,39.0
2024-03-31,MP0603,0.407,39.2
2024-03-31,MP0604,0.493,38.9
2024-03-31,MP0406,0.368,42.1
2024-03-31,MP0407,0.332,38.9
2024-03-31,MP0408,0.37,42.0
2024-03-31,MP0507,0.428,42.4
2024-03-31,MP0508,0.325,41.2
2024-03-31,MP0509,0.241,40.7
2024-03-31,MP0510,,
2024-03-31,MP0605,,
2024-03-31,MP0606,0.379,39.3
2024-03-31,MP0607,0.356,41.8
2024-03-31,MP0409,0.334,38.4
2024-03-31,MP0410,0.354,41.3
2024-03-31,MP0411,0.48,37.6
2024-03-31,MP0412,,
2024-03-31,MP0511,0.395,41.5
2024-03-31,MP0512,0.363,38.9
2024-03-31,MP0608,0.378,42.5
2024-03-31,MP0609,0.383,41.9
2024-03-31,MP0610,0.342,39.1
2024-03-31,MP0611,0.367,42.1
2024-03-31,MP0413,,
2024-03-31,MP0414,0.366,42.7
2024-03-31,MP0415,0.423,38.7
2024-03-31,MP0513,0.403,39.5
2024-03-31,MP0514,0.402,40.9
2024-03-31,MP0515,0.419,39.7
2024-03-31,MP0516,0.434,40.1
2024-03-31,MP0612,0.449,44.2
2024-03-31,MP0613,0.462,40.1
2024-03-31,MP0614,0.431,40.2
2024-04-07,MP0101,0.372,37.9
2024-04-07,MP0102,0.354,38.9
2024-04-07,MP0103,0.372,40.6
2024-04-07,MP0201,0.389,38.4
2024-04-07,MP0202,0.422,35.8
2024-04-07,MP0203,0.368,37.6
2024-04-07,MP0204,0.425,37.5
2024-04-07,MP0301,0.296,39.0
2024-04-07,MP0302,0.407,37.5
2024-04-07,MP0303,0.401,37.3
2024-04-07,MP0104,0.33,36.5
2024-04-07,MP0105,0.375,37.9
2024-04-07,MP0106,,
2024-04-07,MP0205,0.37,39.4
2024-04-07,MP0206,0.317,36.0
2024-04-07,MP0207,0.363,39.4
2024-04-07,MP0208,0.356,35.3
2024-04-07,MP0304,0.412,34.7
2024-04-07,MP0305,0.349,37.6
2024-04-07,MP0306,0.392,35.8
2024-04-07,MP0107,0.357,40.3
2024-04-07,MP0108,,
2024-04-07,MP0109,0.343,37.7
2024-04-07,MP0209,0.385,37.6
2024-04-07,MP0210,0.33,38.6
2024-04-07,MP0211,0.365,37.4
2024-04-07,MP0307,0.355,38.5
2024-04-07,MP0308,0.408,39.2
2024-04-07,MP0309,0.433,38.0
2024-04-07,MP0310,0.354,36.3
2024-04-07,MP0110,,
2024-04-07,MP0111,0.359,35.9
2024-04-07,MP0112,0.341,37.0
2024-04-07,MP0212,0.405,36.7
2024-04-07,MP0213,0.365,39.0
2024-04-07,MP0214,0.375,38.0
2024-04-07,MP0215,0.374,39.7
2024-04-07,MP0311,0.354,39.8
2024-04-07,MP0312,0.366,38.8
2024-04-07,MP0313,0.375,40.5
2024-04-07,MP0113,,
2024-04-07,MP0401,0.306,39.4
2024-04-07,MP0402,0.344,37.8
2024-04-07,MP0216,0.309,35.9
2024-04-07,MP0501,0.369,37.3
2024-04-07,MP0502,,
2024-04-07,MP0314,0.366,38.8
2024-04-07,MP0315,,
2024-04-07,MP0601,0.415,40.0
2024-04-07,MP0316,0.331,39.4
2024-04-07,MP0403,0.325,39.4
2024-04-07,MP0404,0.307,39.4
2024-04-07,MP0405,0.343,40.8
2024-04-07,MP0503,,
2024-04-07,MP0504,0.354,37.6
2024-04-07,MP0505,0.341,37.1
2024-04-07,MP0506,0.387,39.1
2024-04-07,MP0602,,
2024-04-07,MP0603,0.38,37.7
2024-04-07,MP0604,0.413,39.6
2024-04-07,MP0406,0.403,36.8
2024-04-07,MP0407,0.327,37.8
2024-04-07,MP0408,0.349,37.3
2024-04-07,MP0507,0.42,39.2
2024-04-07,MP0508,0.293,38.6
2024-04-07,MP0509,0.277,40.7
2024-04-07,MP0510,0.282,40.8
2024-04-07,MP0605,0.372,38.0
2024-04-07,MP0606,0.334,37.9
2024-04-07,MP0607,,
2024-04-07,MP0409,0.315,36.5
2024-04-07,MP0410,0.36,37.4
2024-04-07,MP0411,,
2024-04-07,MP0412,0.339,38.4
2024-04-07,MP0511,0.366,40.9
2024-04-07,MP0512,0.29,40.5
2024-04-07,MP0608,0.318,40.8
2024-04-07,MP0609,0.338,37.5
2024-04-07,MP0610,0.345,37.3
2024-04-07,MP0611,0.397,39.2
2024-04-07,MP0413,0.362,38.1
2024-04-07,MP0414,,
2024-04-07,MP0415,0.371,36.9
2024-04-07,MP0513,0.37,38.3
2024-04-07,MP0514,0.409,40.0
2024-04-07,MP0515,0.387,37.8
2024-04-07,MP0516,0.32,37.0
2024-04-07,MP0612,0.333,38.5
2024-04-07,MP0613,0.387,37.2
2024-04-07,MP0614,0.415,39.3
2024-04-14,MP0101,0.305,42.7
2024-04-14,MP0102,0.327,42.8
2024-04-14,MP0103,,
2024-04-14,MP0201,0.357,43.9
2024-04-14,MP0202,0.346,43.8
2024-04-14,MP0203,0.381,41.3
2024-04-14,MP0204,0.346,46.7
2024-04-14,MP0301,0.321,46.0
2024-04-14,MP0302,0.416,41.9
2024-04-14,MP0303,0.364,42.4
2024-04-14,MP0104,0.247,43.7
2024-04-14,MP0105,0.308,45.9
2024-04-14,MP0106,,
2024-04-14,MP0205,0.36,44.1
2024-04-14,MP0206,0.376,45.0
2024-04-14,MP0207,0.29,44.6
2024-04-14,MP0208,0.338,44.7
2024-04-14,MP0304,0.271,42.6
2024-04-14,MP0305,0.315,41.8
2024-04-14,MP0306,0.339,43.7
2024-04-14,MP0107,0.274,42.8
2024-04-14,MP0108,0.253,44.9
2024-04-14,MP0109,0.342,43.2
2024-04-14,MP0209,0.306,43.9
2024-04-14,MP0210,0.323,45.8
2024-04-14,MP0211,0.355,45.5
2024-04-14,MP0307,,
2024-04-14,MP0308,0.345,45.6
2024-04-14,MP0309,0.34,40.0
2024-04-14,MP0310,0.298,44.6
2024-04-14,MP0110,0.363,46.4
2024-04-14,MP0111,0.36,42.8
2024-04-14,MP0112,0.324,47.9
2024-04-14,MP0212,0.287,43.8
2024-04-14,MP0213,0.323,44.9
2024-04-14,MP0214,0.389,44.8
2024-04-14,MP0215,0.361,44.2
2024-04-14,MP0311,0.281,40.8
2024-04-14,MP0312,,
2024-04-14,MP0313,0.279,45.5
2024-04-14,MP0113,0.341,44.6
2024-04-14,MP0401,0.285,45.5
2024-04-14,MP0402,0.262,41.3
2024-04-14,MP0216,0.348,44.2
2024-04-14,MP0501,0.346,43.0
2024-04-14,MP0502,0.288,43.5
2024-04-14,MP0314,0.326,42.2
2024-04-14,MP0315,0.307,44.1
2024-04-14,MP0601,0.357,42.7
2024-04-14,MP0316,0.301,42.3
2024-04-14,MP0403,0.323,44.2
2024-04-14,MP0404,0.247,43.3
2024-04-14,MP0405,0.294,44.2
2024-04-14,MP0503,0.231,45.4
2024-04-14,MP0504,0.32,42.7
2024-04-14,MP0505,0.319,42.1
2024-04-14,MP0506,0.325,44.7
2024-04-14,MP0602,0.258,43.8
2024-04-14,MP0603,0.284,47.1
2024-04-14,MP0604,0.317,42.6
2024-04-14,MP0406,0.336,42.8
2024-04-14,MP0407,0.32,43.7
2024-04-14,MP0408,0.286,42.5
2024-04-14,MP0507,0.268,47.4
2024-04-14,MP0508,0.265,43.2
2024-04-14,MP0509,0.233,46.5
2024-04-14,MP0510,0.343,47.0
2024-04-14,MP0605,0.342,41.5
2024-04-14,MP0606,0.298,42.2
2024-04-14,MP0607,0.31,44.7
2024-04-14,MP0409,0.308,43.7
2024-04-14,MP0410,0.313,44.1
2024-04-14,MP0411,0.37,40.4
2024-04-14,MP0412,0.287,49.9
2024-04-14,MP0511,0.321,42.8
2024-04-14,MP0512,0.337,44.5
2024-04-14,MP0608,0.268,42.6
2024-04-14,MP0609,,
2024-04-14,MP0610,0.27,41.9
2024-04-14,MP0611,0.281,42.6
2024-04-14,MP0413,0.335,41.5
2024-04-14,MP0414,0.302,41.2
2024-04-14,MP0415,0.268,44.5
2024-04-14,MP0513,0.296,46.2
2024-04-14,MP0514,0.296,47.8
2024-04-14,MP0515,0.335,45.3
2024-04-14,MP0516,0.288,41.5
2024-04-14,MP0612,0.288,44.7
2024-04-14,MP0613,0.309,42.1
2024-04-14,MP0614,0.405,46.3
2024-04-21,MP0101,0.257,40.1
2024-04-21,MP0102,0.265,44.3
2024-04-21,MP0103,0.316,45.2
2024-04-21,MP0201,0.306,44.8
2024-04-21,MP0202,0.294,42.5
2024-04-21,MP0203,,
2024-04-21,MP0204,0.297,42.4
2024-04-21,MP0301,0.26,44.0
2024-04-21,MP0302,0.313,39.8
2024-04-21,MP0303,0.284,40.9
2024-04-21,MP0104,0.292,43.9
2024-04-21,MP0105,0.283,46.9
2024-04-21,MP0106,0.264,44.1
2024-04-21,MP0205,0.281,41.6
2024-04-21,MP0206,0.339,42.0
2024-04-21,MP0207,0.291,44.4
2024-04-21,MP0208,0.273,45.9
2024-04-21,MP0304,0.321,43.1
2024-04-21,MP0305,0.353,43.6
2024-04-21,MP0306,0.315,42.5
2024-04-21,MP0107,0.293,43.6
2024-04-21,MP0108,0.258,46.4
2024-04-21,MP0109,0.273,42.8
2024-04-21,MP0209,,
2024-04-21,MP0210,0.244,44.7
2024-04-21,MP0211,0.245,42.5
2024-04-21,MP0307,0.274,46.8
2024-04-21,MP0308,0.281,40.1
2024-04-21,MP0309,0.301,44.8
2024-04-21,MP0310,0.287,47.5
2024-04-21,MP0110,,
2024-04-21,MP0111,0.23,44.4
2024-04-21,MP0112,,
2024-04-21,MP0212,,
2024-04-21,MP0213,,
2024-04-21,MP0214,0.318,44.0
2024-04-21,MP0215,0.276,43.3
2024-04-21,MP0311,0.255,45.8
2024-04-21,MP0312,0.258,43.3
2024-04-21,MP0313,0.28,43.9
2024-04-21,MP0113,,
2024-04-21,MP0401,0.262,41.3
2024-04-21,MP0402,0.36,46.6
2024-04-21,MP0216,0.337,41.9
2024-04-21,MP0501,0.266,41.4
2024-04-21,MP0502,0.308,44.1
2024-04-21,MP0314,0.304,43.0
2024-04-21,MP0315,0.302,43.4
2024-04-21,MP0601,0.303,44.4
2024-04-21,MP0316,0.248,45.3
2024-04-21,MP0403,0.255,41.7
2024-04-21,MP0404,0.279,44.3
2024-04-21,MP0405,0.287,48.1
2024-04-21,MP0503,0.235,43.8
2024-04-21,MP0504,0.29,41.7
2024-04-21,MP0505,0.312,42.8
2024-04-21,MP0506,0.26,43.2
2024-04-21,MP0602,0.276,44.1
2024-04-21,MP0603,0.3,43.4
2024-04-21,MP0604,0.384,45.2
2024-04-21,MP0406,,
2024-04-21,MP0407,0.27,46.0
2024-04-21,MP0408,0.23,43.5
2024-04-21,MP0507,0.34,45.7
2024-04-21,MP0508,0.23,41.2
2024-04-21,MP0509,0.204,45.5
2024-04-21,MP0510,0.236,44.0
2024-04-21,MP0605,,
2024-04-21,MP0606,0.26,44.4
2024-04-21,MP0607,0.293,43.1
2024-04-21,MP0409,0.273,41.4
2024-04-21,MP0410,0.318,46.2
2024-04-21,MP0411,0.287,43.1
2024-04-21,MP0412,0.293,43.7
2024-04-21,MP0511,0.272,43.5
2024-04-21,MP0512,0.26,42.5
2024-04-21,MP0608,0.208,43.8
2024-04-21,MP0609,0.261,43.8
2024-04-21,MP0610,0.242,44.9
2024-04-21,MP0611,0.279,45.8
2024-04-21,MP0413,0.26,41.0
2024-04-21,MP0414,0.21,41.6
2024-04-21,MP0415,0.295,43.3
2024-04-21,MP0513,0.272,44.5
2024-04-21,MP0514,0.322,42.6
2024-04-21,MP0515,0.196,43.8
2024-04-21,MP0516,0.26,42.7
2024-04-21,MP0612,0.275,44.8
2024-04-21,MP0613,0.306,44.4
2024-04-21,MP0614,0.245,45.4
2024-04-28,MP0101,0.216,44.0
2024-04-28,MP0102,0.214,42.2
2024-04-28,MP0103,0.268,43.8
2024-04-28,MP0201,0.284,42.1
2024-04-28,MP0202,0.264,40.9
2024-04-28,MP0203,0.263,40.2
2024-04-28,MP0204,0.267,43.7
2024-04-28,MP0301,0.27,45.4
2024-04-28,MP0302,0.251,41.9
2024-04-28,MP0303,0.289,39.6
2024-04-28,MP0104,,
2024-04-28,MP0105,,
2024-04-28,MP0106,0.242,43.8
2024-04-28,MP0205,0.237,40.7
2024-04-28,MP0206,0.209,44.2
2024-04-28,MP0207,0.28,44.5
2024-04-28,MP0208,0.232,43.8
2024-04-28,MP0304,0.26,41.1
2024-04-28,MP0305,0.212,46.4
2024-04-28,MP0306,0.207,42.3
2024-04-28,MP0107,0.304,43.0
2024-04-28,MP0108,0.242,43.0
2024-04-28,MP0109,0.251,41.4
2024-04-28,MP0209,0.24,39.4
2024-04-28,MP0210,0.244,40.8
2024-04-28,MP0211,0.249,41.7
2024-04-28,MP0307,0.268,44.5
2024-04-28,MP0308,0.297,43.3
2024-04-28,MP0309,0.274,40.5
2024-04-28,MP0310,0.25,43.2
2024-04-28,MP0110,,
2024-04-28,MP0111,0.318,42.5
2024-04-28,MP0112,0.346,40.7
2024-04-28,MP0212,0.237,43.2
2024-04-28,MP0213,0.219,42.1
2024-04-28,MP0214,0.264,41.6
2024-04-28,MP0215,0.274,42.6
2024-04-28,MP0311,0.231,40.4
2024-04-28,MP0312,0.32,40.8
2024-04-28,MP0313,0.295,44.5
2024-04-28,MP0113,0.281,44.4
2024-04-28,MP0401,0.281,47.1
2024-04-28,MP0402,0.201,42.0
2024-04-28,MP0216,0.254,41.4
2024-04-28,MP0501,0.26,43.2
2024-04-28,MP0502,0.314,39.9
2024-04-28,MP0314,0.254,42.2
2024-04-28,MP0315,0.211,46.0
2024-04-28,MP0601,0.302,40.5
2024-04-28,MP0316,0.231,43.3
2024-04-28,MP0403,,
2024-04-28,MP0404,0.221,43.2
2024-04-28,MP0405,0.24,41.2
2024-04-28,MP0503,0.211,44.2
2024-04-28,MP0504,0.252,40.6
2024-04-28,MP0505,0.308,38.3
2024-04-28,MP0506,0.269,42.7
2024-04-28,MP0602,0.169,42.4
2024-04-28,MP0603,0.228,41.4
2024-04-28,MP0604,0.326,42.5
2024-04-28,MP0406,0.257,40.9
2024-04-28,MP0407,0.255,41.9
2024-04-28,MP0408,0.282,43.6
2024-04-28,MP0507,0.291,43.9
2024-04-28,MP0508,0.208,41.9
2024-04-28,MP0509,0.22,47.7
2024-04-28,MP0510,,
2024-04-28,MP0605,,
2024-04-28,MP0606,0.329,43.8
2024-04-28,MP0607,0.204,42.1
2024-04-28,MP0409,0.294,39.8
2024-04-28,MP0410,0.216,41.5
2024-04-28,MP0411,0.268,41.3
2024-04-28,MP0412,0.273,41.8
2024-04-28,MP0511,0.267,43.0
2024-04-28,MP0512,0.258,41.5
2024-04-28,MP0608,0.277,41.2
2024-04-28,MP0609,,
2024-04-28,MP0610,,
2024-04-28,MP0611,0.199,43.5
2024-04-28,MP0413,0.291,38.9
2024-04-28,MP0414,0.217,42.3
2024-04-28,MP0415,0.231,40.8
2024-04-28,MP0513,0.262,40.6
2024-04-28,MP0514,0.285,43.1
2024-04-28,MP0515,0.239,41.4
2024-04-28,MP0516,0.255,41.2
2024-04-28,MP0612,0.207,43.4
2024-04-28,MP0613,0.242,41.2
2024-04-28,MP0614,0.283,41.0
2024-05-05,MP0101,0.188,49.8
2024-05-05,MP0102,0.255,48.5
2024-05-05,MP0103,,
2024-05-05,MP0201,0.277,46.3
2024-05-05,MP0202,0.234,46.0
2024-05-05,MP0203,0.262,44.7
2024-05-05,MP0204,0.217,41.4
2024-05-05,MP0301,,
2024-05-05,MP0302,0.25,44.2
2024-05-05,MP0303,0.24,43.1
2024-05-05,MP0104,0.249,46.9
2024-05-05,MP0105,,
2024-05-05,MP0106,0.274,45.6
2024-05-05,MP0205,0.225,44.9
2024-05-05,MP0206,0.271,49.5
2024-05-05,MP0207,0.228,45.7
2024-05-05,MP0208,0.247,48.0
2024-05-05,MP0304,0.2,48.0
2024-05-05,MP0305,0.23,46.6
2024-05-05,MP0306,0.242,43.9
2024-05-05,MP0107,0.231,45.1
2024-05-05,MP0108,0.228,49.0
2024-05-05,MP0109,0.244,46.5
2024-05-05,MP0209,,
2024-05-05,MP0210,0.239,48.3
2024-05-05,MP0211,0.219,43.6
2024-05-05,MP0307,0.198,45.8
2024-05-05,MP0308,0.27,43.6
2024-05-05,MP0309,0.23,46.9
2024-05-05,MP0310,0.246,46.7
2024-05-05,MP0110,0.227,46.1
2024-05-05,MP0111,0.275,47.3
2024-05-05,MP0112,,
2024-05-05,MP0212,0.276,46.1
2024-05-05,MP0213,0.194,47.3
2024-05-05,MP0214,0.265,47.9
2024-05-05,MP0215,,
2024-05-05,MP0311,0.277,46.0
2024-05-05,MP0312,0.147,44.3
2024-05-05,MP0313,0.281,44.7
2024-05-05,MP0113,0.284,47.4
2024-05-05,MP0401,0.229,49.4
2024-05-05,MP0402,0.247,46.9
2024-05-05,MP0216,0.23,46.7
2024-05-05,MP0501,0.246,45.3
2024-05-05,MP0502,,
2024-05-05,MP0314,0.199,46.2
2024-05-05,MP0315,0.223,44.9
2024-05-05,MP0601,0.234,43.8
2024-05-05,MP0316,0.204,45.4
2024-05-05,MP0403,0.228,44.6
2024-05-05,MP0404,0.2,46.9
2024-05-05,MP0405,0.226,50.3
2024-05-05,MP0503,,
2024-05-05,MP0504,0.223,45.1
2024-05-05,MP0505,0.192,43.4
2024-05-05,MP0506,0.278,46.3
2024-05-05,MP0602,0.205,47.2
2024-05-05,MP0603,0.264,48.7
2024-05-05,MP0604,0.267,45.9
2024-05-05,MP0406,0.275,44.1
2024-05-05,MP0407,0.23,46.6
2024-05-05,MP0408,0.221,44.7
2024-05-05,MP0507,0.229,46.4
2024-05-05,MP0508,0.242,48.7
2024-05-05,MP0509,0.25,47.1
2024-05-05,MP0510,0.223,47.5
2024-05-05,MP0605,0.232,46.1
2024-05-05,MP0606,0.268,43.1
2024-05-05,MP0607,0.279,43.3
2024-05-05,MP0409,0.131,47.3
2024-05-05,MP0410,0.208,45.8
2024-05-05,MP0411,0.257,45.4
2024-05-05,MP0412,0.195,47.4
2024-05-05,MP0511,0.218,46.9
2024-05-05,MP0512,0.226,48.3
2024-05-05,MP0608,0.25,44.8
2024-05-05,MP0609,0.281,47.6
2024-05-05,MP0610,0.246,43.4
2024-05-05,MP0611,0.192,48.6
2024-05-05,MP0413,0.247,47.9
2024-05-05,MP0414,,
2024-05-05,MP0415,0.19,48.4
2024-05-05,MP0513,0.262,44.5
2024-05-05,MP0514,0.245,47.5
2024-05-05,MP0515,0.232,46.3
2024-05-05,MP0516,0.282,45.1
2024-05-05,MP0612,0.225,43.3
2024-05-05,MP0613,,
2024-05-05,MP0614,0.221,46.5
2024-05-12,MP0101,0.233,49.6
2024-05-12,MP0102,,
2024-05-12,MP0103,0.224,45.4
2024-05-12,MP0201,,
2024-05-12,MP0202,0.201,46.4
2024-05-12,MP0203,0.238,48.0
2024-05-12,MP0204,0.219,44.8
2024-05-12,MP0301,0.22,52.4
2024-05-12,MP0302,0.235,44.8
2024-05-12,MP0303,0.25,42.7
2024-05-12,MP0104,0.233,48.0
2024-05-12,MP0105,0.233,47.1
2024-05-12,MP0106,0.232,48.4
2024-05-12,MP0205,0.178,47.9
2024-05-12,MP0206,0.186,48.5
2024-05-12,MP0207,,
2024-05-12,MP0208,0.229,48.7
2024-05-12,MP0304,0.176,42.5
2024-05-12,MP0305,0.189,47.4
2024-05-12,MP0306,0.229,48.2
2024-05-12,MP0107,0.19,46.9
2024-05-12,MP0108,0.2,47.6
2024-05-12,MP0109,0.234,47.3
2024-05-12,MP0209,0.178,47.0
2024-05-12,MP0210,0.164,51.3
2024-05-12,MP0211,0.219,48.8
2024-05-12,MP0307,0.193,50.8
2024-05-12,MP0308,0.239,46.4
2024-05-12,MP0309,0.22,45.2
2024-05-12,MP0310,0.204,49.5
2024-05-12,MP0110,0.186,49.0
2024-05-12,MP0111,0.162,47.3
2024-05-12,MP0112,0.258,46.7
2024-05-12,MP0212,0.279,47.0
2024-05-12,MP0213,0.264,46.8
2024-05-12,MP0214,0.257,48.9
2024-05-12,MP0215,0.262,46.6
2024-05-12,MP0311,0.167,49.3
2024-05-12,MP0312,0.223,47.3
2024-05-12,MP0313,0.209,49.1
2024-05-12,MP0113,0.203,47.5
2024-05-12,MP0401,0.194,51.0
2024-05-12,MP0402,,
2024-05-12,MP0216,0.186,46.4
2024-05-12,MP0501,0.208,46.8
2024-05-12,MP0502,0.138,45.9
2024-05-12,MP0314,0.238,46.7
2024-05-12,MP0315,0.185,47.3
2024-05-12,MP0601,0.27,48.4
2024-05-12,MP0316,0.179,49.4
2024-05-12,MP0403,0.221,47.7
2024-05-12,MP0404,0.245,50.1
2024-05-12,MP0405,0.202,50.3
2024-05-12,MP0503,0.225,46.2
2024-05-12,MP0504,0.219,46.3
2024-05-12,MP0505,0.235,45.8
2024-05-12,MP0506,0.21,45.9
2024-05-12,MP0602,0.2,50.4
2024-05-12,MP0603,0.194,50.9
2024-05-12,MP0604,0.238,45.4
2024-05-12,MP0406,0.192,45.8
2024-05-12,MP0407,0.165,47.0
2024-05-12,MP0408,0.2,47.1
2024-05-12,MP0507,,
2024-05-12,MP0508,0.184,45.7
2024-05-12,MP0509,0.28,48.5
2024-05-12,MP0510,0.217,51.0
2024-05-12,MP0605,0.204,46.8
2024-05-12,MP0606,0.223,49.1
2024-05-12,MP0607,0.254,47.7
2024-05-12,MP0409,0.183,47.4
2024-05-12,MP0410,0.233,44.0
2024-05-12,MP0411,0.206,43.9
2024-05-12,MP0412,0.216,49.1
2024-05-12,MP0511,0.19,47.0
2024-05-12,MP0512,,
2024-05-12,MP0608,0.166,49.8
2024-05-12,MP0609,0.161,50.2
2024-05-12,MP0610,0.16,49.7
2024-05-12,MP0611,0.198,50.4
2024-05-12,MP0413,,
2024-05-12,MP0414,0.159,43.6
2024-05-12,MP0415,0.206,48.8
2024-05-12,MP0513,0.182,49.3
2024-05-12,MP0514,0.195,46.5
2024-05-12,MP0515,0.249,46.2
2024-05-12,MP0516,0.209,47.5
2024-05-12,MP0612,0.265,49.9
2024-05-12,MP0613,0.169,47.8
2024-05-12,MP0614,,
2024-05-19,MP0101,,
2024-05-19,MP0102,,
2024-05-19,MP0103,0.182,47.7
2024-05-19,MP0201,0.255,48.7
2024-05-19,MP0202,0.194,45.5
2024-05-19,MP0203,0.233,46.6
2024-05-19,MP0204,0.208,46.1
2024-05-19,MP0301,0.139,50.2
2024-05-19,MP0302,0.204,44.8
2024-05-19,MP0303,0.212,44.5
2024-05-19,MP0104,0.194,47.6
2024-05-19,MP0105,0.221,46.4
2024-05-19,MP0106,0.195,48.7
2024-05-19,MP0205,0.148,44.9
2024-05-19,MP0206,0.184,47.9
2024-05-19,MP0207,0.205,47.1
2024-05-19,MP0208,0.226,48.2
2024-05-19,MP0304,0.195,43.4
2024-05-19,MP0305,,
2024-05-19,MP0306,0.241,45.1
2024-05-19,MP0107,0.233,45.4
2024-05-19,MP0108,0.204,48.7
2024-05-19,MP0109,0.163,48.6
2024-05-19,MP0209,0.21,47.6
2024-05-19,MP0210,0.175,45.7
2024-05-19,MP0211,0.249,45.0
2024-05-19,MP0307,0.206,44.1
2024-05-19,MP0308,,
2024-05-19,MP0309,0.22,46.5
2024-05-19,MP0310,0.239,46.8
2024-05-19,MP0110,0.177,47.4
2024-05-19,MP0111,0.218,46.8
2024-05-19,MP0112,0.27,44.5
2024-05-19,MP0212,0.178,47.3
2024-05-19,MP0213,0.2,46.6
2024-05-19,MP0214,0.177,47.4
2024-05-19,MP0215,0.161,48.1
2024-05-19,MP0311,0.241,46.5
2024-05-19,MP0312,0.214,47.3
2024-05-19,MP0313,0.201,49.4
2024-05-19,MP0113,0.198,44.2
2024-05-19,MP0401,0.216,51.7
2024-05-19,MP0402,0.241,46.8
2024-05-19,MP0216,0.183,46.3
2024-05-19,MP0501,0.24,46.8
2024-05-19,MP0502,,
2024-05-19,MP0314,0.225,45.3
2024-05-19,MP0315,0.219,46.5
2024-05-19,MP0601,0.176,48.0
2024-05-19,MP0316,0.207,47.3
2024-05-19,MP0403,0.198,43.9
2024-05-19,MP0404,0.152,47.1
2024-05-19,MP0405,0.201,47.1
2024-05-19,MP0503,0.177,46.7
2024-05-19,MP0504,0.195,46.2
2024-05-19,MP0505,0.241,46.4
2024-05-19,MP0506,0.205,45.2
2024-05-19,MP0602,0.196,46.0
2024-05-19,MP0603,0.266,48.7
2024-05-19,MP0604,0.214,47.1
2024-05-19,MP0406,0.198,45.3
2024-05-19,MP0407,0.211,48.3
2024-05-19,MP0408,0.218,49.0
2024-05-19,MP0507,0.238,48.1
2024-05-19,MP0508,0.251,46.9
2024-05-19,MP0509,0.197,47.5
2024-05-19,MP0510,0.22,48.3
2024-05-19,MP0605,,
2024-05-19,MP0606,0.206,47.7
2024-05-19,MP0607,0.209,45.3
2024-05-19,MP0409,0.166,48.4
2024-05-19,MP0410,,
2024-05-19,MP0411,0.222,43.4
2024-05-19,MP0412,0.273,49.5
2024-05-19,MP0511,0.183,48.3
2024-05-19,MP0512,0.197,47.0
2024-05-19,MP0608,0.164,49.5
2024-05-19,MP0609,0.262,47.7
2024-05-19,MP0610,0.26,46.2
2024-05-19,MP0611,,
2024-05-19,MP0413,0.199,44.0
2024-05-19,MP0414,0.206,43.7
2024-05-19,MP0415,0.193,46.0
2024-05-19,MP0513,0.158,45.7
2024-05-19,MP0514,0.216,45.7
2024-05-19,MP0515,0.216,47.6
2024-05-19,MP0516,,
2024-05-19,MP0612,0.218,50.5
2024-05-19,MP0613,0.176,48.0
2024-05-19,MP0614,0.208,48.3
2024-05-26,MP0101,,
2024-05-26,MP0102,0.232,47.4
2024-05-26,MP0103,0.21,45.3
2024-05-26,MP0201,0.217,45.8
2024-05-26,MP0202,0.219,47.0
2024-05-26,MP0203,0.194,45.0
2024-05-26,MP0204,0.168,46.0
2024-05-26,MP0301,0.209,49.7
2024-05-26,MP0302,0.257,44.7
2024-05-26,MP0303,0.115,46.2
2024-05-26,MP0104,0.225,45.7
2024-05-26,MP0105,0.231,46.7
2024-05-26,MP0106,0.128,47.0
2024-05-26,MP0205,0.185,46.8
2024-05-26,MP0206,0.196,47.3
2024-05-26,MP0207,0.21,48.0
2024-05-26,MP0208,,
2024-05-26,MP0304,0.195,45.6
2024-05-26,MP0305,0.159,46.3
2024-05-26,MP0306,0.162,46.0
2024-05-26,MP0107,0.237,48.7
2024-05-26,MP0108,0.16,45.9
2024-05-26,MP0109,0.231,48.6
2024-05-26,MP0209,0.208,46.9
2024-05-26,MP0210,0.207,47.0
2024-05-26,MP0211,0.195,44.3
2024-05-26,MP0307,0.157,47.6
2024-05-26,MP0308,0.176,46.2
2024-05-26,MP0309,0.18,46.0
2024-05-26,MP0310,0.145,46.5
2024-05-26,MP0110,0.185,47.3
2024-05-26,MP0111,0.191,44.8
2024-05-26,MP0112,0.206,42.4
2024-05-26,MP0212,0.192,46.0
2024-05-26,MP0213,0.197,46.0
2024-05-26,MP0214,0.285,45.7
2024-05-26,MP0215,0.199,47.8
2024-05-26,MP0311,0.245,46.5
2024-05-26,MP0312,0.169,48.0
2024-05-26,MP0313,0.188,48.0
2024-05-26,MP0113,0.201,47.5
2024-05-26,MP0401,0.182,47.5
2024-05-26,MP0402,0.166,47.8
2024-05-26,MP0216,0.225,46.0
2024-05-26,MP0501,0.178,48.8
2024-05-26,MP0502,,
2024-05-26,MP0314,0.208,49.6
2024-05-26,MP0315,0.242,46.0
2024-05-26,MP0601,0.218,48.0
2024-05-26,MP0316,0.18,46.4
2024-05-26,MP0403,0.198,44.0
2024-05-26,MP0404,,
2024-05-26,MP0405,0.179,45.5
2024-05-26,MP0503,0.22,44.1
2024-05-26,MP0504,0.165,45.1
2024-05-26,MP0505,0.179,44.3
2024-05-26,MP0506,0.219,46.1
2024-05-26,MP0602,0.184,48.7
2024-05-26,MP0603,0.157,50.8
2024-05-26,MP0604,0.197,44.0
2024-05-26,MP0406,0.154,47.1
2024-05-26,MP0407,0.111,45.7
2024-05-26,MP0408,0.205,44.6
2024-05-26,MP0507,0.207,47.1
2024-05-26,MP0508,0.182,47.4
2024-05-26,MP0509,0.203,48.8
2024-05-26,MP0510,0.125,46.1
2024-05-26,MP0605,0.202,45.2
2024-05-26,MP0606,0.198,46.9
2024-05-26,MP0607,0.208,44.3
2024-05-26,MP0409,0.179,44.2
2024-05-26,MP0410,0.278,45.2
2024-05-26,MP0411,0.219,44.7
2024-05-26,MP0412,0.189,45.3
2024-05-26,MP0511,0.166,45.6
2024-05-26,MP0512,0.205,49.0
2024-05-26,MP0608,0.185,48.5
2024-05-26,MP0609,0.279,46.5
2024-05-26,MP0610,0.183,44.2
2024-05-26,MP0611,0.223,45.2
2024-05-26,MP0413,0.175,42.5
2024-05-26,MP0414,0.195,45.0
2024-05-26,MP0415,0.131,45.9
2024-05-26,MP0513,0.206,47.8
2024-05-26,MP0514,0.202,43.0
2024-05-26,MP0515,0.256,46.8
2024-05-26,MP0516,0.208,44.8
2024-05-26,MP0612,,
2024-05-26,MP0613,0.185,46.7
2024-05-26,MP0614,0.195,48.0
2024-06-02,MP0101,0.229,44.2
2024-06-02,MP0102,0.183,45.3
2024-06-02,MP0103,0.245,44.0
2024-06-02,MP0201,0.204,47.0
2024-06-02,MP0202,0.201,45.8
2024-06-02,MP0203,0.235,48.1
2024-06-02,MP0204,,
2024-06-02,MP0301,,
2024-06-02,MP0302,0.144,45.8
2024-06-02,MP0303,,
2024-06-02,MP0104,0.229,44.7
2024-06-02,MP0105,0.217,45.4
2024-06-02,MP0106,,
2024-06-02,MP0205,0.14,50.3
2024-06-02,MP0206,0.192,48.0
2024-06-02,MP0207,0.167,45.6
2024-06-02,MP0208,0.247,45.3
2024-06-02,MP0304,0.213,46.1
2024-06-02,MP0305,0.22,45.5
2024-06-02,MP0306,0.246,45.7
2024-06-02,MP0107,0.194,47.8
2024-06-02,MP0108,0.23,45.7
2024-06-02,MP0109,0.165,45.1
2024-06-02,MP0209,0.148,48.7
2024-06-02,MP0210,0.175,46.4
2024-06-02,MP0211,0.229,45.7
2024-06-02,MP0307,0.157,47.8
2024-06-02,MP0308,0.231,46.1
2024-06-02,MP0309,0.21,46.5
2024-06-02,MP0310,0.183,42.4
2024-06-02,MP0110,0.16,46.9
2024-06-02,MP0111,0.176,47.5
2024-06-02,MP0112,0.173,45.9
2024-06-02,MP0212,0.208,46.6
2024-06-02,MP0213,0.256,43.7
2024-06-02,MP0214,0.197,47.8
2024-06-02,MP0215,0.186,45.7
2024-06-02,MP0311,0.212,47.6
2024-06-02,MP0312,0.169,44.6
2024-06-02,MP0313,0.178,48.9
2024-06-02,MP0113,0.215,45.2
2024-06-02,MP0401,,
2024-06-02,MP0402,0.198,46.5
2024-06-02,MP0216,0.195,46.4
2024-06-02,MP0501,0.21,43.9
2024-06-02,MP0502,0.184,46.6
2024-06-02,MP0314,0.163,44.8
2024-06-02,MP0315,0.145,44.1
2024-06-02,MP0601,0.195,45.7
2024-06-02,MP0316,0.186,45.5
2024-06-02,MP0403,0.206,46.8
2024-06-02,MP0404,0.183,46.9
2024-06-02,MP0405,0.163,48.2
2024-06-02,MP0503,0.202,46.5
2024-06-02,MP0504,0.183,45.2
2024-06-02,MP0505,,
2024-06-02,MP0506,0.198,46.1
2024-06-02,MP0602,0.252,49.5
2024-06-02,MP0603,0.211,48.2
2024-06-02,MP0604,0.204,45.1
2024-06-02,MP0406,0.216,45.8
2024-06-02,MP0407,0.193,42.2
2024-06-02,MP0408,0.177,46.5
2024-06-02,MP0507,0.158,47.7
2024-06-02,MP0508,0.181,46.0
2024-06-02,MP0509,0.134,45.1
2024-06-02,MP0510,0.183,49.1
2024-06-02,MP0605,0.27,46.8
2024-06-02,MP0606,0.201,47.4
2024-06-02,MP0607,0.174,46.6
2024-06-02,MP0409,0.176,47.7
2024-06-02,MP0410,0.194,46.7
2024-06-02,MP0411,0.178,43.3
2024-06-02,MP0412,0.153,44.0
2024-06-02,MP0511,0.182,47.5
2024-06-02,MP0512,0.211,48.6
2024-06-02,MP0608,0.186,44.9
2024-06-02,MP0609,0.19,44.8
2024-06-02,MP0610,0.213,46.7
2024-06-02,MP0611,0.22,46.5
2024-06-02,MP0413,0.225,44.6
2024-06-02,MP0414,0.204,45.4
2024-06-02,MP0415,0.148,47.6
2024-06-02,MP0513,0.191,46.5
2024-06-02,MP0514,0.199,44.2
2024-06-02,MP0515,0.173,45.6
2024-06-02,MP0516,0.155,45.3
2024-06-02,MP0612,0.167,48.3
2024-06-02,MP0613,0.218,47.6
2024-06-02,MP0614,0.194,46.6
2024-06-09,MP0101,0.221,42.8
2024-06-09,MP0102,0.207,42.5
2024-06-09,MP0103,0.2,45.7
2024-06-09,MP0201,0.207,42.7
2024-06-09,MP0202,0.222,42.5
2024-06-09,MP0203,0.231,42.3
2024-06-09,MP0204,0.219,42.1
2024-06-09,MP0301,0.183,43.9
2024-06-09,MP0302,0.243,44.2
2024-06-09,MP0303,0.203,39.4
2024-06-09,MP0104,0.209,42.3
2024-06-09,MP0105,0.258,45.3
2024-06-09,MP0106,0.21,43.7
2024-06-09,MP0205,0.231,43.7
2024-06-09,MP0206,0.172,42.6
2024-06-09,MP0207,0.213,43.4
2024-06-09,MP0208,0.206,47.5
2024-06-09,MP0304,0.136,43.1
2024-06-09,MP0305,0.2,45.0
2024-06-09,MP0306,0.23,45.0
2024-06-09,MP0107,0.207,42.1
2024-06-09,MP0108,0.198,45.8
2024-06-09,MP0109,0.189,43.9
2024-06-09,MP0209,0.222,42.1
2024-06-09,MP0210,0.193,44.1
2024-06-09,MP0211,,
2024-06-09,MP0307,0.173,45.3
2024-06-09,MP0308,0.143,44.8
2024-06-09,MP0309,0.22,43.8
2024-06-09,MP0310,0.21,44.4
2024-06-09,MP0110,0.238,42.9
2024-06-09,MP0111,0.185,44.1
2024-06-09,MP0112,,
2024-06-09,MP0212,0.224,45.6
2024-06-09,MP0213,0.204,42.3
2024-06-09,MP0214,0.182,43.8
2024-06-09,MP0215,,
2024-06-09,MP0311,,
2024-06-09,MP0312,0.221,45.3
2024-06-09,MP0313,0.176,47.8
2024-06-09,MP0113,0.169,42.8
2024-06-09,MP0401,0.212,46.5
2024-06-09,MP0402,0.23,44.6
2024-06-09,MP0216,0.226,42.6
2024-06-09,MP0501,0.212,41.9
2024-06-09,MP0502,0.167,43.9
2024-06-09,MP0314,0.166,45.3
2024-06-09,MP0315,0.188,43.9
2024-06-09,MP0601,0.209,41.5
2024-06-09,MP0316,0.167,43.8
2024-06-09,MP0403,0.176,41.8
2024-06-09,MP0404,0.22,43.1
2024-06-09,MP0405,0.184,46.0
2024-06-09,MP0503,0.179,44.9
2024-06-09,MP0504,0.193,40.2
2024-06-09,MP0505,0.221,44.2
2024-06-09,MP0506,0.212,41.7
2024-06-09,MP0602,0.18,44.2
2024-06-09,MP0603,0.223,40.6
2024-06-09,MP0604,,
2024-06-09,MP0406,,
2024-06-09,MP0407,0.198,41.8
2024-06-09,MP0408,,
2024-06-09,MP0507,0.205,43.3
2024-06-09,MP0508,,
2024-06-09,MP0509,0.233,45.2
2024-06-09,MP0510,0.222,46.6
2024-06-09,MP0605,0.197,43.3
2024-06-09,MP0606,0.186,42.3
2024-06-09,MP0607,,
2024-06-09,MP0409,,
2024-06-09,MP0410,0.191,43.6
2024-06-09,MP0411,0.188,40.1
2024-06-09,MP0412,0.204,44.5
2024-06-09,MP0511,0.158,44.3
2024-06-09,MP0512,0.212,44.4
2024-06-09,MP0608,0.233,43.6
2024-06-09,MP0609,0.246,42.8
2024-06-09,MP0610,0.18,42.4
2024-06-09,MP0611,0.22,42.3
2024-06-09,MP0413,0.164,39.0
2024-06-09,MP0414,0.203,42.1
2024-06-09,MP0415,0.239,41.6
2024-06-09,MP0513,0.195,44.2
2024-06-09,MP0514,0.225,44.3
2024-06-09,MP0515,,
2024-06-09,MP0516,0.172,42.6
2024-06-09,MP0612,0.179,46.4
2024-06-09,MP0613,0.177,44.1
2024-06-09,MP0614,0.202,42.7
2024-06-16,MP0101,0.165,44.1
2024-06-16,MP0102,0.238,45.6
2024-06-16,MP0103,0.202,41.5
2024-06-16,MP0201,0.223,42.8
2024-06-16,MP0202,0.255,39.0
2024-06-16,MP0203,0.26,39.4
2024-06-16,MP0204,0.206,41.2
2024-06-16,MP0301,0.213,43.6
2024-06-16,MP0302,0.221,39.4
2024-06-16,MP0303,0.252,39.8
2024-06-16,MP0104,0.17,42.5
2024-06-16,MP0105,0.195,39.8
2024-06-16,MP0106,0.198,43.6
2024-06-16,MP0205,,
2024-06-16,MP0206,0.236,42.7
2024-06-16,MP0207,0.169,45.4
2024-06-16,MP0208,0.225,43.1
2024-06-16,MP0304,0.198,41.4
2024-06-16,MP0305,0.232,41.6
2024-06-16,MP0306,0.245,40.6
2024-06-16,MP0107,0.209,42.5
2024-06-16,MP0108,,
2024-06-16,MP0109,0.219,44.4
2024-06-16,MP0209,0.221,40.8
2024-06-16,MP0210,,
2024-06-16,MP0211,0.225,40.3
2024-06-16,MP0307,0.238,41.5
2024-06-16,MP0308,0.214,41.3
2024-06-16,MP0309,0.216,42.3
2024-06-16,MP0310,0.268,40.2
2024-06-16,MP0110,0.23,43.6
2024-06-16,MP0111,0.246,45.2
2024-06-16,MP0112,0.172,42.8
2024-06-16,MP0212,0.204,40.6
2024-06-16,MP0213,0.219,40.0
2024-06-16,MP0214,0.224,42.0
2024-06-16,MP0215,0.197,40.7
2024-06-16,MP0311,0.194,39.9
2024-06-16,MP0312,0.239,41.8
2024-06-16,MP0313,0.234,43.1
2024-06-16,MP0113,0.201,40.0
2024-06-16,MP0401,0.197,44.1
2024-06-16,MP0402,0.11,42.5
2024-06-16,MP0216,0.221,43.3
2024-06-16,MP0501,0.197,43.3
2024-06-16,MP0502,,
2024-06-16,MP0314,0.211,40.5
2024-06-16,MP0315,,
2024-06-16,MP0601,0.23,40.9
2024-06-16,MP0316,0.172,42.7
2024-06-16,MP0403,0.233,42.9
2024-06-16,MP0404,0.17,44.0
2024-06-16,MP0405,0.242,41.7
2024-06-16,MP0503,0.196,41.2
2024-06-16,MP0504,0.187,41.7
2024-06-16,MP0505,0.208,41.4
2024-06-16,MP0506,0.213,44.1
2024-06-16,MP0602,0.201,44.7
2024-06-16,MP0603,,
2024-06-16,MP0604,0.257,39.3
2024-06-16,MP0406,0.214,41.7
2024-06-16,MP0407,0.212,40.3
2024-06-16,MP0408,0.22,39.9
2024-06-16,MP0507,0.218,43.9
2024-06-16,MP0508,0.177,38.0
2024-06-16,MP0509,0.139,43.9
2024-06-16,MP0510,0.236,41.8
2024-06-16,MP0605,0.21,40.4
2024-06-16,MP0606,0.208,44.1
2024-06-16,MP0607,0.187,41.5
2024-06-16,MP0409,0.133,43.1
2024-06-16,MP0410,0.201,41.1
2024-06-16,MP0411,0.179,37.0
2024-06-16,MP0412,0.171,40.8
2024-06-16,MP0511,,
2024-06-16,MP0512,0.211,42.7
2024-06-16,MP0608,,
2024-06-16,MP0609,0.215,40.6
2024-06-16,MP0610,0.213,41.0
2024-06-16,MP0611,0.252,40.9
2024-06-16,MP0413,0.198,40.9
2024-06-16,MP0414,0.187,41.0
2024-06-16,MP0415,0.177,41.8
2024-06-16,MP0513,0.166,43.0
2024-06-16,MP0514,0.174,43.5
2024-06-16,MP0515,0.197,42.8
2024-06-16,MP0516,0.186,39.6
2024-06-16,MP0612,0.21,44.0
2024-06-16,MP0613,0.23,43.5
2024-06-16,MP0614,0.16,43.7
2024-06-23,MP0101,0.232,42.6
2024-06-23,MP0102,0.234,43.4
2024-06-23,MP0103,0.181,40.6
2024-06-23,MP0201,0.183,42.8
2024-06-23,MP0202,0.183,43.3
2024-06-23,MP0203,0.295,40.6
2024-06-23,MP0204,0.205,40.3
2024-06-23,MP0301,0.226,43.9
2024-06-23,MP0302,0.227,40.5
2024-06-23,MP0303,0.241,39.3
2024-06-23,MP0104,0.2,41.9
2024-06-23,MP0105,0.203,42.4
2024-06-23,MP0106,0.221,42.3
2024-06-23,MP0205,0.273,41.8
2024-06-23,MP0206,0.264,41.4
2024-06-23,MP0207,0.241,43.5
2024-06-23,MP0208,0.245,44.1
2024-06-23,MP0304,0.205,43.1
2024-06-23,MP0305,0.25,43.1
2024-06-23,MP0306,0.236,40.5
2024-06-23,MP0107,0.203,40.4
2024-06-23,MP0108,0.204,43.2
2024-06-23,MP0109,0.195,42.9
2024-06-23,MP0209,0.163,41.2
2024-06-23,MP0210,0.228,45.1
2024-06-23,MP0211,0.194,43.5
2024-06-23,MP0307,0.23,43.7
2024-06-23,MP0308,0.212,40.5
2024-06-23,MP0309,0.25,40.4
2024-06-23,MP0310,0.183,42.8
2024-06-23,MP0110,,
2024-06-23,MP0111,0.241,42.0
2024-06-23,MP0112,0.198,41.0
2024-06-23,MP0212,0.186,43.2
2024-06-23,MP0213,0.229,43.3
2024-06-23,MP0214,0.189,44.7
2024-06-23,MP0215,0.214,40.6
2024-06-23,MP0311,0.172,43.0
2024-06-23,MP0312,0.185,42.8
2024-06-23,MP0313,0.223,42.6
2024-06-23,MP0113,0.201,40.2
2024-06-23,MP0401,,
2024-06-23,MP0402,0.221,43.6
2024-06-23,MP0216,0.234,45.1
2024-06-23,MP0501,0.194,42.1
2024-06-23,MP0502,0.177,43.8
2024-06-23,MP0314,0.178,39.9
2024-06-23,MP0315,0.235,43.2
2024-06-23,MP0601,,
2024-06-23,MP0316,0.166,42.9
2024-06-23,MP0403,,
2024-06-23,MP0404,,
2024-06-23,MP0405,0.218,44.2
2024-06-23,MP0503,0.211,40.9
2024-06-23,MP0504,0.228,43.6
2024-06-23,MP0505,0.242,40.5
2024-06-23,MP0506,0.2,42.9
2024-06-23,MP0602,0.166,41.9
2024-06-23,MP0603,0.263,43.4
2024-06-23,MP0604,0.231,40.7
2024-06-23,MP0406,0.203,44.1
2024-06-23,MP0407,0.184,40.7
2024-06-23,MP0408,0.208,44.3
2024-06-23,MP0507,0.232,41.8
2024-06-23,MP0508,0.187,40.8
2024-06-23,MP0509,0.114,41.5
2024-06-23,MP0510,0.167,42.1
2024-06-23,MP0605,0.254,42.4
2024-06-23,MP0606,0.226,42.3
2024-06-23,MP0607,0.213,41.4
2024-06-23,MP0409,0.235,42.9
2024-06-23,MP0410,0.224,45.2
2024-06-23,MP0411,0.202,42.3
2024-06-23,MP0412,0.192,44.2
2024-06-23,MP0511,0.211,44.0
2024-06-23,MP0512,0.208,43.1
2024-06-23,MP0608,0.278,43.2
2024-06-23,MP0609,0.214,43.1
2024-06-23,MP0610,0.205,42.6
2024-06-23,MP0611,0.226,43.0
2024-06-23,MP0413,0.241,44.0
2024-06-23,MP0414,0.236,42.5
2024-06-23,MP0415,0.23,43.8
2024-06-23,MP0513,0.202,43.3
2024-06-23,MP0514,0.261,43.3
2024-06-23,MP0515,0.168,41.5
2024-06-23,MP0516,0.211,44.7
2024-06-23,MP0612,0.224,46.1
2024-06-23,MP0613,0.19,45.1
2024-06-23,MP0614,0.174,40.2
2024-06-30,MP0101,0.187,36.9
2024-06-30,MP0102,0.196,39.5
2024-06-30,MP0103,0.192,34.3
2024-06-30,MP0201,0.184,38.4
2024-06-30,MP0202,,
2024-06-30,MP0203,0.263,38.0
2024-06-30,MP0204,0.251,38.2
2024-06-30,MP0301,0.262,38.8
2024-06-30,MP0302,,
2024-06-30,MP0303,0.247,37.9
2024-06-30,MP0104,0.183,37.4
2024-06-30,MP0105,0.195,38.9
2024-06-30,MP0106,0.225,39.5
2024-06-30,MP0205,0.268,37.2
2024-06-30,MP0206,0.272,38.6
2024-06-30,MP0207,0.232,39.4
2024-06-30,MP0208,0.202,38.4
2024-06-30,MP0304,0.226,35.7
2024-06-30,MP0305,0.187,36.8
2024-06-30,MP0306,0.275,37.5
2024-06-30,MP0107,0.198,38.3
2024-06-30,MP0108,,
2024-06-30,MP0109,0.16,40.4
2024-06-30,MP0209,,
2024-06-30,MP0210,0.256,39.5
2024-06-30,MP0211,0.198,36.6
2024-06-30,MP0307,0.238,38.9
2024-06-30,MP0308,0.212,39.1
2024-06-30,MP0309,0.232,35.7
2024-06-30,MP0310,0.227,36.4
2024-06-30,MP0110,0.238,36.2
2024-06-30,MP0111,0.213,39.1
2024-06-30,MP0112,,
2024-06-30,MP0212,0.227,39.3
2024-06-30,MP0213,0.235,39.1
2024-06-30,MP0214,,
2024-06-30,MP0215,0.176,38.8
2024-06-30,MP0311,0.187,38.4
2024-06-30,MP0312,0.235,38.1
2024-06-30,MP0313,0.23,37.7
2024-06-30,MP0113,0.242,39.1
2024-06-30,MP0401,0.216,37.7
2024-06-30,MP0402,0.208,40.0
2024-06-30,MP0216,0.259,37.8
2024-06-30,MP0501,0.231,36.6
2024-06-30,MP0502,0.2,41.6
2024-06-30,MP0314,0.278,35.8
2024-06-30,MP0315,0.264,38.0
2024-06-30,MP0601,0.218,37.3
2024-06-30,MP0316,0.216,38.1
2024-06-30,MP0403,0.231,39.6
2024-06-30,MP0404,0.157,35.5
2024-06-30,MP0405,0.2,39.0
2024-06-30,MP0503,0.173,37.7
2024-06-30,MP0504,0.263,37.5
2024-06-30,MP0505,0.24,38.3
2024-06-30,MP0506,0.199,36.5
2024-06-30,MP0602,0.177,39.0
2024-06-30,MP0603,0.209,40.6
2024-06-30,MP0604,0.302,34.3
2024-06-30,MP0406,0.193,39.6
2024-06-30,MP0407,0.264,37.5
2024-06-30,MP0408,0.21,35.9
2024-06-30,MP0507,0.193,36.6
2024-06-30,MP0508,0.251,37.6
2024-06-30,MP0509,0.238,40.8
2024-06-30,MP0510,0.242,38.6
2024-06-30,MP0605,,
2024-06-30,MP0606,0.206,38.2
2024-06-30,MP0607,0.197,39.0
2024-06-30,MP0409,0.248,37.5
2024-06-30,MP0410,0.195,36.5
2024-06-30,MP0411,0.199,37.2
2024-06-30,MP0412,0.212,38.7
2024-06-30,MP0511,0.217,38.3
2024-06-30,MP0512,0.169,39.7
2024-06-30,MP0608,0.224,36.8
2024-06-30,MP0609,0.19,36.8
2024-06-30,MP0610,0.229,40.7
2024-06-30,MP0611,0.226,38.7
2024-06-30,MP0413,0.235,35.6
2024-06-30,MP0414,0.252,39.9
2024-06-30,MP0415,0.23,38.2
2024-06-30,MP0513,0.189,41.2
2024-06-30,MP0514,0.258,38.8
2024-06-30,MP0515,0.202,38.3
2024-06-30,MP0516,0.216,40.2
2024-06-30,MP0612,0.209,38.5
2024-06-30,MP0613,0.232,38.1
2024-06-30,MP0614,0.219,38.1
2024-07-07,MP0101,,
2024-07-07,MP0102,0.291,37.1
2024-07-07,MP0103,0.289,35.5
2024-07-07,MP0201,0.284,37.8
2024-07-07,MP0202,0.26,35.5
2024-07-07,MP0203,0.264,39.0
2024-07-07,MP0204,0.218,35.0
2024-07-07,MP0301,,
2024-07-07,MP0302,0.208,36.5
2024-07-07,MP0303,,
2024-07-07,MP0104,,
2024-07-07,MP0105,0.272,37.1
2024-07-07,MP0106,,
2024-07-07,MP0205,,
2024-07-07,MP0206,0.228,38.9
2024-07-07,MP0207,,
2024-07-07,MP0208,0.241,37.3
2024-07-07,MP0304,,
2024-07-07,MP0305,0.24,39.0
2024-07-07,MP0306,,
2024-07-07,MP0107,0.291,38.2
2024-07-07,MP0108,0.233,37.2
2024-07-07,MP0109,0.236,40.3
2024-07-07,MP0209,,
2024-07-07,MP0210,0.24,39.9
2024-07-07,MP0211,,
2024-07-07,MP0307,0.281,39.8
2024-07-07,MP0308,0.289,38.9
2024-07-07,MP0309,,
2024-07-07,MP0310,0.237,36.1
2024-07-07,MP0110,0.223,38.6
2024-07-07,MP0111,0.245,41.9
2024-07-07,MP0112,,
2024-07-07,MP0212,,
2024-07-07,MP0213,,
2024-07-07,MP0214,0.236,39.2
2024-07-07,MP0215,0.325,36.1
2024-07-07,MP0311,0.237,37.3
2024-07-07,MP0312,,
2024-07-07,MP0313,0.251,35.6
2024-07-07,MP0113,,
2024-07-07,MP0401,0.299,41.6
2024-07-07,MP0402,0.213,37.6
2024-07-07,MP0216,0.252,38.2
2024-07-07,MP0501,0.237,37.5
2024-07-07,MP0502,0.289,36.9
2024-07-07,MP0314,,
2024-07-07,MP0315,0.29,37.3
2024-07-07,MP0601,,
2024-07-07,MP0316,0.227,37.1
2024-07-07,MP0403,0.243,36.8
2024-07-07,MP0404,,
2024-07-07,MP0405,0.235,35.2
2024-07-07,MP0503,0.176,38.5
2024-07-07,MP0504,,
2024-07-07,MP0505,0.251,34.6
2024-07-07,MP0506,,
2024-07-07,MP0602,,
2024-07-07,MP0603,0.275,40.1
2024-07-07,MP0604,,
2024-07-07,MP0406,0.263,38.0
2024-07-07,MP0407,0.238,36.9
2024-07-07,MP0408,,
2024-07-07,MP0507,,
2024-07-07,MP0508,,
2024-07-07,MP0509,0.266,40.0
2024-07-07,MP0510,0.248,38.3
2024-07-07,MP0605,,
2024-07-07,MP0606,0.211,35.6
2024-07-07,MP0607,0.228,35.2
2024-07-07,MP0409,,
2024-07-07,MP0410,,
2024-07-07,MP0411,0.289,37.1
2024-07-07,MP0412,,
2024-07-07,MP0511,0.247,38.3
2024-07-07,MP0512,,
2024-07-07,MP0608,0.256,38.7
2024-07-07,MP0609,0.176,35.7
2024-07-07,MP0610,0.301,37.6
2024-07-07,MP0611,0.274,37.3
2024-07-07,MP0413,0.258,34.3
2024-07-07,MP0414,0.198,36.2
2024-07-07,MP0415,0.247,36.3
2024-07-07,MP0513,0.27,34.8
2024-07-07,MP0514,0.199,38.0
2024-07-07,MP0515,,
2024-07-07,MP0516,0.3,35.9
2024-07-07,MP0612,,
2024-07-07,MP0613,,
2024-07-07,MP0614,0.246,37.2
2024-07-14,MP0101,0.233,40.6
2024-07-14,MP0102,,
2024-07-14,MP0103,,
2024-07-14,MP0201,,
2024-07-14,MP0202,0.268,36.7
2024-07-14,MP0203,,
2024-07-14,MP0204,,
2024-07-14,MP0301,0.299,39.2
2024-07-14,MP0302,0.286,37.2
2024-07-14,MP0303,0.28,38.5
2024-07-14,MP0104,0.225,39.3
2024-07-14,MP0105,0.303,38.9
2024-07-14,MP0106,0.264,40.3
2024-07-14,MP0205,,
2024-07-14,MP0206,0.255,36.9
2024-07-14,MP0207,,
2024-07-14,MP0208,0.253,34.2
2024-07-14,MP0304,0.265,35.6
2024-07-14,MP0305,0.253,36.8
2024-07-14,MP0306,,
2024-07-14,MP0107,0.3,37.3
2024-07-14,MP0108,,
2024-07-14,MP0109,,
2024-07-14,MP0209,,
2024-07-14,MP0210,0.315,37.4
2024-07-14,MP0211,,
2024-07-14,MP0307,0.274,34.2
2024-07-14,MP0308,0.235,37.5
2024-07-14,MP0309,,
2024-07-14,MP0310,0.268,36.0
2024-07-14,MP0110,,
2024-07-14,MP0111,,
2024-07-14,MP0112,,
2024-07-14,MP0212,0.276,36.2
2024-07-14,MP0213,0.243,35.4
2024-07-14,MP0214,0.296,40.9
2024-07-14,MP0215,0.327,41.2
2024-07-14,MP0311,0.24,36.6
2024-07-14,MP0312,,
2024-07-14,MP0313,0.266,37.4
2024-07-14,MP0113,,
2024-07-14,MP0401,0.259,39.4
2024-07-14,MP0402,,
2024-07-14,MP0216,0.288,34.6
2024-07-14,MP0501,0.252,35.6
2024-07-14,MP0502,0.259,33.7
2024-07-14,MP0314,,
2024-07-14,MP0315,0.203,36.4
2024-07-14,MP0601,,
2024-07-14,MP0316,0.253,40.5
2024-07-14,MP0403,0.221,37.3
2024-07-14,MP0404,,
2024-07-14,MP0405,0.25,36.1
2024-07-14,MP0503,0.214,36.2
2024-07-14,MP0504,0.282,36.1
2024-07-14,MP0505,,
2024-07-14,MP0506,0.289,41.0
2024-07-14,MP0602,0.225,36.3
2024-07-14,MP0603,,
2024-07-14,MP0604,0.422,35.9
2024-07-14,MP0406,,
2024-07-14,MP0407,0.286,33.3
2024-07-14,MP0408,0.268,38.5
2024-07-14,MP0507,,
2024-07-14,MP0508,0.258,38.5
2024-07-14,MP0509,,
2024-07-14,MP0510,0.222,37.0
2024-07-14,MP0605,0.243,39.8
2024-07-14,MP0606,0.309,37.5
2024-07-14,MP0607,,
2024-07-14,MP0409,,
2024-07-14,MP0410,0.274,34.9
2024-07-14,MP0411,0.303,34.9
2024-07-14,MP0412,0.273,37.3
2024-07-14,MP0511,0.288,38.5
2024-07-14,MP0512,0.162,37.1
2024-07-14,MP0608,0.287,39.1
2024-07-14,MP0609,,
2024-07-14,MP0610,0.299,37.3
2024-07-14,MP0611,0.203,33.3
2024-07-14,MP0413,,
2024-07-14,MP0414,0.241,38.7
2024-07-14,MP0415,0.303,38.2
2024-07-14,MP0513,,
2024-07-14,MP0514,0.275,39.0
2024-07-14,MP0515,0.277,37.5
2024-07-14,MP0516,0.297,35.9
2024-07-14,MP0612,,
2024-07-14,MP0613,,
2024-07-14,MP0614,0.277,37.0
2024-07-21,MP0101,0.315,40.1
2024-07-21,MP0102,0.339,34.8
2024-07-21,MP0103,0.269,36.7
2024-07-21,MP0201,,
2024-07-21,MP0202,0.353,36.6
2024-07-21,MP0203,0.332,35.6
2024-07-21,MP0204,0.319,34.5
2024-07-21,MP0301,0.336,38.2
2024-07-21,MP0302,,
2024-07-21,MP0303,,
2024-07-21,MP0104,,
2024-07-21,MP0105,,
2024-07-21,MP0106,0.308,36.6
2024-07-21,MP0205,0.308,40.2
2024-07-21,MP0206,0.262,37.1
2024-07-21,MP0207,0.335,38.5
2024-07-21,MP0208,0.288,35.7
2024-07-21,MP0304,0.28,36.9
2024-07-21,MP0305,,
2024-07-21,MP0306,0.229,37.6
2024-07-21,MP0107,0.272,38.6
2024-07-21,MP0108,,
2024-07-21,MP0109,0.258,37.0
2024-07-21,MP0209,,
2024-07-21,MP0210,0.295,35.2
2024-07-21,MP0211,0.343,31.9
2024-07-21,MP0307,0.281,36.0
2024-07-21,MP0308,0.306,36.9
2024-07-21,MP0309,0.333,34.9
2024-07-21,MP0310,0.282,36.3
2024-07-21,MP0110,0.289,38.1
2024-07-21,MP0111,0.327,39.0
2024-07-21,MP0112,0.343,37.8
2024-07-21,MP0212,,
2024-07-21,MP0213,,
2024-07-21,MP0214,,
2024-07-21,MP0215,0.259,35.5
2024-07-21,MP0311,,
2024-07-21,MP0312,,
2024-07-21,MP0313,0.291,40.0
2024-07-21,MP0113,,
2024-07-21,MP0401,0.266,38.8
2024-07-21,MP0402,,
2024-07-21,MP0216,,
2024-07-21,MP0501,0.313,36.4
2024-07-21,MP0502,0.31,37.0
2024-07-21,MP0314,0.296,37.9
2024-07-21,MP0315,0.23,36.9
2024-07-21,MP0601,,
2024-07-21,MP0316,0.325,37.7
2024-07-21,MP0403,0.325,37.9
2024-07-21,MP0404,0.263,37.7
2024-07-21,MP0405,,
2024-07-21,MP0503,0.24,38.3
2024-07-21,MP0504,0.339,35.8
2024-07-21,MP0505,,
2024-07-21,MP0506,,
2024-07-21,MP0602,,
2024-07-21,MP0603,0.27,37.4
2024-07-21,MP0604,0.311,37.4
2024-07-21,MP0406,0.292,35.9
2024-07-21,MP0407,,
2024-07-21,MP0408,,
2024-07-21,MP0507,0.319,36.4
2024-07-21,MP0508,,
2024-07-21,MP0509,0.266,36.9
2024-07-21,MP0510,0.253,37.2
2024-07-21,MP0605,,
2024-07-21,MP0606,0.388,39.8
2024-07-21,MP0607,,
2024-07-21,MP0409,0.34,37.9
2024-07-21,MP0410,0.281,34.1
2024-07-21,MP0411,,
2024-07-21,MP0412,,
2024-07-21,MP0511,,
2024-07-21,MP0512,0.269,35.4
2024-07-21,MP0608,,
2024-07-21,MP0609,0.254,38.1
2024-07-21,MP0610,0.274,35.2
2024-07-21,MP0611,,
2024-07-21,MP0413,,
2024-07-21,MP0414,,
2024-07-21,MP0415,0.315,36.8
2024-07-21,MP0513,0.291,34.4
2024-07-21,MP0514,0.224,36.4
2024-07-21,MP0515,0.282,36.4
2024-07-21,MP0516,0.323,36.1
2024-07-21,MP0612,0.316,37.9
2024-07-21,MP0613,0.339,36.3
2024-07-21,MP0614,0.269,36.5
2024-07-28,MP0101,0.331,40.5
2024-07-28,MP0102,0.375,40.1
2024-07-28,MP0103,,
2024-07-28,MP0201,0.334,40.7
2024-07-28,MP0202,0.351,41.1
2024-07-28,MP0203,,
2024-07-28,MP0204,0.413,38.6
2024-07-28,MP0301,0.379,41.8
2024-07-28,MP0302,,
2024-07-28,MP0303,0.326,37.2
2024-07-28,MP0104,0.3,43.9
2024-07-28,MP0105,,
2024-07-28,MP0106,,
2024-07-28,MP0205,,
2024-07-28,MP0206,0.384,43.8
2024-07-28,MP0207,0.255,41.7
2024-07-28,MP0208,0.367,36.2
2024-07-28,MP0304,0.32,38.5
2024-07-28,MP0305,,
2024-07-28,MP0306,0.311,40.2
2024-07-28,MP0107,,
2024-07-28,MP0108,,
2024-07-28,MP0109,,
2024-07-28,MP0209,,
2024-07-28,MP0210,0.369,41.8
2024-07-28,MP0211,0.337,40.4
2024-07-28,MP0307,0.321,39.7
2024-07-28,MP0308,0.399,38.7
2024-07-28,MP0309,0.354,43.4
2024-07-28,MP0310,0.426,42.8
2024-07-28,MP0110,,
2024-07-28,MP0111,0.306,42.7
2024-07-28,MP0112,0.33,42.6
2024-07-28,MP0212,0.377,40.2
2024-07-28,MP0213,0.32,40.2
2024-07-28,MP0214,0.301,44.7
2024-07-28,MP0215,,
2024-07-28,MP0311,0.334,42.4
2024-07-28,MP0312,,
2024-07-28,MP0313,,
2024-07-28,MP0113,0.42,40.6
2024-07-28,MP0401,,
2024-07-28,MP0402,0.372,41.9
2024-07-28,MP0216,0.41,41.3
2024-07-28,MP0501,0.334,41.6
2024-07-28,MP0502,,
2024-07-28,MP0314,0.309,40.1
2024-07-28,MP0315,0.32,38.7
2024-07-28,MP0601,0.351,37.1
2024-07-28,MP0316,0.278,39.8
2024-07-28,MP0403,0.345,39.8
2024-07-28,MP0404,,
2024-07-28,MP0405,0.291,44.1
2024-07-28,MP0503,0.268,42.6
2024-07-28,MP0504,0.362,39.2
2024-07-28,MP0505,0.348,39.6
2024-07-28,MP0506,0.364,39.0
2024-07-28,MP0602,,
2024-07-28,MP0603,0.282,41.5
2024-07-28,MP0604,0.391,39.7
2024-07-28,MP0406,0.31,42.1
2024-07-28,MP0407,0.286,39.7
2024-07-28,MP0408,0.322,40.2
2024-07-28,MP0507,0.324,38.9
2024-07-28,MP0508,,
2024-07-28,MP0509,0.311,44.0
2024-07-28,MP0510,,
2024-07-28,MP0605,,
2024-07-28,MP0606,0.333,40.1
2024-07-28,MP0607,0.297,39.0
2024-07-28,MP0409,,
2024-07-28,MP0410,0.303,38.5
2024-07-28,MP0411,0.37,37.2
2024-07-28,MP0412,0.275,42.9
2024-07-28,MP0511,0.322,40.1
2024-07-28,MP0512,0.326,42.3
2024-07-28,MP0608,0.27,41.0
2024-07-28,MP0609,,
2024-07-28,MP0610,0.332,39.7
2024-07-28,MP0611,,
2024-07-28,MP0413,0.394,40.5
2024-07-28,MP0414,,
2024-07-28,MP0415,,
2024-07-28,MP0513,0.362,38.0
2024-07-28,MP0514,0.288,41.6
2024-07-28,MP0515,0.364,41.2
2024-07-28,MP0516,0.265,40.3
2024-07-28,MP0612,0.376,42.1
2024-07-28,MP0613,0.28,42.7
2024-07-28,MP0614,,
2024-08-04,MP0101,0.342,42.5
2024-08-04,MP0102,0.355,41.2
2024-08-04,MP0103,0.365,41.2
2024-08-04,MP0201,0.367,41.2
2024-08-04,MP0202,,
2024-08-04,MP0203,0.474,37.4
2024-08-04,MP0204,0.4,39.3
2024-08-04,MP0301,0.361,43.3
2024-08-04,MP0302,,
2024-08-04,MP0303,,
2024-08-04,MP0104,,
2024-08-04,MP0105,0.403,40.0
2024-08-04,MP0106,0.328,41.2
2024-08-04,MP0205,,
2024-08-04,MP0206,,
2024-08-04,MP0207,0.322,40.9
2024-08-04,MP0208,0.344,39.7
2024-08-04,MP0304,,
2024-08-04,MP0305,0.402,39.3
2024-08-04,MP0306,0.294,42.5
2024-08-04,MP0107,,
2024-08-04,MP0108,0.336,40.4
2024-08-04,MP0109,,
2024-08-04,MP0209,0.358,41.8
2024-08-04,MP0210,0.35,41.4
2024-08-04,MP0211,,
2024-08-04,MP0307,0.273,43.1
2024-08-04,MP0308,,
2024-08-04,MP0309,,
2024-08-04,MP0310,,
2024-08-04,MP0110,,
2024-08-04,MP0111,0.395,44.1
2024-08-04,MP0112,0.348,39.9
2024-08-04,MP0212,,
2024-08-04,MP0213,0.34,41.4
2024-08-04,MP0214,0.338,41.1
2024-08-04,MP0215,0.381,41.2
2024-08-04,MP0311,,
2024-08-04,MP0312,0.37,38.6
2024-08-04,MP0313,0.37,42.2
2024-08-04,MP0113,0.43,40.1
2024-08-04,MP0401,0.336,43.6
2024-08-04,MP0402,,
2024-08-04,MP0216,,
2024-08-04,MP0501,0.375,42.3
2024-08-04,MP0502,0.401,39.9
2024-08-04,MP0314,,
2024-08-04,MP0315,,
2024-08-04,MP0601,,
2024-08-04,MP0316,0.305,41.7
2024-08-04,MP0403,0.352,40.7
2024-08-04,MP0404,,
2024-08-04,MP0405,,
2024-08-04,MP0503,0.26,41.6
2024-08-04,MP0504,,
2024-08-04,MP0505,0.351,42.3
2024-08-04,MP0506,,
2024-08-04,MP0602,0.344,40.6
2024-08-04,MP0603,,
2024-08-04,MP0604,,
2024-08-04,MP0406,0.367,42.5
2024-08-04,MP0407,,
2024-08-04,MP0408,0.339,43.4
2024-08-04,MP0507,,
2024-08-04,MP0508,,
2024-08-04,MP0509,0.314,42.8
2024-08-04,MP0510,0.343,43.1
2024-08-04,MP0605,0.346,38.2
2024-08-04,MP0606,0.353,41.0
2024-08-04,MP0607,,
2024-08-04,MP0409,0.269,43.4
2024-08-04,MP0410,0.333,40.1
2024-08-04,MP0411,0.376,39.4
2024-08-04,MP0412,,
2024-08-04,MP0511,0.337,41.9
2024-08-04,MP0512,0.352,42.5
2024-08-04,MP0608,0.3,41.7
2024-08-04,MP0609,0.261,40.9
2024-08-04,MP0610,,
2024-08-04,MP0611,0.307,39.6
2024-08-04,MP0413,0.454,41.7
2024-08-04,MP0414,0.34,39.9
2024-08-04,MP0415,,
2024-08-04,MP0513,0.344,41.6
2024-08-04,MP0514,0.261,43.5
2024-08-04,MP0515,0.401,42.6
2024-08-04,MP0516,0.298,40.3
2024-08-04,MP0612,,
2024-08-04,MP0613,0.397,41.0
2024-08-04,MP0614,0.39,42.0
2024-08-11,MP0101,0.4,36.3
2024-08-11,MP0102,,
2024-08-11,MP0103,0.447,34.5
2024-08-11,MP0201,,
2024-08-11,MP0202,,
2024-08-11,MP0203,,
2024-08-11,MP0204,,
2024-08-11,MP0301,0.412,36.7
2024-08-11,MP0302,,
2024-08-11,MP0303,0.53,34.7
2024-08-11,MP0104,0.329,32.1
2024-08-11,MP0105,,
2024-08-11,MP0106,,
2024-08-11,MP0205,0.444,35.0
2024-08-11,MP0206,,
2024-08-11,MP0207,0.364,38.9
2024-08-11,MP0208,0.417,38.5
2024-08-11,MP0304,0.361,33.6
2024-08-11,MP0305,0.382,35.5
2024-08-11,MP0306,0.395,34.0
2024-08-11,MP0107,0.371,35.3
2024-08-11,MP0108,0.384,36.6
2024-08-11,MP0109,,
2024-08-11,MP0209,,
2024-08-11,MP0210,0.411,37.0
2024-08-11,MP0211,0.431,35.1
2024-08-11,MP0307,,
2024-08-11,MP0308,,
2024-08-11,MP0309,0.365,37.5
2024-08-11,MP0310,0.466,34.6
2024-08-11,MP0110,0.402,34.4
2024-08-11,MP0111,0.352,33.1
2024-08-11,MP0112,,
2024-08-11,MP0212,0.424,38.3
2024-08-11,MP0213,0.359,36.0
2024-08-11,MP0214,0.351,35.5
2024-08-11,MP0215,0.402,34.7
2024-08-11,MP0311,0.367,35.6
2024-08-11,MP0312,,
2024-08-11,MP0313,,
2024-08-11,MP0113,,
2024-08-11,MP0401,0.324,37.4
2024-08-11,MP0402,0.32,34.5
2024-08-11,MP0216,0.394,36.9
2024-08-11,MP0501,0.41,37.0
2024-08-11,MP0502,0.422,35.6
2024-08-11,MP0314,0.417,36.1
2024-08-11,MP0315,,
2024-08-11,MP0601,0.409,34.4
2024-08-11,MP0316,,
2024-08-11,MP0403,0.42,35.6
2024-08-11,MP0404,0.284,35.9
2024-08-11,MP0405,0.285,37.6
2024-08-11,MP0503,0.334,36.4
2024-08-11,MP0504,,
2024-08-11,MP0505,,
2024-08-11,MP0506,0.381,32.0
2024-08-11,MP0602,0.357,35.5
2024-08-11,MP0603,0.355,32.8
2024-08-11,MP0604,0.527,31.4
2024-08-11,MP0406,,
2024-08-11,MP0407,,
2024-08-11,MP0408,,
2024-08-11,MP0507,0.372,35.5
2024-08-11,MP0508,0.395,35.0
2024-08-11,MP0509,0.325,36.8
2024-08-11,MP0510,,
2024-08-11,MP0605,,
2024-08-11,MP0606,0.358,34.6
2024-08-11,MP0607,0.389,38.3
2024-08-11,MP0409,0.374,37.4
2024-08-11,MP0410,0.371,33.3
2024-08-11,MP0411,0.425,35.5
2024-08-11,MP0412,,
2024-08-11,MP0511,,
2024-08-11,MP0512,0.387,36.8
2024-08-11,MP0608,,
2024-08-11,MP0609,0.385,36.1
2024-08-11,MP0610,0.424,34.7
2024-08-11,MP0611,0.441,35.7
2024-08-11,MP0413,0.389,33.5
2024-08-11,MP0414,0.346,34.2
2024-08-11,MP0415,0.415,34.3
2024-08-11,MP0513,,
2024-08-11,MP0514,,
2024-08-11,MP0515,0.357,34.6
2024-08-11,MP0516,0.42,32.5
2024-08-11,MP0612,0.353,35.7
2024-08-11,MP0613,0.37,32.4
2024-08-11,MP0614,,
2024-08-18,MP0101,0.448,34.4
2024-08-18,MP0102,0.413,35.9
2024-08-18,MP0103,,
2024-08-18,MP0201,0.42,36.3
2024-08-18,MP0202,,
2024-08-18,MP0203,0.399,33.2
2024-08-18,MP0204,,
2024-08-18,MP0301,0.423,39.2
2024-08-18,MP0302,0.442,35.9
2024-08-18,MP0303,0.463,33.3
2024-08-18,MP0104,,
2024-08-18,MP0105,,
2024-08-18,MP0106,,
2024-08-18,MP0205,0.412,37.0
2024-08-18,MP0206,0.394,38.8
2024-08-18,MP0207,,
2024-08-18,MP0208,,
2024-08-18,MP0304,,
2024-08-18,MP0305,0.447,37.3
2024-08-18,MP0306,0.436,37.9
2024-08-18,MP0107,0.447,37.2
2024-08-18,MP0108,0.41,37.6
2024-08-18,MP0109,0.36,36.5
2024-08-18,MP0209,,
2024-08-18,MP0210,,
2024-08-18,MP0211,,
2024-08-18,MP0307,0.38,35.6
2024-08-18,MP0308,,
2024-08-18,MP0309,0.421,36.5
2024-08-18,MP0310,,
2024-08-18,MP0110,0.43,37.4
2024-08-18,MP0111,0.365,37.2
2024-08-18,MP0112,0.43,35.2
2024-08-18,MP0212,,
2024-08-18,MP0213,,
2024-08-18,MP0214,,
2024-08-18,MP0215,0.487,36.6
2024-08-18,MP0311,,
2024-08-18,MP0312,0.32,34.3
2024-08-18,MP0313,,
2024-08-18,MP0113,,
2024-08-18,MP0401,,
2024-08-18,MP0402,,
2024-08-18,MP0216,,
2024-08-18,MP0501,0.435,34.8
2024-08-18,MP0502,0.447,38.8
2024-08-18,MP0314,0.367,38.9
2024-08-18,MP0315,,
2024-08-18,MP0601,0.436,38.5
2024-08-18,MP0316,,
2024-08-18,MP0403,0.39,37.0
2024-08-18,MP0404,0.32,37.0
2024-08-18,MP0405,0.345,38.1
2024-08-18,MP0503,0.281,36.1
2024-08-18,MP0504,0.427,35.5
2024-08-18,MP0505,0.399,37.2
2024-08-18,MP0506,0.397,36.3
2024-08-18,MP0602,0.334,35.9
2024-08-18,MP0603,0.406,39.7
2024-08-18,MP0604,0.502,37.2
2024-08-18,MP0406,0.388,35.4
2024-08-18,MP0407,0.398,37.3
2024-08-18,MP0408,,
2024-08-18,MP0507,0.426,37.8
2024-08-18,MP0508,,
2024-08-18,MP0509,,
2024-08-18,MP0510,,
2024-08-18,MP0605,,
2024-08-18,MP0606,,
2024-08-18,MP0607,0.36,35.8
2024-08-18,MP0409,0.324,36.0
2024-08-18,MP0410,0.357,37.5
2024-08-18,MP0411,0.445,35.9
2024-08-18,MP0412,,
2024-08-18,MP0511,0.43,36.4
2024-08-18,MP0512,0.403,37.3
2024-08-18,MP0608,,
2024-08-18,MP0609,0.42,35.8
2024-08-18,MP0610,0.351,37.3
2024-08-18,MP0611,0.447,34.7
2024-08-18,MP0413,,
2024-08-18,MP0414,0.402,36.5
2024-08-18,MP0415,,
2024-08-18,MP0513,0.409,35.8
2024-08-18,MP0514,0.406,36.5
2024-08-18,MP0515,,
2024-08-18,MP0516,0.405,36.3
2024-08-18,MP0612,0.4,37.0
2024-08-18,MP0613,0.391,36.0
2024-08-18,MP0614,,
2024-08-25,MP0101,,
2024-08-25,MP0102,,
2024-08-25,MP0103,0.441,34.9
2024-08-25,MP0201,0.417,35.7
2024-08-25,MP0202,0.511,40.3
2024-08-25,MP0203,0.479,35.0
2024-08-25,MP0204,0.451,34.6
2024-08-25,MP0301,0.396,36.5
2024-08-25,MP0302,0.47,35.4
2024-08-25,MP0303,0.517,35.1
2024-08-25,MP0104,,
2024-08-25,MP0105,0.462,35.1
2024-08-25,MP0106,0.424,37.4
2024-08-25,MP0205,0.442,34.9
2024-08-25,MP0206,,
2024-08-25,MP0207,0.424,37.1
2024-08-25,MP0208,0.476,34.1
2024-08-25,MP0304,0.46,38.1
2024-08-25,MP0305,,
2024-08-25,MP0306,,
2024-08-25,MP0107,0.483,37.2
2024-08-25,MP0108,0.365,38.4
2024-08-25,MP0109,0.46,36.9
2024-08-25,MP0209,0.4,34.6
2024-08-25,MP0210,,
2024-08-25,MP0211,,
2024-08-25,MP0307,0.412,35.2
2024-08-25,MP0308,,
2024-08-25,MP0309,0.468,33.8
2024-08-25,MP0310,0.448,37.6
2024-08-25,MP0110,,
2024-08-25,MP0111,0.388,36.4
2024-08-25,MP0112,0.419,35.1
2024-08-25,MP0212,,
2024-08-25,MP0213,0.341,38.8
2024-08-25,MP0214,,
2024-08-25,MP0215,0.408,35.6
2024-08-25,MP0311,,
2024-08-25,MP0312,0.413,38.0
2024-08-25,MP0313,0.418,39.6
2024-08-25,MP0113,0.503,36.6
2024-08-25,MP0401,,
2024-08-25,MP0402,,
2024-08-25,MP0216,,
2024-08-25,MP0501,0.479,36.2
2024-08-25,MP0502,,
2024-08-25,MP0314,,
2024-08-25,MP0315,0.48,36.7
2024-08-25,MP0601,,
2024-08-25,MP0316,0.408,37.9
2024-08-25,MP0403,0.421,37.4
2024-08-25,MP0404,0.355,38.3
2024-08-25,MP0405,0.392,37.7
2024-08-25,MP0503,0.366,40.0
2024-08-25,MP0504,,
2024-08-25,MP0505,,
2024-08-25,MP0506,0.487,37.5
2024-08-25,MP0602,0.37,38.4
2024-08-25,MP0603,0.377,37.1
2024-08-25,MP0604,0.528,31.0
2024-08-25,MP0406,0.387,34.5
2024-08-25,MP0407,0.397,36.0
2024-08-25,MP0408,0.491,34.6
2024-08-25,MP0507,,
2024-08-25,MP0508,0.311,38.4
2024-08-25,MP0509,,
2024-08-25,MP0510,0.344,36.6
2024-08-25,MP0605,,
2024-08-25,MP0606,0.406,36.2
2024-08-25,MP0607,,
2024-08-25,MP0409,0.422,37.2
2024-08-25,MP0410,0.416,35.0
2024-08-25,MP0411,0.526,36.0
2024-08-25,MP0412,,
2024-08-25,MP0511,0.417,36.9
2024-08-25,MP0512,0.393,41.7
2024-08-25,MP0608,0.426,36.8
2024-08-25,MP0609,0.389,36.6
2024-08-25,MP0610,,
2024-08-25,MP0611,,
2024-08-25,MP0413,0.427,36.6
2024-08-25,MP0414,,
2024-08-25,MP0415,,
2024-08-25,MP0513,,
2024-08-25,MP0514,,
2024-08-25,MP0515,0.384,37.3
2024-08-25,MP0516,,
2024-08-25,MP0612,,
2024-08-25,MP0613,,
2024-08-25,MP0614,0.458,34.5
2024-09-01,MP0101,,
2024-09-01,MP0102,0.462,36.1
2024-09-01,MP0103,0.437,38.0
2024-09-01,MP0201,0.489,35.6
2024-09-01,MP0202,,
2024-09-01,MP0203,0.478,36.0
2024-09-01,MP0204,,
2024-09-01,MP0301,0.432,40.0
2024-09-01,MP0302,0.54,36.3
2024-09-01,MP0303,,
2024-09-01,MP0104,,
2024-09-01,MP0105,,
2024-09-01,MP0106,,
2024-09-01,MP0205,,
2024-09-01,MP0206,,
2024-09-01,MP0207,0.418,38.1
2024-09-01,MP0208,0.507,37.3
2024-09-01,MP0304,0.446,36.2
2024-09-01,MP0305,0.434,38.0
2024-09-01,MP0306,,
2024-09-01,MP0107,,
2024-09-01,MP0108,0.401,38.8
2024-09-01,MP0109,,
2024-09-01,MP0209,0.459,37.7
2024-09-01,MP0210,,
2024-09-01,MP0211,0.508,37.9
2024-09-01,MP0307,0.44,38.7
2024-09-01,MP0308,0.499,38.1
2024-09-01,MP0309,0.461,35.5
2024-09-01,MP0310,0.506,37.5
2024-09-01,MP0110,0.478,38.6
2024-09-01,MP0111,,
2024-09-01,MP0112,0.486,35.8
2024-09-01,MP0212,,
2024-09-01,MP0213,,
2024-09-01,MP0214,0.361,37.9
2024-09-01,MP0215,,
2024-09-01,MP0311,,
2024-09-01,MP0312,,
2024-09-01,MP0313,0.436,38.3
2024-09-01,MP0113,,
2024-09-01,MP0401,,
2024-09-01,MP0402,,
2024-09-01,MP0216,0.468,37.8
2024-09-01,MP0501,0.407,37.3
2024-09-01,MP0502,,
2024-09-01,MP0314,,
2024-09-01,MP0315,0.429,36.3
2024-09-01,MP0601,0.455,36.6
2024-09-01,MP0316,0.416,39.0
2024-09-01,MP0403,0.434,36.9
2024-09-01,MP0404,0.351,38.1
2024-09-01,MP0405,0.401,35.2
2024-09-01,MP0503,0.297,37.9
2024-09-01,MP0504,0.479,36.2
2024-09-01,MP0505,0.426,34.5
2024-09-01,MP0506,,
2024-09-01,MP0602,,
2024-09-01,MP0603,0.384,37.8
2024-09-01,MP0604,0.532,35.3
2024-09-01,MP0406,,
2024-09-01,MP0407,0.402,37.4
2024-09-01,MP0408,,
2024-09-01,MP0507,0.425,36.6
2024-09-01,MP0508,0.405,36.7
2024-09-01,MP0509,0.391,39.1
2024-09-01,MP0510,0.41,38.2
2024-09-01,MP0605,0.474,38.3
2024-09-01,MP0606,0.498,36.2
2024-09-01,MP0607,0.47,37.2
2024-09-01,MP0409,0.394,39.0
2024-09-01,MP0410,,
2024-09-01,MP0411,0.53,33.8
2024-09-01,MP0412,,
2024-09-01,MP0511,0.49,35.1
2024-09-01,MP0512,0.456,36.7
2024-09-01,MP0608,,
2024-09-01,MP0609,0.45,40.0
2024-09-01,MP0610,0.376,33.7
2024-09-01,MP0611,0.453,36.1
2024-09-01,MP0413,0.49,35.8
2024-09-01,MP0414,0.406,37.8
2024-09-01,MP0415,0.504,37.9
2024-09-01,MP0513,,
2024-09-01,MP0514,0.374,39.7
2024-09-01,MP0515,0.474,36.2
2024-09-01,MP0516,0.442,37.9
2024-09-01,MP0612,,
2024-09-01,MP0613,,
2024-09-01,MP0614,,
2024-09-08,MP0101,0.448,35.7
2024-09-08,MP0102,0.512,36.1
2024-09-08,MP0103,0.462,33.2
2024-09-08,MP0201,0.489,33.5
2024-09-08,MP0202,0.48,34.7
2024-09-08,MP0203,,
2024-09-08,MP0204,0.483,34.0
2024-09-08,MP0301,,
2024-09-08,MP0302,,
2024-09-08,MP0303,,
2024-09-08,MP0104,0.378,34.1
2024-09-08,MP0105,,
2024-09-08,MP0106,0.458,35.5
2024-09-08,MP0205,,
2024-09-08,MP0206,0.366,37.6
2024-09-08,MP0207,,
2024-09-08,MP0208,0.466,35.9
2024-09-08,MP0304,0.494,33.0
2024-09-08,MP0305,0.467,33.6
2024-09-08,MP0306,0.499,35.5
2024-09-08,MP0107,0.477,36.2
2024-09-08,MP0108,0.404,35.5
2024-09-08,MP0109,0.458,34.4
2024-09-08,MP0209,0.443,36.1
2024-09-08,MP0210,0.481,34.3
2024-09-08,MP0211,0.487,32.9
2024-09-08,MP0307,,
2024-09-08,MP0308,,
2024-09-08,MP0309,,
2024-09-08,MP0310,,
2024-09-08,MP0110,,
2024-09-08,MP0111,,
2024-09-08,MP0112,0.431,33.9
2024-09-08,MP0212,,
2024-09-08,MP0213,,
2024-09-08,MP0214,,
2024-09-08,MP0215,0.475,33.4
2024-09-08,MP0311,0.468,33.9
2024-09-08,MP0312,,
2024-09-08,MP0313,,
2024-09-08,MP0113,,
2024-09-08,MP0401,0.384,37.0
2024-09-08,MP0402,,
2024-09-08,MP0216,0.452,37.2
2024-09-08,MP0501,0.418,34.6
2024-09-08,MP0502,0.44,35.0
2024-09-08,MP0314,0.426,34.1
2024-09-08,MP0315,0.457,34.7
2024-09-08,MP0601,,
2024-09-08,MP0316,0.397,35.3
2024-09-08,MP0403,,
2024-09-08,MP0404,0.359,34.2
2024-09-08,MP0405,,
2024-09-08,MP0503,0.35,36.1
2024-09-08,MP0504,0.434,31.9
2024-09-08,MP0505,,
2024-09-08,MP0506,,
2024-09-08,MP0602,0.346,36.9
2024-09-08,MP0603,0.407,37.2
2024-09-08,MP0604,,
2024-09-08,MP0406,0.467,36.7
2024-09-08,MP0407,,
2024-09-08,MP0408,,
2024-09-08,MP0507,0.424,35.8
2024-09-08,MP0508,,
2024-09-08,MP0509,,
2024-09-08,MP0510,0.39,36.0
2024-09-08,MP0605,,
2024-09-08,MP0606,,
2024-09-08,MP0607,0.488,35.0
2024-09-08,MP0409,0.398,36.5
2024-09-08,MP0410,0.443,36.7
2024-09-08,MP0411,0.593,33.4
2024-09-08,MP0412,0.407,34.6
2024-09-08,MP0511,,
2024-09-08,MP0512,0.392,33.8
2024-09-08,MP0608,,
2024-09-08,MP0609,,
2024-09-08,MP0610,0.428,35.0
2024-09-08,MP0611,,
2024-09-08,MP0413,0.521,34.3
2024-09-08,MP0414,0.43,34.3
2024-09-08,MP0415,,
2024-09-08,MP0513,,
2024-09-08,MP0514,,
2024-09-08,MP0515,0.425,35.8
2024-09-08,MP0516,,
2024-09-08,MP0612,,
2024-09-08,MP0613,0.485,36.8
2024-09-08,MP0614,0.428,34.6
2024-09-15,MP0101,,
2024-09-15,MP0102,,
2024-09-15,MP0103,0.389,36.7
2024-09-15,MP0201,0.432,37.0
2024-09-15,MP0202,0.446,36.9
2024-09-15,MP0203,0.464,35.6
2024-09-15,MP0204,0.509,39.4
2024-09-15,MP0301,,
2024-09-15,MP0302,0.53,34.4
2024-09-15,MP0303,0.509,37.3
2024-09-15,MP0104,,
2024-09-15,MP0105,0.405,38.8
2024-09-15,MP0106,,
2024-09-15,MP0205,0.482,36.2
2024-09-15,MP0206,0.372,41.0
2024-09-15,MP0207,,
2024-09-15,MP0208,0.429,40.0
2024-09-15,MP0304,,
2024-09-15,MP0305,0.425,36.9
2024-09-15,MP0306,0.433,40.2
2024-09-15,MP0107,0.472,39.4
2024-09-15,MP0108,,
2024-09-15,MP0109,,
2024-09-15,MP0209,0.415,36.8
2024-09-15,MP0210,0.378,39.7
2024-09-15,MP0211,,
2024-09-15,MP0307,0.386,38.2
2024-09-15,MP0308,,
2024-09-15,MP0309,,
2024-09-15,MP0310,0.452,34.5
2024-09-15,MP0110,0.425,39.2
2024-09-15,MP0111,,
2024-09-15,MP0112,0.421,37.0
2024-09-15,MP0212,0.466,41.0
2024-09-15,MP0213,,
2024-09-15,MP0214,0.387,36.9
2024-09-15,MP0215,,
2024-09-15,MP0311,,
2024-09-15,MP0312,,
2024-09-15,MP0313,,
2024-09-15,MP0113,,
2024-09-15,MP0401,,
2024-09-15,MP0402,0.368,38.1
2024-09-15,MP0216,0.467,36.5
2024-09-15,MP0501,,
2024-09-15,MP0502,,
2024-09-15,MP0314,0.408,37.9
2024-09-15,MP0315,0.432,40.9
2024-09-15,MP0601,0.438,38.2
2024-09-15,MP0316,0.416,37.4
2024-09-15,MP0403,,
2024-09-15,MP0404,,
2024-09-15,MP0405,0.406,37.4
2024-09-15,MP0503,0.322,40.0
2024-09-15,MP0504,,
2024-09-15,MP0505,0.484,35.7
2024-09-15,MP0506,0.417,40.3
2024-09-15,MP0602,0.326,38.6
2024-09-15,MP0603,,
2024-09-15,MP0604,,
2024-09-15,MP0406,0.444,37.6
2024-09-15,MP0407,0.341,38.2
2024-09-15,MP0408,0.431,39.1
2024-09-15,MP0507,,
2024-09-15,MP0508,0.358,40.8
2024-09-15,MP0509,0.373,40.4
2024-09-15,MP0510,,
2024-09-15,MP0605,0.421,35.2
2024-09-15,MP0606,0.441,39.0
2024-09-15,MP0607,,
2024-09-15,MP0409,,
2024-09-15,MP0410,,
2024-09-15,MP0411,,
2024-09-15,MP0412,,
2024-09-15,MP0511,0.487,37.1
2024-09-15,MP0512,0.417,39.0
2024-09-15,MP0608,0.382,38.7
2024-09-15,MP0609,0.433,39.4
2024-09-15,MP0610,0.385,38.1
2024-09-15,MP0611,0.429,40.6
2024-09-15,MP0413,,
2024-09-15,MP0414,0.429,39.5
2024-09-15,MP0415,0.413,39.8
2024-09-15,MP0513,,
2024-09-15,MP0514,0.391,38.2
2024-09-15,MP0515,,
2024-09-15,MP0516,,
2024-09-15,MP0612,0.448,40.4
2024-09-15,MP0613,0.375,38.3
2024-09-15,MP0614,,
2024-09-22,MP0101,0.427,39.2
2024-09-22,MP0102,,
2024-09-22,MP0103,0.42,39.5
2024-09-22,MP0201,,
2024-09-22,MP0202,,
2024-09-22,MP0203,0.435,39.2
2024-09-22,MP0204,0.456,36.7
2024-09-22,MP0301,0.397,40.9
2024-09-22,MP0302,,
2024-09-22,MP0303,0.416,37.2
2024-09-22,MP0104,,
2024-09-22,MP0105,0.447,38.4
2024-09-22,MP0106,,
2024-09-22,MP0205,0.472,36.8
2024-09-22,MP0206,,
2024-09-22,MP0207,,
2024-09-22,MP0208,,
2024-09-22,MP0304,0.427,37.0
2024-09-22,MP0305,0.439,38.8
2024-09-22,MP0306,0.415,37.0
2024-09-22,MP0107,0.499,35.5
2024-09-22,MP0108,,
2024-09-22,MP0109,0.377,38.9
2024-09-22,MP0209,,
2024-09-22,MP0210,0.455,40.7
2024-09-22,MP0211,0.429,34.8
2024-09-22,MP0307,0.349,39.2
2024-09-22,MP0308,,
2024-09-22,MP0309,0.469,36.0
2024-09-22,MP0310,0.512,36.6
2024-09-22,MP0110,0.39,37.8
2024-09-22,MP0111,0.38,35.8
2024-09-22,MP0112,0.495,38.2
2024-09-22,MP0212,,
2024-09-22,MP0213,0.301,38.1
2024-09-22,MP0214,,
2024-09-22,MP0215,0.421,38.2
2024-09-22,MP0311,,
2024-09-22,MP0312,,
2024-09-22,MP0313,,
2024-09-22,MP0113,,
2024-09-22,MP0401,,
2024-09-22,MP0402,0.381,37.4
2024-09-22,MP0216,,
2024-09-22,MP0501,,
2024-09-22,MP0502,0.444,37.5
2024-09-22,MP0314,0.417,38.8
2024-09-22,MP0315,,
2024-09-22,MP0601,,
2024-09-22,MP0316,,
2024-09-22,MP0403,,
2024-09-22,MP0404,0.313,36.6
2024-09-22,MP0405,0.339,37.9
2024-09-22,MP0503,,
2024-09-22,MP0504,,
2024-09-22,MP0505,0.358,36.0
2024-09-22,MP0506,,
2024-09-22,MP0602,,
2024-09-22,MP0603,0.405,39.0
2024-09-22,MP0604,0.43,35.5
2024-09-22,MP0406,0.407,39.3
2024-09-22,MP0407,0.435,38.1
2024-09-22,MP0408,0.399,37.8
2024-09-22,MP0507,,
2024-09-22,MP0508,0.338,38.9
2024-09-22,MP0509,,
2024-09-22,MP0510,0.316,38.4
2024-09-22,MP0605,0.423,36.7
2024-09-22,MP0606,0.36,38.6
2024-09-22,MP0607,0.393,35.5
2024-09-22,MP0409,,
2024-09-22,MP0410,,
2024-09-22,MP0411,,
2024-09-22,MP0412,0.308,40.7
2024-09-22,MP0511,,
2024-09-22,MP0512,0.405,40.8
2024-09-22,MP0608,0.344,39.5
2024-09-22,MP0609,0.386,38.3
2024-09-22,MP0610,0.34,37.9
2024-09-22,MP0611,0.372,37.1
2024-09-22,MP0413,0.422,34.7
2024-09-22,MP0414,,
2024-09-22,MP0415,,
2024-09-22,MP0513,0.377,37.1
2024-09-22,MP0514,,
2024-09-22,MP0515,,
2024-09-22,MP0516,0.371,37.1
2024-09-22,MP0612,0.409,36.7
2024-09-22,MP0613,0.417,38.4
2024-09-22,MP0614,,
2024-09-29,MP0101,0.415,34.7
2024-09-29,MP0102,,
2024-09-29,MP0103,0.385,34.9
2024-09-29,MP0201,,
2024-09-29,MP0202,,
2024-09-29,MP0203,0.417,34.0
2024-09-29,MP0204,0.392,33.4
2024-09-29,MP0301,0.386,34.1
2024-09-29,MP0302,,
2024-09-29,MP0303,0.45,34.7
2024-09-29,MP0104,0.366,36.5
2024-09-29,MP0105,0.415,39.6
2024-09-29,MP0106,0.365,35.8
2024-09-29,MP0205,,
2024-09-29,MP0206,,
2024-09-29,MP0207,,
2024-09-29,MP0208,,
2024-09-29,MP0304,,
2024-09-29,MP0305,0.412,35.3
2024-09-29,MP0306,,
2024-09-29,MP0107,,
2024-09-29,MP0108,0.411,35.7
2024-09-29,MP0109,,
2024-09-29,MP0209,0.375,36.9
2024-09-29,MP0210,,
2024-09-29,MP0211,,
2024-09-29,MP0307,0.393,36.1
2024-09-29,MP0308,0.421,33.4
2024-09-29,MP0309,0.415,37.1
2024-09-29,MP0310,0.439,36.1
2024-09-29,MP0110,0.337,36.5
2024-09-29,MP0111,0.369,36.3
2024-09-29,MP0112,,
2024-09-29,MP0212,0.439,34.8
2024-09-29,MP0213,0.364,35.1
2024-09-29,MP0214,0.353,35.3
2024-09-29,MP0215,,
2024-09-29,MP0311,,
2024-09-29,MP0312,,
2024-09-29,MP0313,,
2024-09-29,MP0113,0.434,36.7
2024-09-29,MP0401,,
2024-09-29,MP0402,,
2024-09-29,MP0216,0.396,37.0
2024-09-29,MP0501,0.435,32.4
2024-09-29,MP0502,0.423,35.2
2024-09-29,MP0314,0.409,35.2
2024-09-29,MP0315,,
2024-09-29,MP0601,0.37,33.3
2024-09-29,MP0316,0.331,35.5
2024-09-29,MP0403,0.321,34.4
2024-09-29,MP0404,0.346,38.9
2024-09-29,MP0405,0.321,36.7
2024-09-29,MP0503,0.325,35.2
2024-09-29,MP0504,0.417,33.8
2024-09-29,MP0505,0.384,35.6
2024-09-29,MP0506,0.407,33.4
2024-09-29,MP0602,,
2024-09-29,MP0603,,
2024-09-29,MP0604,0.453,33.3
2024-09-29,MP0406,,
2024-09-29,MP0407,,
2024-09-29,MP0408,0.378,36.8
2024-09-29,MP0507,,
2024-09-29,MP0508,,
2024-09-29,MP0509,,
2024-09-29,MP0510,,
2024-09-29,MP0605,0.402,33.4
2024-09-29,MP0606,0.39,33.2
2024-09-29,MP0607,,
2024-09-29,MP0409,,
2024-09-29,MP0410,,
2024-09-29,MP0411,0.393,34.1
2024-09-29,MP0412,0.343,30.8
2024-09-29,MP0511,0.344,34.8
2024-09-29,MP0512,0.393,38.2
2024-09-29,MP0608,0.256,37.4
2024-09-29,MP0609,0.378,36.3
2024-09-29,MP0610,0.323,34.3
2024-09-29,MP0611,0.376,33.1
2024-09-29,MP0413,0.434,33.7
2024-09-29,MP0414,,
2024-09-29,MP0415,,
2024-09-29,MP0513,0.362,35.6
2024-09-29,MP0514,,
2024-09-29,MP0515,0.459,33.2
2024-09-29,MP0516,0.391,36.2
2024-09-29,MP0612,,
2024-09-29,MP0613,,
2024-09-29,MP0614,0.426,34.9
2024-10-06,MP0101,0.337,38.8
2024-10-06,MP0102,0.331,39.5
2024-10-06,MP0103,,
2024-10-06,MP0201,0.382,39.0
2024-10-06,MP0202,0.415,38.7
2024-10-06,MP0203,0.393,35.7
2024-10-06,MP0204,0.395,38.2
2024-10-06,MP0301,0.356,39.3
2024-10-06,MP0302,0.416,37.8
2024-10-06,MP0303,0.439,38.8
2024-10-06,MP0104,0.341,36.5
2024-10-06,MP0105,0.387,38.0
2024-10-06,MP0106,0.388,37.7
2024-10-06,MP0205,0.343,38.0
2024-10-06,MP0206,0.323,39.7
2024-10-06,MP0207,0.307,38.9
2024-10-06,MP0208,0.351,38.7
2024-10-06,MP0304,0.335,36.9
2024-10-06,MP0305,0.337,35.9
2024-10-06,MP0306,0.335,36.1
2024-10-06,MP0107,0.447,38.3
2024-10-06,MP0108,0.281,39.9
2024-10-06,MP0109,0.343,38.3
2024-10-06,MP0209,0.392,38.6
2024-10-06,MP0210,0.281,40.0
2024-10-06,MP0211,0.317,36.0
2024-10-06,MP0307,,
2024-10-06,MP0308,0.403,35.9
2024-10-06,MP0309,0.357,39.8
2024-10-06,MP0310,0.406,38.3
2024-10-06,MP0110,0.3,41.1
2024-10-06,MP0111,0.338,37.9
2024-10-06,MP0112,0.337,34.8
2024-10-06,MP0212,0.408,35.0
2024-10-06,MP0213,0.314,37.3
2024-10-06,MP0214,0.356,38.5
2024-10-06,MP0215,0.334,37.7
2024-10-06,MP0311,0.288,40.2
2024-10-06,MP0312,0.339,38.2
2024-10-06,MP0313,0.336,39.3
2024-10-06,MP0113,0.335,37.7
2024-10-06,MP0401,0.324,43.0
2024-10-06,MP0402,0.269,38.4
2024-10-06,MP0216,0.415,39.8
2024-10-06,MP0501,,
2024-10-06,MP0502,0.361,34.0
2024-10-06,MP0314,,
2024-10-06,MP0315,0.32,38.2
2024-10-06,MP0601,0.36,36.9
2024-10-06,MP0316,0.332,38.7
2024-10-06,MP0403,,
2024-10-06,MP0404,0.333,38.8
2024-10-06,MP0405,0.299,38.6
2024-10-06,MP0503,,
2024-10-06,MP0504,0.344,39.1
2024-10-06,MP0505,0.362,37.8
2024-10-06,MP0506,0.318,37.9
2024-10-06,MP0602,,
2024-10-06,MP0603,0.33,37.7
2024-10-06,MP0604,0.42,35.8
2024-10-06,MP0406,0.335,37.7
2024-10-06,MP0407,0.312,37.5
2024-10-06,MP0408,0.275,39.1
2024-10-06,MP0507,0.385,36.8
2024-10-06,MP0508,0.253,39.3
2024-10-06,MP0509,0.269,41.2
2024-10-06,MP0510,,
2024-10-06,MP0605,,
2024-10-06,MP0606,0.343,38.3
2024-10-06,MP0607,0.351,37.1
2024-10-06,MP0409,0.332,36.4
2024-10-06,MP0410,0.34,36.1
2024-10-06,MP0411,0.404,36.3
2024-10-06,MP0412,0.286,39.4
2024-10-06,MP0511,0.345,38.9
2024-10-06,MP0512,0.35,40.1
2024-10-06,MP0608,0.31,40.6
2024-10-06,MP0609,0.341,39.7
2024-10-06,MP0610,0.338,39.9
2024-10-06,MP0611,0.352,38.6
2024-10-06,MP0413,0.319,37.4
2024-10-06,MP0414,0.393,36.6
2024-10-06,MP0415,0.329,34.7
2024-10-06,MP0513,0.302,35.6
2024-10-06,MP0514,0.314,35.3
2024-10-06,MP0515,0.306,40.1
2024-10-06,MP0516,0.36,38.0
2024-10-06,MP0612,0.338,37.8
2024-10-06,MP0613,0.334,39.3
2024-10-06,MP0614,0.344,35.3
2024-10-13,MP0101,0.35,37.6
2024-10-13,MP0102,0.321,35.0
2024-10-13,MP0103,0.282,36.8
2024-10-13,MP0201,0.327,35.9
2024-10-13,MP0202,0.377,34.3
2024-10-13,MP0203,0.292,36.7
2024-10-13,MP0204,0.341,34.7
2024-10-13,MP0301,0.334,36.6
2024-10-13,MP0302,0.346,34.3
2024-10-13,MP0303,0.346,34.8
2024-10-13,MP0104,0.251,39.8
2024-10-13,MP0105,0.345,35.4
2024-10-13,MP0106,0.344,36.7
2024-10-13,MP0205,0.338,37.5
2024-10-13,MP0206,,
2024-10-13,MP0207,0.362,37.8
2024-10-13,MP0208,0.284,38.6
2024-10-13,MP0304,0.35,37.7
2024-10-13,MP0305,0.34,37.8
2024-10-13,MP0306,0.303,35.8
2024-10-13,MP0107,0.335,35.7
2024-10-13,MP0108,0.365,35.4
2024-10-13,MP0109,0.304,36.3
2024-10-13,MP0209,,
2024-10-13,MP0210,0.315,39.0
2024-10-13,MP0211,0.346,36.4
2024-10-13,MP0307,0.328,34.8
2024-10-13,MP0308,,
2024-10-13,MP0309,0.287,36.0
2024-10-13,MP0310,,
2024-10-13,MP0110,0.347,38.3
2024-10-13,MP0111,,
2024-10-13,MP0112,0.331,37.8
2024-10-13,MP0212,0.32,37.8
2024-10-13,MP0213,0.279,39.2
2024-10-13,MP0214,0.284,35.9
2024-10-13,MP0215,0.325,37.0
2024-10-13,MP0311,0.341,37.3
2024-10-13,MP0312,0.315,36.4
2024-10-13,MP0313,0.298,38.9
2024-10-13,MP0113,0.305,34.5
2024-10-13,MP0401,0.265,39.1
2024-10-13,MP0402,0.275,35.8
2024-10-13,MP0216,0.31,38.5
2024-10-13,MP0501,0.281,36.0
2024-10-13,MP0502,0.298,34.8
2024-10-13,MP0314,0.34,36.5
2024-10-13,MP0315,,
2024-10-13,MP0601,0.311,38.1
2024-10-13,MP0316,0.258,38.2
2024-10-13,MP0403,0.322,36.6
2024-10-13,MP0404,0.241,38.6
2024-10-13,MP0405,0.284,37.8
2024-10-13,MP0503,0.289,35.1
2024-10-13,MP0504,0.32,33.9
2024-10-13,MP0505,0.316,37.5
2024-10-13,MP0506,0.31,36.0
2024-10-13,MP0602,0.313,41.2
2024-10-13,MP0603,0.394,37.4
2024-10-13,MP0604,,
2024-10-13,MP0406,0.244,37.0
2024-10-13,MP0407,,
2024-10-13,MP0408,0.292,38.2
2024-10-13,MP0507,0.324,36.1
2024-10-13,MP0508,0.273,36.6
2024-10-13,MP0509,0.246,36.4
2024-10-13,MP0510,0.278,37.5
2024-10-13,MP0605,0.352,35.2
2024-10-13,MP0606,0.339,37.1
2024-10-13,MP0607,0.327,39.1
2024-10-13,MP0409,0.277,34.6
2024-10-13,MP0410,0.306,37.7
2024-10-13,MP0411,0.314,36.9
2024-10-13,MP0412,0.343,37.7
2024-10-13,MP0511,0.331,39.8
2024-10-13,MP0512,0.3,35.1
2024-10-13,MP0608,0.314,36.9
2024-10-13,MP0609,,
2024-10-13,MP0610,0.363,37.7
2024-10-13,MP0611,0.304,35.3
2024-10-13,MP0413,0.321,35.0
2024-10-13,MP0414,,
2024-10-13,MP0415,0.343,35.8
2024-10-13,MP0513,0.34,37.1
2024-10-13,MP0514,0.32,36.8
2024-10-13,MP0515,0.27,34.4
2024-10-13,MP0516,0.314,36.5
2024-10-13,MP0612,0.358,37.7
2024-10-13,MP0613,0.321,36.5
2024-10-13,MP0614,,
2024-10-20,MP0101,0.299,33.8
2024-10-20,MP0102,0.294,34.7
2024-10-20,MP0103,0.253,32.3
2024-10-20,MP0201,0.303,35.0
2024-10-20,MP0202,0.322,34.8
2024-10-20,MP0203,0.269,31.7
2024-10-20,MP0204,0.316,35.0
2024-10-20,MP0301,0.267,34.8
2024-10-20,MP0302,0.302,34.6
2024-10-20,MP0303,0.275,35.0
2024-10-20,MP0104,0.271,33.1
2024-10-20,MP0105,0.342,35.7
2024-10-20,MP0106,0.251,34.4
2024-10-20,MP0205,0.31,37.9
2024-10-20,MP0206,0.299,36.2
2024-10-20,MP0207,0.249,34.4
2024-10-20,MP0208,0.307,33.8
2024-10-20,MP0304,0.357,35.8
2024-10-20,MP0305,0.219,34.2
2024-10-20,MP0306,0.334,33.6
2024-10-20,MP0107,0.297,34.0
2024-10-20,MP0108,0.27,35.3
2024-10-20,MP0109,0.302,34.5
2024-10-20,MP0209,,
2024-10-20,MP0210,0.295,34.4
2024-10-20,MP0211,0.248,34.0
2024-10-20,MP0307,0.267,37.4
2024-10-20,MP0308,0.304,32.2
2024-10-20,MP0309,0.292,33.4
2024-10-20,MP0310,0.315,33.1
2024-10-20,MP0110,,
2024-10-20,MP0111,0.248,31.2
2024-10-20,MP0112,0.282,33.7
2024-10-20,MP0212,0.315,32.6
2024-10-20,MP0213,0.313,29.8
2024-10-20,MP0214,0.268,38.0
2024-10-20,MP0215,0.315,35.5
2024-10-20,MP0311,0.248,35.8
2024-10-20,MP0312,0.269,33.6
2024-10-20,MP0313,0.313,35.2
2024-10-20,MP0113,0.308,34.8
2024-10-20,MP0401,0.252,35.6
2024-10-20,MP0402,0.268,36.1
2024-10-20,MP0216,0.306,35.9
2024-10-20,MP0501,0.325,31.8
2024-10-20,MP0502,0.284,34.1
2024-10-20,MP0314,0.282,34.7
2024-10-20,MP0315,0.264,35.0
2024-10-20,MP0601,0.27,34.3
2024-10-20,MP0316,0.242,34.9
2024-10-20,MP0403,0.315,35.0
2024-10-20,MP0404,0.244,35.1
2024-10-20,MP0405,0.257,34.7
2024-10-20,MP0503,0.258,35.6
2024-10-20,MP0504,0.273,33.7
2024-10-20,MP0505,0.275,33.5
2024-10-20,MP0506,0.256,34.3
2024-10-20,MP0602,0.239,35.4
2024-10-20,MP0603,,
2024-10-20,MP0604,0.299,33.5
2024-10-20,MP0406,0.315,35.2
2024-10-20,MP0407,0.243,33.7
2024-10-20,MP0408,0.264,35.4
2024-10-20,MP0507,0.268,35.2
2024-10-20,MP0508,0.245,33.3
2024-10-20,MP0509,0.24,35.8
2024-10-20,MP0510,0.307,36.6
2024-10-20,MP0605,0.269,34.9
2024-10-20,MP0606,0.278,36.0
2024-10-20,MP0607,0.252,35.6
2024-10-20,MP0409,0.276,33.4
2024-10-20,MP0410,0.334,33.1
2024-10-20,MP0411,0.324,34.5
2024-10-20,MP0412,0.253,33.0
2024-10-20,MP0511,0.326,32.0
2024-10-20,MP0512,0.248,34.7
2024-10-20,MP0608,0.259,33.6
2024-10-20,MP0609,0.246,34.8
2024-10-20,MP0610,0.242,34.3
2024-10-20,MP0611,0.268,35.8
2024-10-20,MP0413,0.306,31.1
2024-10-20,MP0414,0.293,32.5
2024-10-20,MP0415,0.306,31.6
2024-10-20,MP0513,0.327,35.6
2024-10-20,MP0514,0.237,33.4
2024-10-20,MP0515,0.269,34.9
2024-10-20,MP0516,0.319,36.0
2024-10-20,MP0612,0.283,36.6
2024-10-20,MP0613,,
2024-10-20,MP0614,0.237,37.5
2024-10-27,MP0101,0.244,32.9
2024-10-27,MP0102,,
2024-10-27,MP0103,0.224,35.1
2024-10-27,MP0201,0.262,35.1
2024-10-27,MP0202,0.307,34.7
2024-10-27,MP0203,0.271,34.2
2024-10-27,MP0204,0.265,35.2
2024-10-27,MP0301,0.288,35.5
2024-10-27,MP0302,0.264,33.8
2024-10-27,MP0303,,
2024-10-27,MP0104,0.213,35.6
2024-10-27,MP0105,0.281,35.2
2024-10-27,MP0106,0.243,37.0
2024-10-27,MP0205,,
2024-10-27,MP0206,0.258,35.8
2024-10-27,MP0207,0.312,33.2
2024-10-27,MP0208,0.216,35.4
2024-10-27,MP0304,0.286,34.6
2024-10-27,MP0305,0.28,35.1
2024-10-27,MP0306,0.313,34.5
2024-10-27,MP0107,,
2024-10-27,MP0108,0.241,36.4
2024-10-27,MP0109,0.274,34.5
2024-10-27,MP0209,0.197,34.2
2024-10-27,MP0210,0.271,32.0
2024-10-27,MP0211,0.32,35.4
2024-10-27,MP0307,0.251,38.8
2024-10-27,MP0308,0.226,34.6
2024-10-27,MP0309,0.222,32.9
2024-10-27,MP0310,0.303,35.4
2024-10-27,MP0110,0.321,32.4
2024-10-27,MP0111,0.219,33.5
2024-10-27,MP0112,0.334,34.3
2024-10-27,MP0212,0.246,36.2
2024-10-27,MP0213,0.236,33.3
2024-10-27,MP0214,0.307,32.9
2024-10-27,MP0215,0.255,34.5
2024-10-27,MP0311,0.251,36.5
2024-10-27,MP0312,0.243,33.9
2024-10-27,MP0313,0.253,34.8
2024-10-27,MP0113,0.295,33.2
2024-10-27,MP0401,0.257,33.7
2024-10-27,MP0402,0.213,32.6
2024-10-27,MP0216,0.223,34.0
2024-10-27,MP0501,0.27,33.4
2024-10-27,MP0502,0.244,33.0
2024-10-27,MP0314,0.236,31.5
2024-10-27,MP0315,0.252,35.3
2024-10-27,MP0601,0.294,35.0
2024-10-27,MP0316,0.206,31.9
2024-10-27,MP0403,0.22,35.8
2024-10-27,MP0404,0.234,34.5
2024-10-27,MP0405,0.208,34.0
2024-10-27,MP0503,0.25,36.0
2024-10-27,MP0504,0.316,36.9
2024-10-27,MP0505,0.235,35.0
2024-10-27,MP0506,0.228,35.6
2024-10-27,MP0602,0.284,34.7
2024-10-27,MP0603,0.261,35.7
2024-10-27,MP0604,0.336,33.7
2024-10-27,MP0406,0.317,34.6
2024-10-27,MP0407,0.273,33.4
2024-10-27,MP0408,0.22,34.5
2024-10-27,MP0507,0.246,36.5
2024-10-27,MP0508,0.199,33.7
2024-10-27,MP0509,0.221,36.3
2024-10-27,MP0510,0.24,34.6
2024-10-27,MP0605,0.234,34.3
2024-10-27,MP0606,0.308,34.2
2024-10-27,MP0607,0.244,32.9
2024-10-27,MP0409,0.23,34.1
2024-10-27,MP0410,0.269,34.3
2024-10-27,MP0411,0.269,33.4
2024-10-27,MP0412,0.202,35.1
2024-10-27,MP0511,0.294,35.4
2024-10-27,MP0512,0.232,35.9
2024-10-27,MP0608,0.283,34.4
2024-10-27,MP0609,0.247,34.9
2024-10-27,MP0610,0.274,31.4
2024-10-27,MP0611,0.275,34.9
2024-10-27,MP0413,,
2024-10-27,MP0414,0.215,33.0
2024-10-27,MP0415,0.233,35.2
2024-10-27,MP0513,0.246,34.4
2024-10-27,MP0514,0.224,35.6
2024-10-27,MP0515,0.248,32.9
2024-10-27,MP0516,0.265,34.5
2024-10-27,MP0612,0.233,33.6
2024-10-27,MP0613,0.237,32.6
2024-10-27,MP0614,,
2024-11-03,MP0101,0.212,32.5
2024-11-03,MP0102,0.257,29.8
2024-11-03,MP0103,0.263,31.6
2024-11-03,MP0201,0.265,33.7
2024-11-03,MP0202,0.241,31.2
2024-11-03,MP0203,0.201,31.1
2024-11-03,MP0204,0.275,30.2
2024-11-03,MP0301,0.22,31.0
2024-11-03,MP0302,0.289,32.8
2024-11-03,MP0303,0.284,29.6
2024-11-03,MP0104,0.227,30.7
2024-11-03,MP0105,0.29,27.5
2024-11-03,MP0106,0.296,30.0
2024-11-03,MP0205,,
2024-11-03,MP0206,0.261,35.6
2024-11-03,MP0207,0.238,33.6
2024-11-03,MP0208,0.266,31.6
2024-11-03,MP0304,0.216,31.5
2024-11-03,MP0305,0.24,29.8
2024-11-03,MP0306,0.272,31.2
2024-11-03,MP0107,0.209,30.1
2024-11-03,MP0108,0.219,31.0
2024-11-03,MP0109,,
2024-11-03,MP0209,0.255,31.6
2024-11-03,MP0210,0.205,33.3
2024-11-03,MP0211,0.277,32.3
2024-11-03,MP0307,0.283,33.8
2024-11-03,MP0308,0.241,33.4
2024-11-03,MP0309,0.24,33.9
2024-11-03,MP0310,0.267,32.5
2024-11-03,MP0110,0.256,32.0
2024-11-03,MP0111,0.269,29.4
2024-11-03,MP0112,0.257,30.4
2024-11-03,MP0212,0.265,30.9
2024-11-03,MP0213,0.192,31.9
2024-11-03,MP0214,0.283,33.6
2024-11-03,MP0215,0.176,31.2
2024-11-03,MP0311,0.258,32.2
2024-11-03,MP0312,0.22,31.6
2024-11-03,MP0313,0.238,32.6
2024-11-03,MP0113,,
2024-11-03,MP0401,0.188,31.1
2024-11-03,MP0402,0.263,33.1
2024-11-03,MP0216,,
2024-11-03,MP0501,0.257,31.2
2024-11-03,MP0502,0.256,34.6
2024-11-03,MP0314,0.23,29.2
2024-11-03,MP0315,0.203,28.9
2024-11-03,MP0601,0.254,32.0
2024-11-03,MP0316,0.234,31.5
2024-11-03,MP0403,0.25,31.5
2024-11-03,MP0404,0.201,32.5
2024-11-03,MP0405,0.274,29.2
2024-11-03,MP0503,0.175,30.8
2024-11-03,MP0504,0.249,31.4
2024-11-03,MP0505,0.209,29.0
2024-11-03,MP0506,0.232,32.4
2024-11-03,MP0602,0.212,32.0
2024-11-03,MP0603,0.268,34.1
2024-11-03,MP0604,0.201,31.6
2024-11-03,MP0406,0.254,33.2
2024-11-03,MP0407,0.202,34.7
2024-11-03,MP0408,0.246,33.6
2024-11-03,MP0507,0.244,30.6
2024-11-03,MP0508,0.185,30.8
2024-11-03,MP0509,0.212,32.5
2024-11-03,MP0510,0.215,31.7
2024-11-03,MP0605,0.308,29.8
2024-11-03,MP0606,0.213,33.5
2024-11-03,MP0607,0.233,32.3
2024-11-03,MP0409,0.203,31.4
2024-11-03,MP0410,0.227,31.6
2024-11-03,MP0411,,
2024-11-03,MP0412,0.254,31.7
2024-11-03,MP0511,0.217,28.1
2024-11-03,MP0512,0.232,31.3
2024-11-03,MP0608,0.237,31.5
2024-11-03,MP0609,0.223,29.7
2024-11-03,MP0610,0.19,31.2
2024-11-03,MP0611,0.214,31.2
2024-11-03,MP0413,0.24,30.7
2024-11-03,MP0414,0.243,30.1
2024-11-03,MP0415,0.257,31.4
2024-11-03,MP0513,0.232,32.0
2024-11-03,MP0514,0.284,31.5
2024-11-03,MP0515,0.221,31.1
2024-11-03,MP0516,,
2024-11-03,MP0612,0.24,32.7
2024-11-03,MP0613,0.252,29.7
2024-11-03,MP0614,0.258,32.6
2024-11-10,MP0101,0.266,33.5
2024-11-10,MP0102,0.193,35.7
2024-11-10,MP0103,,
2024-11-10,MP0201,0.26,34.4
2024-11-10,MP0202,0.273,35.3
2024-11-10,MP0203,0.2,33.6
2024-11-10,MP0204,0.26,33.1
2024-11-10,MP0301,0.214,34.0
2024-11-10,MP0302,0.191,34.9
2024-11-10,MP0303,0.184,36.1
2024-11-10,MP0104,,
2024-11-10,MP0105,0.281,34.6
2024-11-10,MP0106,0.238,32.9
2024-11-10,MP0205,0.259,34.4
2024-11-10,MP0206,0.238,33.8
2024-11-10,MP0207,,
2024-11-10,MP0208,0.241,32.5
2024-11-10,MP0304,0.253,33.9
2024-11-10,MP0305,0.231,36.2
2024-11-10,MP0306,0.209,34.4
2024-11-10,MP0107,0.194,35.3
2024-11-10,MP0108,,
2024-11-10,MP0109,0.258,37.0
2024-11-10,MP0209,0.193,36.4
2024-11-10,MP0210,0.233,33.7
2024-11-10,MP0211,0.191,34.4
2024-11-10,MP0307,,
2024-11-10,MP0308,,
2024-11-10,MP0309,0.25,36.8
2024-11-10,MP0310,0.237,36.1
2024-11-10,MP0110,0.244,36.3
2024-11-10,MP0111,0.254,37.1
2024-11-10,MP0112,0.277,33.4
2024-11-10,MP0212,0.213,33.7
2024-11-10,MP0213,,
2024-11-10,MP0214,0.224,31.7
2024-11-10,MP0215,0.255,35.7
2024-11-10,MP0311,,
2024-11-10,MP0312,0.236,33.6
2024-11-10,MP0313,0.208,33.6
2024-11-10,MP0113,0.212,35.5
2024-11-10,MP0401,0.168,33.3
2024-11-10,MP0402,,
2024-11-10,MP0216,0.184,34.7
2024-11-10,MP0501,,
2024-11-10,MP0502,0.198,34.3
2024-11-10,MP0314,0.201,35.4
2024-11-10,MP0315,0.23,32.4
2024-11-10,MP0601,0.205,33.1
2024-11-10,MP0316,0.182,35.6
2024-11-10,MP0403,0.187,34.3
2024-11-10,MP0404,0.207,34.8
2024-11-10,MP0405,0.206,34.0
2024-11-10,MP0503,0.172,34.6
2024-11-10,MP0504,0.209,32.0
2024-11-10,MP0505,0.225,33.3
2024-11-10,MP0506,0.226,35.4
2024-11-10,MP0602,0.264,36.6
2024-11-10,MP0603,0.194,34.8
2024-11-10,MP0604,0.23,34.3
2024-11-10,MP0406,0.205,33.9
2024-11-10,MP0407,0.214,34.0
2024-11-10,MP0408,0.234,32.4
2024-11-10,MP0507,0.229,34.7
2024-11-10,MP0508,0.218,34.1
2024-11-10,MP0509,0.242,34.4
2024-11-10,MP0510,0.218,37.1
2024-11-10,MP0605,,
2024-11-10,MP0606,0.281,35.1
2024-11-10,MP0607,0.178,36.7
2024-11-10,MP0409,,
2024-11-10,MP0410,0.246,31.8
2024-11-10,MP0411,0.296,35.9
2024-11-10,MP0412,0.223,36.6
2024-11-10,MP0511,,
2024-11-10,MP0512,0.243,36.3
2024-11-10,MP0608,0.243,37.4
2024-11-10,MP0609,0.162,32.1
2024-11-10,MP0610,0.208,35.9
2024-11-10,MP0611,0.239,32.2
2024-11-10,MP0413,0.167,35.3
2024-11-10,MP0414,0.184,37.0
2024-11-10,MP0415,0.208,33.5
2024-11-10,MP0513,0.163,37.0
2024-11-10,MP0514,0.194,32.9
2024-11-10,MP0515,0.208,33.3
2024-11-10,MP0516,0.27,34.1
2024-11-10,MP0612,0.237,34.8
2024-11-10,MP0613,0.281,32.9
2024-11-10,MP0614,,
2024-11-17,MP0101,0.206,35.2
2024-11-17,MP0102,,
2024-11-17,MP0103,0.194,30.5
2024-11-17,MP0201,0.243,30.6
2024-11-17,MP0202,0.2,32.8
2024-11-17,MP0203,0.209,29.2
2024-11-17,MP0204,0.199,32.1
2024-11-17,MP0301,0.174,32.0
2024-11-17,MP0302,0.203,31.3
2024-11-17,MP0303,0.224,33.5
2024-11-17,MP0104,0.204,31.9
2024-11-17,MP0105,0.244,30.8
2024-11-17,MP0106,0.183,33.6
2024-11-17,MP0205,0.24,32.3
2024-11-17,MP0206,0.172,33.8
2024-11-17,MP0207,0.165,33.7
2024-11-17,MP0208,0.177,33.0
2024-11-17,MP0304,0.215,34.4
2024-11-17,MP0305,0.221,31.5
2024-11-17,MP0306,0.245,30.2
2024-11-17,MP0107,0.175,30.3
2024-11-17,MP0108,,
2024-11-17,MP0109,0.209,32.8
2024-11-17,MP0209,,
2024-11-17,MP0210,0.181,30.1
2024-11-17,MP0211,0.226,32.4
2024-11-17,MP0307,0.237,35.1
2024-11-17,MP0308,0.273,32.0
2024-11-17,MP0309,0.168,32.9
2024-11-17,MP0310,0.272,34.2
2024-11-17,MP0110,0.214,38.2
2024-11-17,MP0111,0.191,31.7
2024-11-17,MP0112,0.211,32.0
2024-11-17,MP0212,0.245,33.6
2024-11-17,MP0213,0.215,30.8
2024-11-17,MP0214,0.26,35.8
2024-11-17,MP0215,0.223,34.1
2024-11-17,MP0311,0.195,33.9
2024-11-17,MP0312,0.217,31.3
2024-11-17,MP0313,,
2024-11-17,MP0113,0.24,30.5
2024-11-17,MP0401,0.174,30.7
2024-11-17,MP0402,0.282,33.3
2024-11-17,MP0216,0.161,32.1
2024-11-17,MP0501,0.176,32.1
2024-11-17,MP0502,,
2024-11-17,MP0314,0.203,30.7
2024-11-17,MP0315,0.218,35.4
2024-11-17,MP0601,0.194,30.1
2024-11-17,MP0316,0.22,31.1
2024-11-17,MP0403,0.184,33.2
2024-11-17,MP0404,0.212,32.0
2024-11-17,MP0405,0.23,31.4
2024-11-17,MP0503,0.222,33.3
2024-11-17,MP0504,,
2024-11-17,MP0505,0.221,33.4
2024-11-17,MP0506,0.204,34.9
2024-11-17,MP0602,0.261,32.4
2024-11-17,MP0603,0.219,34.4
2024-11-17,MP0604,0.238,32.5
2024-11-17,MP0406,0.206,33.8
2024-11-17,MP0407,0.242,32.6
2024-11-17,MP0408,0.203,32.2
2024-11-17,MP0507,0.227,32.8
2024-11-17,MP0508,0.193,30.9
2024-11-17,MP0509,0.221,31.4
2024-11-17,MP0510,0.235,30.9
2024-11-17,MP0605,0.222,32.5
2024-11-17,MP0606,0.21,32.8
2024-11-17,MP0607,0.209,35.7
2024-11-17,MP0409,0.214,31.6
2024-11-17,MP0410,0.231,33.4
2024-11-17,MP0411,0.204,32.0
2024-11-17,MP0412,,
2024-11-17,MP0511,0.195,34.1
2024-11-17,MP0512,0.203,33.8
2024-11-17,MP0608,0.28,34.0
2024-11-17,MP0609,0.165,32.1
2024-11-17,MP0610,0.197,30.7
2024-11-17,MP0611,0.22,33.7
2024-11-17,MP0413,0.226,32.3
2024-11-17,MP0414,0.239,31.0
2024-11-17,MP0415,,
2024-11-17,MP0513,,
2024-11-17,MP0514,0.208,33.1
2024-11-17,MP0515,0.225,33.5
2024-11-17,MP0516,0.206,35.1
2024-11-17,MP0612,,
2024-11-17,MP0613,0.283,32.7
2024-11-17,MP0614,0.228,31.7
2024-11-24,MP0101,0.281,27.4
2024-11-24,MP0102,0.244,28.3
2024-11-24,MP0103,0.215,26.9
2024-11-24,MP0201,0.192,28.6
2024-11-24,MP0202,0.24,30.3
2024-11-24,MP0203,,
2024-11-24,MP0204,0.176,27.4
2024-11-24,MP0301,0.209,30.5
2024-11-24,MP0302,0.18,30.7
2024-11-24,MP0303,0.239,29.2
2024-11-24,MP0104,0.208,29.9
2024-11-24,MP0105,0.189,29.1
2024-11-24,MP0106,0.239,28.0
2024-11-24,MP0205,0.208,30.8
2024-11-24,MP0206,0.2,26.6
2024-11-24,MP0207,0.192,28.8
2024-11-24,MP0208,,
2024-11-24,MP0304,0.225,29.6
2024-11-24,MP0305,0.221,28.5
2024-11-24,MP0306,0.21,30.7
2024-11-24,MP0107,,
2024-11-24,MP0108,0.188,28.3
2024-11-24,MP0109,0.203,31.3
2024-11-24,MP0209,0.216,28.4
2024-11-24,MP0210,0.196,28.6
2024-11-24,MP0211,,
2024-11-24,MP0307,0.175,26.8
2024-11-24,MP0308,0.198,30.2
2024-11-24,MP0309,0.207,28.6
2024-11-24,MP0310,0.183,29.7
2024-11-24,MP0110,,
2024-11-24,MP0111,0.194,28.0
2024-11-24,MP0112,0.228,28.7
2024-11-24,MP0212,0.165,31.3
2024-11-24,MP0213,0.199,28.2
2024-11-24,MP0214,0.206,30.5
2024-11-24,MP0215,0.198,28.3
2024-11-24,MP0311,0.171,32.3
2024-11-24,MP0312,0.184,32.1
2024-11-24,MP0313,0.195,33.1
2024-11-24,MP0113,0.203,25.3
2024-11-24,MP0401,0.168,31.0
2024-11-24,MP0402,,
2024-11-24,MP0216,0.219,29.9
2024-11-24,MP0501,0.193,27.9
2024-11-24,MP0502,0.195,29.6
2024-11-24,MP0314,0.173,30.3
2024-11-24,MP0315,0.214,30.4
2024-11-24,MP0601,0.19,28.9
2024-11-24,MP0316,0.167,27.3
2024-11-24,MP0403,0.213,29.0
2024-11-24,MP0404,0.182,33.1
2024-11-24,MP0405,0.221,30.7
2024-11-24,MP0503,0.154,30.1
2024-11-24,MP0504,0.183,29.8
2024-11-24,MP0505,0.212,31.1
2024-11-24,MP0506,0.229,29.5
2024-11-24,MP0602,0.169,28.3
2024-11-24,MP0603,0.202,30.4
2024-11-24,MP0604,0.227,31.5
2024-11-24,MP0406,0.235,28.2
2024-11-24,MP0407,,
2024-11-24,MP0408,0.217,27.1
2024-11-24,MP0507,0.234,30.1
2024-11-24,MP0508,0.205,30.4
2024-11-24,MP0509,0.254,30.3
2024-11-24,MP0510,0.166,30.1
2024-11-24,MP0605,0.212,29.7
2024-11-24,MP0606,0.223,30.1
2024-11-24,MP0607,0.189,27.3
2024-11-24,MP0409,0.234,26.9
2024-11-24,MP0410,0.183,30.4
2024-11-24,MP0411,0.23,29.7
2024-11-24,MP0412,0.187,29.9
2024-11-24,MP0511,0.177,28.1
2024-11-24,MP0512,0.211,29.9
2024-11-24,MP0608,0.21,24.9
2024-11-24,MP0609,0.181,27.7
2024-11-24,MP0610,0.182,27.4
2024-11-24,MP0611,0.207,27.7
2024-11-24,MP0413,0.228,28.3
2024-11-24,MP0414,0.226,30.3
2024-11-24,MP0415,0.217,27.5
2024-11-24,MP0513,0.143,30.3
2024-11-24,MP0514,0.225,29.4
2024-11-24,MP0515,0.241,30.2
2024-11-24,MP0516,,
2024-11-24,MP0612,0.196,29.4
2024-11-24,MP0613,,
2024-11-24,MP0614,0.214,31.0
2024-12-01,MP0101,0.215,27.8
2024-12-01,MP0102,0.204,28.9
2024-12-01,MP0103,0.258,28.6
2024-12-01,MP0201,,
2024-12-01,MP0202,0.213,28.9
2024-12-01,MP0203,0.177,29.0
2024-12-01,MP0204,0.237,29.9
2024-12-01,MP0301,0.166,28.8
2024-12-01,MP0302,0.183,29.9
2024-12-01,MP0303,0.218,29.2
2024-12-01,MP0104,0.199,27.7
2024-12-01,MP0105,0.207,29.3
2024-12-01,MP0106,0.213,27.5
2024-12-01,MP0205,0.203,29.3
2024-12-01,MP0206,0.178,26.7
2024-12-01,MP0207,0.159,27.4
2024-12-01,MP0208,0.198,24.9
2024-12-01,MP0304,0.22,29.1
2024-12-01,MP0305,0.194,29.3
2024-12-01,MP0306,,
2024-12-01,MP0107,0.215,27.0
2024-12-01,MP0108,0.189,27.8
2024-12-01,MP0109,0.254,27.4
2024-12-01,MP0209,0.178,28.6
2024-12-01,MP0210,0.217,27.5
2024-12-01,MP0211,0.25,28.3
2024-12-01,MP0307,0.222,29.1
2024-12-01,MP0308,0.252,27.9
2024-12-01,MP0309,,
2024-12-01,MP0310,0.247,26.1
2024-12-01,MP0110,0.244,24.7
2024-12-01,MP0111,0.228,27.0
2024-12-01,MP0112,0.167,27.4
2024-12-01,MP0212,0.245,29.2
2024-12-01,MP0213,0.234,26.9
2024-12-01,MP0214,0.188,29.9
2024-12-01,MP0215,0.216,27.3
2024-12-01,MP0311,0.199,26.4
2024-12-01,MP0312,0.231,30.1
2024-12-01,MP0313,0.214,28.9
2024-12-01,MP0113,0.229,26.6
2024-12-01,MP0401,0.188,28.8
2024-12-01,MP0402,0.21,26.6
2024-12-01,MP0216,0.234,26.3
2024-12-01,MP0501,0.15,27.2
2024-12-01,MP0502,0.216,29.5
2024-12-01,MP0314,0.218,25.9
2024-12-01,MP0315,0.199,27.4
2024-12-01,MP0601,0.234,29.5
2024-12-01,MP0316,0.215,26.1
2024-12-01,MP0403,0.166,29.7
2024-12-01,MP0404,0.178,25.8
2024-12-01,MP0405,0.198,27.2
2024-12-01,MP0503,0.201,27.9
2024-12-01,MP0504,0.206,27.3
2024-12-01,MP0505,0.172,30.5
2024-12-01,MP0506,0.239,29.2
2024-12-01,MP0602,0.188,27.5
2024-12-01,MP0603,0.187,30.0
2024-12-01,MP0604,0.211,28.6
2024-12-01,MP0406,0.179,29.2
2024-12-01,MP0407,,
2024-12-01,MP0408,,
2024-12-01,MP0507,0.202,25.3
2024-12-01,MP0508,0.256,27.1
2024-12-01,MP0509,0.231,26.3
2024-12-01,MP0510,0.192,28.1
2024-12-01,MP0605,,
2024-12-01,MP0606,0.173,27.2
2024-12-01,MP0607,0.23,29.3
2024-12-01,MP0409,0.159,27.1
2024-12-01,MP0410,0.218,28.1
2024-12-01,MP0411,0.235,29.9
2024-12-01,MP0412,0.217,28.3
2024-12-01,MP0511,0.244,29.0
2024-12-01,MP0512,0.206,30.4
2024-12-01,MP0608,0.241,27.8
2024-12-01,MP0609,0.163,28.5
2024-12-01,MP0610,0.204,28.3
2024-12-01,MP0611,0.211,27.0
2024-12-01,MP0413,0.254,29.4
2024-12-01,MP0414,0.176,27.1
2024-12-01,MP0415,0.216,27.8
2024-12-01,MP0513,0.232,29.1
2024-12-01,MP0514,0.176,29.5
2024-12-01,MP0515,0.194,28.2
2024-12-01,MP0516,0.23,28.8
2024-12-01,MP0612,0.235,29.5
2024-12-01,MP0613,0.204,28.5
2024-12-01,MP0614,,
2024-12-08,MP0101,0.211,27.5
2024-12-08,MP0102,0.197,28.6
2024-12-08,MP0103,0.234,27.1
2024-12-08,MP0201,,
2024-12-08,MP0202,0.238,28.3
2024-12-08,MP0203,0.263,27.5
2024-12-08,MP0204,0.235,27.0
2024-12-08,MP0301,0.198,26.6
2024-12-08,MP0302,0.224,27.8
2024-12-08,MP0303,0.254,29.5
2024-12-08,MP0104,0.201,29.8
2024-12-08,MP0105,0.198,29.0
2024-12-08,MP0106,0.234,27.8
2024-12-08,MP0205,0.197,26.4
2024-12-08,MP0206,0.214,27.0
2024-12-08,MP0207,0.169,28.4
2024-12-08,MP0208,0.228,27.6
2024-12-08,MP0304,0.176,27.7
2024-12-08,MP0305,0.179,23.0
2024-12-08,MP0306,0.212,26.7
2024-12-08,MP0107,,
2024-12-08,MP0108,0.203,26.2
2024-12-08,MP0109,0.254,28.1
2024-12-08,MP0209,0.162,26.6
2024-12-08,MP0210,0.249,25.7
2024-12-08,MP0211,0.242,26.4
2024-12-08,MP0307,0.267,28.0
2024-12-08,MP0308,,
2024-12-08,MP0309,0.183,26.6
2024-12-08,MP0310,0.254,29.6
2024-12-08,MP0110,0.178,29.7
2024-12-08,MP0111,0.259,31.6
2024-12-08,MP0112,0.196,30.2
2024-12-08,MP0212,0.297,26.4
2024-12-08,MP0213,0.195,29.9
2024-12-08,MP0214,0.216,28.2
2024-12-08,MP0215,0.199,27.1
2024-12-08,MP0311,0.166,24.4
2024-12-08,MP0312,0.252,29.8
2024-12-08,MP0313,0.223,26.2
2024-12-08,MP0113,0.216,27.7
2024-12-08,MP0401,0.175,24.8
2024-12-08,MP0402,0.256,25.0
2024-12-08,MP0216,0.223,30.1
2024-12-08,MP0501,0.154,29.0
2024-12-08,MP0502,0.237,28.7
2024-12-08,MP0314,0.157,28.2
2024-12-08,MP0315,0.228,30.0
2024-12-08,MP0601,0.229,28.7
2024-12-08,MP0316,0.263,29.3
2024-12-08,MP0403,0.195,28.3
2024-12-08,MP0404,0.212,27.0
2024-12-08,MP0405,0.17,25.1
2024-12-08,MP0503,0.166,30.3
2024-12-08,MP0504,0.27,28.6
2024-12-08,MP0505,,
2024-12-08,MP0506,0.219,27.6
2024-12-08,MP0602,0.168,27.1
2024-12-08,MP0603,0.194,27.4
2024-12-08,MP0604,0.242,26.3
2024-12-08,MP0406,0.216,26.2
2024-12-08,MP0407,0.218,28.4
2024-12-08,MP0408,0.201,26.4
2024-12-08,MP0507,0.191,27.7
2024-12-08,MP0508,0.197,27.8
2024-12-08,MP0509,0.183,28.6
2024-12-08,MP0510,0.188,27.7
2024-12-08,MP0605,0.222,26.9
2024-12-08,MP0606,0.227,29.5
2024-12-08,MP0607,0.215,26.4
2024-12-08,MP0409,0.16,27.9
2024-12-08,MP0410,0.259,27.4
2024-12-08,MP0411,0.19,26.9
2024-12-08,MP0412,0.19,27.6
2024-12-08,MP0511,0.221,27.9
2024-12-08,MP0512,0.204,28.5
2024-12-08,MP0608,0.199,28.3
2024-12-08,MP0609,0.187,27.9
2024-12-08,MP0610,0.214,28.9
2024-12-08,MP0611,,
2024-12-08,MP0413,,
2024-12-08,MP0414,0.239,28.7
2024-12-08,MP0415,0.225,28.4
2024-12-08,MP0513,0.19,28.4
2024-12-08,MP0514,0.177,29.3
2024-12-08,MP0515,0.24,25.7
2024-12-08,MP0516,0.238,26.6
2024-12-08,MP0612,0.196,30.4
2024-12-08,MP0613,0.226,25.5
2024-12-08,MP0614,0.161,27.4
2024-12-15,MP0101,0.298,28.1
2024-12-15,MP0102,0.261,29.8
2024-12-15,MP0103,0.226,25.7
2024-12-15,MP0201,,
2024-12-15,MP0202,0.212,28.8
2024-12-15,MP0203,0.304,26.3
2024-12-15,MP0204,0.261,24.6
2024-12-15,MP0301,0.27,26.8
2024-12-15,MP0302,0.284,26.0
2024-12-15,MP0303,0.186,28.3
2024-12-15,MP0104,0.18,30.0
2024-12-15,MP0105,0.24,29.6
2024-12-15,MP0106,0.25,29.7
2024-12-15,MP0205,0.241,27.4
2024-12-15,MP0206,0.213,26.5
2024-12-15,MP0207,0.229,28.9
2024-12-15,MP0208,0.183,29.4
2024-12-15,MP0304,0.229,26.9
2024-12-15,MP0305,0.178,31.2
2024-12-15,MP0306,0.204,26.2
2024-12-15,MP0107,0.201,30.1
2024-12-15,MP0108,0.229,29.0
2024-12-15,MP0109,0.266,30.3
2024-12-15,MP0209,0.213,29.9
2024-12-15,MP0210,0.183,29.9
2024-12-15,MP0211,0.321,27.5
2024-12-15,MP0307,0.218,24.1
2024-12-15,MP0308,,
2024-12-15,MP0309,0.253,27.5
2024-12-15,MP0310,0.226,28.3
2024-12-15,MP0110,0.241,27.6
2024-12-15,MP0111,0.197,27.0
2024-12-15,MP0112,0.234,27.6
2024-12-15,MP0212,0.238,28.5
2024-12-15,MP0213,0.221,28.7
2024-12-15,MP0214,0.223,28.7
2024-12-15,MP0215,0.241,30.9
2024-12-15,MP0311,0.17,28.7
2024-12-15,MP0312,0.217,29.4
2024-12-15,MP0313,0.205,25.7
2024-12-15,MP0113,0.208,30.1
2024-12-15,MP0401,0.222,29.1
2024-12-15,MP0402,0.203,27.0
2024-12-15,MP0216,0.221,29.5
2024-12-15,MP0501,0.233,27.7
2024-12-15,MP0502,0.273,30.1
2024-12-15,MP0314,0.276,29.5
2024-12-15,MP0315,0.236,29.3
2024-12-15,MP0601,,
2024-12-15,MP0316,0.216,27.4
2024-12-15,MP0403,0.232,27.7
2024-12-15,MP0404,,
2024-12-15,MP0405,0.243,29.0
2024-12-15,MP0503,0.269,27.6
2024-12-15,MP0504,,
2024-12-15,MP0505,0.189,27.3
2024-12-15,MP0506,0.2,30.4
2024-12-15,MP0602,0.24,26.7
2024-12-15,MP0603,0.235,29.8
2024-12-15,MP0604,0.255,30.1
2024-12-15,MP0406,0.273,30.0
2024-12-15,MP0407,0.226,29.2
2024-12-15,MP0408,0.239,26.8
2024-12-15,MP0507,0.19,28.7
2024-12-15,MP0508,0.205,27.1
2024-12-15,MP0509,0.245,31.1
2024-12-15,MP0510,0.206,28.6
2024-12-15,MP0605,0.215,29.2
2024-12-15,MP0606,,
2024-12-15,MP0607,0.197,27.9
2024-12-15,MP0409,,
2024-12-15,MP0410,0.191,30.9
2024-12-15,MP0411,0.285,29.3
2024-12-15,MP0412,0.22,28.7
2024-12-15,MP0511,0.182,27.1
2024-12-15,MP0512,0.178,28.7
2024-12-15,MP0608,0.209,27.2
2024-12-15,MP0609,0.212,30.1
2024-12-15,MP0610,0.217,29.1
2024-12-15,MP0611,0.3,28.1
2024-12-15,MP0413,0.239,28.9
2024-12-15,MP0414,0.206,27.3
2024-12-15,MP0415,0.253,29.1
2024-12-15,MP0513,0.275,28.1
2024-12-15,MP0514,0.179,28.1
2024-12-15,MP0515,0.198,29.8
2024-12-15,MP0516,0.216,27.6
2024-12-15,MP0612,,
2024-12-15,MP0613,0.181,25.7
2024-12-15,MP0614,0.274,32.0
2024-12-22,MP0101,0.189,19.0
2024-12-22,MP0102,0.21,23.8
2024-12-22,MP0103,0.259,23.2
2024-12-22,MP0201,0.238,20.7
2024-12-22,MP0202,0.279,22.1
2024-12-22,MP0203,,
2024-12-22,MP0204,0.246,19.6
2024-12-22,MP0301,0.228,20.6
2024-12-22,MP0302,0.244,22.6
2024-12-22,MP0303,,
2024-12-22,MP0104,0.203,19.9
2024-12-22,MP0105,0.28,24.2
2024-12-22,MP0106,0.302,23.3
2024-12-22,MP0205,,
2024-12-22,MP0206,0.248,22.6
2024-12-22,MP0207,0.292,21.2
2024-12-22,MP0208,,
2024-12-22,MP0304,,
2024-12-22,MP0305,,
2024-12-22,MP0306,0.304,21.1
2024-12-22,MP0107,0.254,22.2
2024-12-22,MP0108,0.266,21.4
2024-12-22,MP0109,0.279,20.9
2024-12-22,MP0209,0.216,21.9
2024-12-22,MP0210,0.176,19.0
2024-12-22,MP0211,0.186,21.4
2024-12-22,MP0307,0.258,22.2
2024-12-22,MP0308,0.259,21.9
2024-12-22,MP0309,0.242,21.6
2024-12-22,MP0310,0.25,21.4
2024-12-22,MP0110,0.289,20.7
2024-12-22,MP0111,0.217,22.9
2024-12-22,MP0112,0.272,17.9
2024-12-22,MP0212,0.2,20.3
2024-12-22,MP0213,0.216,21.9
2024-12-22,MP0214,0.231,20.6
2024-12-22,MP0215,0.181,20.0
2024-12-22,MP0311,0.228,22.6
2024-12-22,MP0312,0.247,23.4
2024-12-22,MP0313,0.249,21.6
2024-12-22,MP0113,0.23,19.3
2024-12-22,MP0401,0.279,22.2
2024-12-22,MP0402,0.216,22.7
2024-12-22,MP0216,0.255,20.4
2024-12-22,MP0501,0.226,20.9
2024-12-22,MP0502,0.306,20.8
2024-12-22,MP0314,0.29,22.6
2024-12-22,MP0315,0.249,21.1
2024-12-22,MP0601,0.227,20.7
2024-12-22,MP0316,0.194,20.7
2024-12-22,MP0403,0.294,22.6
2024-12-22,MP0404,0.274,23.3
2024-12-22,MP0405,0.202,25.8
2024-12-22,MP0503,0.201,22.9
2024-12-22,MP0504,0.239,22.0
2024-12-22,MP0505,0.221,21.4
2024-12-22,MP0506,0.262,21.4
2024-12-22,MP0602,0.211,21.1
2024-12-22,MP0603,0.211,23.2
2024-12-22,MP0604,0.269,22.3
2024-12-22,MP0406,0.256,21.2
2024-12-22,MP0407,0.296,23.3
2024-12-22,MP0408,0.214,24.2
2024-12-22,MP0507,0.251,20.8
2024-12-22,MP0508,0.252,17.5
2024-12-22,MP0509,0.221,22.1
2024-12-22,MP0510,0.316,19.4
2024-12-22,MP0605,0.235,22.2
2024-12-22,MP0606,0.206,21.3
2024-12-22,MP0607,0.262,21.8
2024-12-22,MP0409,0.247,21.0
2024-12-22,MP0410,0.177,18.1
2024-12-22,MP0411,0.246,18.7
2024-12-22,MP0412,0.228,24.2
2024-12-22,MP0511,0.221,22.2
2024-12-22,MP0512,0.279,20.2
2024-12-22,MP0608,0.212,23.9
2024-12-22,MP0609,0.204,21.8
2024-12-22,MP0610,0.193,21.9
2024-12-22,MP0611,0.245,22.5
2024-12-22,MP0413,0.252,21.8
2024-12-22,MP0414,0.251,24.6
2024-12-22,MP0415,0.213,23.2
2024-12-22,MP0513,0.307,19.6
2024-12-22,MP0514,,
2024-12-22,MP0515,0.26,20.6
2024-12-22,MP0516,0.243,21.2
2024-12-22,MP0612,0.23,20.1
2024-12-22,MP0613,0.226,24.0
2024-12-22,MP0614,0.245,20.9
