date,station_id,rain_mm,tmax_c,tmin_c,rh_mean_pct,wind_kmh
2023-01-01,MOCK_AWS_01,0.0,22.8,7.9,63.0,3.9
2023-01-02,MOCK_AWS_01,0.0,20.2,5.1,68.0,2.1
2023-01-03,MOCK_AWS_01,0.0,15.9,5.4,61.0,4.9
2023-01-04,MOCK_AWS_01,0.0,14.6,5.0,59.0,5.1
2023-01-05,MOCK_AWS_01,0.0,14.8,4.2,58.0,5.7
2023-01-06,MOCK_AWS_01,0.0,17.5,4.8,71.0,7.3
2023-01-07,MOCK_AWS_01,0.0,19.2,4.2,56.0,10.5
2023-01-08,MOCK_AWS_01,0.0,16.8,3.2,66.0,13.9
2023-01-09,MOCK_AWS_01,0.0,18.9,5.5,64.0,10.5
2023-01-10,MOCK_AWS_01,,,,,
2023-01-11,MOCK_AWS_01,1.5,17.0,4.7,59.0,4.9
2023-01-12,MOCK_AWS_01,,,,,
2023-01-13,MOCK_AWS_01,0.0,19.9,5.8,66.0,3.7
2023-01-14,MOCK_AWS_01,0.0,21.1,6.2,61.0,8.6
2023-01-15,MOCK_AWS_01,0.0,20.8,6.0,67.0,3.8
2023-01-16,MOCK_AWS_01,0.0,21.1,6.6,60.0,3.1
2023-01-17,MOCK_AWS_01,0.0,15.3,5.1,67.0,6.5
2023-01-18,MOCK_AWS_01,0.0,15.4,6.5,56.0,6.2
2023-01-19,MOCK_AWS_01,0.0,17.7,4.6,70.0,8.7
2023-01-20,MOCK_AWS_01,1.4,15.7,3.9,50.0,8.9
2023-01-21,MOCK_AWS_01,0.0,17.7,3.8,70.0,12.1
2023-01-22,MOCK_AWS_01,0.0,16.2,5.6,75.0,13.1
2023-01-23,MOCK_AWS_01,0.0,17.2,6.6,64.0,11.7
2023-01-24,MOCK_AWS_01,0.0,20.6,6.7,65.0,15.3
2023-01-25,MOCK_AWS_01,0.0,21.9,8.7,65.0,12.8
2023-01-26,MOCK_AWS_01,0.0,18.3,7.5,69.0,10.2
2023-01-27,MOCK_AWS_01,0.0,25.0,9.2,62.0,9.3
2023-01-28,MOCK_AWS_01,0.0,21.2,7.4,62.0,8.0
2023-01-29,MOCK_AWS_01,0.0,21.4,7.6,65.0,6.6
2023-01-30,MOCK_AWS_01,0.0,22.5,6.7,64.0,8.3
2023-01-31,MOCK_AWS_01,0.0,22.2,9.7,64.0,5.9
2023-02-01,MOCK_AWS_01,0.0,22.9,9.2,62.0,9.6
2023-02-02,MOCK_AWS_01,0.0,22.3,9.6,62.0,6.8
2023-02-03,MOCK_AWS_01,0.0,22.0,8.5,73.0,5.3
2023-02-04,MOCK_AWS_01,0.0,22.1,8.5,63.0,4.3
2023-02-05,MOCK_AWS_01,0.0,24.2,8.6,60.0,6.1
2023-02-06,MOCK_AWS_01,0.0,25.4,9.9,59.0,4.4
2023-02-07,MOCK_AWS_01,0.0,23.8,8.9,59.0,4.2
2023-02-08,MOCK_AWS_01,0.0,22.9,8.0,62.0,5.1
2023-02-09,MOCK_AWS_01,0.0,23.9,10.4,63.0,7.2
2023-02-10,MOCK_AWS_01,0.0,24.8,10.5,62.0,4.3
2023-02-11,MOCK_AWS_01,0.0,21.3,6.3,58.0,5.1
2023-02-12,MOCK_AWS_01,0.0,24.5,9.1,63.0,7.2
2023-02-13,MOCK_AWS_01,0.0,24.5,9.5,62.0,10.6
2023-02-14,MOCK_AWS_01,0.0,23.9,8.7,66.0,10.9
2023-02-15,MOCK_AWS_01,0.0,25.6,10.5,62.0,7.1
2023-02-16,MOCK_AWS_01,0.0,27.1,11.8,64.0,6.0
2023-02-17,MOCK_AWS_01,0.0,26.9,10.0,60.0,7.8
2023-02-18,MOCK_AWS_01,,,,,
2023-02-19,MOCK_AWS_01,0.0,27.5,10.8,64.0,11.2
2023-02-20,MOCK_AWS_01,0.0,24.5,9.1,57.0,6.9
2023-02-21,MOCK_AWS_01,0.0,23.7,8.7,58.0,8.8
2023-02-22,MOCK_AWS_01,4.7,23.4,11.7,48.0,7.0
2023-02-23,MOCK_AWS_01,0.0,26.6,9.6,65.0,10.6
2023-02-24,MOCK_AWS_01,0.0,23.5,8.9,57.0,6.7
2023-02-25,MOCK_AWS_01,0.0,26.2,11.0,59.0,8.8
2023-02-26,MOCK_AWS_01,0.0,28.2,13.8,58.0,10.1
2023-02-27,MOCK_AWS_01,1.5,28.3,14.2,45.0,9.9
2023-02-28,MOCK_AWS_01,0.0,27.2,12.9,57.0,8.2
2023-03-01,MOCK_AWS_01,0.0,28.4,14.3,62.0,6.7
2023-03-02,MOCK_AWS_01,0.0,26.8,10.4,60.0,9.1
2023-03-03,MOCK_AWS_01,0.0,25.7,9.1,68.0,9.8
2023-03-04,MOCK_AWS_01,3.1,23.0,10.7,52.0,18.2
2023-03-05,MOCK_AWS_01,0.0,25.8,11.2,58.0,12.1
2023-03-06,MOCK_AWS_01,0.0,27.2,11.6,62.0,6.0
2023-03-07,MOCK_AWS_01,0.0,24.1,8.4,53.0,9.3
2023-03-08,MOCK_AWS_01,0.0,25.9,9.1,60.0,6.2
2023-03-09,MOCK_AWS_01,0.0,21.1,7.7,60.0,11.2
2023-03-10,MOCK_AWS_01,0.0,25.9,10.5,57.0,9.7
2023-03-11,MOCK_AWS_01,0.0,23.6,8.6,49.0,7.2
2023-03-12,MOCK_AWS_01,0.0,27.1,11.4,53.0,9.6
2023-03-13,MOCK_AWS_01,0.0,29.4,13.0,48.0,12.1
2023-03-14,MOCK_AWS_01,0.0,30.2,14.3,54.0,5.8
2023-03-15,MOCK_AWS_01,0.0,29.5,14.1,51.0,8.1
2023-03-16,MOCK_AWS_01,0.0,33.9,15.6,54.0,5.1
2023-03-17,MOCK_AWS_01,0.3,32.4,17.3,57.0,7.5
2023-03-18,MOCK_AWS_01,9.8,25.9,14.1,34.0,8.3
2023-03-19,MOCK_AWS_01,0.0,26.7,11.8,52.0,6.6
2023-03-20,MOCK_AWS_01,14.1,26.1,14.4,43.0,9.6
2023-03-21,MOCK_AWS_01,0.0,30.0,13.5,59.0,5.5
2023-03-22,MOCK_AWS_01,0.0,30.5,13.9,47.0,5.0
2023-03-23,MOCK_AWS_01,0.0,29.4,15.5,48.0,6.9
2023-03-24,MOCK_AWS_01,0.0,34.2,17.1,44.0,5.3
2023-03-25,MOCK_AWS_01,0.0,35.5,18.0,50.0,6.1
2023-03-26,MOCK_AWS_01,0.0,37.0,18.9,54.0,7.2
2023-03-27,MOCK_AWS_01,0.0,34.9,17.9,48.0,6.9
2023-03-28,MOCK_AWS_01,0.0,33.7,17.9,47.0,11.4
2023-03-29,MOCK_AWS_01,0.0,34.5,18.2,55.0,9.6
2023-03-30,MOCK_AWS_01,0.0,29.9,15.4,45.0,9.2
2023-03-31,MOCK_AWS_01,0.0,34.5,17.8,46.0,8.5
2023-04-01,MOCK_AWS_01,0.0,31.9,17.3,49.0,8.0
2023-04-02,MOCK_AWS_01,0.0,34.7,18.5,46.0,8.3
2023-04-03,MOCK_AWS_01,0.3,33.7,18.0,47.0,7.8
2023-04-04,MOCK_AWS_01,0.0,31.7,15.8,40.0,9.4
2023-04-05,MOCK_AWS_01,0.0,33.7,17.3,47.0,9.8
2023-04-06,MOCK_AWS_01,0.0,35.6,18.3,43.0,11.0
2023-04-07,MOCK_AWS_01,0.0,33.2,17.8,45.0,9.7
2023-04-08,MOCK_AWS_01,0.0,35.2,19.8,50.0,9.3
2023-04-09,MOCK_AWS_01,0.0,36.8,20.0,39.0,9.5
2023-04-10,MOCK_AWS_01,0.0,35.4,19.3,46.0,3.0
2023-04-11,MOCK_AWS_01,0.0,36.5,18.9,38.0,8.4
2023-04-12,MOCK_AWS_01,0.0,36.8,20.6,39.0,14.0
2023-04-13,MOCK_AWS_01,0.0,34.8,19.5,39.0,6.9
2023-04-14,MOCK_AWS_01,8.1,33.3,20.5,36.0,12.0
2023-04-15,MOCK_AWS_01,0.0,36.0,18.8,41.0,7.4
2023-04-16,MOCK_AWS_01,0.0,34.4,19.0,44.0,10.4
2023-04-17,MOCK_AWS_01,0.0,34.1,17.6,42.0,9.6
2023-04-18,MOCK_AWS_01,0.0,36.1,18.7,38.0,8.2
2023-04-19,MOCK_AWS_01,2.1,33.7,19.0,28.0,7.9
2023-04-20,MOCK_AWS_01,0.0,36.1,21.2,38.0,8.1
2023-04-21,MOCK_AWS_01,0.0,36.3,21.1,37.0,6.0
2023-04-22,MOCK_AWS_01,0.0,37.1,21.4,37.0,14.3
2023-04-23,MOCK_AWS_01,0.0,38.4,23.6,41.0,10.0
2023-04-24,MOCK_AWS_01,0.0,38.7,21.5,37.0,10.1
2023-04-25,MOCK_AWS_01,0.0,37.3,20.9,42.0,9.4
2023-04-26,MOCK_AWS_01,0.0,37.3,22.1,34.0,14.7
2023-04-27,MOCK_AWS_01,0.0,39.8,22.8,34.0,11.8
2023-04-28,MOCK_AWS_01,0.0,40.3,23.2,41.0,17.7
2023-04-29,MOCK_AWS_01,,,,,
2023-04-30,MOCK_AWS_01,0.0,42.8,26.5,37.0,9.9
2023-05-01,MOCK_AWS_01,8.1,36.1,24.0,29.0,9.9
2023-05-02,MOCK_AWS_01,0.0,39.4,24.0,38.0,11.3
2023-05-03,MOCK_AWS_01,0.0,40.4,22.9,36.0,15.4
2023-05-04,MOCK_AWS_01,0.0,40.6,24.7,37.0,13.9
2023-05-05,MOCK_AWS_01,0.0,43.1,26.4,36.0,16.7
2023-05-06,MOCK_AWS_01,0.0,44.2,26.6,37.0,16.6
2023-05-07,MOCK_AWS_01,0.0,45.9,27.9,45.0,20.2
2023-05-08,MOCK_AWS_01,0.0,41.9,27.0,40.0,25.4
2023-05-09,MOCK_AWS_01,0.0,43.9,27.6,41.0,24.8
2023-05-10,MOCK_AWS_01,0.0,42.7,27.6,39.0,19.9
2023-05-11,MOCK_AWS_01,0.0,41.6,24.6,34.0,16.8
2023-05-12,MOCK_AWS_01,0.0,43.1,26.4,46.0,15.7
2023-05-13,MOCK_AWS_01,0.0,43.8,27.3,38.0,7.4
2023-05-14,MOCK_AWS_01,0.0,39.6,24.6,40.0,10.6
2023-05-15,MOCK_AWS_01,0.0,43.6,27.9,42.0,7.1
2023-05-16,MOCK_AWS_01,0.0,44.4,27.8,37.0,9.1
2023-05-17,MOCK_AWS_01,0.0,43.6,28.1,41.0,8.2
2023-05-18,MOCK_AWS_01,0.0,40.0,25.4,48.0,8.1
2023-05-19,MOCK_AWS_01,0.0,43.8,27.2,40.0,16.0
2023-05-20,MOCK_AWS_01,0.0,39.9,25.3,38.0,16.1
2023-05-21,MOCK_AWS_01,0.0,43.6,27.9,43.0,20.8
2023-05-22,MOCK_AWS_01,0.0,41.9,26.1,44.0,15.7
2023-05-23,MOCK_AWS_01,0.0,39.7,24.2,42.0,11.0
2023-05-24,MOCK_AWS_01,0.0,42.8,27.8,38.0,12.0
2023-05-25,MOCK_AWS_01,0.0,37.8,24.3,46.0,13.6
2023-05-26,MOCK_AWS_01,1.6,39.4,25.7,35.0,13.3
2023-05-27,MOCK_AWS_01,0.0,39.7,24.9,42.0,16.1
2023-05-28,MOCK_AWS_01,0.0,41.7,27.5,31.0,7.4
2023-05-29,MOCK_AWS_01,0.0,40.3,26.6,40.0,12.7
2023-05-30,MOCK_AWS_01,0.0,42.3,26.6,48.0,8.2
2023-05-31,MOCK_AWS_01,0.0,37.0,23.8,45.0,9.7
2023-06-01,MOCK_AWS_01,0.0,39.0,25.9,46.0,13.3
2023-06-02,MOCK_AWS_01,0.0,43.1,27.8,45.0,9.5
2023-06-03,MOCK_AWS_01,0.0,44.5,30.2,44.0,13.0
2023-06-04,MOCK_AWS_01,0.0,46.5,32.1,51.0,14.5
2023-06-05,MOCK_AWS_01,0.0,48.2,33.1,53.0,20.3
2023-06-06,MOCK_AWS_01,0.0,46.5,31.2,43.0,14.7
2023-06-07,MOCK_AWS_01,0.0,45.2,30.8,35.0,8.9
2023-06-08,MOCK_AWS_01,0.0,41.3,28.5,46.0,7.8
2023-06-09,MOCK_AWS_01,0.0,39.7,26.5,50.0,8.6
2023-06-10,MOCK_AWS_01,0.0,41.0,27.6,45.0,15.3
2023-06-11,MOCK_AWS_01,1.0,42.5,27.4,47.0,12.5
2023-06-12,MOCK_AWS_01,0.0,41.7,29.5,47.0,10.8
2023-06-13,MOCK_AWS_01,0.0,42.7,30.0,54.0,14.9
2023-06-14,MOCK_AWS_01,0.0,39.8,28.6,53.0,12.6
2023-06-15,MOCK_AWS_01,0.0,40.2,27.3,49.0,19.8
2023-06-16,MOCK_AWS_01,,,,,
2023-06-17,MOCK_AWS_01,0.0,38.9,27.8,56.0,16.7
2023-06-18,MOCK_AWS_01,,,,,
2023-06-19,MOCK_AWS_01,0.0,40.7,27.2,48.0,12.1
2023-06-20,MOCK_AWS_01,0.0,38.1,26.5,56.0,14.8
2023-06-21,MOCK_AWS_01,0.0,38.9,27.3,53.0,15.1
2023-06-22,MOCK_AWS_01,0.0,37.8,25.7,53.0,15.7
2023-06-23,MOCK_AWS_01,0.0,36.9,24.3,59.0,8.2
2023-06-24,MOCK_AWS_01,0.0,40.8,29.5,50.0,8.4
2023-06-25,MOCK_AWS_01,0.0,39.0,28.3,56.0,15.1
2023-06-26,MOCK_AWS_01,0.0,40.8,28.7,62.0,8.4
2023-06-27,MOCK_AWS_01,0.8,39.5,28.2,54.0,10.6
2023-06-28,MOCK_AWS_01,0.0,37.6,27.4,56.0,13.3
2023-06-29,MOCK_AWS_01,0.0,40.1,27.8,64.0,15.5
2023-06-30,MOCK_AWS_01,0.0,33.6,25.0,68.0,7.7
2023-07-01,MOCK_AWS_01,0.0,37.9,27.9,62.0,12.6
2023-07-02,MOCK_AWS_01,0.0,36.9,26.9,59.0,14.9
2023-07-03,MOCK_AWS_01,26.1,29.7,26.1,50.0,16.4
2023-07-04,MOCK_AWS_01,0.0,34.5,24.8,63.0,11.6
2023-07-05,MOCK_AWS_01,0.0,32.4,24.3,71.0,10.1
2023-07-06,MOCK_AWS_01,0.0,33.3,25.2,72.0,8.9
2023-07-07,MOCK_AWS_01,0.0,35.4,26.1,59.0,5.6
2023-07-08,MOCK_AWS_01,0.0,35.4,25.5,69.0,8.8
2023-07-09,MOCK_AWS_01,,,,,
2023-07-10,MOCK_AWS_01,0.0,37.4,27.8,73.0,15.4
2023-07-11,MOCK_AWS_01,0.0,36.7,27.7,76.0,15.7
2023-07-12,MOCK_AWS_01,0.0,38.1,28.1,73.0,7.2
2023-07-13,MOCK_AWS_01,0.0,34.2,25.6,67.0,10.7
2023-07-14,MOCK_AWS_01,0.0,35.9,26.3,79.0,8.9
2023-07-15,MOCK_AWS_01,0.0,34.2,25.3,71.0,12.3
2023-07-16,MOCK_AWS_01,0.0,35.8,26.3,74.0,13.7
2023-07-17,MOCK_AWS_01,0.0,32.2,24.6,80.0,9.7
2023-07-18,MOCK_AWS_01,0.0,33.0,24.5,74.0,10.3
2023-07-19,MOCK_AWS_01,0.0,34.4,25.5,73.0,13.5
2023-07-20,MOCK_AWS_01,0.0,37.1,26.2,68.0,6.6
2023-07-21,MOCK_AWS_01,0.2,38.1,29.4,82.0,7.7
2023-07-22,MOCK_AWS_01,0.0,36.0,25.8,80.0,9.9
2023-07-23,MOCK_AWS_01,13.5,31.0,26.1,68.0,7.9
2023-07-24,MOCK_AWS_01,0.0,34.9,26.5,66.0,7.9
2023-07-25,MOCK_AWS_01,1.3,35.7,28.9,63.0,10.1
2023-07-26,MOCK_AWS_01,0.0,36.8,27.4,81.0,5.2
2023-07-27,MOCK_AWS_01,0.0,39.1,29.0,76.0,9.7
2023-07-28,MOCK_AWS_01,0.0,36.2,27.5,82.0,9.1
2023-07-29,MOCK_AWS_01,0.0,33.8,27.5,82.0,9.1
2023-07-30,MOCK_AWS_01,0.0,30.6,25.3,77.0,12.0
2023-07-31,MOCK_AWS_01,0.0,33.0,26.1,72.0,10.2
2023-08-01,MOCK_AWS_01,0.0,31.2,23.7,78.0,7.9
2023-08-02,MOCK_AWS_01,26.6,28.7,23.9,59.0,9.7
2023-08-03,MOCK_AWS_01,0.2,33.6,26.4,77.0,9.0
2023-08-04,MOCK_AWS_01,0.0,35.4,26.3,85.0,12.8
2023-08-05,MOCK_AWS_01,0.0,25.6,23.6,65.0,8.3
2023-08-06,MOCK_AWS_01,0.0,31.4,23.7,81.0,10.1
2023-08-07,MOCK_AWS_01,0.0,35.0,26.8,76.0,6.8
2023-08-08,MOCK_AWS_01,0.0,35.1,26.7,76.0,9.4
2023-08-09,MOCK_AWS_01,0.0,33.6,26.4,74.0,6.6
2023-08-10,MOCK_AWS_01,0.0,32.7,25.2,75.0,6.5
2023-08-11,MOCK_AWS_01,0.0,33.3,26.2,74.0,6.3
2023-08-12,MOCK_AWS_01,0.0,33.2,24.7,75.0,6.2
2023-08-13,MOCK_AWS_01,0.0,31.5,24.3,77.0,8.1
2023-08-14,MOCK_AWS_01,0.0,32.8,24.8,85.0,8.1
2023-08-15,MOCK_AWS_01,13.1,30.3,26.7,68.0,6.7
2023-08-16,MOCK_AWS_01,71.7,26.1,23.8,66.0,6.2
2023-08-17,MOCK_AWS_01,0.0,32.9,24.9,85.0,5.9
2023-08-18,MOCK_AWS_01,0.0,33.2,24.8,77.0,4.9
2023-08-19,MOCK_AWS_01,0.0,31.7,23.7,77.0,6.6
2023-08-20,MOCK_AWS_01,0.0,31.6,23.4,73.0,8.6
2023-08-21,MOCK_AWS_01,37.1,26.4,23.9,62.0,8.0
2023-08-22,MOCK_AWS_01,0.0,32.6,25.6,76.0,8.2
2023-08-23,MOCK_AWS_01,0.0,36.2,25.8,84.0,8.9
2023-08-24,MOCK_AWS_01,0.0,35.9,26.5,74.0,11.0
2023-08-25,MOCK_AWS_01,0.0,32.7,24.4,74.0,7.6
2023-08-26,MOCK_AWS_01,0.0,34.9,25.9,83.0,6.8
2023-08-27,MOCK_AWS_01,0.0,33.1,24.7,78.0,5.1
2023-08-28,MOCK_AWS_01,0.0,31.3,23.3,72.0,5.2
2023-08-29,MOCK_AWS_01,0.0,35.6,26.4,76.0,3.7
2023-08-30,MOCK_AWS_01,0.0,35.1,26.8,73.0,4.3
2023-08-31,MOCK_AWS_01,0.0,34.3,24.1,80.0,3.6
2023-09-01,MOCK_AWS_01,0.0,33.7,23.7,76.0,4.0
2023-09-02,MOCK_AWS_01,0.0,35.6,25.6,80.0,10.0
2023-09-03,MOCK_AWS_01,0.0,38.9,27.7,77.0,5.1
2023-09-04,MOCK_AWS_01,0.0,33.6,28.1,65.0,16.8
2023-09-05,MOCK_AWS_01,0.0,38.8,29.0,75.0,11.9
2023-09-06,MOCK_AWS_01,0.0,39.0,27.6,80.0,12.4
2023-09-07,MOCK_AWS_01,3.2,33.4,25.7,69.0,14.9
2023-09-08,MOCK_AWS_01,16.0,29.0,23.7,63.0,9.7
2023-09-09,MOCK_AWS_01,0.0,35.9,24.1,79.0,12.9
2023-09-10,MOCK_AWS_01,0.0,33.3,23.7,79.0,9.2
2023-09-11,MOCK_AWS_01,0.0,33.0,23.8,76.0,9.2
2023-09-12,MOCK_AWS_01,0.0,32.6,23.9,76.0,8.4
2023-09-13,MOCK_AWS_01,0.0,31.5,21.5,71.0,8.7
2023-09-14,MOCK_AWS_01,,,,,
2023-09-15,MOCK_AWS_01,0.0,31.4,20.9,68.0,8.2
2023-09-16,MOCK_AWS_01,0.0,32.6,22.3,72.0,4.0
2023-09-17,MOCK_AWS_01,2.6,31.5,23.7,55.0,7.6
2023-09-18,MOCK_AWS_01,0.0,37.5,25.3,78.0,8.7
2023-09-19,MOCK_AWS_01,0.0,37.7,26.0,72.0,8.4
2023-09-20,MOCK_AWS_01,0.0,38.5,25.3,72.0,6.2
2023-09-21,MOCK_AWS_01,0.0,38.9,26.0,68.0,8.8
2023-09-22,MOCK_AWS_01,0.0,31.7,22.9,69.0,6.6
2023-09-23,MOCK_AWS_01,0.0,30.1,18.7,69.0,4.9
2023-09-24,MOCK_AWS_01,,,,,
2023-09-25,MOCK_AWS_01,0.0,35.5,23.2,75.0,5.6
2023-09-26,MOCK_AWS_01,53.1,27.2,18.7,52.0,8.2
2023-09-27,MOCK_AWS_01,0.0,30.1,17.0,64.0,5.8
2023-09-28,MOCK_AWS_01,0.0,31.8,19.9,66.0,2.8
2023-09-29,MOCK_AWS_01,0.0,32.4,20.4,65.0,12.4
2023-09-30,MOCK_AWS_01,0.8,33.4,20.0,63.0,5.1
2023-10-01,MOCK_AWS_01,0.0,31.9,19.2,69.0,3.7
2023-10-02,MOCK_AWS_01,0.0,31.3,18.4,77.0,4.9
2023-10-03,MOCK_AWS_01,0.0,32.1,18.2,62.0,4.6
2023-10-04,MOCK_AWS_01,0.0,31.9,18.7,60.0,4.5
2023-10-05,MOCK_AWS_01,0.0,29.2,16.5,66.0,3.0
2023-10-06,MOCK_AWS_01,0.0,28.2,15.6,65.0,4.0
2023-10-07,MOCK_AWS_01,0.0,29.6,16.4,61.0,4.7
2023-10-08,MOCK_AWS_01,0.0,34.5,19.1,63.0,3.9
2023-10-09,MOCK_AWS_01,0.0,31.5,16.8,62.0,10.3
2023-10-10,MOCK_AWS_01,,,,,
2023-10-11,MOCK_AWS_01,0.0,33.3,18.1,56.0,5.2
2023-10-12,MOCK_AWS_01,0.0,32.6,17.2,57.0,4.9
2023-10-13,MOCK_AWS_01,0.0,32.1,16.2,63.0,2.9
2023-10-14,MOCK_AWS_01,0.0,32.5,16.5,55.0,6.0
2023-10-15,MOCK_AWS_01,0.0,33.8,17.5,58.0,3.1
2023-10-16,MOCK_AWS_01,0.0,31.9,16.8,55.0,5.5
2023-10-17,MOCK_AWS_01,0.0,33.7,17.9,53.0,4.4
2023-10-18,MOCK_AWS_01,0.0,33.9,16.9,61.0,3.0
2023-10-19,MOCK_AWS_01,0.0,30.5,14.8,60.0,3.9
2023-10-20,MOCK_AWS_01,0.0,34.6,19.2,62.0,2.9
2023-10-21,MOCK_AWS_01,0.0,34.9,18.0,65.0,2.9
2023-10-22,MOCK_AWS_01,0.0,32.4,16.4,59.0,10.0
2023-10-23,MOCK_AWS_01,0.0,33.4,17.2,59.0,5.9
2023-10-24,MOCK_AWS_01,0.0,30.5,15.3,60.0,6.2
2023-10-25,MOCK_AWS_01,0.0,30.9,15.2,55.0,2.8
2023-10-26,MOCK_AWS_01,0.0,27.5,13.4,56.0,3.6
2023-10-27,MOCK_AWS_01,0.0,25.9,10.5,63.0,4.4
2023-10-28,MOCK_AWS_01,0.0,25.7,10.6,61.0,5.5
2023-10-29,MOCK_AWS_01,,,,,
2023-10-30,MOCK_AWS_01,0.0,28.6,13.8,59.0,6.3
2023-10-31,MOCK_AWS_01,0.0,29.3,12.2,59.0,5.0
2023-11-01,MOCK_AWS_01,,,,,
2023-11-02,MOCK_AWS_01,0.0,29.0,13.3,63.0,3.1
2023-11-03,MOCK_AWS_01,0.0,30.5,14.3,56.0,3.0
2023-11-04,MOCK_AWS_01,0.0,28.5,13.6,64.0,5.2
2023-11-05,MOCK_AWS_01,0.0,31.3,14.2,64.0,6.7
2023-11-06,MOCK_AWS_01,,,,,
2023-11-07,MOCK_AWS_01,0.0,30.7,12.8,61.0,8.2
2023-11-08,MOCK_AWS_01,0.0,31.1,13.7,63.0,8.6
2023-11-09,MOCK_AWS_01,0.0,32.5,15.6,55.0,6.1
2023-11-10,MOCK_AWS_01,0.0,31.1,14.1,60.0,6.6
2023-11-11,MOCK_AWS_01,0.0,27.5,11.7,58.0,5.0
2023-11-12,MOCK_AWS_01,0.0,27.5,13.1,55.0,4.9
2023-11-13,MOCK_AWS_01,0.0,26.2,10.0,56.0,3.8
2023-11-14,MOCK_AWS_01,0.0,26.6,10.2,59.0,4.8
2023-11-15,MOCK_AWS_01,0.0,29.5,13.0,62.0,5.9
2023-11-16,MOCK_AWS_01,0.0,27.4,11.2,64.0,6.6
2023-11-17,MOCK_AWS_01,0.0,29.3,12.0,60.0,6.6
2023-11-18,MOCK_AWS_01,0.0,30.8,12.7,63.0,3.6
2023-11-19,MOCK_AWS_01,0.0,31.3,14.3,64.0,5.8
2023-11-20,MOCK_AWS_01,0.0,31.6,13.9,60.0,5.3
2023-11-21,MOCK_AWS_01,0.0,30.7,13.0,65.0,2.5
2023-11-22,MOCK_AWS_01,0.0,28.8,12.3,62.0,6.9
2023-11-23,MOCK_AWS_01,0.0,27.2,10.8,58.0,6.7
2023-11-24,MOCK_AWS_01,0.0,24.8,9.9,63.0,4.3
2023-11-25,MOCK_AWS_01,0.0,26.6,10.3,59.0,4.9
2023-11-26,MOCK_AWS_01,0.0,23.6,7.7,57.0,7.2
2023-11-27,MOCK_AWS_01,0.0,24.3,9.4,66.0,4.3
2023-11-28,MOCK_AWS_01,0.0,24.5,7.7,75.0,8.9
2023-11-29,MOCK_AWS_01,0.0,25.3,8.7,67.0,5.4
2023-11-30,MOCK_AWS_01,0.0,24.6,9.1,62.0,3.3
2023-12-01,MOCK_AWS_01,0.0,25.9,9.3,65.0,4.2
2023-12-02,MOCK_AWS_01,0.0,27.6,10.5,67.0,2.4
2023-12-03,MOCK_AWS_01,0.0,26.0,11.1,66.0,4.6
2023-12-04,MOCK_AWS_01,0.0,24.6,8.1,56.0,4.1
2023-12-05,MOCK_AWS_01,0.0,25.1,10.4,66.0,5.0
2023-12-06,MOCK_AWS_01,0.0,25.2,10.5,69.0,5.6
2023-12-07,MOCK_AWS_01,0.0,23.6,7.5,67.0,9.6
2023-12-08,MOCK_AWS_01,0.0,24.1,8.8,63.0,5.6
2023-12-09,MOCK_AWS_01,0.0,22.8,7.1,67.0,5.9
2023-12-10,MOCK_AWS_01,0.0,21.3,5.2,72.0,7.0
2023-12-11,MOCK_AWS_01,3.4,17.2,5.1,55.0,5.2
2023-12-12,MOCK_AWS_01,0.0,16.7,6.1,69.0,3.0
2023-12-13,MOCK_AWS_01,0.0,18.4,3.3,62.0,3.6
2023-12-14,MOCK_AWS_01,0.0,19.0,5.8,57.0,4.7
2023-12-15,MOCK_AWS_01,0.0,13.6,2.8,71.0,3.5
2023-12-16,MOCK_AWS_01,0.0,17.4,6.5,69.0,3.6
2023-12-17,MOCK_AWS_01,0.0,19.8,7.1,68.0,3.2
2023-12-18,MOCK_AWS_01,0.0,18.9,5.7,72.0,4.5
2023-12-19,MOCK_AWS_01,0.0,24.2,8.3,71.0,7.2
2023-12-20,MOCK_AWS_01,0.0,15.5,7.3,64.0,6.8
2023-12-21,MOCK_AWS_01,0.0,19.3,4.7,62.0,5.8
2023-12-22,MOCK_AWS_01,0.0,18.8,3.8,70.0,5.5
2023-12-23,MOCK_AWS_01,0.0,18.1,4.7,64.0,3.2
2023-12-24,MOCK_AWS_01,0.0,18.2,5.0,69.0,4.0
2023-12-25,MOCK_AWS_01,0.0,19.8,3.7,66.0,4.8
2023-12-26,MOCK_AWS_01,0.0,22.5,8.4,70.0,4.4
2023-12-27,MOCK_AWS_01,0.0,20.7,9.0,70.0,5.2
2023-12-28,MOCK_AWS_01,0.0,24.9,10.3,67.0,4.7
2023-12-29,MOCK_AWS_01,0.0,22.4,8.9,58.0,4.7
2023-12-30,MOCK_AWS_01,0.0,24.4,8.2,72.0,4.2
2023-12-31,MOCK_AWS_01,0.0,21.1,6.1,66.0,3.5
2024-01-01,MOCK_AWS_01,0.0,19.4,5.8,69.0,6.0
2024-01-02,MOCK_AWS_01,0.0,17.1,3.6,72.0,4.1
2024-01-03,MOCK_AWS_01,0.0,21.0,6.6,73.0,6.2
2024-01-04,MOCK_AWS_01,0.0,23.8,9.0,72.0,6.5
2024-01-05,MOCK_AWS_01,0.0,23.9,11.4,69.0,4.8
2024-01-06,MOCK_AWS_01,0.0,27.0,10.8,66.0,7.8
2024-01-07,MOCK_AWS_01,0.0,25.8,9.2,63.0,5.0
2024-01-08,MOCK_AWS_01,0.0,24.7,7.3,71.0,5.0
2024-01-09,MOCK_AWS_01,0.0,23.2,8.8,61.0,6.0
2024-01-10,MOCK_AWS_01,0.0,20.7,10.4,66.0,7.0
2024-01-11,MOCK_AWS_01,0.0,21.6,6.8,75.0,7.8
2024-01-12,MOCK_AWS_01,0.0,21.1,6.2,63.0,5.2
2024-01-13,MOCK_AWS_01,0.0,17.8,3.8,64.0,5.3
2024-01-14,MOCK_AWS_01,0.0,18.9,5.4,63.0,4.9
2024-01-15,MOCK_AWS_01,0.0,20.2,7.4,73.0,4.0
2024-01-16,MOCK_AWS_01,0.0,19.9,6.3,74.0,5.8
2024-01-17,MOCK_AWS_01,0.0,19.1,5.8,62.0,6.2
2024-01-18,MOCK_AWS_01,0.0,18.8,8.5,63.0,3.4
2024-01-19,MOCK_AWS_01,,,,,
2024-01-20,MOCK_AWS_01,0.0,22.4,8.2,62.0,7.9
2024-01-21,MOCK_AWS_01,0.0,23.0,9.7,62.0,3.4
2024-01-22,MOCK_AWS_01,0.0,26.0,10.1,62.0,4.7
2024-01-23,MOCK_AWS_01,0.0,23.8,11.6,63.0,3.5
2024-01-24,MOCK_AWS_01,1.4,18.6,9.6,58.0,3.0
2024-01-25,MOCK_AWS_01,0.0,19.0,6.0,66.0,3.1
2024-01-26,MOCK_AWS_01,0.0,18.7,5.5,66.0,4.5
2024-01-27,MOCK_AWS_01,2.3,18.2,6.3,49.0,8.5
2024-01-28,MOCK_AWS_01,0.0,21.6,8.8,60.0,9.9
2024-01-29,MOCK_AWS_01,1.6,20.6,11.3,53.0,8.7
2024-01-30,MOCK_AWS_01,8.7,20.8,8.2,54.0,8.3
2024-01-31,MOCK_AWS_01,6.7,21.4,12.0,58.0,5.0
2024-02-01,MOCK_AWS_01,0.0,26.4,11.2,67.0,3.3
2024-02-02,MOCK_AWS_01,0.0,25.5,11.3,64.0,4.4
2024-02-03,MOCK_AWS_01,0.0,25.1,10.0,68.0,7.6
2024-02-04,MOCK_AWS_01,0.0,26.9,10.7,70.0,4.9
2024-02-05,MOCK_AWS_01,4.0,22.9,10.3,55.0,5.3
2024-02-06,MOCK_AWS_01,0.0,24.6,9.7,68.0,3.7
2024-02-07,MOCK_AWS_01,0.0,26.3,10.6,66.0,4.1
2024-02-08,MOCK_AWS_01,0.0,28.1,11.0,62.0,2.2
2024-02-09,MOCK_AWS_01,0.0,25.9,10.4,68.0,3.2
2024-02-10,MOCK_AWS_01,4.9,22.3,11.2,57.0,5.2
2024-02-11,MOCK_AWS_01,0.0,23.8,9.4,67.0,5.8
2024-02-12,MOCK_AWS_01,0.0,23.2,9.0,60.0,3.6
2024-02-13,MOCK_AWS_01,0.0,26.0,10.1,77.0,4.3
2024-02-14,MOCK_AWS_01,0.0,24.6,10.6,65.0,3.3
2024-02-15,MOCK_AWS_01,0.0,27.9,10.2,70.0,1.9
2024-02-16,MOCK_AWS_01,0.0,25.2,10.0,72.0,5.0
2024-02-17,MOCK_AWS_01,0.0,25.7,10.2,64.0,8.6
2024-02-18,MOCK_AWS_01,0.0,25.7,11.7,61.0,8.4
2024-02-19,MOCK_AWS_01,0.0,29.0,13.9,72.0,8.8
2024-02-20,MOCK_AWS_01,0.0,24.5,8.8,64.0,10.1
2024-02-21,MOCK_AWS_01,0.0,25.4,11.0,61.0,7.8
2024-02-22,MOCK_AWS_01,0.0,26.7,11.3,63.0,8.9
2024-02-23,MOCK_AWS_01,0.0,27.6,10.6,61.0,7.4
2024-02-24,MOCK_AWS_01,0.0,23.5,9.1,61.0,5.6
2024-02-25,MOCK_AWS_01,0.0,21.6,7.4,63.0,6.1
2024-02-26,MOCK_AWS_01,0.0,24.7,8.4,62.0,6.7
2024-02-27,MOCK_AWS_01,0.0,28.5,11.9,54.0,10.1
2024-02-28,MOCK_AWS_01,0.0,28.2,12.1,58.0,4.2
2024-02-29,MOCK_AWS_01,0.0,30.8,14.6,64.0,3.7
2024-03-01,MOCK_AWS_01,,,,,
2024-03-02,MOCK_AWS_01,0.0,22.7,7.7,53.0,3.6
2024-03-03,MOCK_AWS_01,0.0,21.4,8.5,55.0,5.8
2024-03-04,MOCK_AWS_01,0.0,26.2,10.5,56.0,6.5
2024-03-05,MOCK_AWS_01,0.0,27.7,12.7,61.0,7.9
2024-03-06,MOCK_AWS_01,0.0,26.5,11.9,55.0,7.7
2024-03-07,MOCK_AWS_01,0.0,30.0,13.7,60.0,9.3
2024-03-08,MOCK_AWS_01,0.0,29.3,13.0,58.0,17.6
2024-03-09,MOCK_AWS_01,0.0,31.5,16.2,54.0,10.7
2024-03-10,MOCK_AWS_01,0.0,34.2,16.6,58.0,10.7
2024-03-11,MOCK_AWS_01,0.0,30.0,13.9,55.0,11.2
2024-03-12,MOCK_AWS_01,0.0,32.0,15.3,45.0,12.5
2024-03-13,MOCK_AWS_01,1.9,30.2,15.3,45.0,5.3
2024-03-14,MOCK_AWS_01,0.0,30.8,15.0,54.0,10.1
2024-03-15,MOCK_AWS_01,0.0,27.4,10.7,49.0,9.4
2024-03-16,MOCK_AWS_01,11.3,24.4,13.1,40.0,8.1
2024-03-17,MOCK_AWS_01,0.0,29.3,13.9,51.0,13.5
2024-03-18,MOCK_AWS_01,0.0,31.4,14.9,51.0,7.0
2024-03-19,MOCK_AWS_01,0.0,33.6,17.3,55.0,7.0
2024-03-20,MOCK_AWS_01,0.0,32.6,18.7,53.0,7.3
2024-03-21,MOCK_AWS_01,0.0,32.5,17.5,55.0,9.4
2024-03-22,MOCK_AWS_01,0.0,37.0,18.8,56.0,10.2
2024-03-23,MOCK_AWS_01,0.0,36.5,18.4,54.0,9.6
2024-03-24,MOCK_AWS_01,0.0,34.2,16.9,54.0,6.8
2024-03-25,MOCK_AWS_01,0.0,36.5,18.5,43.0,13.0
2024-03-26,MOCK_AWS_01,,,,,
2024-03-27,MOCK_AWS_01,0.0,33.4,16.2,50.0,9.0
2024-03-28,MOCK_AWS_01,0.0,30.6,14.5,47.0,8.5
2024-03-29,MOCK_AWS_01,0.0,33.2,16.7,46.0,11.4
2024-03-30,MOCK_AWS_01,0.0,35.4,19.1,44.0,6.6
2024-03-31,MOCK_AWS_01,0.0,36.0,19.1,49.0,8.4
2024-04-01,MOCK_AWS_01,0.0,38.1,19.9,52.0,12.4
2024-04-02,MOCK_AWS_01,0.0,37.2,20.7,43.0,8.0
2024-04-03,MOCK_AWS_01,7.1,35.4,21.2,29.0,7.8
2024-04-04,MOCK_AWS_01,0.0,37.5,19.8,36.0,12.0
2024-04-05,MOCK_AWS_01,0.0,33.7,18.2,44.0,13.9
2024-04-06,MOCK_AWS_01,0.0,36.0,19.5,44.0,9.0
2024-04-07,MOCK_AWS_01,0.0,36.4,19.6,42.0,8.7
2024-04-08,MOCK_AWS_01,0.0,33.6,17.9,45.0,14.0
2024-04-09,MOCK_AWS_01,0.0,35.6,19.3,42.0,5.2
2024-04-10,MOCK_AWS_01,0.0,32.1,16.2,38.0,8.1
2024-04-11,MOCK_AWS_01,0.0,35.5,18.9,39.0,7.9
2024-04-12,MOCK_AWS_01,0.0,34.5,17.2,43.0,7.2
2024-04-13,MOCK_AWS_01,0.0,31.0,16.2,40.0,7.3
2024-04-14,MOCK_AWS_01,0.0,36.1,18.9,41.0,13.7
2024-04-15,MOCK_AWS_01,0.0,35.8,20.1,35.0,8.9
2024-04-16,MOCK_AWS_01,0.0,37.0,21.3,37.0,8.0
2024-04-17,MOCK_AWS_01,0.0,40.6,23.1,36.0,17.3
2024-04-18,MOCK_AWS_01,0.0,41.8,23.8,38.0,12.2
2024-04-19,MOCK_AWS_01,0.0,43.5,25.3,44.0,11.3
2024-04-20,MOCK_AWS_01,0.0,42.5,24.9,47.0,12.6
2024-04-21,MOCK_AWS_01,0.0,45.9,27.6,46.0,12.5
2024-04-22,MOCK_AWS_01,1.5,41.8,26.6,32.0,16.7
2024-04-23,MOCK_AWS_01,0.0,40.4,23.3,41.0,14.4
2024-04-24,MOCK_AWS_01,0.0,36.7,21.1,43.0,15.4
2024-04-25,MOCK_AWS_01,0.0,38.4,22.8,36.0,11.6
2024-04-26,MOCK_AWS_01,0.0,38.0,21.4,37.0,9.7
2024-04-27,MOCK_AWS_01,0.0,39.0,21.9,39.0,8.3
2024-04-28,MOCK_AWS_01,0.0,38.8,23.2,46.0,5.7
2024-04-29,MOCK_AWS_01,0.0,40.1,22.4,38.0,8.5
2024-04-30,MOCK_AWS_01,0.0,36.6,21.3,36.0,7.5
2024-05-01,MOCK_AWS_01,0.0,36.1,20.4,29.0,5.3
2024-05-02,MOCK_AWS_01,0.0,35.0,21.1,42.0,5.9
2024-05-03,MOCK_AWS_01,0.0,38.6,22.2,37.0,8.1
2024-05-04,MOCK_AWS_01,0.0,37.5,21.7,42.0,11.8
2024-05-05,MOCK_AWS_01,0.0,42.4,25.3,40.0,9.3
2024-05-06,MOCK_AWS_01,0.0,41.2,25.2,36.0,8.5
2024-05-07,MOCK_AWS_01,0.0,42.8,25.6,41.0,12.7
2024-05-08,MOCK_AWS_01,0.0,41.1,25.3,37.0,14.2
2024-05-09,MOCK_AWS_01,,,,,
2024-05-10,MOCK_AWS_01,0.0,40.6,24.5,40.0,16.3
2024-05-11,MOCK_AWS_01,0.0,41.5,25.7,40.0,17.4
2024-05-12,MOCK_AWS_01,3.4,42.1,27.7,29.0,22.3
2024-05-13,MOCK_AWS_01,0.0,45.9,28.7,39.0,18.9
2024-05-14,MOCK_AWS_01,0.0,45.4,28.4,39.0,16.5
2024-05-15,MOCK_AWS_01,0.0,43.6,26.6,40.0,16.8
2024-05-16,MOCK_AWS_01,0.0,40.8,24.8,39.0,19.3
2024-05-17,MOCK_AWS_01,0.0,40.3,24.0,38.0,15.0
2024-05-18,MOCK_AWS_01,0.0,40.6,24.6,39.0,16.5
2024-05-19,MOCK_AWS_01,0.0,41.3,26.7,39.0,12.5
2024-05-20,MOCK_AWS_01,0.0,44.2,28.5,41.0,19.2
2024-05-21,MOCK_AWS_01,0.0,43.6,28.4,45.0,10.7
2024-05-22,MOCK_AWS_01,0.0,41.1,25.9,39.0,14.1
2024-05-23,MOCK_AWS_01,0.0,39.9,24.9,42.0,16.6
2024-05-24,MOCK_AWS_01,0.0,41.0,25.9,42.0,13.1
2024-05-25,MOCK_AWS_01,0.0,40.3,26.0,38.0,12.4
2024-05-26,MOCK_AWS_01,0.0,37.8,23.7,46.0,15.3
2024-05-27,MOCK_AWS_01,0.0,40.5,25.8,43.0,9.9
2024-05-28,MOCK_AWS_01,0.0,42.3,27.8,45.0,10.3
2024-05-29,MOCK_AWS_01,0.0,42.0,26.9,41.0,9.1
2024-05-30,MOCK_AWS_01,0.0,40.0,27.2,46.0,10.7
2024-05-31,MOCK_AWS_01,0.0,42.7,26.3,44.0,16.9
2024-06-01,MOCK_AWS_01,0.0,43.5,29.7,41.0,11.5
2024-06-02,MOCK_AWS_01,0.0,44.1,30.9,49.0,13.4
2024-06-03,MOCK_AWS_01,0.0,42.4,28.2,51.0,9.3
2024-06-04,MOCK_AWS_01,0.0,43.8,29.0,47.0,11.5
2024-06-05,MOCK_AWS_01,0.0,41.4,28.7,49.0,15.9
2024-06-06,MOCK_AWS_01,,,,,
2024-06-07,MOCK_AWS_01,0.0,37.6,25.6,49.0,8.4
2024-06-08,MOCK_AWS_01,0.0,36.3,25.5,40.0,8.5
2024-06-09,MOCK_AWS_01,,,,,
2024-06-10,MOCK_AWS_01,,,,,
2024-06-11,MOCK_AWS_01,,,,,
2024-06-12,MOCK_AWS_01,,,,,
2024-06-13,MOCK_AWS_01,,,,,
2024-06-14,MOCK_AWS_01,,,,,
2024-06-15,MOCK_AWS_01,,,,,
2024-06-16,MOCK_AWS_01,,,,,
2024-06-17,MOCK_AWS_01,,,,,
2024-06-18,MOCK_AWS_01,,,,,
2024-06-19,MOCK_AWS_01,,,,,
2024-06-20,MOCK_AWS_01,,,,,
2024-06-21,MOCK_AWS_01,,,,,
2024-06-22,MOCK_AWS_01,,,,,
2024-06-23,MOCK_AWS_01,,,,,
2024-06-24,MOCK_AWS_01,,,,,
2024-06-25,MOCK_AWS_01,,,,,
2024-06-26,MOCK_AWS_01,,,,,
2024-06-27,MOCK_AWS_01,,,,,
2024-06-28,MOCK_AWS_01,,,,,
2024-06-29,MOCK_AWS_01,,,,,
2024-06-30,MOCK_AWS_01,,,,,
2024-07-01,MOCK_AWS_01,,,,,
2024-07-02,MOCK_AWS_01,,,,,
2024-07-03,MOCK_AWS_01,,,,,
2024-07-04,MOCK_AWS_01,,,,,
2024-07-05,MOCK_AWS_01,,,,,
2024-07-06,MOCK_AWS_01,,,,,
2024-07-07,MOCK_AWS_01,,,,,
2024-07-08,MOCK_AWS_01,,,,,
2024-07-09,MOCK_AWS_01,,,,,
2024-07-10,MOCK_AWS_01,,,,,
2024-07-11,MOCK_AWS_01,,,,,
2024-07-12,MOCK_AWS_01,,,,,
2024-07-13,MOCK_AWS_01,,,,,
2024-07-14,MOCK_AWS_01,,,,,
2024-07-15,MOCK_AWS_01,,,,,
2024-07-16,MOCK_AWS_01,0.0,36.4,26.6,70.0,11.7
2024-07-17,MOCK_AWS_01,0.0,35.1,26.0,72.0,11.7
2024-07-18,MOCK_AWS_01,0.0,31.0,23.2,73.0,6.9
2024-07-19,MOCK_AWS_01,0.0,29.8,22.1,81.0,8.8
2024-07-20,MOCK_AWS_01,0.0,32.3,25.8,76.0,12.7
2024-07-21,MOCK_AWS_01,0.0,30.7,23.6,89.0,5.8
2024-07-22,MOCK_AWS_01,0.0,31.7,23.4,73.0,4.8
2024-07-23,MOCK_AWS_01,0.0,32.6,24.7,79.0,9.4
2024-07-24,MOCK_AWS_01,0.0,33.1,24.1,71.0,7.8
2024-07-25,MOCK_AWS_01,0.0,33.7,25.9,78.0,5.0
2024-07-26,MOCK_AWS_01,0.0,31.9,24.8,74.0,6.5
2024-07-27,MOCK_AWS_01,0.0,36.7,27.8,75.0,6.7
2024-07-28,MOCK_AWS_01,0.0,36.9,28.6,82.0,11.1
2024-07-29,MOCK_AWS_01,0.0,36.2,28.1,79.0,5.8
2024-07-30,MOCK_AWS_01,1.4,37.4,28.6,67.0,7.7
2024-07-31,MOCK_AWS_01,0.0,38.2,29.0,75.0,6.5
2024-08-01,MOCK_AWS_01,38.1,31.1,29.4,56.0,7.8
2024-08-02,MOCK_AWS_01,0.0,38.6,29.1,82.0,11.3
2024-08-03,MOCK_AWS_01,0.0,37.6,27.5,77.0,8.8
2024-08-04,MOCK_AWS_01,0.6,38.1,28.8,78.0,6.1
2024-08-05,MOCK_AWS_01,0.0,36.7,29.0,70.0,7.5
2024-08-06,MOCK_AWS_01,0.0,37.6,29.2,77.0,8.2
2024-08-07,MOCK_AWS_01,0.0,40.3,30.7,78.0,11.3
2024-08-08,MOCK_AWS_01,0.0,40.2,31.3,72.0,8.4
2024-08-09,MOCK_AWS_01,0.0,37.9,27.9,77.0,10.4
2024-08-10,MOCK_AWS_01,0.0,35.0,26.7,74.0,11.1
2024-08-11,MOCK_AWS_01,0.0,35.6,26.1,75.0,10.8
2024-08-12,MOCK_AWS_01,30.2,25.3,23.6,66.0,7.1
2024-08-13,MOCK_AWS_01,0.0,35.3,27.1,83.0,10.5
2024-08-14,MOCK_AWS_01,0.0,31.4,26.9,79.0,12.8
2024-08-15,MOCK_AWS_01,,,,,
2024-08-16,MOCK_AWS_01,0.0,32.5,24.3,83.0,11.1
2024-08-17,MOCK_AWS_01,0.0,31.9,24.4,81.0,11.5
2024-08-18,MOCK_AWS_01,0.0,33.1,25.5,74.0,12.4
2024-08-19,MOCK_AWS_01,0.0,33.7,25.5,77.0,12.6
2024-08-20,MOCK_AWS_01,0.0,34.9,26.4,75.0,3.2
2024-08-21,MOCK_AWS_01,0.0,36.0,27.4,74.0,3.6
2024-08-22,MOCK_AWS_01,0.0,35.3,26.4,72.0,6.1
2024-08-23,MOCK_AWS_01,18.4,27.8,25.3,67.0,7.5
2024-08-24,MOCK_AWS_01,0.0,33.4,24.8,77.0,8.2
2024-08-25,MOCK_AWS_01,0.0,35.4,26.3,79.0,10.8
2024-08-26,MOCK_AWS_01,0.0,32.4,24.8,79.0,5.9
2024-08-27,MOCK_AWS_01,0.0,32.4,23.5,80.0,5.9
2024-08-28,MOCK_AWS_01,0.0,31.2,22.7,64.0,7.6
2024-08-29,MOCK_AWS_01,0.0,32.9,23.3,82.0,12.1
2024-08-30,MOCK_AWS_01,0.0,34.5,24.4,72.0,9.0
2024-08-31,MOCK_AWS_01,0.0,34.1,24.1,79.0,7.7
2024-09-01,MOCK_AWS_01,,,,,
2024-09-02,MOCK_AWS_01,0.0,32.9,25.0,78.0,8.4
2024-09-03,MOCK_AWS_01,0.0,31.8,23.1,75.0,5.5
2024-09-04,MOCK_AWS_01,0.0,35.9,26.5,81.0,4.7
2024-09-05,MOCK_AWS_01,0.0,36.6,26.1,77.0,2.0
2024-09-06,MOCK_AWS_01,13.5,33.8,27.0,61.0,4.2
2024-09-07,MOCK_AWS_01,0.0,27.9,22.9,60.0,3.0
2024-09-08,MOCK_AWS_01,10.3,27.9,22.4,70.0,3.5
2024-09-09,MOCK_AWS_01,0.0,32.7,25.1,63.0,5.7
2024-09-10,MOCK_AWS_01,0.0,35.3,23.4,65.0,3.6
2024-09-11,MOCK_AWS_01,0.0,30.7,21.2,80.0,12.0
2024-09-12,MOCK_AWS_01,0.0,30.3,21.4,77.0,7.5
2024-09-13,MOCK_AWS_01,0.0,31.7,21.1,75.0,6.8
2024-09-14,MOCK_AWS_01,0.0,31.6,21.6,70.0,9.7
2024-09-15,MOCK_AWS_01,0.0,30.3,20.5,72.0,13.4
2024-09-16,MOCK_AWS_01,0.0,33.5,22.9,74.0,17.7
2024-09-17,MOCK_AWS_01,0.0,34.1,22.9,77.0,12.1
2024-09-18,MOCK_AWS_01,0.0,36.2,24.6,78.0,9.4
2024-09-19,MOCK_AWS_01,0.0,38.1,26.2,71.0,8.2
2024-09-20,MOCK_AWS_01,0.0,35.7,24.2,77.0,4.8
2024-09-21,MOCK_AWS_01,0.0,34.6,22.8,73.0,7.8
2024-09-22,MOCK_AWS_01,0.0,34.3,23.0,76.0,6.7
2024-09-23,MOCK_AWS_01,8.0,33.2,21.4,48.0,5.5
2024-09-24,MOCK_AWS_01,0.0,35.4,24.5,68.0,4.9
2024-09-25,MOCK_AWS_01,0.0,34.1,21.5,66.0,4.5
2024-09-26,MOCK_AWS_01,0.0,34.1,21.0,70.0,4.1
2024-09-27,MOCK_AWS_01,0.0,31.6,18.8,71.0,5.9
2024-09-28,MOCK_AWS_01,0.0,34.0,20.4,64.0,5.8
2024-09-29,MOCK_AWS_01,0.0,32.9,20.1,73.0,5.7
2024-09-30,MOCK_AWS_01,0.0,32.8,17.5,76.0,7.6
2024-10-01,MOCK_AWS_01,0.0,32.8,19.7,66.0,7.7
2024-10-02,MOCK_AWS_01,,,,,
2024-10-03,MOCK_AWS_01,0.0,30.9,17.5,61.0,6.5
2024-10-04,MOCK_AWS_01,0.0,30.6,17.9,69.0,12.4
2024-10-05,MOCK_AWS_01,0.0,31.6,18.4,67.0,9.7
2024-10-06,MOCK_AWS_01,0.0,33.6,20.1,64.0,9.9
2024-10-07,MOCK_AWS_01,0.0,33.4,19.1,64.0,6.3
2024-10-08,MOCK_AWS_01,0.0,31.6,17.3,68.0,9.9
2024-10-09,MOCK_AWS_01,0.0,35.0,18.7,60.0,7.2
2024-10-10,MOCK_AWS_01,0.0,34.6,18.4,70.0,7.6
2024-10-11,MOCK_AWS_01,0.0,35.4,19.4,67.0,5.9
2024-10-12,MOCK_AWS_01,0.0,35.0,16.9,50.0,6.1
2024-10-13,MOCK_AWS_01,0.0,30.3,16.2,54.0,5.4
2024-10-14,MOCK_AWS_01,0.0,35.0,18.0,63.0,5.6
2024-10-15,MOCK_AWS_01,0.0,32.1,17.1,61.0,3.0
2024-10-16,MOCK_AWS_01,0.0,30.6,15.9,56.0,4.2
2024-10-17,MOCK_AWS_01,0.0,30.9,17.4,49.0,4.9
2024-10-18,MOCK_AWS_01,0.0,34.9,18.2,59.0,4.6
2024-10-19,MOCK_AWS_01,0.0,35.0,18.6,57.0,3.2
2024-10-20,MOCK_AWS_01,0.0,30.4,14.5,54.0,3.5
2024-10-21,MOCK_AWS_01,2.1,27.6,14.2,44.0,4.5
2024-10-22,MOCK_AWS_01,0.0,29.0,14.6,57.0,4.9
2024-10-23,MOCK_AWS_01,0.0,28.8,12.7,57.0,4.8
2024-10-24,MOCK_AWS_01,0.0,26.7,11.9,56.0,4.1
2024-10-25,MOCK_AWS_01,0.0,32.6,14.2,65.0,4.0
2024-10-26,MOCK_AWS_01,0.0,33.3,16.2,60.0,5.1
2024-10-27,MOCK_AWS_01,0.0,30.2,13.9,62.0,8.3
2024-10-28,MOCK_AWS_01,0.0,31.4,15.3,54.0,5.8
2024-10-29,MOCK_AWS_01,0.0,28.9,14.0,54.0,5.9
2024-10-30,MOCK_AWS_01,0.0,31.6,14.2,59.0,6.2
2024-10-31,MOCK_AWS_01,0.0,30.6,13.8,56.0,7.1
2024-11-01,MOCK_AWS_01,0.0,28.4,13.1,54.0,4.0
2024-11-02,MOCK_AWS_01,0.0,32.5,14.4,57.0,1.5
2024-11-03,MOCK_AWS_01,0.0,32.5,14.6,59.0,2.1
2024-11-04,MOCK_AWS_01,0.0,27.8,12.0,57.0,3.8
2024-11-05,MOCK_AWS_01,0.0,28.0,12.7,59.0,5.1
2024-11-06,MOCK_AWS_01,12.8,24.2,12.0,45.0,4.3
2024-11-07,MOCK_AWS_01,0.0,24.5,9.0,63.0,8.6
2024-11-08,MOCK_AWS_01,0.0,23.9,7.1,62.0,2.8
2024-11-09,MOCK_AWS_01,0.0,24.0,9.0,66.0,5.5
2024-11-10,MOCK_AWS_01,0.0,28.4,10.2,60.0,8.8
2024-11-11,MOCK_AWS_01,0.0,29.6,12.9,66.0,3.7
2024-11-12,MOCK_AWS_01,0.0,32.0,15.3,56.0,3.7
2024-11-13,MOCK_AWS_01,0.0,30.9,14.6,63.0,3.3
2024-11-14,MOCK_AWS_01,0.0,30.1,13.4,56.0,4.3
2024-11-15,MOCK_AWS_01,0.0,30.3,12.9,57.0,4.9
2024-11-16,MOCK_AWS_01,0.0,31.2,12.1,59.0,5.7
2024-11-17,MOCK_AWS_01,0.0,27.9,10.6,57.0,3.2
2024-11-18,MOCK_AWS_01,0.0,26.0,11.6,59.0,5.4
2024-11-19,MOCK_AWS_01,0.0,27.9,11.4,66.0,4.3
2024-11-20,MOCK_AWS_01,0.0,30.6,12.6,64.0,3.7
2024-11-21,MOCK_AWS_01,0.0,29.6,12.4,70.0,5.3
2024-11-22,MOCK_AWS_01,0.0,27.8,10.8,60.0,6.3
2024-11-23,MOCK_AWS_01,0.0,24.3,8.4,55.0,3.9
2024-11-24,MOCK_AWS_01,0.0,22.5,7.6,64.0,2.9
2024-11-25,MOCK_AWS_01,0.0,22.4,6.5,63.0,5.7
2024-11-26,MOCK_AWS_01,,,,,
2024-11-27,MOCK_AWS_01,0.0,24.7,9.4,65.0,7.1
2024-11-28,MOCK_AWS_01,7.5,20.7,8.5,53.0,6.1
2024-11-29,MOCK_AWS_01,0.0,26.0,10.2,70.0,1.9
2024-11-30,MOCK_AWS_01,0.0,28.0,11.1,74.0,2.6
2024-12-01,MOCK_AWS_01,0.0,25.2,10.3,66.0,3.1
2024-12-02,MOCK_AWS_01,0.0,25.9,9.3,65.0,3.6
2024-12-03,MOCK_AWS_01,0.0,24.4,8.3,62.0,3.7
2024-12-04,MOCK_AWS_01,0.0,21.9,6.9,68.0,4.7
2024-12-05,MOCK_AWS_01,,,,,
2024-12-06,MOCK_AWS_01,0.0,21.8,7.1,71.0,3.0
2024-12-07,MOCK_AWS_01,0.0,23.7,8.8,61.0,6.1
2024-12-08,MOCK_AWS_01,0.0,21.8,6.4,69.0,6.2
2024-12-09,MOCK_AWS_01,0.0,22.2,8.0,67.0,5.6
2024-12-10,MOCK_AWS_01,0.0,25.0,9.0,63.0,10.8
2024-12-11,MOCK_AWS_01,0.0,24.3,10.0,58.0,7.4
2024-12-12,MOCK_AWS_01,0.0,23.7,7.2,74.0,9.7
2024-12-13,MOCK_AWS_01,0.0,21.8,7.8,61.0,4.4
2024-12-14,MOCK_AWS_01,0.0,23.2,8.2,71.0,4.0
2024-12-15,MOCK_AWS_01,0.0,21.4,7.1,71.0,4.7
2024-12-16,MOCK_AWS_01,0.0,23.6,9.6,67.0,6.3
2024-12-17,MOCK_AWS_01,0.0,21.8,9.2,70.0,6.3
2024-12-18,MOCK_AWS_01,0.0,26.6,11.9,71.0,6.1
2024-12-19,MOCK_AWS_01,0.0,23.1,9.1,66.0,4.2
2024-12-20,MOCK_AWS_01,0.0,23.6,8.3,73.0,4.5
2024-12-21,MOCK_AWS_01,0.0,25.4,9.5,60.0,2.6
2024-12-22,MOCK_AWS_01,0.0,19.6,6.1,68.0,4.0
2024-12-23,MOCK_AWS_01,0.0,18.4,7.9,63.0,3.1
2024-12-24,MOCK_AWS_01,0.0,18.1,3.3,66.0,4.2
2024-12-25,MOCK_AWS_01,0.0,15.6,2.5,71.0,2.6
2024-12-26,MOCK_AWS_01,0.5,13.4,2.7,72.0,3.9
2024-12-27,MOCK_AWS_01,0.9,18.6,5.6,64.0,7.0
2024-12-28,MOCK_AWS_01,0.0,16.5,6.1,67.0,7.6
2024-12-29,MOCK_AWS_01,0.0,15.7,4.9,63.0,4.1
2024-12-30,MOCK_AWS_01,0.2,18.2,6.4,77.0,4.5
2024-12-31,MOCK_AWS_01,0.0,21.6,6.0,73.0,3.7
2023-01-01,MOCK_AWS_02,0.0,22.7,7.6,68.0,4.3
2023-01-02,MOCK_AWS_02,0.0,20.4,5.4,59.0,4.2
2023-01-03,MOCK_AWS_02,0.0,16.3,5.7,58.0,3.9
2023-01-04,MOCK_AWS_02,0.0,15.1,5.2,65.0,4.8
2023-01-05,MOCK_AWS_02,0.0,14.9,5.0,54.0,4.9
2023-01-06,MOCK_AWS_02,0.0,17.6,5.1,62.0,8.2
2023-01-07,MOCK_AWS_02,0.0,19.7,5.8,62.0,10.5
2023-01-08,MOCK_AWS_02,0.0,16.4,3.6,61.0,13.2
2023-01-09,MOCK_AWS_02,0.0,20.1,7.3,56.0,9.8
2023-01-10,MOCK_AWS_02,0.0,14.5,6.1,62.0,5.8
2023-01-11,MOCK_AWS_02,1.0,16.3,5.8,54.0,5.0
2023-01-12,MOCK_AWS_02,0.0,18.2,8.3,63.0,5.3
2023-01-13,MOCK_AWS_02,0.0,20.1,6.3,61.0,4.7
2023-01-14,MOCK_AWS_02,0.0,21.6,6.7,65.0,8.6
2023-01-15,MOCK_AWS_02,0.0,20.9,6.3,69.0,3.1
2023-01-16,MOCK_AWS_02,0.0,21.0,7.8,58.0,2.9
2023-01-17,MOCK_AWS_02,0.0,15.6,5.3,66.0,7.2
2023-01-18,MOCK_AWS_02,0.0,15.2,7.1,56.0,6.4
2023-01-19,MOCK_AWS_02,0.0,17.3,5.3,70.0,8.3
2023-01-20,MOCK_AWS_02,1.4,15.8,4.5,49.0,9.7
2023-01-21,MOCK_AWS_02,0.0,16.9,4.8,63.0,11.8
2023-01-22,MOCK_AWS_02,0.0,16.4,5.9,64.0,13.0
2023-01-23,MOCK_AWS_02,0.0,17.3,7.5,63.0,9.8
2023-01-24,MOCK_AWS_02,0.0,20.0,7.9,64.0,15.3
2023-01-25,MOCK_AWS_02,0.0,21.9,9.0,59.0,11.6
2023-01-26,MOCK_AWS_02,0.0,18.5,8.1,63.0,11.0
2023-01-27,MOCK_AWS_02,0.0,24.9,9.9,66.0,9.5
2023-01-28,MOCK_AWS_02,0.0,21.5,7.5,60.0,6.2
2023-01-29,MOCK_AWS_02,0.0,21.5,7.9,66.0,6.3
2023-01-30,MOCK_AWS_02,0.0,22.4,7.3,62.0,8.1
2023-01-31,MOCK_AWS_02,,,,,
2023-02-01,MOCK_AWS_02,0.0,23.3,9.8,63.0,10.0
2023-02-02,MOCK_AWS_02,0.0,22.7,8.9,63.0,8.2
2023-02-03,MOCK_AWS_02,0.0,22.8,9.0,71.0,7.3
2023-02-04,MOCK_AWS_02,0.0,22.4,8.8,62.0,5.5
2023-02-05,MOCK_AWS_02,0.0,23.2,9.2,61.0,5.8
2023-02-06,MOCK_AWS_02,0.0,25.1,10.6,57.0,3.9
2023-02-07,MOCK_AWS_02,0.0,23.8,9.4,62.0,3.8
2023-02-08,MOCK_AWS_02,0.0,23.8,8.2,62.0,4.4
2023-02-09,MOCK_AWS_02,0.0,23.7,11.3,56.0,7.1
2023-02-10,MOCK_AWS_02,0.0,24.9,10.6,56.0,4.8
2023-02-11,MOCK_AWS_02,0.0,21.2,7.4,62.0,3.6
2023-02-12,MOCK_AWS_02,0.0,24.1,9.4,66.0,6.8
2023-02-13,MOCK_AWS_02,0.0,24.0,10.3,72.0,10.0
2023-02-14,MOCK_AWS_02,0.0,24.8,9.2,62.0,10.1
2023-02-15,MOCK_AWS_02,0.0,24.5,10.7,58.0,5.9
2023-02-16,MOCK_AWS_02,0.0,27.7,11.2,57.0,5.7
2023-02-17,MOCK_AWS_02,0.0,26.1,10.2,62.0,7.1
2023-02-18,MOCK_AWS_02,0.0,27.2,12.0,55.0,7.5
2023-02-19,MOCK_AWS_02,0.0,27.4,11.4,55.0,12.0
2023-02-20,MOCK_AWS_02,0.0,24.6,9.4,54.0,8.6
2023-02-21,MOCK_AWS_02,0.0,23.7,9.7,53.0,8.6
2023-02-22,MOCK_AWS_02,4.1,23.9,12.1,48.0,7.0
2023-02-23,MOCK_AWS_02,0.0,26.4,10.1,57.0,10.7
2023-02-24,MOCK_AWS_02,0.0,23.5,9.2,62.0,5.8
2023-02-25,MOCK_AWS_02,0.0,26.1,10.8,57.0,9.7
2023-02-26,MOCK_AWS_02,0.0,28.3,13.8,49.0,12.0
2023-02-27,MOCK_AWS_02,1.2,28.6,13.2,48.0,9.2
2023-02-28,MOCK_AWS_02,0.0,27.3,12.9,62.0,8.0
2023-03-01,MOCK_AWS_02,0.0,28.7,14.2,67.0,7.7
2023-03-02,MOCK_AWS_02,0.0,26.8,11.1,56.0,9.6
2023-03-03,MOCK_AWS_02,0.0,24.8,9.4,60.0,9.3
2023-03-04,MOCK_AWS_02,3.1,22.8,9.8,46.0,16.2
2023-03-05,MOCK_AWS_02,0.0,25.6,11.6,56.0,12.6
2023-03-06,MOCK_AWS_02,0.0,26.8,13.1,60.0,7.1
2023-03-07,MOCK_AWS_02,0.0,23.1,9.6,53.0,9.1
2023-03-08,MOCK_AWS_02,0.0,25.6,8.9,57.0,5.6
2023-03-09,MOCK_AWS_02,0.0,21.2,8.5,59.0,10.3
2023-03-10,MOCK_AWS_02,0.0,25.1,10.3,54.0,8.9
2023-03-11,MOCK_AWS_02,0.0,22.3,8.5,49.0,8.6
2023-03-12,MOCK_AWS_02,0.0,26.3,11.3,52.0,9.5
2023-03-13,MOCK_AWS_02,0.0,28.6,12.7,44.0,12.5
2023-03-14,MOCK_AWS_02,0.0,29.7,13.8,56.0,8.2
2023-03-15,MOCK_AWS_02,0.0,29.6,14.1,53.0,8.5
2023-03-16,MOCK_AWS_02,0.0,33.3,16.0,50.0,6.0
2023-03-17,MOCK_AWS_02,,,,,
2023-03-18,MOCK_AWS_02,14.1,25.1,14.2,41.0,8.9
2023-03-19,MOCK_AWS_02,0.0,27.3,11.4,53.0,6.1
2023-03-20,MOCK_AWS_02,18.7,25.8,14.1,36.0,10.2
2023-03-21,MOCK_AWS_02,0.0,30.2,13.0,56.0,5.3
2023-03-22,MOCK_AWS_02,0.0,31.0,13.7,50.0,5.5
2023-03-23,MOCK_AWS_02,0.0,30.3,15.4,53.0,6.6
2023-03-24,MOCK_AWS_02,0.0,34.2,17.5,52.0,6.3
2023-03-25,MOCK_AWS_02,0.0,35.7,17.2,54.0,4.8
2023-03-26,MOCK_AWS_02,0.0,36.3,19.3,49.0,8.3
2023-03-27,MOCK_AWS_02,0.0,35.2,17.3,48.0,3.8
2023-03-28,MOCK_AWS_02,0.0,33.0,17.0,48.0,10.3
2023-03-29,MOCK_AWS_02,0.0,34.8,17.4,54.0,10.7
2023-03-30,MOCK_AWS_02,0.0,29.7,15.7,43.0,8.8
2023-03-31,MOCK_AWS_02,0.0,34.3,17.7,44.0,8.8
2023-04-01,MOCK_AWS_02,0.0,31.4,17.6,48.0,8.2
2023-04-02,MOCK_AWS_02,0.0,34.3,18.0,46.0,10.6
2023-04-03,MOCK_AWS_02,0.3,33.3,17.5,46.0,9.6
2023-04-04,MOCK_AWS_02,0.0,31.6,15.7,38.0,8.8
2023-04-05,MOCK_AWS_02,0.0,34.2,16.8,48.0,11.1
2023-04-06,MOCK_AWS_02,0.0,35.5,18.7,42.0,11.7
2023-04-07,MOCK_AWS_02,0.0,33.4,17.2,48.0,10.0
2023-04-08,MOCK_AWS_02,0.0,34.9,19.6,44.0,10.9
2023-04-09,MOCK_AWS_02,0.0,37.5,19.5,42.0,9.0
2023-04-10,MOCK_AWS_02,0.0,35.1,18.9,40.0,3.2
2023-04-11,MOCK_AWS_02,0.0,36.1,19.1,41.0,10.2
2023-04-12,MOCK_AWS_02,0.0,37.3,19.9,40.0,13.3
2023-04-13,MOCK_AWS_02,0.0,35.2,18.8,42.0,8.0
2023-04-14,MOCK_AWS_02,6.6,33.3,20.6,35.0,10.6
2023-04-15,MOCK_AWS_02,0.0,36.2,19.0,36.0,6.9
2023-04-16,MOCK_AWS_02,0.0,35.1,19.6,32.0,10.7
2023-04-17,MOCK_AWS_02,0.0,33.6,17.4,43.0,8.9
2023-04-18,MOCK_AWS_02,0.0,35.0,18.6,40.0,8.0
2023-04-19,MOCK_AWS_02,3.2,33.1,19.1,30.0,8.8
2023-04-20,MOCK_AWS_02,0.0,36.3,20.9,38.0,9.5
2023-04-21,MOCK_AWS_02,0.0,36.1,21.3,41.0,6.7
2023-04-22,MOCK_AWS_02,0.0,37.1,21.1,36.0,15.7
2023-04-23,MOCK_AWS_02,0.0,39.0,23.0,41.0,12.4
2023-04-24,MOCK_AWS_02,0.0,37.8,21.8,42.0,9.9
2023-04-25,MOCK_AWS_02,0.0,37.8,20.4,43.0,8.2
2023-04-26,MOCK_AWS_02,0.0,37.5,21.8,39.0,15.5
2023-04-27,MOCK_AWS_02,0.0,39.4,23.3,39.0,11.5
2023-04-28,MOCK_AWS_02,0.0,39.9,23.5,36.0,17.8
2023-04-29,MOCK_AWS_02,0.0,38.6,22.9,39.0,8.7
2023-04-30,MOCK_AWS_02,0.0,42.2,25.7,40.0,9.6
2023-05-01,MOCK_AWS_02,11.1,37.0,23.6,26.0,8.9
2023-05-02,MOCK_AWS_02,0.0,38.8,23.4,42.0,10.5
2023-05-03,MOCK_AWS_02,,,,,
2023-05-04,MOCK_AWS_02,0.0,40.5,24.4,38.0,14.1
2023-05-05,MOCK_AWS_02,0.0,42.0,26.5,41.0,16.0
2023-05-06,MOCK_AWS_02,0.0,43.4,26.6,36.0,20.0
2023-05-07,MOCK_AWS_02,0.0,45.9,28.3,44.0,18.9
2023-05-08,MOCK_AWS_02,0.0,40.9,26.7,43.0,24.5
2023-05-09,MOCK_AWS_02,0.0,44.1,28.0,36.0,28.9
2023-05-10,MOCK_AWS_02,0.0,42.8,26.7,43.0,21.5
2023-05-11,MOCK_AWS_02,0.0,41.4,25.1,36.0,18.4
2023-05-12,MOCK_AWS_02,0.0,43.3,26.4,43.0,15.6
2023-05-13,MOCK_AWS_02,0.0,43.0,25.7,40.0,8.7
2023-05-14,MOCK_AWS_02,0.0,40.0,23.7,34.0,12.5
2023-05-15,MOCK_AWS_02,0.0,44.0,27.3,39.0,9.1
2023-05-16,MOCK_AWS_02,0.0,44.0,27.5,40.0,8.5
2023-05-17,MOCK_AWS_02,0.0,43.1,28.4,42.0,10.4
2023-05-18,MOCK_AWS_02,0.0,39.6,25.1,45.0,8.4
2023-05-19,MOCK_AWS_02,0.0,43.4,27.2,38.0,17.0
2023-05-20,MOCK_AWS_02,0.0,40.1,25.0,41.0,17.0
2023-05-21,MOCK_AWS_02,0.0,42.9,27.5,42.0,18.7
2023-05-22,MOCK_AWS_02,0.0,41.5,26.0,44.0,15.5
2023-05-23,MOCK_AWS_02,0.0,39.2,24.2,43.0,10.7
2023-05-24,MOCK_AWS_02,0.0,42.3,26.3,40.0,12.2
2023-05-25,MOCK_AWS_02,0.0,36.9,24.4,41.0,14.9
2023-05-26,MOCK_AWS_02,1.6,39.0,25.5,33.0,13.6
2023-05-27,MOCK_AWS_02,0.0,39.1,25.2,45.0,14.6
2023-05-28,MOCK_AWS_02,13.9,40.9,26.7,35.0,7.8
2023-05-29,MOCK_AWS_02,0.0,39.7,26.5,39.0,14.0
2023-05-30,MOCK_AWS_02,0.0,41.5,26.4,49.0,8.8
2023-05-31,MOCK_AWS_02,0.0,36.7,24.1,44.0,10.1
2023-06-01,MOCK_AWS_02,0.0,39.0,25.6,52.0,16.2
2023-06-02,MOCK_AWS_02,0.0,43.4,27.5,50.0,10.5
2023-06-03,MOCK_AWS_02,0.0,44.3,30.4,52.0,13.2
2023-06-04,MOCK_AWS_02,0.0,46.6,32.0,53.0,14.8
2023-06-05,MOCK_AWS_02,0.0,48.2,33.2,50.0,22.1
2023-06-06,MOCK_AWS_02,0.0,45.7,31.0,46.0,15.0
2023-06-07,MOCK_AWS_02,0.0,45.5,30.1,48.0,7.2
2023-06-08,MOCK_AWS_02,0.0,41.4,28.1,46.0,7.1
2023-06-09,MOCK_AWS_02,0.0,39.2,26.8,53.0,9.3
2023-06-10,MOCK_AWS_02,,,,,
2023-06-11,MOCK_AWS_02,0.9,41.8,27.5,50.0,12.4
2023-06-12,MOCK_AWS_02,0.0,41.5,29.1,51.0,10.0
2023-06-13,MOCK_AWS_02,0.0,42.8,29.4,52.0,17.2
2023-06-14,MOCK_AWS_02,0.0,39.4,28.0,55.0,12.6
2023-06-15,MOCK_AWS_02,0.0,40.4,26.7,44.0,16.3
2023-06-16,MOCK_AWS_02,0.0,41.9,28.6,57.0,11.8
2023-06-17,MOCK_AWS_02,0.0,38.8,27.2,52.0,18.0
2023-06-18,MOCK_AWS_02,0.0,37.8,26.0,49.0,11.1
2023-06-19,MOCK_AWS_02,0.0,40.8,27.6,51.0,13.2
2023-06-20,MOCK_AWS_02,,,,,
2023-06-21,MOCK_AWS_02,0.0,38.3,27.8,53.0,16.0
2023-06-22,MOCK_AWS_02,0.0,36.9,25.9,55.0,15.7
2023-06-23,MOCK_AWS_02,0.0,36.3,24.8,59.0,9.4
2023-06-24,MOCK_AWS_02,0.0,40.1,29.2,56.0,8.3
2023-06-25,MOCK_AWS_02,0.0,38.7,28.2,51.0,15.2
2023-06-26,MOCK_AWS_02,0.0,39.9,29.4,61.0,8.9
2023-06-27,MOCK_AWS_02,1.3,38.9,28.4,50.0,9.2
2023-06-28,MOCK_AWS_02,0.0,38.7,27.0,57.0,13.6
2023-06-29,MOCK_AWS_02,0.0,39.2,27.8,65.0,14.2
2023-06-30,MOCK_AWS_02,0.0,33.7,25.1,63.0,9.2
2023-07-01,MOCK_AWS_02,0.0,37.8,27.5,55.0,11.2
2023-07-02,MOCK_AWS_02,0.0,36.6,27.0,58.0,15.4
2023-07-03,MOCK_AWS_02,15.3,28.9,25.6,53.0,16.2
2023-07-04,MOCK_AWS_02,0.0,35.1,25.0,62.0,12.8
2023-07-05,MOCK_AWS_02,0.0,32.4,24.3,74.0,9.2
2023-07-06,MOCK_AWS_02,0.0,32.2,24.6,74.0,7.7
2023-07-07,MOCK_AWS_02,0.0,34.4,25.8,64.0,6.3
2023-07-08,MOCK_AWS_02,0.0,34.3,25.1,65.0,7.0
2023-07-09,MOCK_AWS_02,0.0,32.8,26.0,68.0,13.7
2023-07-10,MOCK_AWS_02,0.0,36.8,27.3,71.0,14.2
2023-07-11,MOCK_AWS_02,0.0,36.5,27.6,75.0,17.3
2023-07-12,MOCK_AWS_02,0.0,38.0,27.2,76.0,9.0
2023-07-13,MOCK_AWS_02,0.0,33.5,25.6,65.0,10.1
2023-07-14,MOCK_AWS_02,0.0,35.3,26.6,73.0,10.9
2023-07-15,MOCK_AWS_02,0.0,34.2,25.4,74.0,12.1
2023-07-16,MOCK_AWS_02,0.0,35.8,25.6,71.0,14.6
2023-07-17,MOCK_AWS_02,0.0,32.2,24.5,78.0,11.0
2023-07-18,MOCK_AWS_02,0.0,33.6,24.7,74.0,10.4
2023-07-19,MOCK_AWS_02,0.0,34.9,25.6,71.0,14.0
2023-07-20,MOCK_AWS_02,0.0,36.5,26.1,69.0,5.9
2023-07-21,MOCK_AWS_02,,,,,
2023-07-22,MOCK_AWS_02,,,,,
2023-07-23,MOCK_AWS_02,11.0,30.7,25.7,64.0,7.3
2023-07-24,MOCK_AWS_02,0.0,34.1,25.6,72.0,7.4
2023-07-25,MOCK_AWS_02,1.8,36.2,29.0,60.0,10.6
2023-07-26,MOCK_AWS_02,0.0,36.6,27.2,80.0,6.6
2023-07-27,MOCK_AWS_02,0.0,39.0,27.7,81.0,10.0
2023-07-28,MOCK_AWS_02,0.0,36.0,27.2,78.0,8.5
2023-07-29,MOCK_AWS_02,0.0,33.5,26.4,81.0,8.5
2023-07-30,MOCK_AWS_02,0.0,31.4,25.3,78.0,11.4
2023-07-31,MOCK_AWS_02,0.0,32.8,25.4,77.0,11.3
2023-08-01,MOCK_AWS_02,0.0,30.2,24.1,75.0,9.6
2023-08-02,MOCK_AWS_02,0.0,29.3,24.0,61.0,8.8
2023-08-03,MOCK_AWS_02,0.3,32.6,26.5,83.0,10.7
2023-08-04,MOCK_AWS_02,0.0,34.9,26.4,83.0,13.8
2023-08-05,MOCK_AWS_02,115.2,24.7,23.4,61.0,6.6
2023-08-06,MOCK_AWS_02,0.0,30.7,23.3,81.0,10.4
2023-08-07,MOCK_AWS_02,0.0,35.6,26.3,75.0,9.2
2023-08-08,MOCK_AWS_02,0.0,34.8,25.6,76.0,9.9
2023-08-09,MOCK_AWS_02,0.0,33.4,25.5,71.0,8.3
2023-08-10,MOCK_AWS_02,0.0,33.1,24.3,75.0,5.3
2023-08-11,MOCK_AWS_02,0.0,33.3,25.8,84.0,5.6
2023-08-12,MOCK_AWS_02,0.0,32.9,24.7,77.0,5.6
2023-08-13,MOCK_AWS_02,0.0,31.0,23.7,70.0,7.0
2023-08-14,MOCK_AWS_02,0.0,32.7,24.7,84.0,7.1
2023-08-15,MOCK_AWS_02,10.3,30.9,25.7,64.0,7.5
2023-08-16,MOCK_AWS_02,34.6,26.1,24.5,62.0,6.8
2023-08-17,MOCK_AWS_02,0.0,32.8,24.8,84.0,5.8
2023-08-18,MOCK_AWS_02,0.0,33.2,24.7,70.0,4.9
2023-08-19,MOCK_AWS_02,0.0,31.3,23.2,76.0,6.0
2023-08-20,MOCK_AWS_02,0.0,30.5,23.4,76.0,8.1
2023-08-21,MOCK_AWS_02,0.0,26.4,24.3,65.0,8.3
2023-08-22,MOCK_AWS_02,0.0,32.6,25.0,79.0,7.2
2023-08-23,MOCK_AWS_02,0.0,35.7,25.1,80.0,10.5
2023-08-24,MOCK_AWS_02,0.0,34.9,26.5,76.0,11.3
2023-08-25,MOCK_AWS_02,0.0,32.3,24.6,77.0,6.3
2023-08-26,MOCK_AWS_02,0.0,34.5,26.0,88.0,6.3
2023-08-27,MOCK_AWS_02,0.0,32.8,24.4,81.0,5.1
2023-08-28,MOCK_AWS_02,0.0,31.6,23.1,76.0,6.5
2023-08-29,MOCK_AWS_02,0.0,35.1,26.1,75.0,4.8
2023-08-30,MOCK_AWS_02,0.0,35.6,27.0,73.0,4.9
2023-08-31,MOCK_AWS_02,,,,,
2023-09-01,MOCK_AWS_02,0.0,34.1,23.7,76.0,3.0
2023-09-02,MOCK_AWS_02,0.0,35.5,25.8,80.0,11.5
2023-09-03,MOCK_AWS_02,,,,,
2023-09-04,MOCK_AWS_02,35.1,32.7,28.0,62.0,17.0
2023-09-05,MOCK_AWS_02,0.0,38.2,28.6,76.0,12.3
2023-09-06,MOCK_AWS_02,0.0,38.2,27.7,86.0,13.5
2023-09-07,MOCK_AWS_02,3.0,32.5,25.0,60.0,14.9
2023-09-08,MOCK_AWS_02,20.0,29.0,24.7,63.0,11.9
2023-09-09,MOCK_AWS_02,0.0,35.6,23.8,76.0,12.0
2023-09-10,MOCK_AWS_02,0.0,33.1,23.6,76.0,10.3
2023-09-11,MOCK_AWS_02,0.0,32.4,23.3,76.0,9.7
2023-09-12,MOCK_AWS_02,0.0,31.8,23.7,74.0,10.1
2023-09-13,MOCK_AWS_02,0.0,30.4,21.3,73.0,9.2
2023-09-14,MOCK_AWS_02,0.0,29.2,19.4,72.0,10.9
2023-09-15,MOCK_AWS_02,0.0,31.8,20.7,71.0,9.4
2023-09-16,MOCK_AWS_02,0.0,32.3,21.9,67.0,5.2
2023-09-17,MOCK_AWS_02,3.2,31.7,23.5,56.0,9.4
2023-09-18,MOCK_AWS_02,,,,,
2023-09-19,MOCK_AWS_02,0.0,37.1,26.3,71.0,8.0
2023-09-20,MOCK_AWS_02,0.0,37.7,24.8,69.0,4.0
2023-09-21,MOCK_AWS_02,0.0,38.6,25.0,65.0,8.4
2023-09-22,MOCK_AWS_02,0.0,31.5,23.5,74.0,6.1
2023-09-23,MOCK_AWS_02,0.0,30.5,18.3,65.0,5.4
2023-09-24,MOCK_AWS_02,0.0,32.8,21.0,71.0,5.3
2023-09-25,MOCK_AWS_02,,,,,
2023-09-26,MOCK_AWS_02,0.0,26.8,18.4,53.0,8.4
2023-09-27,MOCK_AWS_02,0.0,29.8,16.8,64.0,6.2
2023-09-28,MOCK_AWS_02,0.0,31.8,19.5,70.0,4.6
2023-09-29,MOCK_AWS_02,0.0,32.5,20.3,62.0,11.4
2023-09-30,MOCK_AWS_02,0.9,32.4,19.5,66.0,6.8
2023-10-01,MOCK_AWS_02,0.0,31.6,18.9,68.0,4.8
2023-10-02,MOCK_AWS_02,0.0,31.1,18.4,76.0,4.0
2023-10-03,MOCK_AWS_02,0.0,31.5,18.5,60.0,4.3
2023-10-04,MOCK_AWS_02,0.0,32.7,18.1,59.0,4.4
2023-10-05,MOCK_AWS_02,,,,,
2023-10-06,MOCK_AWS_02,0.0,27.6,15.7,63.0,5.4
2023-10-07,MOCK_AWS_02,0.0,28.6,16.2,65.0,3.5
2023-10-08,MOCK_AWS_02,0.0,33.8,19.0,61.0,4.2
2023-10-09,MOCK_AWS_02,0.0,31.3,16.7,62.0,8.2
2023-10-10,MOCK_AWS_02,0.0,31.8,17.3,66.0,4.6
2023-10-11,MOCK_AWS_02,0.0,32.9,17.9,57.0,6.0
2023-10-12,MOCK_AWS_02,0.0,32.3,16.9,56.0,4.8
2023-10-13,MOCK_AWS_02,0.0,31.1,15.8,61.0,3.7
2023-10-14,MOCK_AWS_02,0.0,32.0,16.6,54.0,5.5
2023-10-15,MOCK_AWS_02,0.0,32.5,17.4,56.0,4.0
2023-10-16,MOCK_AWS_02,0.0,31.7,17.4,56.0,6.3
2023-10-17,MOCK_AWS_02,0.0,33.9,17.2,53.0,6.2
2023-10-18,MOCK_AWS_02,0.0,33.7,16.6,62.0,2.3
2023-10-19,MOCK_AWS_02,0.0,30.4,15.2,59.0,3.4
2023-10-20,MOCK_AWS_02,0.0,34.1,18.4,60.0,2.3
2023-10-21,MOCK_AWS_02,0.0,34.8,18.6,60.0,2.4
2023-10-22,MOCK_AWS_02,0.0,31.7,16.1,55.0,11.0
2023-10-23,MOCK_AWS_02,0.0,33.1,18.1,59.0,5.8
2023-10-24,MOCK_AWS_02,0.0,30.5,15.1,60.0,6.9
2023-10-25,MOCK_AWS_02,0.0,30.9,14.9,56.0,1.7
2023-10-26,MOCK_AWS_02,0.0,27.3,13.3,56.0,3.8
2023-10-27,MOCK_AWS_02,0.0,26.7,10.5,55.0,3.7
2023-10-28,MOCK_AWS_02,0.0,26.0,11.6,55.0,4.2
2023-10-29,MOCK_AWS_02,0.0,24.3,10.1,54.0,5.8
2023-10-30,MOCK_AWS_02,0.0,28.8,13.4,62.0,5.3
2023-10-31,MOCK_AWS_02,0.0,29.0,13.0,62.0,4.1
2023-11-01,MOCK_AWS_02,0.0,28.3,11.8,58.0,4.0
2023-11-02,MOCK_AWS_02,0.0,28.2,13.0,59.0,4.6
2023-11-03,MOCK_AWS_02,0.0,31.1,13.4,56.0,2.9
2023-11-04,MOCK_AWS_02,0.0,28.5,13.3,65.0,6.9
2023-11-05,MOCK_AWS_02,0.0,30.4,14.8,56.0,6.7
2023-11-06,MOCK_AWS_02,0.0,32.4,15.0,58.0,5.1
2023-11-07,MOCK_AWS_02,0.0,31.6,14.0,59.0,7.2
2023-11-08,MOCK_AWS_02,0.0,30.9,14.1,58.0,9.2
2023-11-09,MOCK_AWS_02,0.0,31.7,15.3,61.0,7.4
2023-11-10,MOCK_AWS_02,0.0,30.6,14.1,55.0,9.2
2023-11-11,MOCK_AWS_02,0.0,27.2,12.7,55.0,6.4
2023-11-12,MOCK_AWS_02,0.0,27.5,13.2,56.0,4.7
2023-11-13,MOCK_AWS_02,0.0,27.1,10.2,58.0,4.4
2023-11-14,MOCK_AWS_02,0.0,26.8,9.7,56.0,4.5
2023-11-15,MOCK_AWS_02,0.0,29.5,13.5,61.0,4.8
2023-11-16,MOCK_AWS_02,0.0,27.9,12.1,63.0,6.4
2023-11-17,MOCK_AWS_02,0.0,29.4,12.6,55.0,6.2
2023-11-18,MOCK_AWS_02,0.0,30.6,12.6,65.0,4.1
2023-11-19,MOCK_AWS_02,0.0,31.9,14.3,63.0,6.4
2023-11-20,MOCK_AWS_02,0.0,31.8,13.5,52.0,4.0
2023-11-21,MOCK_AWS_02,0.0,31.4,12.9,65.0,2.2
2023-11-22,MOCK_AWS_02,0.0,29.2,13.2,64.0,5.8
2023-11-23,MOCK_AWS_02,0.0,26.9,11.3,53.0,6.3
2023-11-24,MOCK_AWS_02,0.0,25.8,10.5,59.0,5.0
2023-11-25,MOCK_AWS_02,0.0,26.1,10.4,65.0,4.9
2023-11-26,MOCK_AWS_02,0.0,23.1,9.1,53.0,6.5
2023-11-27,MOCK_AWS_02,0.0,24.0,10.2,70.0,3.9
2023-11-28,MOCK_AWS_02,0.0,25.2,7.7,69.0,8.7
2023-11-29,MOCK_AWS_02,0.0,25.4,9.3,60.0,5.3
2023-11-30,MOCK_AWS_02,0.0,24.4,9.3,61.0,3.0
2023-12-01,MOCK_AWS_02,0.0,25.3,9.0,63.0,3.1
2023-12-02,MOCK_AWS_02,0.0,27.4,10.4,66.0,2.4
2023-12-03,MOCK_AWS_02,0.0,26.2,9.9,64.0,4.3
2023-12-04,MOCK_AWS_02,,,,,
2023-12-05,MOCK_AWS_02,0.0,25.2,11.5,62.0,5.3
2023-12-06,MOCK_AWS_02,0.0,24.5,11.0,71.0,6.9
2023-12-07,MOCK_AWS_02,0.0,24.1,8.4,62.0,10.8
2023-12-08,MOCK_AWS_02,0.0,23.8,9.2,68.0,5.3
2023-12-09,MOCK_AWS_02,0.0,22.4,7.2,60.0,4.1
2023-12-10,MOCK_AWS_02,0.0,22.1,6.6,65.0,7.0
2023-12-11,MOCK_AWS_02,3.7,17.2,5.7,46.0,4.6
2023-12-12,MOCK_AWS_02,0.0,16.4,6.4,62.0,2.9
2023-12-13,MOCK_AWS_02,0.0,17.8,4.9,64.0,2.9
2023-12-14,MOCK_AWS_02,0.0,18.9,7.2,54.0,5.3
2023-12-15,MOCK_AWS_02,0.0,13.6,3.6,68.0,3.0
2023-12-16,MOCK_AWS_02,,,,,
2023-12-17,MOCK_AWS_02,0.0,20.8,7.8,57.0,5.1
2023-12-18,MOCK_AWS_02,0.0,18.7,6.8,72.0,4.5
2023-12-19,MOCK_AWS_02,0.0,24.1,8.2,68.0,7.1
2023-12-20,MOCK_AWS_02,,,,,
2023-12-21,MOCK_AWS_02,0.0,18.8,5.2,57.0,4.7
2023-12-22,MOCK_AWS_02,0.0,19.4,4.3,66.0,5.1
2023-12-23,MOCK_AWS_02,0.0,18.2,4.6,65.0,4.0
2023-12-24,MOCK_AWS_02,0.0,18.0,5.4,61.0,2.6
2023-12-25,MOCK_AWS_02,0.0,20.3,4.7,66.0,2.8
2023-12-26,MOCK_AWS_02,0.0,21.6,8.0,66.0,5.4
2023-12-27,MOCK_AWS_02,0.0,20.1,9.4,70.0,3.9
2023-12-28,MOCK_AWS_02,0.0,25.5,10.7,69.0,5.1
2023-12-29,MOCK_AWS_02,0.0,23.1,9.5,59.0,5.8
2023-12-30,MOCK_AWS_02,0.0,23.9,8.4,68.0,4.0
2023-12-31,MOCK_AWS_02,,,,,
2024-01-01,MOCK_AWS_02,0.0,19.4,6.2,70.0,7.3
2024-01-02,MOCK_AWS_02,0.0,17.4,4.4,63.0,4.6
2024-01-03,MOCK_AWS_02,0.0,20.9,7.6,65.0,6.5
2024-01-04,MOCK_AWS_02,0.0,23.9,9.0,73.0,7.9
2024-01-05,MOCK_AWS_02,0.0,23.9,11.8,62.0,6.1
2024-01-06,MOCK_AWS_02,0.0,26.1,11.4,67.0,8.2
2024-01-07,MOCK_AWS_02,0.0,25.6,9.7,63.0,6.4
2024-01-08,MOCK_AWS_02,0.0,24.3,8.1,75.0,5.4
2024-01-09,MOCK_AWS_02,0.0,23.1,9.2,61.0,5.4
2024-01-10,MOCK_AWS_02,0.0,21.0,10.4,62.0,7.0
2024-01-11,MOCK_AWS_02,0.0,20.9,7.0,69.0,8.3
2024-01-12,MOCK_AWS_02,0.0,21.9,6.6,64.0,5.6
2024-01-13,MOCK_AWS_02,0.0,17.8,5.2,62.0,5.7
2024-01-14,MOCK_AWS_02,0.0,18.6,5.9,60.0,4.7
2024-01-15,MOCK_AWS_02,0.0,20.9,8.0,72.0,4.8
2024-01-16,MOCK_AWS_02,0.0,20.7,7.9,66.0,6.0
2024-01-17,MOCK_AWS_02,0.0,18.6,6.1,62.0,6.8
2024-01-18,MOCK_AWS_02,0.0,19.0,9.3,62.0,3.3
2024-01-19,MOCK_AWS_02,0.0,20.6,9.0,65.0,4.0
2024-01-20,MOCK_AWS_02,0.0,22.8,8.5,60.0,7.6
2024-01-21,MOCK_AWS_02,0.0,22.6,9.7,60.0,4.6
2024-01-22,MOCK_AWS_02,0.0,25.9,10.7,59.0,5.6
2024-01-23,MOCK_AWS_02,0.0,24.6,11.7,59.0,2.9
2024-01-24,MOCK_AWS_02,2.0,18.6,9.8,56.0,2.1
2024-01-25,MOCK_AWS_02,0.0,18.9,6.7,61.0,2.6
2024-01-26,MOCK_AWS_02,0.0,19.1,5.7,62.0,5.2
2024-01-27,MOCK_AWS_02,2.8,18.9,5.8,46.0,7.1
2024-01-28,MOCK_AWS_02,3.3,20.9,8.9,54.0,11.3
2024-01-29,MOCK_AWS_02,0.9,20.7,11.2,59.0,9.4
2024-01-30,MOCK_AWS_02,9.0,20.7,8.8,48.0,9.7
2024-01-31,MOCK_AWS_02,4.9,21.7,11.7,53.0,5.1
2024-02-01,MOCK_AWS_02,0.0,26.6,11.0,68.0,4.3
2024-02-02,MOCK_AWS_02,0.0,26.0,12.6,62.0,5.3
2024-02-03,MOCK_AWS_02,0.0,25.5,10.8,65.0,6.5
2024-02-04,MOCK_AWS_02,0.0,27.1,11.3,67.0,5.7
2024-02-05,MOCK_AWS_02,2.4,23.5,11.1,56.0,4.0
2024-02-06,MOCK_AWS_02,0.0,23.9,10.9,67.0,4.1
2024-02-07,MOCK_AWS_02,0.0,25.8,11.1,64.0,4.3
2024-02-08,MOCK_AWS_02,0.0,28.1,11.6,63.0,4.0
2024-02-09,MOCK_AWS_02,0.0,25.7,10.5,63.0,4.3
2024-02-10,MOCK_AWS_02,4.9,22.8,11.6,46.0,8.2
2024-02-11,MOCK_AWS_02,0.0,23.6,9.3,63.0,6.7
2024-02-12,MOCK_AWS_02,0.0,23.5,8.5,60.0,3.5
2024-02-13,MOCK_AWS_02,0.0,26.2,10.0,67.0,3.4
2024-02-14,MOCK_AWS_02,0.0,24.8,10.5,58.0,4.0
2024-02-15,MOCK_AWS_02,0.0,28.7,10.6,69.0,2.1
2024-02-16,MOCK_AWS_02,0.0,24.3,10.2,70.0,4.3
2024-02-17,MOCK_AWS_02,0.0,25.7,10.8,54.0,9.2
2024-02-18,MOCK_AWS_02,0.0,26.5,11.8,60.0,7.3
2024-02-19,MOCK_AWS_02,0.0,29.0,13.5,71.0,9.5
2024-02-20,MOCK_AWS_02,0.0,23.7,9.0,63.0,11.0
2024-02-21,MOCK_AWS_02,0.0,25.4,11.0,59.0,6.9
2024-02-22,MOCK_AWS_02,0.0,26.4,11.6,49.0,8.3
2024-02-23,MOCK_AWS_02,0.0,27.6,11.3,62.0,6.9
2024-02-24,MOCK_AWS_02,0.0,23.7,9.2,63.0,5.6
2024-02-25,MOCK_AWS_02,0.0,21.6,7.2,59.0,5.4
2024-02-26,MOCK_AWS_02,0.0,24.0,8.4,59.0,5.7
2024-02-27,MOCK_AWS_02,0.0,28.5,12.2,49.0,8.4
2024-02-28,MOCK_AWS_02,0.0,28.5,12.1,65.0,5.9
2024-02-29,MOCK_AWS_02,0.0,30.6,14.7,63.0,4.9
2024-03-01,MOCK_AWS_02,0.0,23.5,10.5,53.0,5.5
2024-03-02,MOCK_AWS_02,0.0,23.8,8.1,52.0,3.2
2024-03-03,MOCK_AWS_02,0.0,22.1,8.6,52.0,6.5
2024-03-04,MOCK_AWS_02,0.0,25.7,10.8,56.0,6.7
2024-03-05,MOCK_AWS_02,0.0,27.3,12.1,62.0,9.7
2024-03-06,MOCK_AWS_02,0.0,26.7,12.0,58.0,8.8
2024-03-07,MOCK_AWS_02,0.0,29.3,14.4,56.0,10.0
2024-03-08,MOCK_AWS_02,0.0,28.3,13.4,55.0,18.4
2024-03-09,MOCK_AWS_02,0.0,31.2,15.8,54.0,9.7
2024-03-10,MOCK_AWS_02,0.0,34.1,16.6,59.0,11.7
2024-03-11,MOCK_AWS_02,0.0,30.0,14.4,54.0,10.1
2024-03-12,MOCK_AWS_02,0.0,31.3,15.1,57.0,10.9
2024-03-13,MOCK_AWS_02,2.0,30.2,15.7,46.0,6.1
2024-03-14,MOCK_AWS_02,0.0,29.3,14.6,54.0,9.8
2024-03-15,MOCK_AWS_02,0.0,27.4,10.9,50.0,10.0
2024-03-16,MOCK_AWS_02,11.6,24.5,13.4,44.0,8.8
2024-03-17,MOCK_AWS_02,0.0,29.3,14.0,46.0,15.9
2024-03-18,MOCK_AWS_02,0.0,31.4,15.8,52.0,7.9
2024-03-19,MOCK_AWS_02,0.0,33.7,17.0,55.0,7.0
2024-03-20,MOCK_AWS_02,0.0,33.5,17.7,53.0,6.8
2024-03-21,MOCK_AWS_02,0.0,32.4,18.2,53.0,8.9
2024-03-22,MOCK_AWS_02,0.0,37.1,19.0,53.0,9.7
2024-03-23,MOCK_AWS_02,0.0,36.2,19.1,52.0,9.7
2024-03-24,MOCK_AWS_02,0.0,34.0,17.2,50.0,6.8
2024-03-25,MOCK_AWS_02,0.0,35.5,18.5,46.0,14.4
2024-03-26,MOCK_AWS_02,0.0,33.4,16.2,44.0,9.1
2024-03-27,MOCK_AWS_02,0.0,33.3,15.9,50.0,9.7
2024-03-28,MOCK_AWS_02,0.0,30.9,15.0,47.0,8.6
2024-03-29,MOCK_AWS_02,0.0,33.0,16.5,48.0,12.2
2024-03-30,MOCK_AWS_02,0.0,35.5,18.1,45.0,7.6
2024-03-31,MOCK_AWS_02,0.0,35.5,19.8,42.0,8.5
2024-04-01,MOCK_AWS_02,0.0,37.4,19.7,48.0,10.7
2024-04-02,MOCK_AWS_02,0.0,36.8,20.8,49.0,8.0
2024-04-03,MOCK_AWS_02,7.2,35.8,20.8,29.0,9.6
2024-04-04,MOCK_AWS_02,0.0,36.7,19.5,41.0,11.2
2024-04-05,MOCK_AWS_02,,,,,
2024-04-06,MOCK_AWS_02,0.0,35.7,19.1,44.0,10.3
2024-04-07,MOCK_AWS_02,0.0,36.7,19.3,41.0,8.8
2024-04-08,MOCK_AWS_02,0.0,34.4,17.6,46.0,14.0
2024-04-09,MOCK_AWS_02,0.0,35.2,19.0,43.0,4.7
2024-04-10,MOCK_AWS_02,0.0,31.7,16.5,43.0,6.4
2024-04-11,MOCK_AWS_02,0.0,35.3,18.5,40.0,8.8
2024-04-12,MOCK_AWS_02,0.0,34.8,17.5,51.0,6.5
2024-04-13,MOCK_AWS_02,0.0,31.3,15.9,38.0,7.5
2024-04-14,MOCK_AWS_02,0.0,36.2,19.3,37.0,13.3
2024-04-15,MOCK_AWS_02,0.0,35.6,19.5,37.0,10.3
2024-04-16,MOCK_AWS_02,0.0,36.7,21.5,39.0,8.1
2024-04-17,MOCK_AWS_02,0.0,40.2,22.9,45.0,17.7
2024-04-18,MOCK_AWS_02,0.0,41.2,23.2,39.0,13.2
2024-04-19,MOCK_AWS_02,0.0,43.8,25.6,39.0,12.3
2024-04-20,MOCK_AWS_02,,,,,
2024-04-21,MOCK_AWS_02,0.0,45.2,27.9,49.0,12.3
2024-04-22,MOCK_AWS_02,1.4,41.2,26.2,35.0,14.9
2024-04-23,MOCK_AWS_02,0.0,39.4,23.3,47.0,14.0
2024-04-24,MOCK_AWS_02,0.0,37.1,20.8,44.0,13.4
2024-04-25,MOCK_AWS_02,0.0,38.0,23.1,38.0,14.7
2024-04-26,MOCK_AWS_02,0.0,37.4,21.3,36.0,9.2
2024-04-27,MOCK_AWS_02,0.0,38.7,21.6,36.0,7.4
2024-04-28,MOCK_AWS_02,0.0,38.9,23.5,40.0,7.1
2024-04-29,MOCK_AWS_02,0.0,39.6,22.1,37.0,8.6
2024-04-30,MOCK_AWS_02,0.0,35.2,21.6,43.0,7.2
2024-05-01,MOCK_AWS_02,0.0,35.4,20.8,37.0,4.9
2024-05-02,MOCK_AWS_02,0.0,34.8,20.0,39.0,5.5
2024-05-03,MOCK_AWS_02,0.0,38.2,22.1,33.0,8.1
2024-05-04,MOCK_AWS_02,,,,,
2024-05-05,MOCK_AWS_02,0.0,41.9,24.5,40.0,10.1
2024-05-06,MOCK_AWS_02,0.0,41.8,25.3,44.0,9.5
2024-05-07,MOCK_AWS_02,,,,,
2024-05-08,MOCK_AWS_02,0.0,41.4,24.2,42.0,14.9
2024-05-09,MOCK_AWS_02,0.0,42.1,25.1,36.0,16.9
2024-05-10,MOCK_AWS_02,0.0,39.8,24.6,41.0,15.7
2024-05-11,MOCK_AWS_02,0.0,40.2,25.8,41.0,16.6
2024-05-12,MOCK_AWS_02,2.6,41.7,27.7,38.0,23.1
2024-05-13,MOCK_AWS_02,0.0,45.1,28.3,44.0,17.9
2024-05-14,MOCK_AWS_02,0.0,44.7,28.2,42.0,17.0
2024-05-15,MOCK_AWS_02,0.0,42.4,26.1,40.0,15.2
2024-05-16,MOCK_AWS_02,0.0,40.9,25.7,35.0,20.2
2024-05-17,MOCK_AWS_02,0.0,39.8,23.9,37.0,14.0
2024-05-18,MOCK_AWS_02,0.0,39.9,24.3,39.0,17.1
2024-05-19,MOCK_AWS_02,,,,,
2024-05-20,MOCK_AWS_02,0.0,45.0,28.3,38.0,20.5
2024-05-21,MOCK_AWS_02,0.0,43.9,28.6,39.0,10.8
2024-05-22,MOCK_AWS_02,0.0,41.4,25.9,39.0,11.8
2024-05-23,MOCK_AWS_02,0.0,40.4,24.6,40.0,17.4
2024-05-24,MOCK_AWS_02,0.0,40.6,25.7,42.0,12.2
2024-05-25,MOCK_AWS_02,0.0,40.0,25.6,41.0,12.0
2024-05-26,MOCK_AWS_02,0.0,38.4,23.6,43.0,16.8
2024-05-27,MOCK_AWS_02,0.0,40.1,25.0,43.0,9.0
2024-05-28,MOCK_AWS_02,0.0,42.6,27.1,46.0,9.4
2024-05-29,MOCK_AWS_02,0.0,41.4,26.9,46.0,10.0
2024-05-30,MOCK_AWS_02,,,,,
2024-05-31,MOCK_AWS_02,0.0,42.1,26.1,50.0,15.4
2024-06-01,MOCK_AWS_02,0.0,43.5,29.0,44.0,10.6
2024-06-02,MOCK_AWS_02,0.0,43.7,30.6,51.0,12.3
2024-06-03,MOCK_AWS_02,0.0,41.9,28.0,49.0,8.2
2024-06-04,MOCK_AWS_02,0.0,42.9,29.1,50.0,10.3
2024-06-05,MOCK_AWS_02,0.0,41.3,28.0,51.0,16.9
2024-06-06,MOCK_AWS_02,0.0,40.0,27.7,43.0,13.6
2024-06-07,MOCK_AWS_02,0.0,36.6,25.1,47.0,7.9
2024-06-08,MOCK_AWS_02,0.0,36.6,25.6,39.0,12.2
2024-06-09,MOCK_AWS_02,0.0,40.1,26.8,46.0,19.4
2024-06-10,MOCK_AWS_02,0.0,39.0,26.0,48.0,14.5
2024-06-11,MOCK_AWS_02,0.0,38.3,25.4,55.0,12.1
2024-06-12,MOCK_AWS_02,0.0,36.9,24.7,47.0,9.1
2024-06-13,MOCK_AWS_02,0.0,39.5,26.2,49.0,9.9
2024-06-14,MOCK_AWS_02,0.0,37.9,26.3,51.0,12.9
2024-06-15,MOCK_AWS_02,0.0,39.3,26.5,48.0,11.6
2024-06-16,MOCK_AWS_02,0.0,38.3,26.1,51.0,18.5
2024-06-17,MOCK_AWS_02,0.0,38.4,27.1,53.0,15.9
2024-06-18,MOCK_AWS_02,0.0,38.1,25.8,59.0,10.3
2024-06-19,MOCK_AWS_02,0.0,36.6,26.0,57.0,21.7
2024-06-20,MOCK_AWS_02,,,,,
2024-06-21,MOCK_AWS_02,24.7,34.2,28.7,41.0,16.0
2024-06-22,MOCK_AWS_02,0.0,37.7,25.5,55.0,11.4
2024-06-23,MOCK_AWS_02,,,,,
2024-06-24,MOCK_AWS_02,0.0,38.7,26.3,60.0,11.9
2024-06-25,MOCK_AWS_02,7.0,34.7,26.4,49.0,9.4
2024-06-26,MOCK_AWS_02,0.0,37.8,27.7,59.0,13.6
2024-06-27,MOCK_AWS_02,0.0,41.8,31.1,64.0,13.7
2024-06-28,MOCK_AWS_02,2.0,37.7,29.2,47.0,9.1
2024-06-29,MOCK_AWS_02,9.3,33.1,27.2,46.0,7.7
2024-06-30,MOCK_AWS_02,0.0,36.8,26.8,57.0,9.5
2024-07-01,MOCK_AWS_02,0.0,39.5,28.1,67.0,10.5
2024-07-02,MOCK_AWS_02,0.0,34.7,23.8,74.0,11.1
2024-07-03,MOCK_AWS_02,0.0,34.9,24.3,64.0,9.4
2024-07-04,MOCK_AWS_02,40.3,26.9,24.8,57.0,9.4
2024-07-05,MOCK_AWS_02,0.2,30.7,22.9,63.0,8.4
2024-07-06,MOCK_AWS_02,0.0,31.3,23.6,63.0,8.7
2024-07-07,MOCK_AWS_02,0.0,36.2,24.6,71.0,4.2
2024-07-08,MOCK_AWS_02,0.0,33.4,24.0,76.0,4.4
2024-07-09,MOCK_AWS_02,,,,,
2024-07-10,MOCK_AWS_02,0.0,33.3,24.2,73.0,7.8
2024-07-11,MOCK_AWS_02,0.0,30.1,23.0,72.0,4.6
2024-07-12,MOCK_AWS_02,0.0,33.8,25.9,67.0,5.9
2024-07-13,MOCK_AWS_02,0.0,32.8,24.8,80.0,8.1
2024-07-14,MOCK_AWS_02,0.0,34.1,25.5,79.0,8.3
2024-07-15,MOCK_AWS_02,0.0,32.5,23.4,70.0,12.0
2024-07-16,MOCK_AWS_02,0.0,36.3,25.9,77.0,9.2
2024-07-17,MOCK_AWS_02,,,,,
2024-07-18,MOCK_AWS_02,0.0,30.7,23.1,78.0,7.4
2024-07-19,MOCK_AWS_02,0.0,30.0,22.4,78.0,9.3
2024-07-20,MOCK_AWS_02,,,,,
2024-07-21,MOCK_AWS_02,0.0,31.7,23.9,85.0,5.3
2024-07-22,MOCK_AWS_02,,,,,
2024-07-23,MOCK_AWS_02,0.0,32.7,23.7,85.0,9.3
2024-07-24,MOCK_AWS_02,0.0,32.5,23.9,68.0,7.7
2024-07-25,MOCK_AWS_02,0.0,33.4,25.8,82.0,5.0
2024-07-26,MOCK_AWS_02,0.0,32.0,24.1,74.0,7.2
2024-07-27,MOCK_AWS_02,0.0,35.9,27.8,66.0,7.0
2024-07-28,MOCK_AWS_02,0.0,36.9,29.0,85.0,11.4
2024-07-29,MOCK_AWS_02,0.0,37.0,28.0,83.0,4.8
2024-07-30,MOCK_AWS_02,1.9,37.0,28.4,66.0,7.1
2024-07-31,MOCK_AWS_02,0.0,37.6,28.5,70.0,7.1
2024-08-01,MOCK_AWS_02,29.8,30.8,28.4,63.0,6.9
2024-08-02,MOCK_AWS_02,0.0,37.8,28.7,79.0,10.4
2024-08-03,MOCK_AWS_02,0.0,37.3,27.4,79.0,9.1
2024-08-04,MOCK_AWS_02,0.4,37.8,28.9,80.0,7.7
2024-08-05,MOCK_AWS_02,0.0,36.3,28.8,73.0,7.5
2024-08-06,MOCK_AWS_02,0.0,36.9,28.8,79.0,9.5
2024-08-07,MOCK_AWS_02,0.0,39.7,30.8,78.0,9.5
2024-08-08,MOCK_AWS_02,0.0,39.9,30.8,78.0,7.9
2024-08-09,MOCK_AWS_02,0.0,37.1,26.8,78.0,11.0
2024-08-10,MOCK_AWS_02,0.0,34.8,26.4,77.0,10.9
2024-08-11,MOCK_AWS_02,0.0,35.1,26.7,75.0,11.2
2024-08-12,MOCK_AWS_02,34.3,24.7,23.2,65.0,8.0
2024-08-13,MOCK_AWS_02,0.0,35.0,26.5,87.0,11.7
2024-08-14,MOCK_AWS_02,0.0,31.4,26.6,80.0,14.5
2024-08-15,MOCK_AWS_02,0.0,34.4,26.7,83.0,14.8
2024-08-16,MOCK_AWS_02,0.0,32.4,23.9,85.0,10.3
2024-08-17,MOCK_AWS_02,0.0,31.2,24.1,84.0,10.3
2024-08-18,MOCK_AWS_02,0.0,32.8,24.9,74.0,12.3
2024-08-19,MOCK_AWS_02,0.0,33.3,25.0,78.0,13.9
2024-08-20,MOCK_AWS_02,0.0,34.5,26.4,77.0,4.1
2024-08-21,MOCK_AWS_02,0.0,35.2,26.3,79.0,3.6
2024-08-22,MOCK_AWS_02,0.0,35.2,25.8,75.0,3.8
2024-08-23,MOCK_AWS_02,12.5,28.5,25.0,65.0,9.1
2024-08-24,MOCK_AWS_02,0.0,32.7,23.8,82.0,7.8
2024-08-25,MOCK_AWS_02,0.0,35.0,26.2,81.0,10.2
2024-08-26,MOCK_AWS_02,0.0,32.3,23.9,82.0,6.1
2024-08-27,MOCK_AWS_02,0.0,32.1,23.0,82.0,4.8
2024-08-28,MOCK_AWS_02,0.0,31.0,22.8,72.0,6.4
2024-08-29,MOCK_AWS_02,0.0,32.1,22.8,79.0,10.7
2024-08-30,MOCK_AWS_02,0.0,33.7,24.3,74.0,9.3
2024-08-31,MOCK_AWS_02,0.0,34.4,23.9,77.0,7.5
2024-09-01,MOCK_AWS_02,0.0,30.3,21.7,83.0,8.4
2024-09-02,MOCK_AWS_02,0.0,32.4,24.7,76.0,7.7
2024-09-03,MOCK_AWS_02,0.0,31.3,22.7,75.0,4.5
2024-09-04,MOCK_AWS_02,0.0,36.4,26.6,79.0,4.1
2024-09-05,MOCK_AWS_02,0.0,36.1,26.1,84.0,3.2
2024-09-06,MOCK_AWS_02,,,,,
2024-09-07,MOCK_AWS_02,58.1,28.2,22.3,59.0,6.1
2024-09-08,MOCK_AWS_02,9.8,28.0,22.1,65.0,3.6
2024-09-09,MOCK_AWS_02,3.7,33.3,24.4,64.0,5.3
2024-09-10,MOCK_AWS_02,0.0,35.1,23.0,70.0,3.5
2024-09-11,MOCK_AWS_02,0.0,31.7,21.4,71.0,14.2
2024-09-12,MOCK_AWS_02,0.0,30.5,21.6,78.0,6.2
2024-09-13,MOCK_AWS_02,0.0,32.0,20.6,74.0,6.1
2024-09-14,MOCK_AWS_02,0.0,30.9,21.6,72.0,9.1
2024-09-15,MOCK_AWS_02,0.0,29.9,19.7,72.0,14.2
2024-09-16,MOCK_AWS_02,0.0,32.9,23.5,76.0,17.7
2024-09-17,MOCK_AWS_02,0.0,34.4,23.3,78.0,11.8
2024-09-18,MOCK_AWS_02,0.0,36.5,25.3,75.0,9.7
2024-09-19,MOCK_AWS_02,0.0,38.0,25.5,72.0,8.3
2024-09-20,MOCK_AWS_02,0.0,35.7,24.5,70.0,5.6
2024-09-21,MOCK_AWS_02,0.0,35.1,23.0,66.0,10.9
2024-09-22,MOCK_AWS_02,0.0,34.0,22.9,74.0,5.6
2024-09-23,MOCK_AWS_02,8.0,33.3,21.9,54.0,5.0
2024-09-24,MOCK_AWS_02,0.0,35.7,24.6,71.0,5.3
2024-09-25,MOCK_AWS_02,0.0,33.8,21.4,64.0,4.7
2024-09-26,MOCK_AWS_02,0.0,33.4,20.0,71.0,3.1
2024-09-27,MOCK_AWS_02,0.0,31.8,18.2,74.0,7.2
2024-09-28,MOCK_AWS_02,0.0,32.8,20.4,73.0,5.4
2024-09-29,MOCK_AWS_02,0.0,32.6,19.9,68.0,7.7
2024-09-30,MOCK_AWS_02,0.0,32.9,17.8,67.0,7.4
2024-10-01,MOCK_AWS_02,0.0,33.1,19.5,70.0,6.9
2024-10-02,MOCK_AWS_02,0.0,31.3,18.0,59.0,10.0
2024-10-03,MOCK_AWS_02,0.0,30.5,17.0,54.0,6.7
2024-10-04,MOCK_AWS_02,0.0,30.4,18.3,64.0,12.7
2024-10-05,MOCK_AWS_02,0.0,31.3,17.8,64.0,11.1
2024-10-06,MOCK_AWS_02,0.0,32.9,20.0,67.0,8.6
2024-10-07,MOCK_AWS_02,0.0,32.9,19.7,69.0,5.7
2024-10-08,MOCK_AWS_02,0.0,31.5,17.0,61.0,7.9
2024-10-09,MOCK_AWS_02,0.0,34.9,18.9,62.0,8.0
2024-10-10,MOCK_AWS_02,0.0,34.1,17.6,63.0,7.5
2024-10-11,MOCK_AWS_02,0.0,34.8,19.7,61.0,7.5
2024-10-12,MOCK_AWS_02,0.0,35.5,17.3,55.0,6.5
2024-10-13,MOCK_AWS_02,0.0,30.5,15.9,57.0,4.2
2024-10-14,MOCK_AWS_02,,,,,
2024-10-15,MOCK_AWS_02,0.0,31.9,16.6,59.0,2.5
2024-10-16,MOCK_AWS_02,0.0,30.9,15.7,59.0,4.3
2024-10-17,MOCK_AWS_02,0.0,30.3,16.4,53.0,5.3
2024-10-18,MOCK_AWS_02,0.0,34.1,18.7,57.0,4.5
2024-10-19,MOCK_AWS_02,0.0,34.3,18.1,57.0,4.1
2024-10-20,MOCK_AWS_02,0.0,29.6,14.9,55.0,3.4
2024-10-21,MOCK_AWS_02,3.2,28.2,13.7,42.0,4.5
2024-10-22,MOCK_AWS_02,0.0,29.6,13.8,51.0,5.4
2024-10-23,MOCK_AWS_02,0.0,28.2,13.0,55.0,4.9
2024-10-24,MOCK_AWS_02,0.0,26.6,12.5,53.0,4.2
2024-10-25,MOCK_AWS_02,0.0,32.4,14.9,59.0,3.5
2024-10-26,MOCK_AWS_02,0.0,33.4,17.0,60.0,6.6
2024-10-27,MOCK_AWS_02,0.0,29.3,14.1,63.0,6.2
2024-10-28,MOCK_AWS_02,0.0,31.3,14.4,51.0,4.7
2024-10-29,MOCK_AWS_02,0.0,28.7,14.0,64.0,5.6
2024-10-30,MOCK_AWS_02,0.0,31.4,14.1,55.0,5.7
2024-10-31,MOCK_AWS_02,0.0,30.4,13.5,57.0,7.1
2024-11-01,MOCK_AWS_02,0.0,28.4,13.2,55.0,4.1
2024-11-02,MOCK_AWS_02,0.0,31.6,14.5,59.0,1.6
2024-11-03,MOCK_AWS_02,0.0,32.2,15.4,59.0,3.8
2024-11-04,MOCK_AWS_02,0.0,27.3,12.1,62.0,2.5
2024-11-05,MOCK_AWS_02,0.0,28.5,13.1,60.0,3.2
2024-11-06,MOCK_AWS_02,9.9,23.0,12.6,48.0,3.5
2024-11-07,MOCK_AWS_02,0.0,24.3,9.9,57.0,8.8
2024-11-08,MOCK_AWS_02,0.0,24.0,8.4,64.0,3.2
2024-11-09,MOCK_AWS_02,0.0,23.6,9.4,62.0,4.6
2024-11-10,MOCK_AWS_02,0.0,28.9,11.6,59.0,10.1
2024-11-11,MOCK_AWS_02,0.0,29.7,13.2,64.0,5.1
2024-11-12,MOCK_AWS_02,0.0,32.1,15.1,59.0,5.5
2024-11-13,MOCK_AWS_02,0.0,31.0,14.5,65.0,2.1
2024-11-14,MOCK_AWS_02,0.0,30.5,12.9,58.0,3.4
2024-11-15,MOCK_AWS_02,0.0,31.3,13.4,59.0,5.0
2024-11-16,MOCK_AWS_02,0.0,30.4,11.5,62.0,5.3
2024-11-17,MOCK_AWS_02,0.0,27.8,10.6,58.0,4.3
2024-11-18,MOCK_AWS_02,0.0,26.6,11.6,56.0,4.9
2024-11-19,MOCK_AWS_02,0.0,27.2,11.3,60.0,5.0
2024-11-20,MOCK_AWS_02,0.0,30.6,12.8,62.0,3.7
2024-11-21,MOCK_AWS_02,0.0,29.6,11.3,68.0,4.7
2024-11-22,MOCK_AWS_02,0.0,26.5,11.1,60.0,5.4
2024-11-23,MOCK_AWS_02,0.0,24.8,8.5,57.0,3.8
2024-11-24,MOCK_AWS_02,0.0,23.2,8.0,56.0,3.5
2024-11-25,MOCK_AWS_02,0.0,22.3,8.0,58.0,6.5
2024-11-26,MOCK_AWS_02,0.0,25.3,10.1,58.0,7.8
2024-11-27,MOCK_AWS_02,0.0,25.2,9.4,62.0,6.1
2024-11-28,MOCK_AWS_02,5.0,21.0,8.4,53.0,4.7
2024-11-29,MOCK_AWS_02,0.0,24.9,10.2,59.0,2.5
2024-11-30,MOCK_AWS_02,0.0,28.1,11.9,62.0,4.7
2024-12-01,MOCK_AWS_02,0.0,24.9,10.6,66.0,4.3
2024-12-02,MOCK_AWS_02,0.0,26.0,10.1,61.0,4.5
2024-12-03,MOCK_AWS_02,0.0,24.8,9.3,60.0,2.7
2024-12-04,MOCK_AWS_02,0.0,21.6,6.6,67.0,4.6
2024-12-05,MOCK_AWS_02,0.0,20.4,6.2,59.0,4.1
2024-12-06,MOCK_AWS_02,,,,,
2024-12-07,MOCK_AWS_02,0.0,23.2,9.1,67.0,5.9
2024-12-08,MOCK_AWS_02,0.0,21.6,7.4,68.0,5.9
2024-12-09,MOCK_AWS_02,0.0,22.4,8.7,59.0,5.7
2024-12-10,MOCK_AWS_02,0.0,25.2,9.3,63.0,11.3
2024-12-11,MOCK_AWS_02,0.0,24.5,10.4,65.0,7.2
2024-12-12,MOCK_AWS_02,0.0,24.0,7.3,71.0,10.6
2024-12-13,MOCK_AWS_02,0.0,22.3,9.2,58.0,5.0
2024-12-14,MOCK_AWS_02,0.0,23.0,8.1,69.0,3.5
2024-12-15,MOCK_AWS_02,0.0,21.5,7.6,66.0,4.3
2024-12-16,MOCK_AWS_02,0.0,24.4,9.1,61.0,5.2
2024-12-17,MOCK_AWS_02,0.0,22.3,9.8,67.0,5.9
2024-12-18,MOCK_AWS_02,0.0,27.0,11.3,70.0,6.2
2024-12-19,MOCK_AWS_02,0.0,23.6,9.5,64.0,4.5
2024-12-20,MOCK_AWS_02,0.0,23.5,8.1,73.0,4.4
2024-12-21,MOCK_AWS_02,0.0,24.9,10.7,57.0,3.4
2024-12-22,MOCK_AWS_02,0.0,19.8,6.6,67.0,1.8
2024-12-23,MOCK_AWS_02,0.0,17.8,8.2,55.0,3.1
2024-12-24,MOCK_AWS_02,0.0,16.8,4.4,64.0,4.7
2024-12-25,MOCK_AWS_02,0.0,15.4,3.0,68.0,1.1
2024-12-26,MOCK_AWS_02,0.6,13.7,3.5,62.0,3.6
2024-12-27,MOCK_AWS_02,0.5,18.6,6.3,67.0,6.6
2024-12-28,MOCK_AWS_02,0.0,17.2,6.5,73.0,6.1
2024-12-29,MOCK_AWS_02,0.0,16.5,5.4,56.0,3.7
2024-12-30,MOCK_AWS_02,0.2,18.4,6.7,71.0,5.5
2024-12-31,MOCK_AWS_02,0.0,21.6,6.4,70.0,4.4
2023-01-01,MOCK_ARG_03,0.0,,,,
2023-01-02,MOCK_ARG_03,,,,,
2023-01-03,MOCK_ARG_03,0.0,,,,
2023-01-04,MOCK_ARG_03,0.0,,,,
2023-01-05,MOCK_ARG_03,0.0,,,,
2023-01-06,MOCK_ARG_03,,,,,
2023-01-07,MOCK_ARG_03,0.0,,,,
2023-01-08,MOCK_ARG_03,0.0,,,,
2023-01-09,MOCK_ARG_03,0.0,,,,
2023-01-10,MOCK_ARG_03,0.0,,,,
2023-01-11,MOCK_ARG_03,1.5,,,,
2023-01-12,MOCK_ARG_03,0.0,,,,
2023-01-13,MOCK_ARG_03,0.0,,,,
2023-01-14,MOCK_ARG_03,0.0,,,,
2023-01-15,MOCK_ARG_03,0.0,,,,
2023-01-16,MOCK_ARG_03,0.0,,,,
2023-01-17,MOCK_ARG_03,0.0,,,,
2023-01-18,MOCK_ARG_03,0.0,,,,
2023-01-19,MOCK_ARG_03,0.0,,,,
2023-01-20,MOCK_ARG_03,1.5,,,,
2023-01-21,MOCK_ARG_03,0.0,,,,
2023-01-22,MOCK_ARG_03,0.0,,,,
2023-01-23,MOCK_ARG_03,0.0,,,,
2023-01-24,MOCK_ARG_03,0.0,,,,
2023-01-25,MOCK_ARG_03,0.0,,,,
2023-01-26,MOCK_ARG_03,0.0,,,,
2023-01-27,MOCK_ARG_03,0.0,,,,
2023-01-28,MOCK_ARG_03,0.0,,,,
2023-01-29,MOCK_ARG_03,0.0,,,,
2023-01-30,MOCK_ARG_03,0.0,,,,
2023-01-31,MOCK_ARG_03,0.0,,,,
2023-02-01,MOCK_ARG_03,0.0,,,,
2023-02-02,MOCK_ARG_03,0.0,,,,
2023-02-03,MOCK_ARG_03,0.0,,,,
2023-02-04,MOCK_ARG_03,0.0,,,,
2023-02-05,MOCK_ARG_03,0.0,,,,
2023-02-06,MOCK_ARG_03,0.0,,,,
2023-02-07,MOCK_ARG_03,0.0,,,,
2023-02-08,MOCK_ARG_03,0.0,,,,
2023-02-09,MOCK_ARG_03,0.0,,,,
2023-02-10,MOCK_ARG_03,0.0,,,,
2023-02-11,MOCK_ARG_03,0.0,,,,
2023-02-12,MOCK_ARG_03,0.0,,,,
2023-02-13,MOCK_ARG_03,0.0,,,,
2023-02-14,MOCK_ARG_03,0.0,,,,
2023-02-15,MOCK_ARG_03,0.0,,,,
2023-02-16,MOCK_ARG_03,0.0,,,,
2023-02-17,MOCK_ARG_03,0.0,,,,
2023-02-18,MOCK_ARG_03,0.0,,,,
2023-02-19,MOCK_ARG_03,0.0,,,,
2023-02-20,MOCK_ARG_03,0.0,,,,
2023-02-21,MOCK_ARG_03,0.0,,,,
2023-02-22,MOCK_ARG_03,4.5,,,,
2023-02-23,MOCK_ARG_03,0.0,,,,
2023-02-24,MOCK_ARG_03,0.0,,,,
2023-02-25,MOCK_ARG_03,0.0,,,,
2023-02-26,MOCK_ARG_03,0.0,,,,
2023-02-27,MOCK_ARG_03,1.5,,,,
2023-02-28,MOCK_ARG_03,0.0,,,,
2023-03-01,MOCK_ARG_03,0.0,,,,
2023-03-02,MOCK_ARG_03,0.0,,,,
2023-03-03,MOCK_ARG_03,0.0,,,,
2023-03-04,MOCK_ARG_03,3.5,,,,
2023-03-05,MOCK_ARG_03,0.0,,,,
2023-03-06,MOCK_ARG_03,0.0,,,,
2023-03-07,MOCK_ARG_03,0.0,,,,
2023-03-08,MOCK_ARG_03,0.0,,,,
2023-03-09,MOCK_ARG_03,0.0,,,,
2023-03-10,MOCK_ARG_03,0.0,,,,
2023-03-11,MOCK_ARG_03,0.0,,,,
2023-03-12,MOCK_ARG_03,0.0,,,,
2023-03-13,MOCK_ARG_03,0.0,,,,
2023-03-14,MOCK_ARG_03,0.0,,,,
2023-03-15,MOCK_ARG_03,0.0,,,,
2023-03-16,MOCK_ARG_03,0.0,,,,
2023-03-17,MOCK_ARG_03,0.5,,,,
2023-03-18,MOCK_ARG_03,13.5,,,,
2023-03-19,MOCK_ARG_03,0.0,,,,
2023-03-20,MOCK_ARG_03,16.0,,,,
2023-03-21,MOCK_ARG_03,0.0,,,,
2023-03-22,MOCK_ARG_03,0.0,,,,
2023-03-23,MOCK_ARG_03,0.0,,,,
2023-03-24,MOCK_ARG_03,0.0,,,,
2023-03-25,MOCK_ARG_03,0.0,,,,
2023-03-26,MOCK_ARG_03,0.0,,,,
2023-03-27,MOCK_ARG_03,0.0,,,,
2023-03-28,MOCK_ARG_03,0.0,,,,
2023-03-29,MOCK_ARG_03,0.0,,,,
2023-03-30,MOCK_ARG_03,0.0,,,,
2023-03-31,MOCK_ARG_03,0.0,,,,
2023-04-01,MOCK_ARG_03,0.0,,,,
2023-04-02,MOCK_ARG_03,0.0,,,,
2023-04-03,MOCK_ARG_03,0.5,,,,
2023-04-04,MOCK_ARG_03,0.0,,,,
2023-04-05,MOCK_ARG_03,,,,,
2023-04-06,MOCK_ARG_03,0.0,,,,
2023-04-07,MOCK_ARG_03,0.0,,,,
2023-04-08,MOCK_ARG_03,0.0,,,,
2023-04-09,MOCK_ARG_03,0.0,,,,
2023-04-10,MOCK_ARG_03,0.0,,,,
2023-04-11,MOCK_ARG_03,0.0,,,,
2023-04-12,MOCK_ARG_03,0.0,,,,
2023-04-13,MOCK_ARG_03,0.0,,,,
2023-04-14,MOCK_ARG_03,8.0,,,,
2023-04-15,MOCK_ARG_03,0.0,,,,
2023-04-16,MOCK_ARG_03,0.0,,,,
2023-04-17,MOCK_ARG_03,0.0,,,,
2023-04-18,MOCK_ARG_03,0.0,,,,
2023-04-19,MOCK_ARG_03,2.5,,,,
2023-04-20,MOCK_ARG_03,0.0,,,,
2023-04-21,MOCK_ARG_03,0.0,,,,
2023-04-22,MOCK_ARG_03,0.0,,,,
2023-04-23,MOCK_ARG_03,0.0,,,,
2023-04-24,MOCK_ARG_03,0.0,,,,
2023-04-25,MOCK_ARG_03,0.0,,,,
2023-04-26,MOCK_ARG_03,0.0,,,,
2023-04-27,MOCK_ARG_03,0.0,,,,
2023-04-28,MOCK_ARG_03,0.0,,,,
2023-04-29,MOCK_ARG_03,0.0,,,,
2023-04-30,MOCK_ARG_03,0.0,,,,
2023-05-01,MOCK_ARG_03,11.5,,,,
2023-05-02,MOCK_ARG_03,0.0,,,,
2023-05-03,MOCK_ARG_03,0.0,,,,
2023-05-04,MOCK_ARG_03,0.0,,,,
2023-05-05,MOCK_ARG_03,0.0,,,,
2023-05-06,MOCK_ARG_03,0.0,,,,
2023-05-07,MOCK_ARG_03,,,,,
2023-05-08,MOCK_ARG_03,0.0,,,,
2023-05-09,MOCK_ARG_03,0.0,,,,
2023-05-10,MOCK_ARG_03,0.0,,,,
2023-05-11,MOCK_ARG_03,0.0,,,,
2023-05-12,MOCK_ARG_03,0.0,,,,
2023-05-13,MOCK_ARG_03,0.0,,,,
2023-05-14,MOCK_ARG_03,0.0,,,,
2023-05-15,MOCK_ARG_03,0.0,,,,
2023-05-16,MOCK_ARG_03,0.0,,,,
2023-05-17,MOCK_ARG_03,0.0,,,,
2023-05-18,MOCK_ARG_03,0.0,,,,
2023-05-19,MOCK_ARG_03,0.0,,,,
2023-05-20,MOCK_ARG_03,0.0,,,,
2023-05-21,MOCK_ARG_03,0.0,,,,
2023-05-22,MOCK_ARG_03,0.0,,,,
2023-05-23,MOCK_ARG_03,0.0,,,,
2023-05-24,MOCK_ARG_03,0.0,,,,
2023-05-25,MOCK_ARG_03,0.0,,,,
2023-05-26,MOCK_ARG_03,1.5,,,,
2023-05-27,MOCK_ARG_03,0.0,,,,
2023-05-28,MOCK_ARG_03,0.0,,,,
2023-05-29,MOCK_ARG_03,0.0,,,,
2023-05-30,MOCK_ARG_03,0.0,,,,
2023-05-31,MOCK_ARG_03,0.0,,,,
2023-06-01,MOCK_ARG_03,0.0,,,,
2023-06-02,MOCK_ARG_03,0.0,,,,
2023-06-03,MOCK_ARG_03,0.0,,,,
2023-06-04,MOCK_ARG_03,0.0,,,,
2023-06-05,MOCK_ARG_03,0.0,,,,
2023-06-06,MOCK_ARG_03,0.0,,,,
2023-06-07,MOCK_ARG_03,0.0,,,,
2023-06-08,MOCK_ARG_03,0.0,,,,
2023-06-09,MOCK_ARG_03,0.0,,,,
2023-06-10,MOCK_ARG_03,0.0,,,,
2023-06-11,MOCK_ARG_03,1.0,,,,
2023-06-12,MOCK_ARG_03,0.0,,,,
2023-06-13,MOCK_ARG_03,0.0,,,,
2023-06-14,MOCK_ARG_03,0.0,,,,
2023-06-15,MOCK_ARG_03,0.0,,,,
2023-06-16,MOCK_ARG_03,0.0,,,,
2023-06-17,MOCK_ARG_03,0.0,,,,
2023-06-18,MOCK_ARG_03,0.0,,,,
2023-06-19,MOCK_ARG_03,0.0,,,,
2023-06-20,MOCK_ARG_03,0.0,,,,
2023-06-21,MOCK_ARG_03,0.0,,,,
2023-06-22,MOCK_ARG_03,0.0,,,,
2023-06-23,MOCK_ARG_03,0.0,,,,
2023-06-24,MOCK_ARG_03,,,,,
2023-06-25,MOCK_ARG_03,0.0,,,,
2023-06-26,MOCK_ARG_03,0.0,,,,
2023-06-27,MOCK_ARG_03,1.0,,,,
2023-06-28,MOCK_ARG_03,0.0,,,,
2023-06-29,MOCK_ARG_03,0.0,,,,
2023-06-30,MOCK_ARG_03,0.0,,,,
2023-07-01,MOCK_ARG_03,0.0,,,,
2023-07-02,MOCK_ARG_03,0.0,,,,
2023-07-03,MOCK_ARG_03,21.5,,,,
2023-07-04,MOCK_ARG_03,0.0,,,,
2023-07-05,MOCK_ARG_03,0.0,,,,
2023-07-06,MOCK_ARG_03,0.0,,,,
2023-07-07,MOCK_ARG_03,0.0,,,,
2023-07-08,MOCK_ARG_03,0.0,,,,
2023-07-09,MOCK_ARG_03,0.0,,,,
2023-07-10,MOCK_ARG_03,0.0,,,,
2023-07-11,MOCK_ARG_03,0.0,,,,
2023-07-12,MOCK_ARG_03,0.0,,,,
2023-07-13,MOCK_ARG_03,0.0,,,,
2023-07-14,MOCK_ARG_03,0.0,,,,
2023-07-15,MOCK_ARG_03,0.0,,,,
2023-07-16,MOCK_ARG_03,0.0,,,,
2023-07-17,MOCK_ARG_03,0.0,,,,
2023-07-18,MOCK_ARG_03,,,,,
2023-07-19,MOCK_ARG_03,0.0,,,,
2023-07-20,MOCK_ARG_03,0.0,,,,
2023-07-21,MOCK_ARG_03,0.0,,,,
2023-07-22,MOCK_ARG_03,0.0,,,,
2023-07-23,MOCK_ARG_03,13.5,,,,
2023-07-24,MOCK_ARG_03,0.0,,,,
2023-07-25,MOCK_ARG_03,1.5,,,,
2023-07-26,MOCK_ARG_03,0.0,,,,
2023-07-27,MOCK_ARG_03,0.0,,,,
2023-07-28,MOCK_ARG_03,0.0,,,,
2023-07-29,MOCK_ARG_03,0.0,,,,
2023-07-30,MOCK_ARG_03,0.0,,,,
2023-07-31,MOCK_ARG_03,0.0,,,,
2023-08-01,MOCK_ARG_03,0.0,,,,
2023-08-02,MOCK_ARG_03,0.0,,,,
2023-08-03,MOCK_ARG_03,0.5,,,,
2023-08-04,MOCK_ARG_03,0.0,,,,
2023-08-05,MOCK_ARG_03,0.0,,,,
2023-08-06,MOCK_ARG_03,0.0,,,,
2023-08-07,MOCK_ARG_03,0.0,,,,
2023-08-08,MOCK_ARG_03,0.0,,,,
2023-08-09,MOCK_ARG_03,,,,,
2023-08-10,MOCK_ARG_03,,,,,
2023-08-11,MOCK_ARG_03,0.0,,,,
2023-08-12,MOCK_ARG_03,0.0,,,,
2023-08-13,MOCK_ARG_03,0.0,,,,
2023-08-14,MOCK_ARG_03,0.0,,,,
2023-08-15,MOCK_ARG_03,13.0,,,,
2023-08-16,MOCK_ARG_03,56.5,,,,
2023-08-17,MOCK_ARG_03,0.0,,,,
2023-08-18,MOCK_ARG_03,0.0,,,,
2023-08-19,MOCK_ARG_03,0.0,,,,
2023-08-20,MOCK_ARG_03,0.0,,,,
2023-08-21,MOCK_ARG_03,32.0,,,,
2023-08-22,MOCK_ARG_03,0.0,,,,
2023-08-23,MOCK_ARG_03,0.0,,,,
2023-08-24,MOCK_ARG_03,0.0,,,,
2023-08-25,MOCK_ARG_03,0.0,,,,
2023-08-26,MOCK_ARG_03,0.0,,,,
2023-08-27,MOCK_ARG_03,0.0,,,,
2023-08-28,MOCK_ARG_03,0.0,,,,
2023-08-29,MOCK_ARG_03,0.0,,,,
2023-08-30,MOCK_ARG_03,0.0,,,,
2023-08-31,MOCK_ARG_03,0.0,,,,
2023-09-01,MOCK_ARG_03,0.0,,,,
2023-09-02,MOCK_ARG_03,0.0,,,,
2023-09-03,MOCK_ARG_03,0.0,,,,
2023-09-04,MOCK_ARG_03,48.0,,,,
2023-09-05,MOCK_ARG_03,0.0,,,,
2023-09-06,MOCK_ARG_03,0.0,,,,
2023-09-07,MOCK_ARG_03,3.0,,,,
2023-09-08,MOCK_ARG_03,16.0,,,,
2023-09-09,MOCK_ARG_03,0.0,,,,
2023-09-10,MOCK_ARG_03,0.0,,,,
2023-09-11,MOCK_ARG_03,0.0,,,,
2023-09-12,MOCK_ARG_03,0.0,,,,
2023-09-13,MOCK_ARG_03,0.0,,,,
2023-09-14,MOCK_ARG_03,0.0,,,,
2023-09-15,MOCK_ARG_03,0.0,,,,
2023-09-16,MOCK_ARG_03,0.0,,,,
2023-09-17,MOCK_ARG_03,3.0,,,,
2023-09-18,MOCK_ARG_03,0.0,,,,
2023-09-19,MOCK_ARG_03,0.0,,,,
2023-09-20,MOCK_ARG_03,0.0,,,,
2023-09-21,MOCK_ARG_03,0.0,,,,
2023-09-22,MOCK_ARG_03,0.0,,,,
2023-09-23,MOCK_ARG_03,0.0,,,,
2023-09-24,MOCK_ARG_03,0.0,,,,
2023-09-25,MOCK_ARG_03,0.0,,,,
2023-09-26,MOCK_ARG_03,0.0,,,,
2023-09-27,MOCK_ARG_03,0.0,,,,
2023-09-28,MOCK_ARG_03,0.0,,,,
2023-09-29,MOCK_ARG_03,0.0,,,,
2023-09-30,MOCK_ARG_03,1.0,,,,
2023-10-01,MOCK_ARG_03,0.0,,,,
2023-10-02,MOCK_ARG_03,0.0,,,,
2023-10-03,MOCK_ARG_03,0.0,,,,
2023-10-04,MOCK_ARG_03,0.0,,,,
2023-10-05,MOCK_ARG_03,0.0,,,,
2023-10-06,MOCK_ARG_03,0.0,,,,
2023-10-07,MOCK_ARG_03,0.0,,,,
2023-10-08,MOCK_ARG_03,0.0,,,,
2023-10-09,MOCK_ARG_03,0.0,,,,
2023-10-10,MOCK_ARG_03,0.0,,,,
2023-10-11,MOCK_ARG_03,0.0,,,,
2023-10-12,MOCK_ARG_03,,,,,
2023-10-13,MOCK_ARG_03,0.0,,,,
2023-10-14,MOCK_ARG_03,0.0,,,,
2023-10-15,MOCK_ARG_03,0.0,,,,
2023-10-16,MOCK_ARG_03,0.0,,,,
2023-10-17,MOCK_ARG_03,0.0,,,,
2023-10-18,MOCK_ARG_03,0.0,,,,
2023-10-19,MOCK_ARG_03,,,,,
2023-10-20,MOCK_ARG_03,0.0,,,,
2023-10-21,MOCK_ARG_03,0.0,,,,
2023-10-22,MOCK_ARG_03,0.0,,,,
2023-10-23,MOCK_ARG_03,0.0,,,,
2023-10-24,MOCK_ARG_03,0.0,,,,
2023-10-25,MOCK_ARG_03,0.0,,,,
2023-10-26,MOCK_ARG_03,0.0,,,,
2023-10-27,MOCK_ARG_03,0.0,,,,
2023-10-28,MOCK_ARG_03,0.0,,,,
2023-10-29,MOCK_ARG_03,0.0,,,,
2023-10-30,MOCK_ARG_03,0.0,,,,
2023-10-31,MOCK_ARG_03,0.0,,,,
2023-11-01,MOCK_ARG_03,0.0,,,,
2023-11-02,MOCK_ARG_03,0.0,,,,
2023-11-03,MOCK_ARG_03,0.0,,,,
2023-11-04,MOCK_ARG_03,0.0,,,,
2023-11-05,MOCK_ARG_03,0.0,,,,
2023-11-06,MOCK_ARG_03,0.0,,,,
2023-11-07,MOCK_ARG_03,0.0,,,,
2023-11-08,MOCK_ARG_03,0.0,,,,
2023-11-09,MOCK_ARG_03,0.0,,,,
2023-11-10,MOCK_ARG_03,0.0,,,,
2023-11-11,MOCK_ARG_03,0.0,,,,
2023-11-12,MOCK_ARG_03,0.0,,,,
2023-11-13,MOCK_ARG_03,,,,,
2023-11-14,MOCK_ARG_03,0.0,,,,
2023-11-15,MOCK_ARG_03,0.0,,,,
2023-11-16,MOCK_ARG_03,0.0,,,,
2023-11-17,MOCK_ARG_03,0.0,,,,
2023-11-18,MOCK_ARG_03,0.0,,,,
2023-11-19,MOCK_ARG_03,0.0,,,,
2023-11-20,MOCK_ARG_03,0.0,,,,
2023-11-21,MOCK_ARG_03,0.0,,,,
2023-11-22,MOCK_ARG_03,0.0,,,,
2023-11-23,MOCK_ARG_03,0.0,,,,
2023-11-24,MOCK_ARG_03,0.0,,,,
2023-11-25,MOCK_ARG_03,0.0,,,,
2023-11-26,MOCK_ARG_03,0.0,,,,
2023-11-27,MOCK_ARG_03,,,,,
2023-11-28,MOCK_ARG_03,0.0,,,,
2023-11-29,MOCK_ARG_03,0.0,,,,
2023-11-30,MOCK_ARG_03,0.0,,,,
2023-12-01,MOCK_ARG_03,0.0,,,,
2023-12-02,MOCK_ARG_03,0.0,,,,
2023-12-03,MOCK_ARG_03,0.0,,,,
2023-12-04,MOCK_ARG_03,0.0,,,,
2023-12-05,MOCK_ARG_03,0.0,,,,
2023-12-06,MOCK_ARG_03,0.0,,,,
2023-12-07,MOCK_ARG_03,0.0,,,,
2023-12-08,MOCK_ARG_03,0.0,,,,
2023-12-09,MOCK_ARG_03,0.0,,,,
2023-12-10,MOCK_ARG_03,0.0,,,,
2023-12-11,MOCK_ARG_03,4.0,,,,
2023-12-12,MOCK_ARG_03,0.0,,,,
2023-12-13,MOCK_ARG_03,0.0,,,,
2023-12-14,MOCK_ARG_03,0.0,,,,
2023-12-15,MOCK_ARG_03,0.0,,,,
2023-12-16,MOCK_ARG_03,0.0,,,,
2023-12-17,MOCK_ARG_03,0.0,,,,
2023-12-18,MOCK_ARG_03,0.0,,,,
2023-12-19,MOCK_ARG_03,0.0,,,,
2023-12-20,MOCK_ARG_03,0.0,,,,
2023-12-21,MOCK_ARG_03,0.0,,,,
2023-12-22,MOCK_ARG_03,0.0,,,,
2023-12-23,MOCK_ARG_03,0.0,,,,
2023-12-24,MOCK_ARG_03,0.0,,,,
2023-12-25,MOCK_ARG_03,0.0,,,,
2023-12-26,MOCK_ARG_03,0.0,,,,
2023-12-27,MOCK_ARG_03,0.0,,,,
2023-12-28,MOCK_ARG_03,0.0,,,,
2023-12-29,MOCK_ARG_03,0.0,,,,
2023-12-30,MOCK_ARG_03,0.0,,,,
2023-12-31,MOCK_ARG_03,0.0,,,,
2024-01-01,MOCK_ARG_03,0.0,,,,
2024-01-02,MOCK_ARG_03,0.0,,,,
2024-01-03,MOCK_ARG_03,0.0,,,,
2024-01-04,MOCK_ARG_03,0.0,,,,
2024-01-05,MOCK_ARG_03,0.0,,,,
2024-01-06,MOCK_ARG_03,0.0,,,,
2024-01-07,MOCK_ARG_03,0.0,,,,
2024-01-08,MOCK_ARG_03,0.0,,,,
2024-01-09,MOCK_ARG_03,0.0,,,,
2024-01-10,MOCK_ARG_03,0.0,,,,
2024-01-11,MOCK_ARG_03,0.0,,,,
2024-01-12,MOCK_ARG_03,0.0,,,,
2024-01-13,MOCK_ARG_03,0.0,,,,
2024-01-14,MOCK_ARG_03,0.0,,,,
2024-01-15,MOCK_ARG_03,0.0,,,,
2024-01-16,MOCK_ARG_03,0.0,,,,
2024-01-17,MOCK_ARG_03,0.0,,,,
2024-01-18,MOCK_ARG_03,0.0,,,,
2024-01-19,MOCK_ARG_03,0.0,,,,
2024-01-20,MOCK_ARG_03,0.0,,,,
2024-01-21,MOCK_ARG_03,0.0,,,,
2024-01-22,MOCK_ARG_03,0.0,,,,
2024-01-23,MOCK_ARG_03,0.0,,,,
2024-01-24,MOCK_ARG_03,1.5,,,,
2024-01-25,MOCK_ARG_03,0.0,,,,
2024-01-26,MOCK_ARG_03,0.0,,,,
2024-01-27,MOCK_ARG_03,2.5,,,,
2024-01-28,MOCK_ARG_03,3.0,,,,
2024-01-29,MOCK_ARG_03,1.5,,,,
2024-01-30,MOCK_ARG_03,8.5,,,,
2024-01-31,MOCK_ARG_03,7.0,,,,
2024-02-01,MOCK_ARG_03,,,,,
2024-02-02,MOCK_ARG_03,0.0,,,,
2024-02-03,MOCK_ARG_03,0.0,,,,
2024-02-04,MOCK_ARG_03,0.0,,,,
2024-02-05,MOCK_ARG_03,3.5,,,,
2024-02-06,MOCK_ARG_03,0.0,,,,
2024-02-07,MOCK_ARG_03,0.0,,,,
2024-02-08,MOCK_ARG_03,0.0,,,,
2024-02-09,MOCK_ARG_03,0.0,,,,
2024-02-10,MOCK_ARG_03,5.5,,,,
2024-02-11,MOCK_ARG_03,0.0,,,,
2024-02-12,MOCK_ARG_03,0.0,,,,
2024-02-13,MOCK_ARG_03,0.0,,,,
2024-02-14,MOCK_ARG_03,0.0,,,,
2024-02-15,MOCK_ARG_03,,,,,
2024-02-16,MOCK_ARG_03,0.0,,,,
2024-02-17,MOCK_ARG_03,0.0,,,,
2024-02-18,MOCK_ARG_03,0.0,,,,
2024-02-19,MOCK_ARG_03,0.0,,,,
2024-02-20,MOCK_ARG_03,0.0,,,,
2024-02-21,MOCK_ARG_03,0.0,,,,
2024-02-22,MOCK_ARG_03,0.0,,,,
2024-02-23,MOCK_ARG_03,0.0,,,,
2024-02-24,MOCK_ARG_03,,,,,
2024-02-25,MOCK_ARG_03,0.0,,,,
2024-02-26,MOCK_ARG_03,0.0,,,,
2024-02-27,MOCK_ARG_03,0.0,,,,
2024-02-28,MOCK_ARG_03,0.0,,,,
2024-02-29,MOCK_ARG_03,0.0,,,,
2024-03-01,MOCK_ARG_03,0.0,,,,
2024-03-02,MOCK_ARG_03,0.0,,,,
2024-03-03,MOCK_ARG_03,0.0,,,,
2024-03-04,MOCK_ARG_03,0.0,,,,
2024-03-05,MOCK_ARG_03,0.0,,,,
2024-03-06,MOCK_ARG_03,0.0,,,,
2024-03-07,MOCK_ARG_03,0.0,,,,
2024-03-08,MOCK_ARG_03,0.0,,,,
2024-03-09,MOCK_ARG_03,0.0,,,,
2024-03-10,MOCK_ARG_03,0.0,,,,
2024-03-11,MOCK_ARG_03,0.0,,,,
2024-03-12,MOCK_ARG_03,0.0,,,,
2024-03-13,MOCK_ARG_03,,,,,
2024-03-14,MOCK_ARG_03,0.0,,,,
2024-03-15,MOCK_ARG_03,0.0,,,,
2024-03-16,MOCK_ARG_03,14.0,,,,
2024-03-17,MOCK_ARG_03,0.0,,,,
2024-03-18,MOCK_ARG_03,0.0,,,,
2024-03-19,MOCK_ARG_03,0.0,,,,
2024-03-20,MOCK_ARG_03,0.0,,,,
2024-03-21,MOCK_ARG_03,0.0,,,,
2024-03-22,MOCK_ARG_03,0.0,,,,
2024-03-23,MOCK_ARG_03,0.0,,,,
2024-03-24,MOCK_ARG_03,0.0,,,,
2024-03-25,MOCK_ARG_03,0.0,,,,
2024-03-26,MOCK_ARG_03,0.0,,,,
2024-03-27,MOCK_ARG_03,0.0,,,,
2024-03-28,MOCK_ARG_03,0.0,,,,
2024-03-29,MOCK_ARG_03,0.0,,,,
2024-03-30,MOCK_ARG_03,0.0,,,,
2024-03-31,MOCK_ARG_03,0.0,,,,
2024-04-01,MOCK_ARG_03,0.0,,,,
2024-04-02,MOCK_ARG_03,0.0,,,,
2024-04-03,MOCK_ARG_03,8.5,,,,
2024-04-04,MOCK_ARG_03,0.0,,,,
2024-04-05,MOCK_ARG_03,0.0,,,,
2024-04-06,MOCK_ARG_03,0.0,,,,
2024-04-07,MOCK_ARG_03,0.0,,,,
2024-04-08,MOCK_ARG_03,0.0,,,,
2024-04-09,MOCK_ARG_03,0.0,,,,
2024-04-10,MOCK_ARG_03,0.0,,,,
2024-04-11,MOCK_ARG_03,0.0,,,,
2024-04-12,MOCK_ARG_03,0.0,,,,
2024-04-13,MOCK_ARG_03,0.0,,,,
2024-04-14,MOCK_ARG_03,0.0,,,,
2024-04-15,MOCK_ARG_03,0.0,,,,
2024-04-16,MOCK_ARG_03,0.0,,,,
2024-04-17,MOCK_ARG_03,0.0,,,,
2024-04-18,MOCK_ARG_03,0.0,,,,
2024-04-19,MOCK_ARG_03,0.0,,,,
2024-04-20,MOCK_ARG_03,0.0,,,,
2024-04-21,MOCK_ARG_03,0.0,,,,
2024-04-22,MOCK_ARG_03,1.5,,,,
2024-04-23,MOCK_ARG_03,0.0,,,,
2024-04-24,MOCK_ARG_03,0.0,,,,
2024-04-25,MOCK_ARG_03,0.0,,,,
2024-04-26,MOCK_ARG_03,0.0,,,,
2024-04-27,MOCK_ARG_03,0.0,,,,
2024-04-28,MOCK_ARG_03,0.0,,,,
2024-04-29,MOCK_ARG_03,0.0,,,,
2024-04-30,MOCK_ARG_03,0.0,,,,
2024-05-01,MOCK_ARG_03,0.0,,,,
2024-05-02,MOCK_ARG_03,0.0,,,,
2024-05-03,MOCK_ARG_03,0.0,,,,
2024-05-04,MOCK_ARG_03,0.0,,,,
2024-05-05,MOCK_ARG_03,0.0,,,,
2024-05-06,MOCK_ARG_03,0.0,,,,
2024-05-07,MOCK_ARG_03,0.0,,,,
2024-05-08,MOCK_ARG_03,0.0,,,,
2024-05-09,MOCK_ARG_03,0.0,,,,
2024-05-10,MOCK_ARG_03,0.0,,,,
2024-05-11,MOCK_ARG_03,0.0,,,,
2024-05-12,MOCK_ARG_03,3.0,,,,
2024-05-13,MOCK_ARG_03,0.0,,,,
2024-05-14,MOCK_ARG_03,0.0,,,,
2024-05-15,MOCK_ARG_03,,,,,
2024-05-16,MOCK_ARG_03,,,,,
2024-05-17,MOCK_ARG_03,0.0,,,,
2024-05-18,MOCK_ARG_03,0.0,,,,
2024-05-19,MOCK_ARG_03,0.0,,,,
2024-05-20,MOCK_ARG_03,0.0,,,,
2024-05-21,MOCK_ARG_03,0.0,,,,
2024-05-22,MOCK_ARG_03,0.0,,,,
2024-05-23,MOCK_ARG_03,0.0,,,,
2024-05-24,MOCK_ARG_03,0.0,,,,
2024-05-25,MOCK_ARG_03,0.0,,,,
2024-05-26,MOCK_ARG_03,0.0,,,,
2024-05-27,MOCK_ARG_03,0.0,,,,
2024-05-28,MOCK_ARG_03,0.0,,,,
2024-05-29,MOCK_ARG_03,0.0,,,,
2024-05-30,MOCK_ARG_03,0.0,,,,
2024-05-31,MOCK_ARG_03,0.0,,,,
2024-06-01,MOCK_ARG_03,0.0,,,,
2024-06-02,MOCK_ARG_03,0.0,,,,
2024-06-03,MOCK_ARG_03,0.0,,,,
2024-06-04,MOCK_ARG_03,,,,,
2024-06-05,MOCK_ARG_03,0.0,,,,
2024-06-06,MOCK_ARG_03,0.0,,,,
2024-06-07,MOCK_ARG_03,0.0,,,,
2024-06-08,MOCK_ARG_03,0.0,,,,
2024-06-09,MOCK_ARG_03,0.0,,,,
2024-06-10,MOCK_ARG_03,0.0,,,,
2024-06-11,MOCK_ARG_03,0.0,,,,
2024-06-12,MOCK_ARG_03,0.0,,,,
2024-06-13,MOCK_ARG_03,0.0,,,,
2024-06-14,MOCK_ARG_03,0.0,,,,
2024-06-15,MOCK_ARG_03,0.0,,,,
2024-06-16,MOCK_ARG_03,0.0,,,,
2024-06-17,MOCK_ARG_03,0.0,,,,
2024-06-18,MOCK_ARG_03,0.0,,,,
2024-06-19,MOCK_ARG_03,0.0,,,,
2024-06-20,MOCK_ARG_03,0.0,,,,
2024-06-21,MOCK_ARG_03,28.0,,,,
2024-06-22,MOCK_ARG_03,0.0,,,,
2024-06-23,MOCK_ARG_03,9.5,,,,
2024-06-24,MOCK_ARG_03,0.0,,,,
2024-06-25,MOCK_ARG_03,6.5,,,,
2024-06-26,MOCK_ARG_03,0.0,,,,
2024-06-27,MOCK_ARG_03,0.0,,,,
2024-06-28,MOCK_ARG_03,3.0,,,,
2024-06-29,MOCK_ARG_03,13.5,,,,
2024-06-30,MOCK_ARG_03,0.0,,,,
2024-07-01,MOCK_ARG_03,0.0,,,,
2024-07-02,MOCK_ARG_03,0.0,,,,
2024-07-03,MOCK_ARG_03,0.0,,,,
2024-07-04,MOCK_ARG_03,45.5,,,,
2024-07-05,MOCK_ARG_03,0.0,,,,
2024-07-06,MOCK_ARG_03,0.0,,,,
2024-07-07,MOCK_ARG_03,0.0,,,,
2024-07-08,MOCK_ARG_03,0.0,,,,
2024-07-09,MOCK_ARG_03,0.0,,,,
2024-07-10,MOCK_ARG_03,0.0,,,,
2024-07-11,MOCK_ARG_03,0.0,,,,
2024-07-12,MOCK_ARG_03,0.0,,,,
2024-07-13,MOCK_ARG_03,0.0,,,,
2024-07-14,MOCK_ARG_03,0.0,,,,
2024-07-15,MOCK_ARG_03,0.0,,,,
2024-07-16,MOCK_ARG_03,0.0,,,,
2024-07-17,MOCK_ARG_03,,,,,
2024-07-18,MOCK_ARG_03,0.0,,,,
2024-07-19,MOCK_ARG_03,0.0,,,,
2024-07-20,MOCK_ARG_03,,,,,
2024-07-21,MOCK_ARG_03,0.0,,,,
2024-07-22,MOCK_ARG_03,0.0,,,,
2024-07-23,MOCK_ARG_03,0.0,,,,
2024-07-24,MOCK_ARG_03,0.0,,,,
2024-07-25,MOCK_ARG_03,0.0,,,,
2024-07-26,MOCK_ARG_03,0.0,,,,
2024-07-27,MOCK_ARG_03,0.0,,,,
2024-07-28,MOCK_ARG_03,0.0,,,,
2024-07-29,MOCK_ARG_03,0.0,,,,
2024-07-30,MOCK_ARG_03,1.5,,,,
2024-07-31,MOCK_ARG_03,0.0,,,,
2024-08-01,MOCK_ARG_03,32.5,,,,
2024-08-02,MOCK_ARG_03,0.0,,,,
2024-08-03,MOCK_ARG_03,0.0,,,,
2024-08-04,MOCK_ARG_03,0.5,,,,
2024-08-05,MOCK_ARG_03,0.0,,,,
2024-08-06,MOCK_ARG_03,0.0,,,,
2024-08-07,MOCK_ARG_03,0.0,,,,
2024-08-08,MOCK_ARG_03,0.0,,,,
2024-08-09,MOCK_ARG_03,0.0,,,,
2024-08-10,MOCK_ARG_03,0.0,,,,
2024-08-11,MOCK_ARG_03,0.0,,,,
2024-08-12,MOCK_ARG_03,48.0,,,,
2024-08-13,MOCK_ARG_03,0.0,,,,
2024-08-14,MOCK_ARG_03,0.0,,,,
2024-08-15,MOCK_ARG_03,0.0,,,,
2024-08-16,MOCK_ARG_03,0.0,,,,
2024-08-17,MOCK_ARG_03,0.0,,,,
2024-08-18,MOCK_ARG_03,0.0,,,,
2024-08-19,MOCK_ARG_03,,,,,
2024-08-20,MOCK_ARG_03,0.0,,,,
2024-08-21,MOCK_ARG_03,0.0,,,,
2024-08-22,MOCK_ARG_03,0.0,,,,
2024-08-23,MOCK_ARG_03,17.0,,,,
2024-08-24,MOCK_ARG_03,0.0,,,,
2024-08-25,MOCK_ARG_03,0.0,,,,
2024-08-26,MOCK_ARG_03,0.0,,,,
2024-08-27,MOCK_ARG_03,0.0,,,,
2024-08-28,MOCK_ARG_03,0.0,,,,
2024-08-29,MOCK_ARG_03,0.0,,,,
2024-08-30,MOCK_ARG_03,0.0,,,,
2024-08-31,MOCK_ARG_03,0.0,,,,
2024-09-01,MOCK_ARG_03,0.0,,,,
2024-09-02,MOCK_ARG_03,0.0,,,,
2024-09-03,MOCK_ARG_03,0.0,,,,
2024-09-04,MOCK_ARG_03,0.0,,,,
2024-09-05,MOCK_ARG_03,0.0,,,,
2024-09-06,MOCK_ARG_03,12.5,,,,
2024-09-07,MOCK_ARG_03,0.0,,,,
2024-09-08,MOCK_ARG_03,11.0,,,,
2024-09-09,MOCK_ARG_03,3.5,,,,
2024-09-10,MOCK_ARG_03,0.0,,,,
2024-09-11,MOCK_ARG_03,0.0,,,,
2024-09-12,MOCK_ARG_03,0.0,,,,
2024-09-13,MOCK_ARG_03,0.0,,,,
2024-09-14,MOCK_ARG_03,0.0,,,,
2024-09-15,MOCK_ARG_03,0.0,,,,
2024-09-16,MOCK_ARG_03,0.0,,,,
2024-09-17,MOCK_ARG_03,0.0,,,,
2024-09-18,MOCK_ARG_03,0.0,,,,
2024-09-19,MOCK_ARG_03,0.0,,,,
2024-09-20,MOCK_ARG_03,0.0,,,,
2024-09-21,MOCK_ARG_03,0.0,,,,
2024-09-22,MOCK_ARG_03,0.0,,,,
2024-09-23,MOCK_ARG_03,7.0,,,,
2024-09-24,MOCK_ARG_03,,,,,
2024-09-25,MOCK_ARG_03,0.0,,,,
2024-09-26,MOCK_ARG_03,0.0,,,,
2024-09-27,MOCK_ARG_03,0.0,,,,
2024-09-28,MOCK_ARG_03,0.0,,,,
2024-09-29,MOCK_ARG_03,0.0,,,,
2024-09-30,MOCK_ARG_03,0.0,,,,
2024-10-01,MOCK_ARG_03,0.0,,,,
2024-10-02,MOCK_ARG_03,0.0,,,,
2024-10-03,MOCK_ARG_03,,,,,
2024-10-04,MOCK_ARG_03,0.0,,,,
2024-10-05,MOCK_ARG_03,0.0,,,,
2024-10-06,MOCK_ARG_03,0.0,,,,
2024-10-07,MOCK_ARG_03,0.0,,,,
2024-10-08,MOCK_ARG_03,0.0,,,,
2024-10-09,MOCK_ARG_03,0.0,,,,
2024-10-10,MOCK_ARG_03,0.0,,,,
2024-10-11,MOCK_ARG_03,0.0,,,,
2024-10-12,MOCK_ARG_03,0.0,,,,
2024-10-13,MOCK_ARG_03,0.0,,,,
2024-10-14,MOCK_ARG_03,0.0,,,,
2024-10-15,MOCK_ARG_03,0.0,,,,
2024-10-16,MOCK_ARG_03,,,,,
2024-10-17,MOCK_ARG_03,0.0,,,,
2024-10-18,MOCK_ARG_03,0.0,,,,
2024-10-19,MOCK_ARG_03,0.0,,,,
2024-10-20,MOCK_ARG_03,0.0,,,,
2024-10-21,MOCK_ARG_03,3.0,,,,
2024-10-22,MOCK_ARG_03,0.0,,,,
2024-10-23,MOCK_ARG_03,0.0,,,,
2024-10-24,MOCK_ARG_03,0.0,,,,
2024-10-25,MOCK_ARG_03,0.0,,,,
2024-10-26,MOCK_ARG_03,0.0,,,,
2024-10-27,MOCK_ARG_03,0.0,,,,
2024-10-28,MOCK_ARG_03,0.0,,,,
2024-10-29,MOCK_ARG_03,0.0,,,,
2024-10-30,MOCK_ARG_03,0.0,,,,
2024-10-31,MOCK_ARG_03,0.0,,,,
2024-11-01,MOCK_ARG_03,0.0,,,,
2024-11-02,MOCK_ARG_03,0.0,,,,
2024-11-03,MOCK_ARG_03,0.0,,,,
2024-11-04,MOCK_ARG_03,0.0,,,,
2024-11-05,MOCK_ARG_03,0.0,,,,
2024-11-06,MOCK_ARG_03,10.5,,,,
2024-11-07,MOCK_ARG_03,0.0,,,,
2024-11-08,MOCK_ARG_03,0.0,,,,
2024-11-09,MOCK_ARG_03,0.0,,,,
2024-11-10,MOCK_ARG_03,0.0,,,,
2024-11-11,MOCK_ARG_03,0.0,,,,
2024-11-12,MOCK_ARG_03,0.0,,,,
2024-11-13,MOCK_ARG_03,0.0,,,,
2024-11-14,MOCK_ARG_03,0.0,,,,
2024-11-15,MOCK_ARG_03,0.0,,,,
2024-11-16,MOCK_ARG_03,0.0,,,,
2024-11-17,MOCK_ARG_03,0.0,,,,
2024-11-18,MOCK_ARG_03,0.0,,,,
2024-11-19,MOCK_ARG_03,0.0,,,,
2024-11-20,MOCK_ARG_03,0.0,,,,
2024-11-21,MOCK_ARG_03,0.0,,,,
2024-11-22,MOCK_ARG_03,0.0,,,,
2024-11-23,MOCK_ARG_03,0.0,,,,
2024-11-24,MOCK_ARG_03,0.0,,,,
2024-11-25,MOCK_ARG_03,0.0,,,,
2024-11-26,MOCK_ARG_03,0.0,,,,
2024-11-27,MOCK_ARG_03,0.0,,,,
2024-11-28,MOCK_ARG_03,6.5,,,,
2024-11-29,MOCK_ARG_03,0.0,,,,
2024-11-30,MOCK_ARG_03,0.0,,,,
2024-12-01,MOCK_ARG_03,0.0,,,,
2024-12-02,MOCK_ARG_03,,,,,
2024-12-03,MOCK_ARG_03,0.0,,,,
2024-12-04,MOCK_ARG_03,0.0,,,,
2024-12-05,MOCK_ARG_03,0.0,,,,
2024-12-06,MOCK_ARG_03,0.0,,,,
2024-12-07,MOCK_ARG_03,0.0,,,,
2024-12-08,MOCK_ARG_03,0.0,,,,
2024-12-09,MOCK_ARG_03,0.0,,,,
2024-12-10,MOCK_ARG_03,0.0,,,,
2024-12-11,MOCK_ARG_03,,,,,
2024-12-12,MOCK_ARG_03,,,,,
2024-12-13,MOCK_ARG_03,0.0,,,,
2024-12-14,MOCK_ARG_03,0.0,,,,
2024-12-15,MOCK_ARG_03,0.0,,,,
2024-12-16,MOCK_ARG_03,0.0,,,,
2024-12-17,MOCK_ARG_03,0.0,,,,
2024-12-18,MOCK_ARG_03,0.0,,,,
2024-12-19,MOCK_ARG_03,0.0,,,,
2024-12-20,MOCK_ARG_03,0.0,,,,
2024-12-21,MOCK_ARG_03,0.0,,,,
2024-12-22,MOCK_ARG_03,0.0,,,,
2024-12-23,MOCK_ARG_03,0.0,,,,
2024-12-24,MOCK_ARG_03,0.0,,,,
2024-12-25,MOCK_ARG_03,0.0,,,,
2024-12-26,MOCK_ARG_03,0.5,,,,
2024-12-27,MOCK_ARG_03,0.5,,,,
2024-12-28,MOCK_ARG_03,0.0,,,,
2024-12-29,MOCK_ARG_03,0.0,,,,
2024-12-30,MOCK_ARG_03,0.0,,,,
2024-12-31,MOCK_ARG_03,0.0,,,,
2023-01-01,MOCK_ARG_04,0.0,,,,
2023-01-02,MOCK_ARG_04,0.0,,,,
2023-01-03,MOCK_ARG_04,0.0,,,,
2023-01-04,MOCK_ARG_04,0.0,,,,
2023-01-05,MOCK_ARG_04,0.0,,,,
2023-01-06,MOCK_ARG_04,0.0,,,,
2023-01-07,MOCK_ARG_04,0.0,,,,
2023-01-08,MOCK_ARG_04,0.0,,,,
2023-01-09,MOCK_ARG_04,0.0,,,,
2023-01-10,MOCK_ARG_04,0.0,,,,
2023-01-11,MOCK_ARG_04,1.5,,,,
2023-01-12,MOCK_ARG_04,0.0,,,,
2023-01-13,MOCK_ARG_04,0.0,,,,
2023-01-14,MOCK_ARG_04,0.0,,,,
2023-01-15,MOCK_ARG_04,0.0,,,,
2023-01-16,MOCK_ARG_04,0.0,,,,
2023-01-17,MOCK_ARG_04,0.0,,,,
2023-01-18,MOCK_ARG_04,0.0,,,,
2023-01-19,MOCK_ARG_04,0.0,,,,
2023-01-20,MOCK_ARG_04,1.5,,,,
2023-01-21,MOCK_ARG_04,0.0,,,,
2023-01-22,MOCK_ARG_04,0.0,,,,
2023-01-23,MOCK_ARG_04,0.0,,,,
2023-01-24,MOCK_ARG_04,0.0,,,,
2023-01-25,MOCK_ARG_04,0.0,,,,
2023-01-26,MOCK_ARG_04,0.0,,,,
2023-01-27,MOCK_ARG_04,0.0,,,,
2023-01-28,MOCK_ARG_04,0.0,,,,
2023-01-29,MOCK_ARG_04,0.0,,,,
2023-01-30,MOCK_ARG_04,0.0,,,,
2023-01-31,MOCK_ARG_04,0.0,,,,
2023-02-01,MOCK_ARG_04,0.0,,,,
2023-02-02,MOCK_ARG_04,0.0,,,,
2023-02-03,MOCK_ARG_04,0.0,,,,
2023-02-04,MOCK_ARG_04,0.0,,,,
2023-02-05,MOCK_ARG_04,0.0,,,,
2023-02-06,MOCK_ARG_04,0.0,,,,
2023-02-07,MOCK_ARG_04,0.0,,,,
2023-02-08,MOCK_ARG_04,0.0,,,,
2023-02-09,MOCK_ARG_04,0.0,,,,
2023-02-10,MOCK_ARG_04,0.0,,,,
2023-02-11,MOCK_ARG_04,0.0,,,,
2023-02-12,MOCK_ARG_04,0.0,,,,
2023-02-13,MOCK_ARG_04,0.0,,,,
2023-02-14,MOCK_ARG_04,0.0,,,,
2023-02-15,MOCK_ARG_04,0.0,,,,
2023-02-16,MOCK_ARG_04,0.0,,,,
2023-02-17,MOCK_ARG_04,0.0,,,,
2023-02-18,MOCK_ARG_04,0.0,,,,
2023-02-19,MOCK_ARG_04,0.0,,,,
2023-02-20,MOCK_ARG_04,0.0,,,,
2023-02-21,MOCK_ARG_04,0.0,,,,
2023-02-22,MOCK_ARG_04,5.0,,,,
2023-02-23,MOCK_ARG_04,0.0,,,,
2023-02-24,MOCK_ARG_04,0.0,,,,
2023-02-25,MOCK_ARG_04,0.0,,,,
2023-02-26,MOCK_ARG_04,,,,,
2023-02-27,MOCK_ARG_04,1.5,,,,
2023-02-28,MOCK_ARG_04,0.0,,,,
2023-03-01,MOCK_ARG_04,0.0,,,,
2023-03-02,MOCK_ARG_04,,,,,
2023-03-03,MOCK_ARG_04,0.0,,,,
2023-03-04,MOCK_ARG_04,3.0,,,,
2023-03-05,MOCK_ARG_04,0.0,,,,
2023-03-06,MOCK_ARG_04,0.0,,,,
2023-03-07,MOCK_ARG_04,0.0,,,,
2023-03-08,MOCK_ARG_04,0.0,,,,
2023-03-09,MOCK_ARG_04,0.0,,,,
2023-03-10,MOCK_ARG_04,0.0,,,,
2023-03-11,MOCK_ARG_04,0.0,,,,
2023-03-12,MOCK_ARG_04,0.0,,,,
2023-03-13,MOCK_ARG_04,0.0,,,,
2023-03-14,MOCK_ARG_04,0.0,,,,
2023-03-15,MOCK_ARG_04,0.0,,,,
2023-03-16,MOCK_ARG_04,,,,,
2023-03-17,MOCK_ARG_04,0.5,,,,
2023-03-18,MOCK_ARG_04,12.5,,,,
2023-03-19,MOCK_ARG_04,0.0,,,,
2023-03-20,MOCK_ARG_04,16.5,,,,
2023-03-21,MOCK_ARG_04,0.0,,,,
2023-03-22,MOCK_ARG_04,0.0,,,,
2023-03-23,MOCK_ARG_04,0.0,,,,
2023-03-24,MOCK_ARG_04,0.0,,,,
2023-03-25,MOCK_ARG_04,0.0,,,,
2023-03-26,MOCK_ARG_04,0.0,,,,
2023-03-27,MOCK_ARG_04,0.0,,,,
2023-03-28,MOCK_ARG_04,0.0,,,,
2023-03-29,MOCK_ARG_04,0.0,,,,
2023-03-30,MOCK_ARG_04,0.0,,,,
2023-03-31,MOCK_ARG_04,0.0,,,,
2023-04-01,MOCK_ARG_04,0.0,,,,
2023-04-02,MOCK_ARG_04,0.0,,,,
2023-04-03,MOCK_ARG_04,0.5,,,,
2023-04-04,MOCK_ARG_04,0.0,,,,
2023-04-05,MOCK_ARG_04,0.0,,,,
2023-04-06,MOCK_ARG_04,0.0,,,,
2023-04-07,MOCK_ARG_04,0.0,,,,
2023-04-08,MOCK_ARG_04,0.0,,,,
2023-04-09,MOCK_ARG_04,0.0,,,,
2023-04-10,MOCK_ARG_04,0.0,,,,
2023-04-11,MOCK_ARG_04,0.0,,,,
2023-04-12,MOCK_ARG_04,0.0,,,,
2023-04-13,MOCK_ARG_04,0.0,,,,
2023-04-14,MOCK_ARG_04,8.0,,,,
2023-04-15,MOCK_ARG_04,0.0,,,,
2023-04-16,MOCK_ARG_04,0.0,,,,
2023-04-17,MOCK_ARG_04,0.0,,,,
2023-04-18,MOCK_ARG_04,0.0,,,,
2023-04-19,MOCK_ARG_04,3.0,,,,
2023-04-20,MOCK_ARG_04,0.0,,,,
2023-04-21,MOCK_ARG_04,0.0,,,,
2023-04-22,MOCK_ARG_04,0.0,,,,
2023-04-23,MOCK_ARG_04,0.0,,,,
2023-04-24,MOCK_ARG_04,0.0,,,,
2023-04-25,MOCK_ARG_04,0.0,,,,
2023-04-26,MOCK_ARG_04,0.0,,,,
2023-04-27,MOCK_ARG_04,0.0,,,,
2023-04-28,MOCK_ARG_04,0.0,,,,
2023-04-29,MOCK_ARG_04,0.0,,,,
2023-04-30,MOCK_ARG_04,0.0,,,,
2023-05-01,MOCK_ARG_04,9.0,,,,
2023-05-02,MOCK_ARG_04,0.0,,,,
2023-05-03,MOCK_ARG_04,0.0,,,,
2023-05-04,MOCK_ARG_04,0.0,,,,
2023-05-05,MOCK_ARG_04,0.0,,,,
2023-05-06,MOCK_ARG_04,0.0,,,,
2023-05-07,MOCK_ARG_04,0.0,,,,
2023-05-08,MOCK_ARG_04,0.0,,,,
2023-05-09,MOCK_ARG_04,0.0,,,,
2023-05-10,MOCK_ARG_04,0.0,,,,
2023-05-11,MOCK_ARG_04,0.0,,,,
2023-05-12,MOCK_ARG_04,0.0,,,,
2023-05-13,MOCK_ARG_04,0.0,,,,
2023-05-14,MOCK_ARG_04,0.0,,,,
2023-05-15,MOCK_ARG_04,0.0,,,,
2023-05-16,MOCK_ARG_04,0.0,,,,
2023-05-17,MOCK_ARG_04,0.0,,,,
2023-05-18,MOCK_ARG_04,0.0,,,,
2023-05-19,MOCK_ARG_04,0.0,,,,
2023-05-20,MOCK_ARG_04,0.0,,,,
2023-05-21,MOCK_ARG_04,0.0,,,,
2023-05-22,MOCK_ARG_04,0.0,,,,
2023-05-23,MOCK_ARG_04,0.0,,,,
2023-05-24,MOCK_ARG_04,0.0,,,,
2023-05-25,MOCK_ARG_04,0.0,,,,
2023-05-26,MOCK_ARG_04,1.5,,,,
2023-05-27,MOCK_ARG_04,,,,,
2023-05-28,MOCK_ARG_04,0.0,,,,
2023-05-29,MOCK_ARG_04,0.0,,,,
2023-05-30,MOCK_ARG_04,0.0,,,,
2023-05-31,MOCK_ARG_04,0.0,,,,
2023-06-01,MOCK_ARG_04,0.0,,,,
2023-06-02,MOCK_ARG_04,0.0,,,,
2023-06-03,MOCK_ARG_04,0.0,,,,
2023-06-04,MOCK_ARG_04,0.0,,,,
2023-06-05,MOCK_ARG_04,0.0,,,,
2023-06-06,MOCK_ARG_04,0.0,,,,
2023-06-07,MOCK_ARG_04,0.0,,,,
2023-06-08,MOCK_ARG_04,0.0,,,,
2023-06-09,MOCK_ARG_04,0.0,,,,
2023-06-10,MOCK_ARG_04,0.0,,,,
2023-06-11,MOCK_ARG_04,1.0,,,,
2023-06-12,MOCK_ARG_04,0.0,,,,
2023-06-13,MOCK_ARG_04,0.0,,,,
2023-06-14,MOCK_ARG_04,0.0,,,,
2023-06-15,MOCK_ARG_04,0.0,,,,
2023-06-16,MOCK_ARG_04,0.0,,,,
2023-06-17,MOCK_ARG_04,0.0,,,,
2023-06-18,MOCK_ARG_04,0.0,,,,
2023-06-19,MOCK_ARG_04,0.0,,,,
2023-06-20,MOCK_ARG_04,0.0,,,,
2023-06-21,MOCK_ARG_04,0.0,,,,
2023-06-22,MOCK_ARG_04,0.0,,,,
2023-06-23,MOCK_ARG_04,0.0,,,,
2023-06-24,MOCK_ARG_04,0.0,,,,
2023-06-25,MOCK_ARG_04,,,,,
2023-06-26,MOCK_ARG_04,0.0,,,,
2023-06-27,MOCK_ARG_04,1.0,,,,
2023-06-28,MOCK_ARG_04,0.0,,,,
2023-06-29,MOCK_ARG_04,0.0,,,,
2023-06-30,MOCK_ARG_04,0.0,,,,
2023-07-01,MOCK_ARG_04,0.0,,,,
2023-07-02,MOCK_ARG_04,0.0,,,,
2023-07-03,MOCK_ARG_04,26.5,,,,
2023-07-04,MOCK_ARG_04,0.0,,,,
2023-07-05,MOCK_ARG_04,0.0,,,,
2023-07-06,MOCK_ARG_04,0.0,,,,
2023-07-07,MOCK_ARG_04,0.0,,,,
2023-07-08,MOCK_ARG_04,0.0,,,,
2023-07-09,MOCK_ARG_04,0.0,,,,
2023-07-10,MOCK_ARG_04,0.0,,,,
2023-07-11,MOCK_ARG_04,0.0,,,,
2023-07-12,MOCK_ARG_04,0.0,,,,
2023-07-13,MOCK_ARG_04,0.0,,,,
2023-07-14,MOCK_ARG_04,0.0,,,,
2023-07-15,MOCK_ARG_04,0.0,,,,
2023-07-16,MOCK_ARG_04,0.0,,,,
2023-07-17,MOCK_ARG_04,0.0,,,,
2023-07-18,MOCK_ARG_04,0.0,,,,
2023-07-19,MOCK_ARG_04,0.0,,,,
2023-07-20,MOCK_ARG_04,0.0,,,,
2023-07-21,MOCK_ARG_04,0.5,,,,
2023-07-22,MOCK_ARG_04,0.0,,,,
2023-07-23,MOCK_ARG_04,13.5,,,,
2023-07-24,MOCK_ARG_04,0.0,,,,
2023-07-25,MOCK_ARG_04,2.0,,,,
2023-07-26,MOCK_ARG_04,0.0,,,,
2023-07-27,MOCK_ARG_04,0.0,,,,
2023-07-28,MOCK_ARG_04,0.0,,,,
2023-07-29,MOCK_ARG_04,0.0,,,,
2023-07-30,MOCK_ARG_04,0.0,,,,
2023-07-31,MOCK_ARG_04,0.0,,,,
2023-08-01,MOCK_ARG_04,0.0,,,,
2023-08-02,MOCK_ARG_04,0.0,,,,
2023-08-03,MOCK_ARG_04,0.5,,,,
2023-08-04,MOCK_ARG_04,0.0,,,,
2023-08-05,MOCK_ARG_04,0.0,,,,
2023-08-06,MOCK_ARG_04,0.0,,,,
2023-08-07,MOCK_ARG_04,0.0,,,,
2023-08-08,MOCK_ARG_04,0.0,,,,
2023-08-09,MOCK_ARG_04,0.0,,,,
2023-08-10,MOCK_ARG_04,0.0,,,,
2023-08-11,MOCK_ARG_04,0.0,,,,
2023-08-12,MOCK_ARG_04,0.0,,,,
2023-08-13,MOCK_ARG_04,0.0,,,,
2023-08-14,MOCK_ARG_04,0.0,,,,
2023-08-15,MOCK_ARG_04,12.5,,,,
2023-08-16,MOCK_ARG_04,67.0,,,,
2023-08-17,MOCK_ARG_04,0.0,,,,
2023-08-18,MOCK_ARG_04,0.0,,,,
2023-08-19,MOCK_ARG_04,0.0,,,,
2023-08-20,MOCK_ARG_04,0.0,,,,
2023-08-21,MOCK_ARG_04,38.5,,,,
2023-08-22,MOCK_ARG_04,0.0,,,,
2023-08-23,MOCK_ARG_04,0.0,,,,
2023-08-24,MOCK_ARG_04,0.0,,,,
2023-08-25,MOCK_ARG_04,0.0,,,,
2023-08-26,MOCK_ARG_04,0.0,,,,
2023-08-27,MOCK_ARG_04,0.0,,,,
2023-08-28,MOCK_ARG_04,0.0,,,,
2023-08-29,MOCK_ARG_04,0.0,,,,
2023-08-30,MOCK_ARG_04,0.0,,,,
2023-08-31,MOCK_ARG_04,0.0,,,,
2023-09-01,MOCK_ARG_04,0.0,,,,
2023-09-02,MOCK_ARG_04,0.0,,,,
2023-09-03,MOCK_ARG_04,0.0,,,,
2023-09-04,MOCK_ARG_04,0.0,,,,
2023-09-05,MOCK_ARG_04,0.0,,,,
2023-09-06,MOCK_ARG_04,0.0,,,,
2023-09-07,MOCK_ARG_04,4.0,,,,
2023-09-08,MOCK_ARG_04,15.0,,,,
2023-09-09,MOCK_ARG_04,0.0,,,,
2023-09-10,MOCK_ARG_04,0.0,,,,
2023-09-11,MOCK_ARG_04,0.0,,,,
2023-09-12,MOCK_ARG_04,0.0,,,,
2023-09-13,MOCK_ARG_04,0.0,,,,
2023-09-14,MOCK_ARG_04,0.0,,,,
2023-09-15,MOCK_ARG_04,0.0,,,,
2023-09-16,MOCK_ARG_04,0.0,,,,
2023-09-17,MOCK_ARG_04,2.5,,,,
2023-09-18,MOCK_ARG_04,0.0,,,,
2023-09-19,MOCK_ARG_04,0.0,,,,
2023-09-20,MOCK_ARG_04,0.0,,,,
2023-09-21,MOCK_ARG_04,0.0,,,,
2023-09-22,MOCK_ARG_04,0.0,,,,
2023-09-23,MOCK_ARG_04,0.0,,,,
2023-09-24,MOCK_ARG_04,0.0,,,,
2023-09-25,MOCK_ARG_04,0.0,,,,
2023-09-26,MOCK_ARG_04,48.0,,,,
2023-09-27,MOCK_ARG_04,0.0,,,,
2023-09-28,MOCK_ARG_04,0.0,,,,
2023-09-29,MOCK_ARG_04,0.0,,,,
2023-09-30,MOCK_ARG_04,1.0,,,,
2023-10-01,MOCK_ARG_04,0.0,,,,
2023-10-02,MOCK_ARG_04,0.0,,,,
2023-10-03,MOCK_ARG_04,0.0,,,,
2023-10-04,MOCK_ARG_04,0.0,,,,
2023-10-05,MOCK_ARG_04,0.0,,,,
2023-10-06,MOCK_ARG_04,0.0,,,,
2023-10-07,MOCK_ARG_04,,,,,
2023-10-08,MOCK_ARG_04,0.0,,,,
2023-10-09,MOCK_ARG_04,0.0,,,,
2023-10-10,MOCK_ARG_04,0.0,,,,
2023-10-11,MOCK_ARG_04,0.0,,,,
2023-10-12,MOCK_ARG_04,0.0,,,,
2023-10-13,MOCK_ARG_04,0.0,,,,
2023-10-14,MOCK_ARG_04,0.0,,,,
2023-10-15,MOCK_ARG_04,0.0,,,,
2023-10-16,MOCK_ARG_04,0.0,,,,
2023-10-17,MOCK_ARG_04,0.0,,,,
2023-10-18,MOCK_ARG_04,,,,,
2023-10-19,MOCK_ARG_04,0.0,,,,
2023-10-20,MOCK_ARG_04,0.0,,,,
2023-10-21,MOCK_ARG_04,0.0,,,,
2023-10-22,MOCK_ARG_04,0.0,,,,
2023-10-23,MOCK_ARG_04,0.0,,,,
2023-10-24,MOCK_ARG_04,0.0,,,,
2023-10-25,MOCK_ARG_04,0.0,,,,
2023-10-26,MOCK_ARG_04,0.0,,,,
2023-10-27,MOCK_ARG_04,0.0,,,,
2023-10-28,MOCK_ARG_04,0.0,,,,
2023-10-29,MOCK_ARG_04,0.0,,,,
2023-10-30,MOCK_ARG_04,0.0,,,,
2023-10-31,MOCK_ARG_04,0.0,,,,
2023-11-01,MOCK_ARG_04,0.0,,,,
2023-11-02,MOCK_ARG_04,0.0,,,,
2023-11-03,MOCK_ARG_04,0.0,,,,
2023-11-04,MOCK_ARG_04,0.0,,,,
2023-11-05,MOCK_ARG_04,0.0,,,,
2023-11-06,MOCK_ARG_04,0.0,,,,
2023-11-07,MOCK_ARG_04,0.0,,,,
2023-11-08,MOCK_ARG_04,0.0,,,,
2023-11-09,MOCK_ARG_04,0.0,,,,
2023-11-10,MOCK_ARG_04,0.0,,,,
2023-11-11,MOCK_ARG_04,0.0,,,,
2023-11-12,MOCK_ARG_04,0.0,,,,
2023-11-13,MOCK_ARG_04,0.0,,,,
2023-11-14,MOCK_ARG_04,0.0,,,,
2023-11-15,MOCK_ARG_04,0.0,,,,
2023-11-16,MOCK_ARG_04,0.0,,,,
2023-11-17,MOCK_ARG_04,0.0,,,,
2023-11-18,MOCK_ARG_04,0.0,,,,
2023-11-19,MOCK_ARG_04,0.0,,,,
2023-11-20,MOCK_ARG_04,0.0,,,,
2023-11-21,MOCK_ARG_04,0.0,,,,
2023-11-22,MOCK_ARG_04,,,,,
2023-11-23,MOCK_ARG_04,0.0,,,,
2023-11-24,MOCK_ARG_04,0.0,,,,
2023-11-25,MOCK_ARG_04,0.0,,,,
2023-11-26,MOCK_ARG_04,0.0,,,,
2023-11-27,MOCK_ARG_04,0.0,,,,
2023-11-28,MOCK_ARG_04,0.0,,,,
2023-11-29,MOCK_ARG_04,0.0,,,,
2023-11-30,MOCK_ARG_04,0.0,,,,
2023-12-01,MOCK_ARG_04,0.0,,,,
2023-12-02,MOCK_ARG_04,0.0,,,,
2023-12-03,MOCK_ARG_04,0.0,,,,
2023-12-04,MOCK_ARG_04,0.0,,,,
2023-12-05,MOCK_ARG_04,0.0,,,,
2023-12-06,MOCK_ARG_04,0.0,,,,
2023-12-07,MOCK_ARG_04,0.0,,,,
2023-12-08,MOCK_ARG_04,0.0,,,,
2023-12-09,MOCK_ARG_04,0.0,,,,
2023-12-10,MOCK_ARG_04,0.0,,,,
2023-12-11,MOCK_ARG_04,3.5,,,,
2023-12-12,MOCK_ARG_04,,,,,
2023-12-13,MOCK_ARG_04,0.0,,,,
2023-12-14,MOCK_ARG_04,0.0,,,,
2023-12-15,MOCK_ARG_04,0.0,,,,
2023-12-16,MOCK_ARG_04,0.0,,,,
2023-12-17,MOCK_ARG_04,0.0,,,,
2023-12-18,MOCK_ARG_04,,,,,
2023-12-19,MOCK_ARG_04,0.0,,,,
2023-12-20,MOCK_ARG_04,0.0,,,,
2023-12-21,MOCK_ARG_04,0.0,,,,
2023-12-22,MOCK_ARG_04,0.0,,,,
2023-12-23,MOCK_ARG_04,0.0,,,,
2023-12-24,MOCK_ARG_04,0.0,,,,
2023-12-25,MOCK_ARG_04,0.0,,,,
2023-12-26,MOCK_ARG_04,,,,,
2023-12-27,MOCK_ARG_04,0.0,,,,
2023-12-28,MOCK_ARG_04,0.0,,,,
2023-12-29,MOCK_ARG_04,0.0,,,,
2023-12-30,MOCK_ARG_04,0.0,,,,
2023-12-31,MOCK_ARG_04,0.0,,,,
2024-01-01,MOCK_ARG_04,0.0,,,,
2024-01-02,MOCK_ARG_04,0.0,,,,
2024-01-03,MOCK_ARG_04,0.0,,,,
2024-01-04,MOCK_ARG_04,0.0,,,,
2024-01-05,MOCK_ARG_04,0.0,,,,
2024-01-06,MOCK_ARG_04,0.0,,,,
2024-01-07,MOCK_ARG_04,0.0,,,,
2024-01-08,MOCK_ARG_04,0.0,,,,
2024-01-09,MOCK_ARG_04,0.0,,,,
2024-01-10,MOCK_ARG_04,,,,,
2024-01-11,MOCK_ARG_04,0.0,,,,
2024-01-12,MOCK_ARG_04,,,,,
2024-01-13,MOCK_ARG_04,0.0,,,,
2024-01-14,MOCK_ARG_04,0.0,,,,
2024-01-15,MOCK_ARG_04,0.0,,,,
2024-01-16,MOCK_ARG_04,0.0,,,,
2024-01-17,MOCK_ARG_04,0.0,,,,
2024-01-18,MOCK_ARG_04,0.0,,,,
2024-01-19,MOCK_ARG_04,0.0,,,,
2024-01-20,MOCK_ARG_04,,,,,
2024-01-21,MOCK_ARG_04,0.0,,,,
2024-01-22,MOCK_ARG_04,0.0,,,,
2024-01-23,MOCK_ARG_04,0.0,,,,
2024-01-24,MOCK_ARG_04,2.0,,,,
2024-01-25,MOCK_ARG_04,0.0,,,,
2024-01-26,MOCK_ARG_04,0.0,,,,
2024-01-27,MOCK_ARG_04,2.5,,,,
2024-01-28,MOCK_ARG_04,0.0,,,,
2024-01-29,MOCK_ARG_04,,,,,
2024-01-30,MOCK_ARG_04,10.0,,,,
2024-01-31,MOCK_ARG_04,6.0,,,,
2024-02-01,MOCK_ARG_04,0.0,,,,
2024-02-02,MOCK_ARG_04,0.0,,,,
2024-02-03,MOCK_ARG_04,0.0,,,,
2024-02-04,MOCK_ARG_04,0.0,,,,
2024-02-05,MOCK_ARG_04,3.5,,,,
2024-02-06,MOCK_ARG_04,0.0,,,,
2024-02-07,MOCK_ARG_04,0.0,,,,
2024-02-08,MOCK_ARG_04,0.0,,,,
2024-02-09,MOCK_ARG_04,0.0,,,,
2024-02-10,MOCK_ARG_04,5.0,,,,
2024-02-11,MOCK_ARG_04,0.0,,,,
2024-02-12,MOCK_ARG_04,0.0,,,,
2024-02-13,MOCK_ARG_04,0.0,,,,
2024-02-14,MOCK_ARG_04,0.0,,,,
2024-02-15,MOCK_ARG_04,0.0,,,,
2024-02-16,MOCK_ARG_04,0.0,,,,
2024-02-17,MOCK_ARG_04,0.0,,,,
2024-02-18,MOCK_ARG_04,0.0,,,,
2024-02-19,MOCK_ARG_04,0.0,,,,
2024-02-20,MOCK_ARG_04,0.0,,,,
2024-02-21,MOCK_ARG_04,0.0,,,,
2024-02-22,MOCK_ARG_04,0.0,,,,
2024-02-23,MOCK_ARG_04,0.0,,,,
2024-02-24,MOCK_ARG_04,0.0,,,,
2024-02-25,MOCK_ARG_04,0.0,,,,
2024-02-26,MOCK_ARG_04,0.0,,,,
2024-02-27,MOCK_ARG_04,0.0,,,,
2024-02-28,MOCK_ARG_04,0.0,,,,
2024-02-29,MOCK_ARG_04,0.0,,,,
2024-03-01,MOCK_ARG_04,0.0,,,,
2024-03-02,MOCK_ARG_04,0.0,,,,
2024-03-03,MOCK_ARG_04,0.0,,,,
2024-03-04,MOCK_ARG_04,0.0,,,,
2024-03-05,MOCK_ARG_04,0.0,,,,
2024-03-06,MOCK_ARG_04,0.0,,,,
2024-03-07,MOCK_ARG_04,0.0,,,,
2024-03-08,MOCK_ARG_04,0.0,,,,
2024-03-09,MOCK_ARG_04,0.0,,,,
2024-03-10,MOCK_ARG_04,0.0,,,,
2024-03-11,MOCK_ARG_04,0.0,,,,
2024-03-12,MOCK_ARG_04,0.0,,,,
2024-03-13,MOCK_ARG_04,2.0,,,,
2024-03-14,MOCK_ARG_04,,,,,
2024-03-15,MOCK_ARG_04,0.0,,,,
2024-03-16,MOCK_ARG_04,,,,,
2024-03-17,MOCK_ARG_04,0.0,,,,
2024-03-18,MOCK_ARG_04,0.0,,,,
2024-03-19,MOCK_ARG_04,0.0,,,,
2024-03-20,MOCK_ARG_04,0.0,,,,
2024-03-21,MOCK_ARG_04,0.0,,,,
2024-03-22,MOCK_ARG_04,0.0,,,,
2024-03-23,MOCK_ARG_04,0.0,,,,
2024-03-24,MOCK_ARG_04,0.0,,,,
2024-03-25,MOCK_ARG_04,0.0,,,,
2024-03-26,MOCK_ARG_04,0.0,,,,
2024-03-27,MOCK_ARG_04,0.0,,,,
2024-03-28,MOCK_ARG_04,0.0,,,,
2024-03-29,MOCK_ARG_04,0.0,,,,
2024-03-30,MOCK_ARG_04,0.0,,,,
2024-03-31,MOCK_ARG_04,0.0,,,,
2024-04-01,MOCK_ARG_04,0.0,,,,
2024-04-02,MOCK_ARG_04,0.0,,,,
2024-04-03,MOCK_ARG_04,7.0,,,,
2024-04-04,MOCK_ARG_04,0.0,,,,
2024-04-05,MOCK_ARG_04,0.0,,,,
2024-04-06,MOCK_ARG_04,0.0,,,,
2024-04-07,MOCK_ARG_04,0.0,,,,
2024-04-08,MOCK_ARG_04,0.0,,,,
2024-04-09,MOCK_ARG_04,0.0,,,,
2024-04-10,MOCK_ARG_04,0.0,,,,
2024-04-11,MOCK_ARG_04,0.0,,,,
2024-04-12,MOCK_ARG_04,0.0,,,,
2024-04-13,MOCK_ARG_04,0.0,,,,
2024-04-14,MOCK_ARG_04,0.0,,,,
2024-04-15,MOCK_ARG_04,0.0,,,,
2024-04-16,MOCK_ARG_04,0.0,,,,
2024-04-17,MOCK_ARG_04,0.0,,,,
2024-04-18,MOCK_ARG_04,0.0,,,,
2024-04-19,MOCK_ARG_04,0.0,,,,
2024-04-20,MOCK_ARG_04,0.0,,,,
2024-04-21,MOCK_ARG_04,0.0,,,,
2024-04-22,MOCK_ARG_04,1.5,,,,
2024-04-23,MOCK_ARG_04,0.0,,,,
2024-04-24,MOCK_ARG_04,0.0,,,,
2024-04-25,MOCK_ARG_04,0.0,,,,
2024-04-26,MOCK_ARG_04,0.0,,,,
2024-04-27,MOCK_ARG_04,0.0,,,,
2024-04-28,MOCK_ARG_04,,,,,
2024-04-29,MOCK_ARG_04,0.0,,,,
2024-04-30,MOCK_ARG_04,0.0,,,,
2024-05-01,MOCK_ARG_04,0.0,,,,
2024-05-02,MOCK_ARG_04,0.0,,,,
2024-05-03,MOCK_ARG_04,0.0,,,,
2024-05-04,MOCK_ARG_04,0.0,,,,
2024-05-05,MOCK_ARG_04,0.0,,,,
2024-05-06,MOCK_ARG_04,0.0,,,,
2024-05-07,MOCK_ARG_04,0.0,,,,
2024-05-08,MOCK_ARG_04,0.0,,,,
2024-05-09,MOCK_ARG_04,0.0,,,,
2024-05-10,MOCK_ARG_04,0.0,,,,
2024-05-11,MOCK_ARG_04,0.0,,,,
2024-05-12,MOCK_ARG_04,4.0,,,,
2024-05-13,MOCK_ARG_04,0.0,,,,
2024-05-14,MOCK_ARG_04,0.0,,,,
2024-05-15,MOCK_ARG_04,0.0,,,,
2024-05-16,MOCK_ARG_04,,,,,
2024-05-17,MOCK_ARG_04,0.0,,,,
2024-05-18,MOCK_ARG_04,0.0,,,,
2024-05-19,MOCK_ARG_04,0.0,,,,
2024-05-20,MOCK_ARG_04,0.0,,,,
2024-05-21,MOCK_ARG_04,0.0,,,,
2024-05-22,MOCK_ARG_04,0.0,,,,
2024-05-23,MOCK_ARG_04,0.0,,,,
2024-05-24,MOCK_ARG_04,0.0,,,,
2024-05-25,MOCK_ARG_04,0.0,,,,
2024-05-26,MOCK_ARG_04,0.0,,,,
2024-05-27,MOCK_ARG_04,0.0,,,,
2024-05-28,MOCK_ARG_04,,,,,
2024-05-29,MOCK_ARG_04,0.0,,,,
2024-05-30,MOCK_ARG_04,0.0,,,,
2024-05-31,MOCK_ARG_04,,,,,
2024-06-01,MOCK_ARG_04,0.0,,,,
2024-06-02,MOCK_ARG_04,0.0,,,,
2024-06-03,MOCK_ARG_04,0.0,,,,
2024-06-04,MOCK_ARG_04,0.0,,,,
2024-06-05,MOCK_ARG_04,,,,,
2024-06-06,MOCK_ARG_04,,,,,
2024-06-07,MOCK_ARG_04,,,,,
2024-06-08,MOCK_ARG_04,0.0,,,,
2024-06-09,MOCK_ARG_04,0.0,,,,
2024-06-10,MOCK_ARG_04,0.0,,,,
2024-06-11,MOCK_ARG_04,0.0,,,,
2024-06-12,MOCK_ARG_04,0.0,,,,
2024-06-13,MOCK_ARG_04,0.0,,,,
2024-06-14,MOCK_ARG_04,0.0,,,,
2024-06-15,MOCK_ARG_04,0.0,,,,
2024-06-16,MOCK_ARG_04,0.0,,,,
2024-06-17,MOCK_ARG_04,0.0,,,,
2024-06-18,MOCK_ARG_04,0.0,,,,
2024-06-19,MOCK_ARG_04,0.0,,,,
2024-06-20,MOCK_ARG_04,0.0,,,,
2024-06-21,MOCK_ARG_04,29.5,,,,
2024-06-22,MOCK_ARG_04,0.0,,,,
2024-06-23,MOCK_ARG_04,0.0,,,,
2024-06-24,MOCK_ARG_04,0.0,,,,
2024-06-25,MOCK_ARG_04,7.0,,,,
2024-06-26,MOCK_ARG_04,0.0,,,,
2024-06-27,MOCK_ARG_04,0.0,,,,
2024-06-28,MOCK_ARG_04,2.5,,,,
2024-06-29,MOCK_ARG_04,15.0,,,,
2024-06-30,MOCK_ARG_04,0.0,,,,
2024-07-01,MOCK_ARG_04,0.0,,,,
2024-07-02,MOCK_ARG_04,0.0,,,,
2024-07-03,MOCK_ARG_04,0.0,,,,
2024-07-04,MOCK_ARG_04,64.0,,,,
2024-07-05,MOCK_ARG_04,0.5,,,,
2024-07-06,MOCK_ARG_04,0.0,,,,
2024-07-07,MOCK_ARG_04,0.0,,,,
2024-07-08,MOCK_ARG_04,0.0,,,,
2024-07-09,MOCK_ARG_04,0.0,,,,
2024-07-10,MOCK_ARG_04,0.0,,,,
2024-07-11,MOCK_ARG_04,0.0,,,,
2024-07-12,MOCK_ARG_04,0.0,,,,
2024-07-13,MOCK_ARG_04,0.0,,,,
2024-07-14,MOCK_ARG_04,0.0,,,,
2024-07-15,MOCK_ARG_04,0.0,,,,
2024-07-16,MOCK_ARG_04,0.0,,,,
2024-07-17,MOCK_ARG_04,0.0,,,,
2024-07-18,MOCK_ARG_04,0.0,,,,
2024-07-19,MOCK_ARG_04,0.0,,,,
2024-07-20,MOCK_ARG_04,0.0,,,,
2024-07-21,MOCK_ARG_04,0.0,,,,
2024-07-22,MOCK_ARG_04,0.0,,,,
2024-07-23,MOCK_ARG_04,0.0,,,,
2024-07-24,MOCK_ARG_04,0.0,,,,
2024-07-25,MOCK_ARG_04,,,,,
2024-07-26,MOCK_ARG_04,0.0,,,,
2024-07-27,MOCK_ARG_04,0.0,,,,
2024-07-28,MOCK_ARG_04,0.0,,,,
2024-07-29,MOCK_ARG_04,0.0,,,,
2024-07-30,MOCK_ARG_04,1.5,,,,
2024-07-31,MOCK_ARG_04,0.0,,,,
2024-08-01,MOCK_ARG_04,35.5,,,,
2024-08-02,MOCK_ARG_04,0.0,,,,
2024-08-03,MOCK_ARG_04,0.0,,,,
2024-08-04,MOCK_ARG_04,0.5,,,,
2024-08-05,MOCK_ARG_04,0.0,,,,
2024-08-06,MOCK_ARG_04,0.0,,,,
2024-08-07,MOCK_ARG_04,0.0,,,,
2024-08-08,MOCK_ARG_04,0.0,,,,
2024-08-09,MOCK_ARG_04,0.0,,,,
2024-08-10,MOCK_ARG_04,0.0,,,,
2024-08-11,MOCK_ARG_04,0.0,,,,
2024-08-12,MOCK_ARG_04,30.0,,,,
2024-08-13,MOCK_ARG_04,0.0,,,,
2024-08-14,MOCK_ARG_04,0.0,,,,
2024-08-15,MOCK_ARG_04,0.0,,,,
2024-08-16,MOCK_ARG_04,0.0,,,,
2024-08-17,MOCK_ARG_04,0.0,,,,
2024-08-18,MOCK_ARG_04,0.0,,,,
2024-08-19,MOCK_ARG_04,0.0,,,,
2024-08-20,MOCK_ARG_04,0.0,,,,
2024-08-21,MOCK_ARG_04,0.0,,,,
2024-08-22,MOCK_ARG_04,0.0,,,,
2024-08-23,MOCK_ARG_04,17.5,,,,
2024-08-24,MOCK_ARG_04,0.0,,,,
2024-08-25,MOCK_ARG_04,0.0,,,,
2024-08-26,MOCK_ARG_04,0.0,,,,
2024-08-27,MOCK_ARG_04,0.0,,,,
2024-08-28,MOCK_ARG_04,0.0,,,,
2024-08-29,MOCK_ARG_04,0.0,,,,
2024-08-30,MOCK_ARG_04,,,,,
2024-08-31,MOCK_ARG_04,0.0,,,,
2024-09-01,MOCK_ARG_04,0.0,,,,
2024-09-02,MOCK_ARG_04,0.0,,,,
2024-09-03,MOCK_ARG_04,0.0,,,,
2024-09-04,MOCK_ARG_04,0.0,,,,
2024-09-05,MOCK_ARG_04,0.0,,,,
2024-09-06,MOCK_ARG_04,13.5,,,,
2024-09-07,MOCK_ARG_04,0.0,,,,
2024-09-08,MOCK_ARG_04,11.5,,,,
2024-09-09,MOCK_ARG_04,0.0,,,,
2024-09-10,MOCK_ARG_04,0.0,,,,
2024-09-11,MOCK_ARG_04,0.0,,,,
2024-09-12,MOCK_ARG_04,0.0,,,,
2024-09-13,MOCK_ARG_04,0.0,,,,
2024-09-14,MOCK_ARG_04,0.0,,,,
2024-09-15,MOCK_ARG_04,,,,,
2024-09-16,MOCK_ARG_04,0.0,,,,
2024-09-17,MOCK_ARG_04,0.0,,,,
2024-09-18,MOCK_ARG_04,0.0,,,,
2024-09-19,MOCK_ARG_04,0.0,,,,
2024-09-20,MOCK_ARG_04,0.0,,,,
2024-09-21,MOCK_ARG_04,0.0,,,,
2024-09-22,MOCK_ARG_04,0.0,,,,
2024-09-23,MOCK_ARG_04,8.5,,,,
2024-09-24,MOCK_ARG_04,0.0,,,,
2024-09-25,MOCK_ARG_04,0.0,,,,
2024-09-26,MOCK_ARG_04,0.0,,,,
2024-09-27,MOCK_ARG_04,0.0,,,,
2024-09-28,MOCK_ARG_04,,,,,
2024-09-29,MOCK_ARG_04,0.0,,,,
2024-09-30,MOCK_ARG_04,0.0,,,,
2024-10-01,MOCK_ARG_04,0.0,,,,
2024-10-02,MOCK_ARG_04,0.0,,,,
2024-10-03,MOCK_ARG_04,0.0,,,,
2024-10-04,MOCK_ARG_04,0.0,,,,
2024-10-05,MOCK_ARG_04,0.0,,,,
2024-10-06,MOCK_ARG_04,0.0,,,,
2024-10-07,MOCK_ARG_04,0.0,,,,
2024-10-08,MOCK_ARG_04,0.0,,,,
2024-10-09,MOCK_ARG_04,0.0,,,,
2024-10-10,MOCK_ARG_04,0.0,,,,
2024-10-11,MOCK_ARG_04,0.0,,,,
2024-10-12,MOCK_ARG_04,0.0,,,,
2024-10-13,MOCK_ARG_04,0.0,,,,
2024-10-14,MOCK_ARG_04,0.0,,,,
2024-10-15,MOCK_ARG_04,0.0,,,,
2024-10-16,MOCK_ARG_04,0.0,,,,
2024-10-17,MOCK_ARG_04,0.0,,,,
2024-10-18,MOCK_ARG_04,0.0,,,,
2024-10-19,MOCK_ARG_04,0.0,,,,
2024-10-20,MOCK_ARG_04,0.0,,,,
2024-10-21,MOCK_ARG_04,2.5,,,,
2024-10-22,MOCK_ARG_04,0.0,,,,
2024-10-23,MOCK_ARG_04,0.0,,,,
2024-10-24,MOCK_ARG_04,0.0,,,,
2024-10-25,MOCK_ARG_04,0.0,,,,
2024-10-26,MOCK_ARG_04,0.0,,,,
2024-10-27,MOCK_ARG_04,,,,,
2024-10-28,MOCK_ARG_04,0.0,,,,
2024-10-29,MOCK_ARG_04,0.0,,,,
2024-10-30,MOCK_ARG_04,0.0,,,,
2024-10-31,MOCK_ARG_04,0.0,,,,
2024-11-01,MOCK_ARG_04,0.0,,,,
2024-11-02,MOCK_ARG_04,0.0,,,,
2024-11-03,MOCK_ARG_04,0.0,,,,
2024-11-04,MOCK_ARG_04,0.0,,,,
2024-11-05,MOCK_ARG_04,0.0,,,,
2024-11-06,MOCK_ARG_04,11.5,,,,
2024-11-07,MOCK_ARG_04,0.0,,,,
2024-11-08,MOCK_ARG_04,0.0,,,,
2024-11-09,MOCK_ARG_04,0.0,,,,
2024-11-10,MOCK_ARG_04,0.0,,,,
2024-11-11,MOCK_ARG_04,0.0,,,,
2024-11-12,MOCK_ARG_04,0.0,,,,
2024-11-13,MOCK_ARG_04,0.0,,,,
2024-11-14,MOCK_ARG_04,0.0,,,,
2024-11-15,MOCK_ARG_04,0.0,,,,
2024-11-16,MOCK_ARG_04,0.0,,,,
2024-11-17,MOCK_ARG_04,0.0,,,,
2024-11-18,MOCK_ARG_04,0.0,,,,
2024-11-19,MOCK_ARG_04,0.0,,,,
2024-11-20,MOCK_ARG_04,0.0,,,,
2024-11-21,MOCK_ARG_04,0.0,,,,
2024-11-22,MOCK_ARG_04,0.0,,,,
2024-11-23,MOCK_ARG_04,0.0,,,,
2024-11-24,MOCK_ARG_04,0.0,,,,
2024-11-25,MOCK_ARG_04,0.0,,,,
2024-11-26,MOCK_ARG_04,0.0,,,,
2024-11-27,MOCK_ARG_04,0.0,,,,
2024-11-28,MOCK_ARG_04,8.0,,,,
2024-11-29,MOCK_ARG_04,0.0,,,,
2024-11-30,MOCK_ARG_04,0.0,,,,
2024-12-01,MOCK_ARG_04,0.0,,,,
2024-12-02,MOCK_ARG_04,0.0,,,,
2024-12-03,MOCK_ARG_04,0.0,,,,
2024-12-04,MOCK_ARG_04,0.0,,,,
2024-12-05,MOCK_ARG_04,0.0,,,,
2024-12-06,MOCK_ARG_04,0.0,,,,
2024-12-07,MOCK_ARG_04,0.0,,,,
2024-12-08,MOCK_ARG_04,0.0,,,,
2024-12-09,MOCK_ARG_04,0.0,,,,
2024-12-10,MOCK_ARG_04,0.0,,,,
2024-12-11,MOCK_ARG_04,0.0,,,,
2024-12-12,MOCK_ARG_04,0.0,,,,
2024-12-13,MOCK_ARG_04,0.0,,,,
2024-12-14,MOCK_ARG_04,0.0,,,,
2024-12-15,MOCK_ARG_04,0.0,,,,
2024-12-16,MOCK_ARG_04,0.0,,,,
2024-12-17,MOCK_ARG_04,,,,,
2024-12-18,MOCK_ARG_04,0.0,,,,
2024-12-19,MOCK_ARG_04,,,,,
2024-12-20,MOCK_ARG_04,0.0,,,,
2024-12-21,MOCK_ARG_04,0.0,,,,
2024-12-22,MOCK_ARG_04,0.0,,,,
2024-12-23,MOCK_ARG_04,0.0,,,,
2024-12-24,MOCK_ARG_04,0.0,,,,
2024-12-25,MOCK_ARG_04,0.0,,,,
2024-12-26,MOCK_ARG_04,0.5,,,,
2024-12-27,MOCK_ARG_04,1.0,,,,
2024-12-28,MOCK_ARG_04,0.0,,,,
2024-12-29,MOCK_ARG_04,0.0,,,,
2024-12-30,MOCK_ARG_04,0.0,,,,
2024-12-31,MOCK_ARG_04,0.0,,,,
2023-01-01,MOCK_AWS_05,0.0,22.5,8.3,58.0,4.4
2023-01-02,MOCK_AWS_05,,,,,
2023-01-03,MOCK_AWS_05,0.0,16.8,6.1,64.0,3.7
2023-01-04,MOCK_AWS_05,0.0,16.6,5.8,67.0,4.4
2023-01-05,MOCK_AWS_05,0.0,14.7,6.1,68.0,5.1
2023-01-06,MOCK_AWS_05,0.0,18.7,5.3,61.0,9.0
2023-01-07,MOCK_AWS_05,0.0,18.7,5.7,62.0,12.2
2023-01-08,MOCK_AWS_05,0.0,16.8,4.1,64.0,11.0
2023-01-09,MOCK_AWS_05,0.0,19.0,6.6,65.0,8.6
2023-01-10,MOCK_AWS_05,0.0,15.1,6.5,58.0,7.3
2023-01-11,MOCK_AWS_05,0.0,18.4,6.4,61.0,4.5
2023-01-12,MOCK_AWS_05,0.0,19.4,8.3,62.0,5.8
2023-01-13,MOCK_AWS_05,0.0,20.7,6.8,64.0,7.1
2023-01-14,MOCK_AWS_05,0.0,21.5,7.6,73.0,4.9
2023-01-15,MOCK_AWS_05,0.0,19.4,6.4,64.0,3.7
2023-01-16,MOCK_AWS_05,0.0,20.3,7.2,64.0,4.1
2023-01-17,MOCK_AWS_05,0.5,15.4,6.4,63.0,7.8
2023-01-18,MOCK_AWS_05,0.0,17.2,6.2,63.0,7.5
2023-01-19,MOCK_AWS_05,0.0,16.3,3.9,63.0,5.9
2023-01-20,MOCK_AWS_05,0.0,17.6,5.9,56.0,11.0
2023-01-21,MOCK_AWS_05,0.0,17.6,4.9,65.0,16.6
2023-01-22,MOCK_AWS_05,0.0,16.3,7.2,63.0,10.2
2023-01-23,MOCK_AWS_05,0.0,16.4,6.3,63.0,11.8
2023-01-24,MOCK_AWS_05,0.0,20.3,7.1,72.0,11.7
2023-01-25,MOCK_AWS_05,36.4,13.9,8.8,49.0,8.3
2023-01-26,MOCK_AWS_05,0.0,19.6,8.5,63.0,12.5
2023-01-27,MOCK_AWS_05,0.0,23.5,10.5,70.0,10.4
2023-01-28,MOCK_AWS_05,0.0,21.6,8.0,60.0,5.5
2023-01-29,MOCK_AWS_05,0.0,22.2,8.0,72.0,6.3
2023-01-30,MOCK_AWS_05,,,,,
2023-01-31,MOCK_AWS_05,0.0,23.5,8.7,64.0,8.4
2023-02-01,MOCK_AWS_05,0.0,23.4,9.7,56.0,7.2
2023-02-02,MOCK_AWS_05,0.0,23.0,8.9,63.0,9.0
2023-02-03,MOCK_AWS_05,0.0,23.9,8.9,58.0,6.2
2023-02-04,MOCK_AWS_05,0.0,24.3,9.4,74.0,5.2
2023-02-05,MOCK_AWS_05,0.0,24.2,10.6,63.0,6.2
2023-02-06,MOCK_AWS_05,0.0,24.8,8.7,67.0,3.8
2023-02-07,MOCK_AWS_05,0.0,23.0,9.1,67.0,3.7
2023-02-08,MOCK_AWS_05,0.0,22.7,9.3,63.0,4.7
2023-02-09,MOCK_AWS_05,0.0,24.1,8.9,66.0,4.5
2023-02-10,MOCK_AWS_05,0.0,25.9,11.0,63.0,5.4
2023-02-11,MOCK_AWS_05,0.0,22.2,7.6,59.0,4.3
2023-02-12,MOCK_AWS_05,0.0,23.5,9.5,64.0,6.3
2023-02-13,MOCK_AWS_05,0.0,25.2,9.4,59.0,10.2
2023-02-14,MOCK_AWS_05,0.0,25.2,9.5,63.0,11.5
2023-02-15,MOCK_AWS_05,0.0,26.2,10.2,64.0,6.0
2023-02-16,MOCK_AWS_05,,,,,
2023-02-17,MOCK_AWS_05,0.0,26.3,10.5,65.0,9.0
2023-02-18,MOCK_AWS_05,0.0,27.4,12.6,61.0,6.7
2023-02-19,MOCK_AWS_05,0.0,26.3,12.5,56.0,7.7
2023-02-20,MOCK_AWS_05,0.0,23.9,10.5,56.0,7.7
2023-02-21,MOCK_AWS_05,0.0,23.6,9.0,60.0,12.1
2023-02-22,MOCK_AWS_05,1.8,24.5,13.3,44.0,5.7
2023-02-23,MOCK_AWS_05,,,,,
2023-02-24,MOCK_AWS_05,0.0,23.9,10.7,69.0,6.4
2023-02-25,MOCK_AWS_05,0.0,26.8,12.1,53.0,9.6
2023-02-26,MOCK_AWS_05,,,,,
2023-02-27,MOCK_AWS_05,2.2,27.2,13.9,46.0,12.2
2023-02-28,MOCK_AWS_05,0.0,28.9,13.3,56.0,7.3
2023-03-01,MOCK_AWS_05,0.0,29.3,14.0,58.0,12.5
2023-03-02,MOCK_AWS_05,0.0,26.1,11.6,56.0,6.2
2023-03-03,MOCK_AWS_05,0.0,24.2,10.3,55.0,9.6
2023-03-04,MOCK_AWS_05,0.0,26.0,11.2,50.0,13.9
2023-03-05,MOCK_AWS_05,0.0,25.7,10.7,59.0,12.0
2023-03-06,MOCK_AWS_05,0.0,28.1,11.5,56.0,9.7
2023-03-07,MOCK_AWS_05,0.0,23.2,9.7,55.0,7.6
2023-03-08,MOCK_AWS_05,0.0,26.3,11.0,50.0,6.7
2023-03-09,MOCK_AWS_05,0.0,24.1,8.9,54.0,10.7
2023-03-10,MOCK_AWS_05,0.0,25.1,10.0,49.0,7.6
2023-03-11,MOCK_AWS_05,0.0,22.6,9.7,52.0,9.0
2023-03-12,MOCK_AWS_05,0.0,27.1,11.7,50.0,11.7
2023-03-13,MOCK_AWS_05,0.0,28.3,12.4,59.0,9.5
2023-03-14,MOCK_AWS_05,0.0,31.0,14.1,52.0,11.1
2023-03-15,MOCK_AWS_05,0.0,30.3,13.9,48.0,10.2
2023-03-16,MOCK_AWS_05,0.0,32.9,15.5,57.0,5.8
2023-03-17,MOCK_AWS_05,0.4,33.1,17.0,49.0,11.0
2023-03-18,MOCK_AWS_05,8.2,27.2,13.4,45.0,8.2
2023-03-19,MOCK_AWS_05,0.0,27.2,12.3,47.0,6.8
2023-03-20,MOCK_AWS_05,0.0,29.6,13.7,54.0,12.7
2023-03-21,MOCK_AWS_05,0.0,30.3,13.1,43.0,5.4
2023-03-22,MOCK_AWS_05,0.0,29.9,14.6,45.0,7.1
2023-03-23,MOCK_AWS_05,0.0,31.3,15.2,45.0,7.4
2023-03-24,MOCK_AWS_05,0.0,35.0,17.8,46.0,7.0
2023-03-25,MOCK_AWS_05,0.0,34.7,17.1,46.0,4.4
2023-03-26,MOCK_AWS_05,0.0,37.4,18.8,48.0,9.8
2023-03-27,MOCK_AWS_05,0.0,35.9,18.3,45.0,8.7
2023-03-28,MOCK_AWS_05,0.0,34.3,17.5,46.0,9.1
2023-03-29,MOCK_AWS_05,0.0,36.4,17.2,52.0,10.8
2023-03-30,MOCK_AWS_05,0.0,31.2,15.8,46.0,9.5
2023-03-31,MOCK_AWS_05,5.1,32.1,17.0,30.0,11.1
2023-04-01,MOCK_AWS_05,,,,,
2023-04-02,MOCK_AWS_05,0.0,35.7,18.1,42.0,8.4
2023-04-03,MOCK_AWS_05,0.0,35.2,17.7,41.0,9.5
2023-04-04,MOCK_AWS_05,0.0,32.0,16.2,43.0,9.5
2023-04-05,MOCK_AWS_05,0.0,34.8,17.2,40.0,11.0
2023-04-06,MOCK_AWS_05,0.0,34.8,18.5,40.0,15.0
2023-04-07,MOCK_AWS_05,0.0,34.0,17.7,34.0,7.2
2023-04-08,MOCK_AWS_05,0.0,36.9,19.2,47.0,7.4
2023-04-09,MOCK_AWS_05,0.0,36.6,19.7,38.0,8.9
2023-04-10,MOCK_AWS_05,0.0,35.5,19.6,40.0,3.6
2023-04-11,MOCK_AWS_05,0.0,37.1,19.5,43.0,4.8
2023-04-12,MOCK_AWS_05,0.0,37.6,20.4,36.0,14.4
2023-04-13,MOCK_AWS_05,0.0,36.0,19.5,43.0,10.1
2023-04-14,MOCK_AWS_05,6.9,34.1,20.4,31.0,10.7
2023-04-15,MOCK_AWS_05,0.0,35.8,20.0,42.0,5.8
2023-04-16,MOCK_AWS_05,0.0,34.9,20.1,40.0,12.3
2023-04-17,MOCK_AWS_05,0.0,33.8,17.1,38.0,9.7
2023-04-18,MOCK_AWS_05,0.0,34.9,19.5,38.0,8.6
2023-04-19,MOCK_AWS_05,,,,,
2023-04-20,MOCK_AWS_05,0.0,37.2,19.9,36.0,5.9
2023-04-21,MOCK_AWS_05,0.0,38.7,20.9,35.0,10.7
2023-04-22,MOCK_AWS_05,0.0,37.5,20.5,41.0,17.0
2023-04-23,MOCK_AWS_05,0.0,40.6,23.6,41.0,14.2
2023-04-24,MOCK_AWS_05,0.0,39.0,22.1,43.0,10.1
2023-04-25,MOCK_AWS_05,0.0,38.4,21.1,37.0,10.3
2023-04-26,MOCK_AWS_05,0.0,37.8,22.0,37.0,13.0
2023-04-27,MOCK_AWS_05,0.0,39.4,23.5,33.0,15.2
2023-04-28,MOCK_AWS_05,0.0,41.8,23.5,43.0,8.2
2023-04-29,MOCK_AWS_05,0.0,40.1,22.9,38.0,8.5
2023-04-30,MOCK_AWS_05,0.0,44.0,26.3,39.0,8.5
2023-05-01,MOCK_AWS_05,3.7,37.9,23.5,33.0,5.8
2023-05-02,MOCK_AWS_05,0.0,40.9,23.3,39.0,8.8
2023-05-03,MOCK_AWS_05,0.0,39.7,22.8,35.0,10.5
2023-05-04,MOCK_AWS_05,14.9,37.4,24.6,28.0,11.0
2023-05-05,MOCK_AWS_05,0.0,41.6,25.5,35.0,13.7
2023-05-06,MOCK_AWS_05,,,,,
2023-05-07,MOCK_AWS_05,0.0,45.8,27.3,36.0,19.8
2023-05-08,MOCK_AWS_05,0.0,44.1,25.7,38.0,23.0
2023-05-09,MOCK_AWS_05,0.0,44.9,27.7,39.0,18.0
2023-05-10,MOCK_AWS_05,0.0,42.9,27.3,39.0,19.6
2023-05-11,MOCK_AWS_05,0.0,41.6,23.8,37.0,15.0
2023-05-12,MOCK_AWS_05,0.0,44.8,26.9,38.0,19.5
2023-05-13,MOCK_AWS_05,0.0,43.1,27.4,43.0,7.3
2023-05-14,MOCK_AWS_05,0.0,41.9,24.5,33.0,9.7
2023-05-15,MOCK_AWS_05,0.0,45.1,26.9,40.0,9.0
2023-05-16,MOCK_AWS_05,0.0,43.9,28.0,35.0,9.2
2023-05-17,MOCK_AWS_05,0.0,44.4,27.7,36.0,7.7
2023-05-18,MOCK_AWS_05,0.0,40.2,25.5,36.0,8.9
2023-05-19,MOCK_AWS_05,0.0,43.2,27.0,42.0,18.7
2023-05-20,MOCK_AWS_05,0.0,40.7,25.7,37.0,12.3
2023-05-21,MOCK_AWS_05,0.0,43.4,27.6,43.0,21.0
2023-05-22,MOCK_AWS_05,0.0,41.4,26.9,37.0,12.6
2023-05-23,MOCK_AWS_05,0.0,40.0,23.5,40.0,11.5
2023-05-24,MOCK_AWS_05,0.0,43.0,27.9,46.0,9.3
2023-05-25,MOCK_AWS_05,0.0,39.0,24.6,41.0,13.1
2023-05-26,MOCK_AWS_05,0.0,41.4,25.8,41.0,14.6
2023-05-27,MOCK_AWS_05,0.0,39.1,24.0,39.0,11.4
2023-05-28,MOCK_AWS_05,0.0,43.8,26.8,45.0,9.5
2023-05-29,MOCK_AWS_05,0.0,41.1,27.1,40.0,9.6
2023-05-30,MOCK_AWS_05,0.0,42.6,27.5,41.0,7.9
2023-05-31,MOCK_AWS_05,0.0,38.6,24.6,45.0,11.1
2023-06-01,MOCK_AWS_05,0.0,39.8,26.6,38.0,10.5
2023-06-02,MOCK_AWS_05,0.0,44.4,28.1,40.0,7.2
2023-06-03,MOCK_AWS_05,0.0,46.4,30.8,40.0,22.6
2023-06-04,MOCK_AWS_05,0.0,46.2,31.1,42.0,12.8
2023-06-05,MOCK_AWS_05,0.0,48.6,33.1,50.0,23.6
2023-06-06,MOCK_AWS_05,0.0,47.6,31.3,45.0,13.8
2023-06-07,MOCK_AWS_05,0.0,45.3,30.2,50.0,8.1
2023-06-08,MOCK_AWS_05,0.0,42.8,28.1,49.0,7.9
2023-06-09,MOCK_AWS_05,0.0,39.9,27.4,43.0,6.5
2023-06-10,MOCK_AWS_05,0.0,42.1,28.7,48.0,15.2
2023-06-11,MOCK_AWS_05,0.0,42.5,28.4,52.0,15.7
2023-06-12,MOCK_AWS_05,0.0,42.7,29.5,48.0,10.4
2023-06-13,MOCK_AWS_05,0.0,43.4,29.4,50.0,19.6
2023-06-14,MOCK_AWS_05,0.0,40.2,28.0,51.0,11.3
2023-06-15,MOCK_AWS_05,0.0,41.2,27.5,46.0,19.7
2023-06-16,MOCK_AWS_05,5.7,39.2,28.3,41.0,17.2
2023-06-17,MOCK_AWS_05,0.0,38.6,27.5,50.0,20.5
2023-06-18,MOCK_AWS_05,0.0,38.8,25.8,52.0,9.8
2023-06-19,MOCK_AWS_05,0.0,42.7,28.0,53.0,13.0
2023-06-20,MOCK_AWS_05,0.0,37.6,26.0,54.0,17.7
2023-06-21,MOCK_AWS_05,0.0,39.9,26.9,49.0,16.5
2023-06-22,MOCK_AWS_05,0.0,36.3,25.0,51.0,13.4
2023-06-23,MOCK_AWS_05,0.0,36.7,25.2,54.0,5.7
2023-06-24,MOCK_AWS_05,0.0,43.0,28.9,51.0,8.2
2023-06-25,MOCK_AWS_05,0.0,40.2,27.0,57.0,13.1
2023-06-26,MOCK_AWS_05,0.0,39.8,28.3,55.0,9.6
2023-06-27,MOCK_AWS_05,1.0,38.6,28.9,53.0,14.3
2023-06-28,MOCK_AWS_05,0.0,39.7,28.5,66.0,13.2
2023-06-29,MOCK_AWS_05,0.0,39.5,27.5,55.0,14.1
2023-06-30,MOCK_AWS_05,0.0,31.8,25.1,54.0,8.6
2023-07-01,MOCK_AWS_05,0.0,40.3,28.4,59.0,10.2
2023-07-02,MOCK_AWS_05,0.0,38.2,26.3,57.0,12.8
2023-07-03,MOCK_AWS_05,0.0,35.7,25.3,63.0,19.3
2023-07-04,MOCK_AWS_05,0.0,35.9,24.5,61.0,11.9
2023-07-05,MOCK_AWS_05,0.0,33.4,22.9,64.0,11.4
2023-07-06,MOCK_AWS_05,1.5,33.2,24.5,53.0,8.8
2023-07-07,MOCK_AWS_05,0.0,36.2,25.5,60.0,8.5
2023-07-08,MOCK_AWS_05,0.0,34.8,25.3,65.0,10.8
2023-07-09,MOCK_AWS_05,0.0,34.5,25.4,67.0,12.1
2023-07-10,MOCK_AWS_05,0.0,38.1,28.6,75.0,13.7
2023-07-11,MOCK_AWS_05,0.0,37.3,27.0,63.0,17.6
2023-07-12,MOCK_AWS_05,0.0,37.3,29.0,71.0,10.8
2023-07-13,MOCK_AWS_05,0.0,33.8,24.9,70.0,10.5
2023-07-14,MOCK_AWS_05,0.0,35.7,25.6,80.0,14.3
2023-07-15,MOCK_AWS_05,0.0,33.8,26.4,78.0,7.4
2023-07-16,MOCK_AWS_05,0.0,35.4,27.2,73.0,11.2
2023-07-17,MOCK_AWS_05,0.0,32.2,24.3,73.0,10.7
2023-07-18,MOCK_AWS_05,0.0,35.8,25.1,69.0,14.0
2023-07-19,MOCK_AWS_05,0.0,34.5,25.5,79.0,13.3
2023-07-20,MOCK_AWS_05,0.0,36.6,27.4,73.0,7.8
2023-07-21,MOCK_AWS_05,0.0,38.9,28.7,68.0,9.1
2023-07-22,MOCK_AWS_05,,,,,
2023-07-23,MOCK_AWS_05,0.0,35.6,26.6,76.0,6.3
2023-07-24,MOCK_AWS_05,0.0,33.1,26.1,74.0,8.5
2023-07-25,MOCK_AWS_05,2.8,36.4,27.8,58.0,11.2
2023-07-26,MOCK_AWS_05,0.0,36.6,27.0,82.0,5.8
2023-07-27,MOCK_AWS_05,0.0,39.2,30.0,71.0,6.6
2023-07-28,MOCK_AWS_05,0.0,35.7,27.9,75.0,9.1
2023-07-29,MOCK_AWS_05,0.0,35.3,26.3,84.0,8.9
2023-07-30,MOCK_AWS_05,0.0,32.4,23.6,77.0,10.5
2023-07-31,MOCK_AWS_05,0.0,35.8,25.9,73.0,12.3
2023-08-01,MOCK_AWS_05,0.0,31.4,23.6,77.0,8.8
2023-08-02,MOCK_AWS_05,0.0,33.5,25.3,77.0,11.7
2023-08-03,MOCK_AWS_05,0.3,34.3,26.6,77.0,11.6
2023-08-04,MOCK_AWS_05,0.0,36.3,26.1,70.0,14.1
2023-08-05,MOCK_AWS_05,0.0,24.6,22.8,63.0,8.2
2023-08-06,MOCK_AWS_05,0.0,30.8,24.4,75.0,8.4
2023-08-07,MOCK_AWS_05,0.0,35.3,26.2,82.0,6.8
2023-08-08,MOCK_AWS_05,0.0,35.9,26.7,81.0,12.9
2023-08-09,MOCK_AWS_05,0.0,34.2,26.5,73.0,5.8
2023-08-10,MOCK_AWS_05,0.0,33.5,25.4,85.0,9.7
2023-08-11,MOCK_AWS_05,0.0,34.7,26.6,87.0,4.9
2023-08-12,MOCK_AWS_05,0.0,31.9,24.8,79.0,7.7
2023-08-13,MOCK_AWS_05,0.0,32.1,24.1,79.0,7.5
2023-08-14,MOCK_AWS_05,0.0,33.6,25.1,74.0,7.4
2023-08-15,MOCK_AWS_05,40.4,27.6,25.5,67.0,5.2
2023-08-16,MOCK_AWS_05,17.5,27.0,24.7,62.0,5.7
2023-08-17,MOCK_AWS_05,0.0,33.9,25.6,74.0,7.0
2023-08-18,MOCK_AWS_05,0.0,32.1,25.3,77.0,5.0
2023-08-19,MOCK_AWS_05,0.0,29.9,23.2,74.0,13.9
2023-08-20,MOCK_AWS_05,0.0,31.6,23.6,76.0,6.6
2023-08-21,MOCK_AWS_05,8.1,29.0,24.1,62.0,8.2
2023-08-22,MOCK_AWS_05,0.0,32.6,24.5,69.0,10.2
2023-08-23,MOCK_AWS_05,0.0,36.3,26.3,74.0,9.5
2023-08-24,MOCK_AWS_05,0.0,35.9,25.7,77.0,7.8
2023-08-25,MOCK_AWS_05,0.0,34.1,23.5,77.0,7.6
2023-08-26,MOCK_AWS_05,0.0,34.5,26.0,72.0,6.3
2023-08-27,MOCK_AWS_05,0.0,32.8,25.0,80.0,6.6
2023-08-28,MOCK_AWS_05,0.0,32.5,23.6,69.0,5.5
2023-08-29,MOCK_AWS_05,0.0,35.6,26.2,75.0,5.0
2023-08-30,MOCK_AWS_05,0.0,37.0,26.2,71.0,3.6
2023-08-31,MOCK_AWS_05,0.0,35.2,25.2,83.0,4.3
2023-09-01,MOCK_AWS_05,,,,,
2023-09-02,MOCK_AWS_05,,,,,
2023-09-03,MOCK_AWS_05,0.0,38.8,27.6,79.0,5.4
2023-09-04,MOCK_AWS_05,59.5,31.5,27.6,56.0,9.2
2023-09-05,MOCK_AWS_05,0.0,40.7,28.7,72.0,9.6
2023-09-06,MOCK_AWS_05,0.0,38.8,28.4,77.0,16.3
2023-09-07,MOCK_AWS_05,10.5,30.3,24.5,61.0,13.2
2023-09-08,MOCK_AWS_05,11.9,30.1,23.2,62.0,14.7
2023-09-09,MOCK_AWS_05,0.0,36.9,25.3,67.0,14.2
2023-09-10,MOCK_AWS_05,0.0,36.4,24.0,74.0,9.8
2023-09-11,MOCK_AWS_05,0.0,32.0,22.4,65.0,8.3
2023-09-12,MOCK_AWS_05,0.0,33.5,21.6,72.0,7.5
2023-09-13,MOCK_AWS_05,0.0,32.3,20.7,73.0,7.5
2023-09-14,MOCK_AWS_05,0.0,28.8,20.4,72.0,10.5
2023-09-15,MOCK_AWS_05,0.0,30.8,20.6,80.0,12.2
2023-09-16,MOCK_AWS_05,0.0,34.1,22.2,73.0,5.4
2023-09-17,MOCK_AWS_05,0.0,33.7,22.6,72.0,7.7
2023-09-18,MOCK_AWS_05,0.0,37.9,26.6,75.0,9.1
2023-09-19,MOCK_AWS_05,0.0,37.6,27.1,72.0,8.2
2023-09-20,MOCK_AWS_05,0.0,39.0,24.5,69.0,4.2
2023-09-21,MOCK_AWS_05,0.0,39.8,25.6,66.0,7.8
2023-09-22,MOCK_AWS_05,0.0,33.9,21.6,72.0,5.8
2023-09-23,MOCK_AWS_05,0.0,32.2,19.1,76.0,7.4
2023-09-24,MOCK_AWS_05,0.0,34.0,20.3,70.0,3.1
2023-09-25,MOCK_AWS_05,0.0,36.2,21.7,68.0,6.3
2023-09-26,MOCK_AWS_05,0.0,27.1,20.2,65.0,6.6
2023-09-27,MOCK_AWS_05,0.0,28.8,18.1,64.0,8.1
2023-09-28,MOCK_AWS_05,0.0,31.9,18.9,64.0,5.5
2023-09-29,MOCK_AWS_05,0.0,33.8,20.8,66.0,10.4
2023-09-30,MOCK_AWS_05,6.3,32.9,20.4,52.0,5.4
2023-10-01,MOCK_AWS_05,0.0,33.3,19.9,72.0,4.7
2023-10-02,MOCK_AWS_05,0.0,31.6,18.5,60.0,4.8
2023-10-03,MOCK_AWS_05,0.0,31.9,17.3,59.0,5.8
2023-10-04,MOCK_AWS_05,0.0,32.6,18.9,59.0,3.9
2023-10-05,MOCK_AWS_05,0.0,30.7,15.8,61.0,1.3
2023-10-06,MOCK_AWS_05,0.0,29.2,16.1,66.0,4.5
2023-10-07,MOCK_AWS_05,3.0,27.3,16.3,49.0,4.7
2023-10-08,MOCK_AWS_05,,,,,
2023-10-09,MOCK_AWS_05,0.0,33.0,18.4,61.0,7.3
2023-10-10,MOCK_AWS_05,0.0,34.0,17.8,52.0,6.9
2023-10-11,MOCK_AWS_05,0.0,33.9,16.5,58.0,5.3
2023-10-12,MOCK_AWS_05,,,,,
2023-10-13,MOCK_AWS_05,,,,,
2023-10-14,MOCK_AWS_05,,,,,
2023-10-15,MOCK_AWS_05,,,,,
2023-10-16,MOCK_AWS_05,,,,,
2023-10-17,MOCK_AWS_05,,,,,
2023-10-18,MOCK_AWS_05,,,,,
2023-10-19,MOCK_AWS_05,,,,,
2023-10-20,MOCK_AWS_05,,,,,
2023-10-21,MOCK_AWS_05,,,,,
2023-10-22,MOCK_AWS_05,,,,,
2023-10-23,MOCK_AWS_05,,,,,
2023-10-24,MOCK_AWS_05,,,,,
2023-10-25,MOCK_AWS_05,,,,,
2023-10-26,MOCK_AWS_05,,,,,
2023-10-27,MOCK_AWS_05,,,,,
2023-10-28,MOCK_AWS_05,,,,,
2023-10-29,MOCK_AWS_05,,,,,
2023-10-30,MOCK_AWS_05,,,,,
2023-10-31,MOCK_AWS_05,,,,,
2023-11-01,MOCK_AWS_05,,,,,
2023-11-02,MOCK_AWS_05,,,,,
2023-11-03,MOCK_AWS_05,,,,,
2023-11-04,MOCK_AWS_05,,,,,
2023-11-05,MOCK_AWS_05,,,,,
2023-11-06,MOCK_AWS_05,,,,,
2023-11-07,MOCK_AWS_05,,,,,
2023-11-08,MOCK_AWS_05,0.0,31.6,14.9,56.0,10.1
2023-11-09,MOCK_AWS_05,0.0,33.6,14.9,57.0,6.9
2023-11-10,MOCK_AWS_05,0.0,30.7,13.4,59.0,8.1
2023-11-11,MOCK_AWS_05,0.0,29.8,13.0,59.0,8.6
2023-11-12,MOCK_AWS_05,0.0,29.3,11.5,58.0,6.9
2023-11-13,MOCK_AWS_05,0.0,26.8,9.7,58.0,5.4
2023-11-14,MOCK_AWS_05,0.0,28.9,11.2,62.0,3.4
2023-11-15,MOCK_AWS_05,0.0,29.5,13.1,62.0,5.7
2023-11-16,MOCK_AWS_05,0.0,27.0,11.5,54.0,10.8
2023-11-17,MOCK_AWS_05,0.0,28.9,12.5,61.0,5.7
2023-11-18,MOCK_AWS_05,,,,,
2023-11-19,MOCK_AWS_05,0.0,32.5,14.7,60.0,5.4
2023-11-20,MOCK_AWS_05,0.0,32.6,14.6,61.0,4.6
2023-11-21,MOCK_AWS_05,0.0,30.0,14.3,57.0,2.1
2023-11-22,MOCK_AWS_05,0.0,29.4,12.3,59.0,4.2
2023-11-23,MOCK_AWS_05,0.0,26.4,11.9,57.0,3.8
2023-11-24,MOCK_AWS_05,0.0,27.1,10.0,60.0,4.2
2023-11-25,MOCK_AWS_05,0.0,27.5,10.2,59.0,4.5
2023-11-26,MOCK_AWS_05,0.0,24.5,8.7,51.0,4.9
2023-11-27,MOCK_AWS_05,0.0,25.6,9.4,59.0,6.2
2023-11-28,MOCK_AWS_05,0.0,23.3,8.9,60.0,10.1
2023-11-29,MOCK_AWS_05,0.0,26.3,9.8,66.0,2.5
2023-11-30,MOCK_AWS_05,0.0,24.7,8.9,60.0,3.6
2023-12-01,MOCK_AWS_05,,,,,
2023-12-02,MOCK_AWS_05,0.0,25.9,10.5,66.0,3.1
2023-12-03,MOCK_AWS_05,0.0,26.1,11.3,67.0,3.6
2023-12-04,MOCK_AWS_05,0.0,26.1,10.4,58.0,5.3
2023-12-05,MOCK_AWS_05,0.0,23.8,12.6,58.0,6.0
2023-12-06,MOCK_AWS_05,0.0,25.9,9.6,63.0,6.8
2023-12-07,MOCK_AWS_05,0.0,23.9,9.9,58.0,8.1
2023-12-08,MOCK_AWS_05,0.0,24.3,9.1,66.0,8.6
2023-12-09,MOCK_AWS_05,0.0,22.4,8.4,59.0,5.6
2023-12-10,MOCK_AWS_05,0.0,19.3,6.2,67.0,5.3
2023-12-11,MOCK_AWS_05,0.0,19.0,6.1,61.0,4.7
2023-12-12,MOCK_AWS_05,0.0,18.4,7.1,69.0,2.4
2023-12-13,MOCK_AWS_05,0.0,20.3,5.7,54.0,2.7
2023-12-14,MOCK_AWS_05,0.0,19.3,5.8,70.0,5.0
2023-12-15,MOCK_AWS_05,0.0,14.0,4.9,53.0,2.7
2023-12-16,MOCK_AWS_05,,,,,
2023-12-17,MOCK_AWS_05,0.0,20.4,7.2,68.0,1.7
2023-12-18,MOCK_AWS_05,,,,,
2023-12-19,MOCK_AWS_05,0.0,22.9,8.0,63.0,6.1
2023-12-20,MOCK_AWS_05,0.0,16.9,6.5,56.0,5.2
2023-12-21,MOCK_AWS_05,0.0,18.3,5.4,54.0,4.5
2023-12-22,MOCK_AWS_05,0.0,18.5,6.2,69.0,2.5
2023-12-23,MOCK_AWS_05,0.0,17.8,5.4,77.0,4.2
2023-12-24,MOCK_AWS_05,0.0,18.6,5.2,59.0,4.2
2023-12-25,MOCK_AWS_05,0.0,19.1,6.9,68.0,3.8
2023-12-26,MOCK_AWS_05,0.0,21.3,7.6,76.0,6.5
2023-12-27,MOCK_AWS_05,0.0,19.9,10.2,66.0,4.6
2023-12-28,MOCK_AWS_05,0.0,27.4,9.9,68.0,5.6
2023-12-29,MOCK_AWS_05,0.0,23.9,8.6,62.0,3.1
2023-12-30,MOCK_AWS_05,0.0,23.5,8.1,71.0,6.6
2023-12-31,MOCK_AWS_05,0.0,22.1,6.7,65.0,3.4
2024-01-01,MOCK_AWS_05,0.0,19.2,6.5,71.0,7.4
2024-01-02,MOCK_AWS_05,0.0,17.9,4.4,63.0,5.0
2024-01-03,MOCK_AWS_05,0.0,22.1,7.5,61.0,9.4
2024-01-04,MOCK_AWS_05,0.0,24.3,9.2,66.0,5.2
2024-01-05,MOCK_AWS_05,,,,,
2024-01-06,MOCK_AWS_05,0.0,26.0,11.9,59.0,8.3
2024-01-07,MOCK_AWS_05,0.0,25.4,10.2,76.0,7.1
2024-01-08,MOCK_AWS_05,0.0,24.8,10.2,60.0,6.7
2024-01-09,MOCK_AWS_05,0.0,25.3,9.1,67.0,6.4
2024-01-10,MOCK_AWS_05,0.0,20.9,10.9,74.0,11.9
2024-01-11,MOCK_AWS_05,0.0,18.7,6.7,64.0,7.9
2024-01-12,MOCK_AWS_05,0.0,20.0,7.3,64.0,6.1
2024-01-13,MOCK_AWS_05,7.2,14.9,5.0,48.0,4.1
2024-01-14,MOCK_AWS_05,0.0,20.2,6.8,67.0,5.4
2024-01-15,MOCK_AWS_05,0.0,21.8,8.5,65.0,6.7
2024-01-16,MOCK_AWS_05,0.0,21.4,7.0,64.0,6.1
2024-01-17,MOCK_AWS_05,0.0,18.9,6.3,70.0,5.9
2024-01-18,MOCK_AWS_05,0.0,20.1,9.6,65.0,3.2
2024-01-19,MOCK_AWS_05,0.0,20.5,9.5,65.0,7.9
2024-01-20,MOCK_AWS_05,0.0,23.6,9.5,68.0,5.5
2024-01-21,MOCK_AWS_05,0.0,23.4,9.0,67.0,6.3
2024-01-22,MOCK_AWS_05,0.0,25.3,9.9,62.0,4.7
2024-01-23,MOCK_AWS_05,0.0,25.4,10.5,65.0,3.2
2024-01-24,MOCK_AWS_05,2.3,18.4,10.6,44.0,3.0
2024-01-25,MOCK_AWS_05,0.0,20.4,6.4,66.0,2.7
2024-01-26,MOCK_AWS_05,0.0,20.8,6.3,59.0,5.0
2024-01-27,MOCK_AWS_05,5.0,18.0,5.8,53.0,8.2
2024-01-28,MOCK_AWS_05,11.0,21.5,9.5,49.0,9.3
2024-01-29,MOCK_AWS_05,0.9,20.1,11.2,52.0,8.8
2024-01-30,MOCK_AWS_05,7.3,20.7,10.6,54.0,6.7
2024-01-31,MOCK_AWS_05,0.0,23.8,12.3,69.0,4.7
2024-02-01,MOCK_AWS_05,0.0,27.1,11.8,62.0,4.8
2024-02-02,MOCK_AWS_05,0.0,25.0,11.5,65.0,4.3
2024-02-03,MOCK_AWS_05,0.4,24.9,10.2,62.0,5.3
2024-02-04,MOCK_AWS_05,0.8,25.8,11.5,63.0,4.8
2024-02-05,MOCK_AWS_05,4.5,22.3,11.0,54.0,2.4
2024-02-06,MOCK_AWS_05,,,,,
2024-02-07,MOCK_AWS_05,0.0,27.2,11.7,66.0,5.1
2024-02-08,MOCK_AWS_05,0.0,28.5,12.0,72.0,4.4
2024-02-09,MOCK_AWS_05,0.0,27.4,11.6,59.0,4.2
2024-02-10,MOCK_AWS_05,3.4,23.9,11.6,57.0,6.1
2024-02-11,MOCK_AWS_05,0.0,24.4,9.5,53.0,3.6
2024-02-12,MOCK_AWS_05,0.0,22.9,8.9,57.0,3.1
2024-02-13,MOCK_AWS_05,0.0,25.6,10.3,57.0,3.7
2024-02-14,MOCK_AWS_05,0.0,26.3,10.5,63.0,4.2
2024-02-15,MOCK_AWS_05,0.0,26.9,11.9,60.0,4.1
2024-02-16,MOCK_AWS_05,0.0,24.6,11.0,59.0,5.1
2024-02-17,MOCK_AWS_05,0.0,25.7,11.1,60.0,6.6
2024-02-18,MOCK_AWS_05,0.0,26.3,11.7,58.0,9.0
2024-02-19,MOCK_AWS_05,0.0,29.0,14.1,61.0,9.5
2024-02-20,MOCK_AWS_05,0.0,25.4,10.6,59.0,8.1
2024-02-21,MOCK_AWS_05,0.0,26.5,11.6,61.0,8.3
2024-02-22,MOCK_AWS_05,0.0,26.1,12.5,58.0,7.0
2024-02-23,MOCK_AWS_05,0.0,26.8,12.0,58.0,6.7
2024-02-24,MOCK_AWS_05,0.0,23.9,10.2,56.0,6.1
2024-02-25,MOCK_AWS_05,0.0,22.4,8.4,60.0,10.1
2024-02-26,MOCK_AWS_05,0.0,24.4,10.1,58.0,6.0
2024-02-27,MOCK_AWS_05,0.0,27.4,12.7,58.0,8.3
2024-02-28,MOCK_AWS_05,0.0,28.3,12.9,55.0,4.5
2024-02-29,MOCK_AWS_05,0.0,30.2,15.7,56.0,4.1
2024-03-01,MOCK_AWS_05,0.0,25.6,10.7,54.0,8.4
2024-03-02,MOCK_AWS_05,0.0,22.4,8.5,50.0,2.8
2024-03-03,MOCK_AWS_05,0.0,21.7,7.6,56.0,8.6
2024-03-04,MOCK_AWS_05,0.0,24.2,10.7,57.0,8.5
2024-03-05,MOCK_AWS_05,0.0,27.8,11.0,53.0,9.8
2024-03-06,MOCK_AWS_05,0.0,27.5,13.8,53.0,8.8
2024-03-07,MOCK_AWS_05,0.0,30.5,14.1,50.0,13.6
2024-03-08,MOCK_AWS_05,0.0,28.4,13.8,51.0,9.7
2024-03-09,MOCK_AWS_05,0.0,31.9,15.1,54.0,6.7
2024-03-10,MOCK_AWS_05,0.0,35.2,17.8,55.0,9.5
2024-03-11,MOCK_AWS_05,0.0,29.9,14.6,58.0,11.4
2024-03-12,MOCK_AWS_05,0.0,31.5,14.7,49.0,13.3
2024-03-13,MOCK_AWS_05,0.0,32.8,16.7,51.0,4.6
2024-03-14,MOCK_AWS_05,10.1,24.6,13.3,45.0,5.6
2024-03-15,MOCK_AWS_05,0.0,28.8,12.7,54.0,6.9
2024-03-16,MOCK_AWS_05,25.7,23.2,14.1,40.0,10.8
2024-03-17,MOCK_AWS_05,0.0,30.1,14.0,49.0,14.8
2024-03-18,MOCK_AWS_05,0.0,30.8,15.7,53.0,6.1
2024-03-19,MOCK_AWS_05,0.0,33.5,18.4,55.0,7.8
2024-03-20,MOCK_AWS_05,0.0,34.1,16.3,50.0,6.4
2024-03-21,MOCK_AWS_05,0.0,33.7,17.5,51.0,9.1
2024-03-22,MOCK_AWS_05,0.0,36.9,19.6,52.0,7.7
2024-03-23,MOCK_AWS_05,0.0,37.4,19.2,45.0,6.1
2024-03-24,MOCK_AWS_05,0.0,35.4,18.0,52.0,6.7
2024-03-25,MOCK_AWS_05,0.0,36.0,18.7,42.0,12.8
2024-03-26,MOCK_AWS_05,,,,,
2024-03-27,MOCK_AWS_05,0.0,33.6,16.0,49.0,8.3
2024-03-28,MOCK_AWS_05,0.0,31.7,15.1,47.0,7.0
2024-03-29,MOCK_AWS_05,0.0,31.9,15.6,47.0,13.2
2024-03-30,MOCK_AWS_05,0.0,36.9,18.8,45.0,9.6
2024-03-31,MOCK_AWS_05,0.0,35.9,19.4,43.0,12.4
2024-04-01,MOCK_AWS_05,0.0,38.2,19.0,47.0,7.5
2024-04-02,MOCK_AWS_05,0.0,37.6,21.2,48.0,11.2
2024-04-03,MOCK_AWS_05,2.4,38.5,21.2,35.0,11.9
2024-04-04,MOCK_AWS_05,0.0,37.2,19.7,44.0,15.0
2024-04-05,MOCK_AWS_05,0.0,36.2,19.2,46.0,15.2
2024-04-06,MOCK_AWS_05,0.0,37.7,19.1,42.0,10.4
2024-04-07,MOCK_AWS_05,0.0,36.1,18.8,40.0,7.7
2024-04-08,MOCK_AWS_05,0.0,35.1,17.5,43.0,8.4
2024-04-09,MOCK_AWS_05,0.0,36.6,18.6,41.0,8.0
2024-04-10,MOCK_AWS_05,0.0,33.1,15.6,40.0,7.9
2024-04-11,MOCK_AWS_05,0.0,35.3,19.6,37.0,7.8
2024-04-12,MOCK_AWS_05,0.0,34.7,17.9,33.0,7.2
2024-04-13,MOCK_AWS_05,0.0,32.1,16.3,43.0,7.9
2024-04-14,MOCK_AWS_05,0.0,36.2,18.7,38.0,9.6
2024-04-15,MOCK_AWS_05,0.0,36.2,19.4,38.0,8.9
2024-04-16,MOCK_AWS_05,0.0,38.4,20.9,42.0,10.8
2024-04-17,MOCK_AWS_05,0.0,41.5,25.0,39.0,18.3
2024-04-18,MOCK_AWS_05,0.0,44.0,23.4,36.0,10.6
2024-04-19,MOCK_AWS_05,0.0,42.5,25.0,41.0,10.3
2024-04-20,MOCK_AWS_05,0.0,42.7,25.2,36.0,9.9
2024-04-21,MOCK_AWS_05,0.0,43.4,27.2,33.0,8.3
2024-04-22,MOCK_AWS_05,0.0,44.2,25.4,40.0,14.4
2024-04-23,MOCK_AWS_05,0.0,40.8,23.2,36.0,18.5
2024-04-24,MOCK_AWS_05,0.0,36.5,20.9,44.0,10.7
2024-04-25,MOCK_AWS_05,0.0,39.0,22.5,39.0,7.3
2024-04-26,MOCK_AWS_05,0.0,37.9,21.7,39.0,7.5
2024-04-27,MOCK_AWS_05,0.0,38.0,21.1,36.0,9.4
2024-04-28,MOCK_AWS_05,,,,,
2024-04-29,MOCK_AWS_05,0.0,39.4,23.8,36.0,10.4
2024-04-30,MOCK_AWS_05,0.0,38.0,21.8,35.0,5.8
2024-05-01,MOCK_AWS_05,0.0,36.4,21.2,39.0,7.4
2024-05-02,MOCK_AWS_05,,,,,
2024-05-03,MOCK_AWS_05,0.0,38.9,23.0,36.0,6.8
2024-05-04,MOCK_AWS_05,0.0,37.7,20.5,37.0,6.9
2024-05-05,MOCK_AWS_05,0.0,42.3,24.3,36.0,8.9
2024-05-06,MOCK_AWS_05,0.0,42.0,25.9,40.0,7.5
2024-05-07,MOCK_AWS_05,0.0,42.7,26.0,43.0,10.1
2024-05-08,MOCK_AWS_05,0.0,43.0,25.3,34.0,18.9
2024-05-09,MOCK_AWS_05,0.0,41.4,24.7,39.0,15.3
2024-05-10,MOCK_AWS_05,0.0,42.9,25.9,38.0,10.9
2024-05-11,MOCK_AWS_05,0.0,42.4,24.6,36.0,12.9
2024-05-12,MOCK_AWS_05,0.0,44.1,27.5,38.0,22.7
2024-05-13,MOCK_AWS_05,0.0,45.8,28.7,42.0,15.0
2024-05-14,MOCK_AWS_05,0.0,45.8,27.9,39.0,16.6
2024-05-15,MOCK_AWS_05,0.0,43.7,26.1,40.0,14.4
2024-05-16,MOCK_AWS_05,0.0,42.2,24.7,38.0,23.2
2024-05-17,MOCK_AWS_05,0.3,40.1,25.2,39.0,15.4
2024-05-18,MOCK_AWS_05,0.0,41.5,24.7,33.0,17.6
2024-05-19,MOCK_AWS_05,0.0,42.8,25.6,37.0,14.4
2024-05-20,MOCK_AWS_05,0.0,45.4,29.2,41.0,14.7
2024-05-21,MOCK_AWS_05,0.0,44.0,28.7,39.0,9.0
2024-05-22,MOCK_AWS_05,0.0,42.5,26.1,42.0,12.0
2024-05-23,MOCK_AWS_05,0.0,39.2,24.9,37.0,13.3
2024-05-24,MOCK_AWS_05,0.0,41.1,24.5,43.0,12.1
2024-05-25,MOCK_AWS_05,,,,,
2024-05-26,MOCK_AWS_05,0.0,40.1,25.1,41.0,9.6
2024-05-27,MOCK_AWS_05,0.0,41.5,24.4,45.0,8.7
2024-05-28,MOCK_AWS_05,0.0,43.5,27.4,50.0,11.3
2024-05-29,MOCK_AWS_05,0.0,40.9,27.0,48.0,8.4
2024-05-30,MOCK_AWS_05,0.0,41.2,26.2,45.0,12.0
2024-05-31,MOCK_AWS_05,0.0,42.6,28.3,41.0,16.8
2024-06-01,MOCK_AWS_05,0.0,43.9,29.5,47.0,12.1
2024-06-02,MOCK_AWS_05,0.0,44.2,30.2,42.0,13.0
2024-06-03,MOCK_AWS_05,0.0,41.4,26.6,45.0,7.8
2024-06-04,MOCK_AWS_05,0.0,44.5,30.2,45.0,14.2
2024-06-05,MOCK_AWS_05,0.0,42.8,27.9,46.0,15.1
2024-06-06,MOCK_AWS_05,0.0,41.3,27.3,50.0,8.8
2024-06-07,MOCK_AWS_05,0.0,39.1,24.8,51.0,13.0
2024-06-08,MOCK_AWS_05,0.0,38.3,24.8,43.0,10.3
2024-06-09,MOCK_AWS_05,0.0,40.5,26.5,51.0,11.2
2024-06-10,MOCK_AWS_05,0.0,38.5,25.2,45.0,15.8
2024-06-11,MOCK_AWS_05,0.0,39.1,26.7,47.0,11.9
2024-06-12,MOCK_AWS_05,0.0,36.3,24.6,43.0,7.3
2024-06-13,MOCK_AWS_05,0.0,39.9,26.5,51.0,9.4
2024-06-14,MOCK_AWS_05,,,,,
2024-06-15,MOCK_AWS_05,0.0,40.8,27.1,51.0,10.0
2024-06-16,MOCK_AWS_05,1.0,38.5,26.4,55.0,13.9
2024-06-17,MOCK_AWS_05,0.0,40.1,27.0,54.0,14.3
2024-06-18,MOCK_AWS_05,0.0,38.6,26.5,44.0,7.5
2024-06-19,MOCK_AWS_05,0.0,36.2,25.2,47.0,12.2
2024-06-20,MOCK_AWS_05,0.0,35.9,25.5,41.0,15.6
2024-06-21,MOCK_AWS_05,38.9,34.0,27.7,48.0,13.2
2024-06-22,MOCK_AWS_05,5.2,35.0,26.4,43.0,13.6
2024-06-23,MOCK_AWS_05,0.0,37.1,25.2,50.0,10.7
2024-06-24,MOCK_AWS_05,0.0,38.4,27.9,55.0,11.2
2024-06-25,MOCK_AWS_05,0.0,39.8,26.8,47.0,10.9
2024-06-26,MOCK_AWS_05,0.0,38.2,27.7,56.0,13.7
2024-06-27,MOCK_AWS_05,0.0,42.3,30.5,61.0,9.2
2024-06-28,MOCK_AWS_05,2.8,37.6,28.8,51.0,10.3
2024-06-29,MOCK_AWS_05,10.4,33.1,27.9,48.0,7.5
2024-06-30,MOCK_AWS_05,0.0,36.8,26.2,57.0,8.2
2024-07-01,MOCK_AWS_05,10.2,34.7,28.2,48.0,12.0
2024-07-02,MOCK_AWS_05,,,,,
2024-07-03,MOCK_AWS_05,0.0,34.6,24.5,61.0,7.0
2024-07-04,MOCK_AWS_05,55.2,27.3,25.1,50.0,7.4
2024-07-05,MOCK_AWS_05,0.2,32.6,22.7,68.0,12.3
2024-07-06,MOCK_AWS_05,10.0,30.7,22.8,51.0,11.9
2024-07-07,MOCK_AWS_05,0.0,35.0,25.9,65.0,4.5
2024-07-08,MOCK_AWS_05,0.0,34.8,24.2,63.0,4.7
2024-07-09,MOCK_AWS_05,0.0,31.7,22.8,71.0,5.6
2024-07-10,MOCK_AWS_05,1.5,30.7,23.6,55.0,5.9
2024-07-11,MOCK_AWS_05,0.0,29.8,23.0,73.0,5.9
2024-07-12,MOCK_AWS_05,0.0,34.4,25.8,72.0,5.9
2024-07-13,MOCK_AWS_05,0.0,34.3,25.1,75.0,8.2
2024-07-14,MOCK_AWS_05,0.0,33.8,25.1,63.0,7.0
2024-07-15,MOCK_AWS_05,0.0,34.0,25.5,75.0,15.7
2024-07-16,MOCK_AWS_05,0.0,36.3,26.3,80.0,13.9
2024-07-17,MOCK_AWS_05,0.0,35.0,26.1,76.0,11.7
2024-07-18,MOCK_AWS_05,0.0,31.5,23.4,73.0,6.2
2024-07-19,MOCK_AWS_05,,,,,
2024-07-20,MOCK_AWS_05,0.0,33.3,24.7,75.0,12.9
2024-07-21,MOCK_AWS_05,0.0,32.3,23.6,75.0,9.9
2024-07-22,MOCK_AWS_05,0.0,31.7,24.9,72.0,8.5
2024-07-23,MOCK_AWS_05,0.0,33.5,23.7,72.0,10.1
2024-07-24,MOCK_AWS_05,4.1,28.8,23.8,57.0,5.1
2024-07-25,MOCK_AWS_05,0.0,34.0,25.2,80.0,7.5
2024-07-26,MOCK_AWS_05,0.0,32.4,24.6,78.0,9.0
2024-07-27,MOCK_AWS_05,0.0,36.1,26.8,73.0,5.7
2024-07-28,MOCK_AWS_05,0.0,37.6,28.8,77.0,8.0
2024-07-29,MOCK_AWS_05,0.0,37.6,27.8,77.0,6.1
2024-07-30,MOCK_AWS_05,3.4,38.0,30.2,72.0,8.8
2024-07-31,MOCK_AWS_05,0.0,35.5,29.3,61.0,9.1
2024-08-01,MOCK_AWS_05,17.6,31.9,27.7,60.0,7.1
2024-08-02,MOCK_AWS_05,0.0,36.4,28.8,75.0,9.7
2024-08-03,MOCK_AWS_05,0.0,38.3,29.7,75.0,11.5
2024-08-04,MOCK_AWS_05,,,,,
2024-08-05,MOCK_AWS_05,0.0,36.9,27.5,73.0,8.9
2024-08-06,MOCK_AWS_05,0.0,37.4,27.8,82.0,5.5
2024-08-07,MOCK_AWS_05,0.0,38.5,28.9,79.0,10.7
2024-08-08,MOCK_AWS_05,0.0,41.2,31.4,75.0,7.4
2024-08-09,MOCK_AWS_05,0.0,32.0,27.2,65.0,11.3
2024-08-10,MOCK_AWS_05,0.0,36.1,27.1,74.0,8.1
2024-08-11,MOCK_AWS_05,0.0,35.7,27.5,78.0,10.9
2024-08-12,MOCK_AWS_05,12.6,27.5,23.9,64.0,7.3
2024-08-13,MOCK_AWS_05,0.0,34.8,27.7,84.0,11.0
2024-08-14,MOCK_AWS_05,0.0,33.0,25.3,80.0,9.1
2024-08-15,MOCK_AWS_05,0.0,35.9,26.2,80.0,15.4
2024-08-16,MOCK_AWS_05,0.0,31.6,24.2,77.0,11.2
2024-08-17,MOCK_AWS_05,0.0,33.4,24.8,77.0,7.5
2024-08-18,MOCK_AWS_05,0.0,31.6,23.6,78.0,10.0
2024-08-19,MOCK_AWS_05,0.0,35.5,25.3,79.0,6.7
2024-08-20,MOCK_AWS_05,0.0,35.2,26.2,70.0,7.8
2024-08-21,MOCK_AWS_05,0.0,37.1,26.5,73.0,2.8
2024-08-22,MOCK_AWS_05,0.0,36.2,26.7,78.0,6.2
2024-08-23,MOCK_AWS_05,16.2,29.7,26.1,66.0,7.0
2024-08-24,MOCK_AWS_05,0.0,34.0,24.5,67.0,7.5
2024-08-25,MOCK_AWS_05,0.0,35.0,25.3,77.0,7.9
2024-08-26,MOCK_AWS_05,0.0,32.6,23.8,74.0,6.5
2024-08-27,MOCK_AWS_05,0.0,33.1,23.8,73.0,4.9
2024-08-28,MOCK_AWS_05,,,,,
2024-08-29,MOCK_AWS_05,0.0,32.9,23.8,80.0,11.6
2024-08-30,MOCK_AWS_05,0.0,35.5,24.6,78.0,5.7
2024-08-31,MOCK_AWS_05,0.0,35.9,23.8,76.0,9.6
2024-09-01,MOCK_AWS_05,0.0,30.5,22.7,78.0,7.1
2024-09-02,MOCK_AWS_05,0.0,32.4,23.1,72.0,10.3
2024-09-03,MOCK_AWS_05,0.0,33.8,23.3,79.0,5.0
2024-09-04,MOCK_AWS_05,0.0,36.6,26.6,75.0,3.8
2024-09-05,MOCK_AWS_05,0.0,37.9,26.8,73.0,3.4
2024-09-06,MOCK_AWS_05,0.0,38.2,26.9,80.0,4.5
2024-09-07,MOCK_AWS_05,0.0,33.2,23.5,87.0,3.4
2024-09-08,MOCK_AWS_05,7.5,30.0,22.8,65.0,3.0
2024-09-09,MOCK_AWS_05,1.9,33.1,24.0,64.0,5.7
2024-09-10,MOCK_AWS_05,0.0,29.8,23.8,57.0,5.2
2024-09-11,MOCK_AWS_05,0.0,32.5,22.1,76.0,12.9
2024-09-12,MOCK_AWS_05,0.0,30.8,20.4,74.0,6.8
2024-09-13,MOCK_AWS_05,0.0,31.6,22.3,74.0,8.0
2024-09-14,MOCK_AWS_05,0.0,33.3,22.4,72.0,6.7
2024-09-15,MOCK_AWS_05,0.0,31.3,19.2,70.0,9.6
2024-09-16,MOCK_AWS_05,,,,,
2024-09-17,MOCK_AWS_05,0.0,34.6,23.1,70.0,10.2
2024-09-18,MOCK_AWS_05,0.0,36.3,24.8,70.0,12.7
2024-09-19,MOCK_AWS_05,0.0,38.4,25.9,69.0,8.1
2024-09-20,MOCK_AWS_05,0.0,36.5,22.6,69.0,8.7
2024-09-21,MOCK_AWS_05,0.0,36.0,23.9,70.0,9.7
2024-09-22,MOCK_AWS_05,0.0,34.8,23.5,71.0,6.3
2024-09-23,MOCK_AWS_05,0.0,35.0,24.0,64.0,5.4
2024-09-24,MOCK_AWS_05,0.0,36.9,24.4,65.0,3.6
2024-09-25,MOCK_AWS_05,0.0,36.1,23.0,69.0,4.0
2024-09-26,MOCK_AWS_05,0.0,34.2,19.9,67.0,4.1
2024-09-27,MOCK_AWS_05,0.0,32.1,19.3,69.0,5.7
2024-09-28,MOCK_AWS_05,0.0,33.3,20.3,63.0,6.1
2024-09-29,MOCK_AWS_05,0.0,34.6,19.5,68.0,9.3
2024-09-30,MOCK_AWS_05,0.0,32.3,17.7,63.0,7.4
2024-10-01,MOCK_AWS_05,0.0,33.0,20.3,58.0,5.7
2024-10-02,MOCK_AWS_05,0.0,31.4,18.4,65.0,5.1
2024-10-03,MOCK_AWS_05,0.0,30.4,17.5,62.0,3.2
2024-10-04,MOCK_AWS_05,0.0,30.2,17.8,64.0,11.2
2024-10-05,MOCK_AWS_05,0.0,33.8,19.4,62.0,9.2
2024-10-06,MOCK_AWS_05,0.0,32.8,18.9,58.0,7.6
2024-10-07,MOCK_AWS_05,0.0,35.1,20.7,65.0,5.1
2024-10-08,MOCK_AWS_05,0.0,33.2,17.9,61.0,5.5
2024-10-09,MOCK_AWS_05,0.0,34.6,19.5,60.0,4.1
2024-10-10,MOCK_AWS_05,0.0,34.4,18.8,57.0,11.8
2024-10-11,MOCK_AWS_05,0.0,35.5,19.4,57.0,4.8
2024-10-12,MOCK_AWS_05,0.0,34.3,18.8,61.0,4.5
2024-10-13,MOCK_AWS_05,0.0,30.3,15.5,55.0,5.2
2024-10-14,MOCK_AWS_05,0.0,36.3,18.2,48.0,4.6
2024-10-15,MOCK_AWS_05,0.0,32.3,16.0,54.0,2.0
2024-10-16,MOCK_AWS_05,0.0,30.7,16.2,56.0,3.9
2024-10-17,MOCK_AWS_05,0.0,33.5,16.6,61.0,4.8
2024-10-18,MOCK_AWS_05,0.0,34.1,18.4,55.0,5.2
2024-10-19,MOCK_AWS_05,0.0,35.7,18.0,63.0,4.9
2024-10-20,MOCK_AWS_05,0.0,30.9,15.4,51.0,4.0
2024-10-21,MOCK_AWS_05,0.0,30.1,14.1,54.0,4.5
2024-10-22,MOCK_AWS_05,0.0,30.0,13.5,63.0,6.6
2024-10-23,MOCK_AWS_05,0.0,29.7,13.5,55.0,4.4
2024-10-24,MOCK_AWS_05,0.0,27.1,11.9,52.0,4.9
2024-10-25,MOCK_AWS_05,0.0,31.4,15.4,64.0,3.6
2024-10-26,MOCK_AWS_05,0.0,33.5,16.6,57.0,7.5
2024-10-27,MOCK_AWS_05,0.0,30.6,14.7,54.0,6.8
2024-10-28,MOCK_AWS_05,0.0,32.0,14.8,53.0,6.2
2024-10-29,MOCK_AWS_05,0.0,29.7,13.3,62.0,7.0
2024-10-30,MOCK_AWS_05,,,,,
2024-10-31,MOCK_AWS_05,0.0,29.0,12.9,54.0,7.1
2024-11-01,MOCK_AWS_05,0.0,28.1,12.6,60.0,4.5
2024-11-02,MOCK_AWS_05,0.0,30.5,15.9,60.0,2.7
2024-11-03,MOCK_AWS_05,0.0,33.0,15.4,58.0,3.2
2024-11-04,MOCK_AWS_05,0.0,29.0,12.4,57.0,2.8
2024-11-05,MOCK_AWS_05,0.0,28.7,11.0,59.0,3.1
2024-11-06,MOCK_AWS_05,0.0,26.7,11.4,66.0,5.6
2024-11-07,MOCK_AWS_05,0.0,25.4,8.8,59.0,4.9
2024-11-08,MOCK_AWS_05,0.0,24.0,8.1,54.0,3.9
2024-11-09,MOCK_AWS_05,0.0,23.6,9.8,53.0,6.1
2024-11-10,MOCK_AWS_05,0.0,27.6,10.7,61.0,5.7
2024-11-11,MOCK_AWS_05,0.0,28.6,12.5,57.0,2.7
2024-11-12,MOCK_AWS_05,0.0,33.1,14.6,64.0,3.2
2024-11-13,MOCK_AWS_05,0.0,30.9,13.7,63.0,3.0
2024-11-14,MOCK_AWS_05,0.0,29.9,14.1,60.0,4.4
2024-11-15,MOCK_AWS_05,0.0,29.4,13.2,64.0,3.9
2024-11-16,MOCK_AWS_05,0.0,29.9,13.2,57.0,5.8
2024-11-17,MOCK_AWS_05,0.0,27.0,11.6,56.0,5.7
2024-11-18,MOCK_AWS_05,0.0,27.9,12.3,56.0,4.3
2024-11-19,MOCK_AWS_05,0.0,29.0,11.3,62.0,6.8
2024-11-20,MOCK_AWS_05,0.0,30.2,12.4,56.0,5.1
2024-11-21,MOCK_AWS_05,0.0,29.9,12.4,53.0,6.5
2024-11-22,MOCK_AWS_05,0.0,26.8,11.8,66.0,6.4
2024-11-23,MOCK_AWS_05,0.0,25.0,9.7,58.0,3.0
2024-11-24,MOCK_AWS_05,0.0,22.0,7.3,63.0,5.0
2024-11-25,MOCK_AWS_05,0.0,22.2,7.8,55.0,7.1
2024-11-26,MOCK_AWS_05,0.0,25.9,9.4,57.0,5.6
2024-11-27,MOCK_AWS_05,0.0,25.5,9.9,61.0,6.5
2024-11-28,MOCK_AWS_05,,,,,
2024-11-29,MOCK_AWS_05,0.0,26.6,9.9,58.0,4.5
2024-11-30,MOCK_AWS_05,0.0,26.6,11.6,59.0,4.8
2024-12-01,MOCK_AWS_05,0.0,25.0,9.7,62.0,3.1
2024-12-02,MOCK_AWS_05,0.0,24.9,9.0,63.0,5.2
2024-12-03,MOCK_AWS_05,0.0,24.1,9.0,62.0,3.1
2024-12-04,MOCK_AWS_05,0.0,23.0,7.6,66.0,3.6
2024-12-05,MOCK_AWS_05,0.0,19.9,7.4,58.0,3.1
2024-12-06,MOCK_AWS_05,0.0,23.6,8.6,66.0,3.1
2024-12-07,MOCK_AWS_05,0.0,24.6,9.7,71.0,5.0
2024-12-08,MOCK_AWS_05,0.0,21.8,7.0,57.0,4.7
2024-12-09,MOCK_AWS_05,0.0,21.3,7.4,63.0,5.7
2024-12-10,MOCK_AWS_05,0.0,24.8,8.5,63.0,13.3
2024-12-11,MOCK_AWS_05,0.0,25.6,9.3,68.0,6.6
2024-12-12,MOCK_AWS_05,0.0,22.3,7.5,80.0,8.2
2024-12-13,MOCK_AWS_05,0.0,22.6,8.4,57.0,5.0
2024-12-14,MOCK_AWS_05,0.0,24.3,7.6,66.0,3.8
2024-12-15,MOCK_AWS_05,0.0,20.8,7.3,67.0,4.4
2024-12-16,MOCK_AWS_05,0.0,22.9,9.1,61.0,4.8
2024-12-17,MOCK_AWS_05,0.0,25.3,10.6,63.0,3.8
2024-12-18,MOCK_AWS_05,,,,,
2024-12-19,MOCK_AWS_05,0.0,23.4,9.1,67.0,5.4
2024-12-20,MOCK_AWS_05,0.0,23.7,9.4,59.0,4.0
2024-12-21,MOCK_AWS_05,0.0,26.2,9.9,69.0,5.5
2024-12-22,MOCK_AWS_05,0.0,20.2,7.0,63.0,3.2
2024-12-23,MOCK_AWS_05,0.0,16.7,7.4,61.0,2.0
2024-12-24,MOCK_AWS_05,0.0,17.4,4.3,55.0,2.4
2024-12-25,MOCK_AWS_05,0.0,16.1,2.8,61.0,2.2
2024-12-26,MOCK_AWS_05,0.4,11.9,3.6,66.0,4.2
2024-12-27,MOCK_AWS_05,0.0,18.1,6.0,67.0,7.3
2024-12-28,MOCK_AWS_05,0.4,14.9,5.7,59.0,5.5
2024-12-29,MOCK_AWS_05,25.2,8.8,6.3,50.0,5.4
2024-12-30,MOCK_AWS_05,0.0,19.6,6.5,61.0,5.1
2024-12-31,MOCK_AWS_05,0.0,21.3,7.4,72.0,4.5
2023-01-01,MOCK_AWS_06,0.0,22.3,7.0,66.0,3.7
2023-01-02,MOCK_AWS_06,0.0,20.1,6.9,59.0,4.9
2023-01-03,MOCK_AWS_06,0.0,17.1,5.8,73.0,5.1
2023-01-04,MOCK_AWS_06,0.0,16.7,5.7,63.0,3.1
2023-01-05,MOCK_AWS_06,0.0,14.4,6.1,62.0,5.6
2023-01-06,MOCK_AWS_06,0.0,19.0,4.8,63.0,9.2
2023-01-07,MOCK_AWS_06,0.0,18.3,4.8,66.0,13.0
2023-01-08,MOCK_AWS_06,0.0,17.3,3.9,63.0,11.2
2023-01-09,MOCK_AWS_06,0.0,19.5,5.4,65.0,9.2
2023-01-10,MOCK_AWS_06,0.0,14.8,5.6,63.0,7.0
2023-01-11,MOCK_AWS_06,0.0,18.4,4.9,66.0,4.6
2023-01-12,MOCK_AWS_06,0.0,18.8,7.8,63.0,5.8
2023-01-13,MOCK_AWS_06,0.0,20.3,6.0,66.0,7.3
2023-01-14,MOCK_AWS_06,0.0,21.3,6.8,72.0,5.7
2023-01-15,MOCK_AWS_06,0.0,18.9,6.0,69.0,4.6
2023-01-16,MOCK_AWS_06,0.0,20.6,7.5,66.0,4.0
2023-01-17,MOCK_AWS_06,0.7,15.1,6.6,61.0,8.2
2023-01-18,MOCK_AWS_06,0.0,17.5,5.1,64.0,6.6
2023-01-19,MOCK_AWS_06,0.0,16.0,3.5,63.0,5.4
2023-01-20,MOCK_AWS_06,0.0,17.4,4.9,61.0,9.3
2023-01-21,MOCK_AWS_06,0.0,17.7,4.7,64.0,16.2
2023-01-22,MOCK_AWS_06,0.0,16.3,6.9,66.0,11.1
2023-01-23,MOCK_AWS_06,0.0,16.3,6.1,63.0,11.9
2023-01-24,MOCK_AWS_06,0.0,20.3,6.6,73.0,11.7
2023-01-25,MOCK_AWS_06,31.6,14.2,7.4,51.0,8.8
2023-01-26,MOCK_AWS_06,0.0,19.4,8.2,62.0,12.6
2023-01-27,MOCK_AWS_06,0.0,24.5,10.3,67.0,9.9
2023-01-28,MOCK_AWS_06,0.0,21.3,7.2,59.0,7.5
2023-01-29,MOCK_AWS_06,0.0,22.1,7.7,73.0,5.8
2023-01-30,MOCK_AWS_06,0.0,21.9,7.9,66.0,7.8
2023-01-31,MOCK_AWS_06,0.0,24.0,7.3,67.0,7.9
2023-02-01,MOCK_AWS_06,0.0,23.0,9.1,58.0,6.8
2023-02-02,MOCK_AWS_06,0.0,23.4,9.0,62.0,8.8
2023-02-03,MOCK_AWS_06,0.0,24.2,8.2,63.0,5.2
2023-02-04,MOCK_AWS_06,0.0,24.1,8.7,71.0,5.6
2023-02-05,MOCK_AWS_06,0.0,24.7,9.5,65.0,6.1
2023-02-06,MOCK_AWS_06,0.0,25.2,8.8,66.0,3.8
2023-02-07,MOCK_AWS_06,0.0,23.9,8.5,59.0,3.4
2023-02-08,MOCK_AWS_06,0.0,22.0,8.7,64.0,5.3
2023-02-09,MOCK_AWS_06,0.0,23.5,8.9,63.0,4.6
2023-02-10,MOCK_AWS_06,0.0,26.4,10.3,66.0,5.2
2023-02-11,MOCK_AWS_06,0.0,22.0,7.5,63.0,3.8
2023-02-12,MOCK_AWS_06,0.0,24.3,8.7,61.0,4.6
2023-02-13,MOCK_AWS_06,0.0,25.2,8.8,56.0,8.6
2023-02-14,MOCK_AWS_06,0.0,25.3,8.9,59.0,9.8
2023-02-15,MOCK_AWS_06,0.0,25.8,9.9,65.0,5.4
2023-02-16,MOCK_AWS_06,0.0,27.2,12.1,64.0,6.5
2023-02-17,MOCK_AWS_06,0.0,26.5,9.8,62.0,7.7
2023-02-18,MOCK_AWS_06,0.0,27.1,12.4,65.0,6.2
2023-02-19,MOCK_AWS_06,0.0,26.0,12.9,59.0,7.6
2023-02-20,MOCK_AWS_06,0.0,24.1,10.4,65.0,8.7
2023-02-21,MOCK_AWS_06,0.0,22.8,8.4,60.0,11.0
2023-02-22,MOCK_AWS_06,1.7,24.3,12.3,48.0,6.9
2023-02-23,MOCK_AWS_06,0.0,24.9,11.2,57.0,9.4
2023-02-24,MOCK_AWS_06,0.0,23.4,9.9,63.0,7.7
2023-02-25,MOCK_AWS_06,0.0,26.7,11.6,55.0,8.1
2023-02-26,MOCK_AWS_06,0.0,27.7,13.7,60.0,11.0
2023-02-27,MOCK_AWS_06,1.9,26.7,14.2,47.0,10.0
2023-02-28,MOCK_AWS_06,0.0,28.7,13.0,53.0,6.6
2023-03-01,MOCK_AWS_06,0.0,29.5,12.9,54.0,9.6
2023-03-02,MOCK_AWS_06,0.0,26.5,11.2,58.0,5.7
2023-03-03,MOCK_AWS_06,0.0,24.4,10.7,53.0,10.3
2023-03-04,MOCK_AWS_06,,,,,
2023-03-05,MOCK_AWS_06,0.0,26.7,11.4,55.0,12.1
2023-03-06,MOCK_AWS_06,0.0,27.3,11.7,54.0,8.7
2023-03-07,MOCK_AWS_06,0.0,23.3,9.9,62.0,7.8
2023-03-08,MOCK_AWS_06,0.0,25.1,10.6,48.0,7.1
2023-03-09,MOCK_AWS_06,0.0,22.8,7.8,51.0,9.4
2023-03-10,MOCK_AWS_06,0.0,24.9,9.7,53.0,7.4
2023-03-11,MOCK_AWS_06,0.0,23.0,9.5,55.0,8.4
2023-03-12,MOCK_AWS_06,0.0,26.8,10.9,51.0,12.9
2023-03-13,MOCK_AWS_06,0.0,28.0,13.4,54.0,9.4
2023-03-14,MOCK_AWS_06,0.0,30.7,13.7,53.0,9.1
2023-03-15,MOCK_AWS_06,0.0,30.4,13.7,47.0,9.1
2023-03-16,MOCK_AWS_06,0.0,32.4,14.3,58.0,7.7
2023-03-17,MOCK_AWS_06,0.3,32.4,17.0,52.0,9.5
2023-03-18,MOCK_AWS_06,8.4,26.4,12.6,41.0,7.0
2023-03-19,MOCK_AWS_06,0.0,26.7,12.5,46.0,6.2
2023-03-20,MOCK_AWS_06,0.0,29.6,14.3,46.0,11.3
2023-03-21,MOCK_AWS_06,0.0,30.3,12.8,45.0,5.4
2023-03-22,MOCK_AWS_06,0.0,29.6,13.9,47.0,6.8
2023-03-23,MOCK_AWS_06,0.0,30.9,15.8,51.0,7.0
2023-03-24,MOCK_AWS_06,0.0,34.8,17.7,43.0,6.9
2023-03-25,MOCK_AWS_06,,,,,
2023-03-26,MOCK_AWS_06,0.0,37.0,18.9,51.0,8.9
2023-03-27,MOCK_AWS_06,0.0,35.9,18.8,42.0,9.5
2023-03-28,MOCK_AWS_06,0.0,34.7,17.2,42.0,9.8
2023-03-29,MOCK_AWS_06,0.0,36.6,17.5,41.0,9.5
2023-03-30,MOCK_AWS_06,0.0,31.5,16.1,46.0,10.8
2023-03-31,MOCK_AWS_06,3.6,32.2,17.1,31.0,9.4
2023-04-01,MOCK_AWS_06,0.0,34.2,18.5,46.0,9.3
2023-04-02,MOCK_AWS_06,0.0,35.4,17.9,41.0,9.5
2023-04-03,MOCK_AWS_06,0.0,35.1,17.3,45.0,7.9
2023-04-04,MOCK_AWS_06,0.0,32.5,16.4,42.0,9.6
2023-04-05,MOCK_AWS_06,0.0,34.2,17.6,41.0,11.5
2023-04-06,MOCK_AWS_06,0.0,35.1,18.5,41.0,14.9
2023-04-07,MOCK_AWS_06,0.0,34.7,17.3,36.0,6.7
2023-04-08,MOCK_AWS_06,,,,,
2023-04-09,MOCK_AWS_06,0.0,37.0,20.2,44.0,9.2
2023-04-10,MOCK_AWS_06,0.0,36.2,19.6,37.0,3.9
2023-04-11,MOCK_AWS_06,0.0,36.6,19.4,40.0,4.1
2023-04-12,MOCK_AWS_06,0.0,37.8,20.1,36.0,16.0
2023-04-13,MOCK_AWS_06,,,,,
2023-04-14,MOCK_AWS_06,7.3,34.3,20.2,25.0,8.4
2023-04-15,MOCK_AWS_06,0.0,35.4,19.5,43.0,5.8
2023-04-16,MOCK_AWS_06,0.0,35.5,19.5,36.0,12.5
2023-04-17,MOCK_AWS_06,0.0,34.1,16.7,36.0,10.0
2023-04-18,MOCK_AWS_06,0.0,35.3,19.2,39.0,8.9
2023-04-19,MOCK_AWS_06,0.0,34.7,18.3,39.0,7.4
2023-04-20,MOCK_AWS_06,0.0,36.3,21.0,40.0,5.4
2023-04-21,MOCK_AWS_06,0.0,38.5,20.6,36.0,9.9
2023-04-22,MOCK_AWS_06,0.0,37.2,20.0,37.0,15.9
2023-04-23,MOCK_AWS_06,0.0,40.2,23.3,39.0,12.7
2023-04-24,MOCK_AWS_06,0.0,39.2,22.3,48.0,9.5
2023-04-25,MOCK_AWS_06,0.0,38.8,21.5,41.0,10.1
2023-04-26,MOCK_AWS_06,0.0,37.2,21.4,38.0,13.0
2023-04-27,MOCK_AWS_06,0.0,39.2,23.1,39.0,15.3
2023-04-28,MOCK_AWS_06,0.0,41.2,23.9,40.0,7.6
2023-04-29,MOCK_AWS_06,0.0,40.3,22.7,41.0,8.8
2023-04-30,MOCK_AWS_06,0.0,43.7,25.9,41.0,7.2
2023-05-01,MOCK_AWS_06,4.5,37.8,23.5,30.0,6.2
2023-05-02,MOCK_AWS_06,0.0,40.4,22.8,36.0,9.6
2023-05-03,MOCK_AWS_06,0.0,38.7,22.9,37.0,10.4
2023-05-04,MOCK_AWS_06,0.0,36.9,24.5,30.0,11.7
2023-05-05,MOCK_AWS_06,0.0,42.2,25.8,34.0,13.9
2023-05-06,MOCK_AWS_06,0.0,45.2,28.6,37.0,19.1
2023-05-07,MOCK_AWS_06,0.0,45.9,27.3,40.0,20.7
2023-05-08,MOCK_AWS_06,0.0,44.4,26.1,44.0,21.8
2023-05-09,MOCK_AWS_06,0.0,45.0,27.5,37.0,17.0
2023-05-10,MOCK_AWS_06,0.0,42.7,26.7,41.0,15.8
2023-05-11,MOCK_AWS_06,0.0,41.3,24.5,37.0,15.2
2023-05-12,MOCK_AWS_06,0.0,43.2,26.3,41.0,17.6
2023-05-13,MOCK_AWS_06,0.0,42.7,27.6,43.0,8.0
2023-05-14,MOCK_AWS_06,0.0,41.6,24.7,32.0,8.3
2023-05-15,MOCK_AWS_06,0.0,45.2,26.5,44.0,7.6
2023-05-16,MOCK_AWS_06,0.0,44.4,27.9,37.0,9.1
2023-05-17,MOCK_AWS_06,0.0,44.8,27.7,44.0,8.5
2023-05-18,MOCK_AWS_06,0.0,40.3,26.1,40.0,8.3
2023-05-19,MOCK_AWS_06,0.0,43.1,27.0,42.0,19.3
2023-05-20,MOCK_AWS_06,0.0,40.4,26.2,36.0,12.6
2023-05-21,MOCK_AWS_06,0.0,43.8,28.2,41.0,19.3
2023-05-22,MOCK_AWS_06,0.0,41.8,26.8,38.0,11.5
2023-05-23,MOCK_AWS_06,0.0,40.0,24.0,42.0,10.9
2023-05-24,MOCK_AWS_06,,,,,
2023-05-25,MOCK_AWS_06,0.0,39.6,23.9,44.0,11.7
2023-05-26,MOCK_AWS_06,0.0,41.2,25.7,43.0,13.8
2023-05-27,MOCK_AWS_06,0.0,38.9,24.0,40.0,12.0
2023-05-28,MOCK_AWS_06,0.0,43.9,27.0,46.0,10.5
2023-05-29,MOCK_AWS_06,0.0,40.8,27.6,43.0,9.2
2023-05-30,MOCK_AWS_06,0.0,41.6,27.6,39.0,8.8
2023-05-31,MOCK_AWS_06,0.0,38.7,23.9,46.0,10.0
2023-06-01,MOCK_AWS_06,0.0,39.0,26.3,34.0,9.7
2023-06-02,MOCK_AWS_06,0.0,44.1,28.6,41.0,8.5
2023-06-03,MOCK_AWS_06,0.0,45.8,30.6,45.0,23.6
2023-06-04,MOCK_AWS_06,0.0,46.5,31.5,42.0,11.3
2023-06-05,MOCK_AWS_06,0.0,48.9,33.4,47.0,24.7
2023-06-06,MOCK_AWS_06,0.0,46.9,31.1,45.0,12.5
2023-06-07,MOCK_AWS_06,0.0,44.9,30.3,52.0,7.3
2023-06-08,MOCK_AWS_06,0.0,42.7,28.1,50.0,6.0
2023-06-09,MOCK_AWS_06,0.0,39.7,27.9,46.0,6.7
2023-06-10,MOCK_AWS_06,0.0,42.0,28.0,53.0,13.0
2023-06-11,MOCK_AWS_06,0.0,43.9,28.0,54.0,17.2
2023-06-12,MOCK_AWS_06,0.0,42.8,29.3,49.0,9.9
2023-06-13,MOCK_AWS_06,0.0,43.8,29.2,52.0,17.5
2023-06-14,MOCK_AWS_06,0.0,40.3,27.9,47.0,11.2
2023-06-15,MOCK_AWS_06,0.0,41.0,27.1,50.0,18.0
2023-06-16,MOCK_AWS_06,5.1,39.0,27.7,38.0,14.1
2023-06-17,MOCK_AWS_06,,,,,
2023-06-18,MOCK_AWS_06,0.0,39.3,26.2,49.0,10.3
2023-06-19,MOCK_AWS_06,0.0,42.0,28.2,53.0,13.2
2023-06-20,MOCK_AWS_06,0.0,38.1,26.3,53.0,17.0
2023-06-21,MOCK_AWS_06,0.0,40.0,27.2,46.0,15.2
2023-06-22,MOCK_AWS_06,0.0,37.2,24.8,54.0,13.4
2023-06-23,MOCK_AWS_06,0.0,36.2,24.8,55.0,7.7
2023-06-24,MOCK_AWS_06,0.0,42.2,28.2,53.0,8.1
2023-06-25,MOCK_AWS_06,0.0,39.3,27.7,54.0,12.2
2023-06-26,MOCK_AWS_06,0.0,39.9,27.7,59.0,8.8
2023-06-27,MOCK_AWS_06,0.9,38.1,28.6,65.0,13.3
2023-06-28,MOCK_AWS_06,0.0,39.2,27.9,56.0,15.3
2023-06-29,MOCK_AWS_06,0.0,38.6,28.2,57.0,12.6
2023-06-30,MOCK_AWS_06,8.8,32.0,25.6,54.0,10.0
2023-07-01,MOCK_AWS_06,0.0,40.4,28.3,61.0,11.9
2023-07-02,MOCK_AWS_06,0.0,37.8,26.6,61.0,11.2
2023-07-03,MOCK_AWS_06,0.0,35.8,25.4,68.0,18.7
2023-07-04,MOCK_AWS_06,0.0,35.8,24.8,63.0,9.7
2023-07-05,MOCK_AWS_06,0.0,33.3,23.1,64.0,11.3
2023-07-06,MOCK_AWS_06,1.1,33.4,24.2,50.0,8.2
2023-07-07,MOCK_AWS_06,0.0,36.8,26.3,60.0,10.1
2023-07-08,MOCK_AWS_06,0.0,35.7,25.7,59.0,10.9
2023-07-09,MOCK_AWS_06,0.0,35.3,25.4,66.0,10.9
2023-07-10,MOCK_AWS_06,0.0,38.5,28.5,70.0,13.1
2023-07-11,MOCK_AWS_06,0.0,37.2,27.0,65.0,19.1
2023-07-12,MOCK_AWS_06,0.0,37.7,28.3,73.0,10.0
2023-07-13,MOCK_AWS_06,0.0,33.4,24.3,67.0,11.6
2023-07-14,MOCK_AWS_06,0.0,36.1,25.6,77.0,14.1
2023-07-15,MOCK_AWS_06,0.0,34.0,26.3,77.0,8.9
2023-07-16,MOCK_AWS_06,0.0,35.6,27.1,74.0,12.6
2023-07-17,MOCK_AWS_06,0.0,31.8,24.9,68.0,9.1
2023-07-18,MOCK_AWS_06,0.0,35.2,25.2,73.0,12.0
2023-07-19,MOCK_AWS_06,0.0,34.8,26.3,75.0,13.5
2023-07-20,MOCK_AWS_06,0.0,37.2,27.1,73.0,7.3
2023-07-21,MOCK_AWS_06,0.0,39.2,28.8,65.0,8.7
2023-07-22,MOCK_AWS_06,0.0,35.1,26.4,73.0,11.2
2023-07-23,MOCK_AWS_06,0.0,36.0,26.6,68.0,5.5
2023-07-24,MOCK_AWS_06,0.0,33.0,25.8,74.0,8.7
2023-07-25,MOCK_AWS_06,2.5,36.2,28.4,59.0,11.2
2023-07-26,MOCK_AWS_06,0.0,36.0,27.4,76.0,5.1
2023-07-27,MOCK_AWS_06,0.0,38.9,29.5,74.0,5.5
2023-07-28,MOCK_AWS_06,,,,,
2023-07-29,MOCK_AWS_06,0.0,35.1,26.6,80.0,10.1
2023-07-30,MOCK_AWS_06,0.0,32.2,24.1,77.0,10.1
2023-07-31,MOCK_AWS_06,0.0,35.7,25.3,74.0,12.9
2023-08-01,MOCK_AWS_06,0.0,31.2,23.5,72.0,9.1
2023-08-02,MOCK_AWS_06,0.0,33.2,25.0,74.0,13.6
2023-08-03,MOCK_AWS_06,,,,,
2023-08-04,MOCK_AWS_06,0.0,35.6,26.4,75.0,15.6
2023-08-05,MOCK_AWS_06,0.0,24.8,22.6,62.0,8.0
2023-08-06,MOCK_AWS_06,0.0,31.1,24.3,70.0,7.4
2023-08-07,MOCK_AWS_06,0.0,35.5,25.6,83.0,6.6
2023-08-08,MOCK_AWS_06,,,,,
2023-08-09,MOCK_AWS_06,0.0,34.1,26.5,75.0,6.2
2023-08-10,MOCK_AWS_06,0.0,33.4,25.1,84.0,8.5
2023-08-11,MOCK_AWS_06,0.0,34.0,26.7,83.0,5.0
2023-08-12,MOCK_AWS_06,0.0,32.8,25.2,76.0,8.2
2023-08-13,MOCK_AWS_06,0.0,32.7,23.7,87.0,6.8
2023-08-14,MOCK_AWS_06,0.0,33.6,25.2,77.0,6.3
2023-08-15,MOCK_AWS_06,61.2,27.6,25.2,75.0,6.4
2023-08-16,MOCK_AWS_06,26.5,27.7,24.8,62.0,7.7
2023-08-17,MOCK_AWS_06,0.0,33.4,25.4,81.0,6.0
2023-08-18,MOCK_AWS_06,0.0,32.4,24.8,84.0,5.1
2023-08-19,MOCK_AWS_06,0.0,29.0,23.3,74.0,11.9
2023-08-20,MOCK_AWS_06,0.0,31.8,23.6,68.0,7.7
2023-08-21,MOCK_AWS_06,9.6,28.9,24.5,62.0,9.1
2023-08-22,MOCK_AWS_06,0.0,32.5,25.1,72.0,10.4
2023-08-23,MOCK_AWS_06,0.0,35.5,26.8,76.0,9.0
2023-08-24,MOCK_AWS_06,0.0,36.6,25.5,82.0,7.8
2023-08-25,MOCK_AWS_06,0.0,34.0,23.9,76.0,8.3
2023-08-26,MOCK_AWS_06,0.0,34.8,25.1,74.0,6.2
2023-08-27,MOCK_AWS_06,0.0,33.2,25.0,81.0,6.2
2023-08-28,MOCK_AWS_06,0.0,33.1,23.3,69.0,5.9
2023-08-29,MOCK_AWS_06,0.0,36.1,26.4,70.0,4.7
2023-08-30,MOCK_AWS_06,0.0,35.8,25.8,71.0,3.6
2023-08-31,MOCK_AWS_06,,,,,
2023-09-01,MOCK_AWS_06,0.0,35.5,24.8,77.0,3.9
2023-09-02,MOCK_AWS_06,0.0,37.4,26.1,75.0,8.2
2023-09-03,MOCK_AWS_06,0.0,38.5,27.6,74.0,3.5
2023-09-04,MOCK_AWS_06,91.7,31.1,28.2,61.0,9.6
2023-09-05,MOCK_AWS_06,0.0,40.2,28.3,71.0,8.6
2023-09-06,MOCK_AWS_06,0.0,38.7,28.1,71.0,14.1
2023-09-07,MOCK_AWS_06,8.7,31.0,25.0,61.0,12.7
2023-09-08,MOCK_AWS_06,13.0,30.7,23.4,57.0,13.2
2023-09-09,MOCK_AWS_06,0.0,37.0,25.1,71.0,14.0
2023-09-10,MOCK_AWS_06,0.0,35.9,25.1,78.0,9.7
2023-09-11,MOCK_AWS_06,0.0,31.5,22.5,71.0,7.2
2023-09-12,MOCK_AWS_06,0.0,34.3,22.2,73.0,6.8
2023-09-13,MOCK_AWS_06,0.0,32.2,21.2,67.0,8.0
2023-09-14,MOCK_AWS_06,0.0,29.4,20.0,76.0,10.5
2023-09-15,MOCK_AWS_06,0.0,30.5,20.8,73.0,11.7
2023-09-16,MOCK_AWS_06,0.0,34.2,22.3,79.0,5.8
2023-09-17,MOCK_AWS_06,0.0,33.3,23.4,74.0,6.1
2023-09-18,MOCK_AWS_06,0.0,38.2,26.6,78.0,9.7
2023-09-19,MOCK_AWS_06,0.0,37.5,26.9,75.0,6.9
2023-09-20,MOCK_AWS_06,0.0,38.3,25.1,72.0,4.7
2023-09-21,MOCK_AWS_06,0.0,40.0,25.3,74.0,8.0
2023-09-22,MOCK_AWS_06,0.0,33.3,21.2,75.0,6.3
2023-09-23,MOCK_AWS_06,0.0,31.4,19.0,72.0,6.1
2023-09-24,MOCK_AWS_06,0.0,33.8,21.2,65.0,2.6
2023-09-25,MOCK_AWS_06,0.0,36.5,21.3,72.0,5.6
2023-09-26,MOCK_AWS_06,0.0,26.9,19.9,63.0,6.8
2023-09-27,MOCK_AWS_06,0.0,29.0,17.9,65.0,9.1
2023-09-28,MOCK_AWS_06,0.0,31.7,19.6,63.0,5.2
2023-09-29,MOCK_AWS_06,0.0,33.9,20.9,65.0,9.7
2023-09-30,MOCK_AWS_06,0.0,33.8,20.8,55.0,6.4
2023-10-01,MOCK_AWS_06,0.0,32.1,19.4,75.0,3.4
2023-10-02,MOCK_AWS_06,0.0,31.2,18.8,55.0,5.0
2023-10-03,MOCK_AWS_06,0.0,32.5,17.8,59.0,2.9
2023-10-04,MOCK_AWS_06,0.0,32.3,18.2,63.0,3.8
2023-10-05,MOCK_AWS_06,0.0,30.2,15.7,61.0,2.1
2023-10-06,MOCK_AWS_06,0.0,29.7,15.5,69.0,6.5
2023-10-07,MOCK_AWS_06,2.9,28.1,16.6,45.0,5.6
2023-10-08,MOCK_AWS_06,0.0,36.0,18.9,54.0,4.5
2023-10-09,MOCK_AWS_06,0.0,32.9,18.3,59.0,7.6
2023-10-10,MOCK_AWS_06,0.0,34.5,17.5,50.0,6.8
2023-10-11,MOCK_AWS_06,0.0,34.4,17.0,60.0,4.1
2023-10-12,MOCK_AWS_06,0.0,30.8,16.8,54.0,2.5
2023-10-13,MOCK_AWS_06,0.0,32.4,15.5,55.0,4.1
2023-10-14,MOCK_AWS_06,0.0,32.0,16.2,66.0,3.8
2023-10-15,MOCK_AWS_06,0.0,34.6,18.4,58.0,6.3
2023-10-16,MOCK_AWS_06,0.0,33.2,16.0,55.0,5.3
2023-10-17,MOCK_AWS_06,0.0,33.8,19.1,61.0,4.3
2023-10-18,MOCK_AWS_06,,,,,
2023-10-19,MOCK_AWS_06,0.0,30.6,15.4,54.0,2.6
2023-10-20,MOCK_AWS_06,0.0,35.0,19.2,56.0,2.5
2023-10-21,MOCK_AWS_06,0.0,34.3,16.8,52.0,3.6
2023-10-22,MOCK_AWS_06,0.0,32.2,16.4,53.0,7.9
2023-10-23,MOCK_AWS_06,0.0,35.3,16.8,61.0,5.6
2023-10-24,MOCK_AWS_06,0.0,30.6,14.7,58.0,5.6
2023-10-25,MOCK_AWS_06,0.0,32.1,14.8,55.0,3.4
2023-10-26,MOCK_AWS_06,0.0,28.7,12.7,64.0,2.6
2023-10-27,MOCK_AWS_06,0.0,25.2,10.4,66.0,5.6
2023-10-28,MOCK_AWS_06,0.0,26.3,9.8,55.0,5.6
2023-10-29,MOCK_AWS_06,0.0,24.8,9.0,55.0,4.5
2023-10-30,MOCK_AWS_06,0.0,29.3,12.5,56.0,5.5
2023-10-31,MOCK_AWS_06,0.0,29.7,13.4,56.0,5.1
2023-11-01,MOCK_AWS_06,0.0,28.1,13.6,59.0,3.9
2023-11-02,MOCK_AWS_06,0.0,29.6,12.8,58.0,4.6
2023-11-03,MOCK_AWS_06,0.0,31.7,13.0,55.0,3.0
2023-11-04,MOCK_AWS_06,0.0,30.3,13.3,59.0,4.8
2023-11-05,MOCK_AWS_06,0.0,31.0,14.6,57.0,6.1
2023-11-06,MOCK_AWS_06,0.0,32.6,14.6,60.0,6.5
2023-11-07,MOCK_AWS_06,,,,,
2023-11-08,MOCK_AWS_06,0.0,31.7,14.5,58.0,8.2
2023-11-09,MOCK_AWS_06,0.0,34.0,14.0,58.0,8.2
2023-11-10,MOCK_AWS_06,0.0,30.6,13.6,60.0,7.0
2023-11-11,MOCK_AWS_06,0.0,29.8,12.0,66.0,8.7
2023-11-12,MOCK_AWS_06,0.0,28.8,11.5,58.0,5.4
2023-11-13,MOCK_AWS_06,0.0,26.9,9.7,57.0,5.1
2023-11-14,MOCK_AWS_06,0.0,28.2,10.7,65.0,4.5
2023-11-15,MOCK_AWS_06,0.0,29.9,12.1,57.0,6.4
2023-11-16,MOCK_AWS_06,0.0,27.9,11.0,57.0,10.2
2023-11-17,MOCK_AWS_06,0.0,28.9,12.5,59.0,7.2
2023-11-18,MOCK_AWS_06,0.0,31.0,12.8,62.0,2.6
2023-11-19,MOCK_AWS_06,0.0,31.9,14.1,63.0,5.0
2023-11-20,MOCK_AWS_06,0.0,32.8,15.4,65.0,3.9
2023-11-21,MOCK_AWS_06,0.0,29.8,14.3,59.0,2.1
2023-11-22,MOCK_AWS_06,0.0,29.6,11.8,63.0,3.6
2023-11-23,MOCK_AWS_06,0.0,26.2,10.7,64.0,4.3
2023-11-24,MOCK_AWS_06,0.0,26.6,9.2,67.0,3.8
2023-11-25,MOCK_AWS_06,0.0,26.7,9.9,59.0,4.8
2023-11-26,MOCK_AWS_06,0.0,24.5,8.5,53.0,4.7
2023-11-27,MOCK_AWS_06,0.0,25.4,9.4,61.0,5.6
2023-11-28,MOCK_AWS_06,0.0,23.5,7.9,64.0,9.2
2023-11-29,MOCK_AWS_06,0.0,26.3,9.3,66.0,3.7
2023-11-30,MOCK_AWS_06,0.0,24.4,8.5,60.0,3.3
2023-12-01,MOCK_AWS_06,0.0,24.8,8.9,58.0,2.0
2023-12-02,MOCK_AWS_06,0.0,26.3,10.4,61.0,2.1
2023-12-03,MOCK_AWS_06,0.0,25.4,10.5,57.0,1.8
2023-12-04,MOCK_AWS_06,0.0,25.5,10.3,60.0,5.3
2023-12-05,MOCK_AWS_06,0.0,23.6,11.2,55.0,5.6
2023-12-06,MOCK_AWS_06,0.0,25.7,10.1,58.0,4.4
2023-12-07,MOCK_AWS_06,0.0,24.3,8.3,58.0,8.4
2023-12-08,MOCK_AWS_06,0.0,24.4,8.3,65.0,8.2
2023-12-09,MOCK_AWS_06,0.0,22.7,7.7,62.0,5.6
2023-12-10,MOCK_AWS_06,0.0,19.1,5.8,68.0,4.9
2023-12-11,MOCK_AWS_06,0.0,19.2,5.7,64.0,4.5
2023-12-12,MOCK_AWS_06,0.0,18.8,7.0,66.0,2.7
2023-12-13,MOCK_AWS_06,0.0,20.1,5.1,62.0,3.0
2023-12-14,MOCK_AWS_06,,,,,
2023-12-15,MOCK_AWS_06,0.0,13.5,3.7,55.0,2.4
2023-12-16,MOCK_AWS_06,0.0,17.2,7.0,74.0,1.9
2023-12-17,MOCK_AWS_06,0.0,21.0,6.9,63.0,2.9
2023-12-18,MOCK_AWS_06,0.0,20.6,4.5,67.0,2.7
2023-12-19,MOCK_AWS_06,0.0,22.6,7.4,64.0,7.5
2023-12-20,MOCK_AWS_06,0.0,16.6,5.7,59.0,4.7
2023-12-21,MOCK_AWS_06,0.0,17.8,5.1,63.0,4.6
2023-12-22,MOCK_AWS_06,0.0,18.4,5.4,70.0,3.8
2023-12-23,MOCK_AWS_06,0.0,17.9,3.9,79.0,3.4
2023-12-24,MOCK_AWS_06,0.0,18.4,4.3,66.0,4.1
2023-12-25,MOCK_AWS_06,0.0,18.6,6.3,64.0,3.6
2023-12-26,MOCK_AWS_06,0.0,21.3,7.9,72.0,7.5
2023-12-27,MOCK_AWS_06,0.0,19.9,10.0,67.0,5.0
2023-12-28,MOCK_AWS_06,0.0,27.3,9.2,70.0,3.4
2023-12-29,MOCK_AWS_06,0.0,23.6,8.0,66.0,4.1
2023-12-30,MOCK_AWS_06,0.0,23.9,7.6,72.0,7.2
2023-12-31,MOCK_AWS_06,0.0,21.5,6.0,65.0,2.7
2024-01-01,MOCK_AWS_06,0.0,19.4,6.2,71.0,6.4
2024-01-02,MOCK_AWS_06,0.0,17.7,3.8,64.0,4.8
2024-01-03,MOCK_AWS_06,0.0,22.6,5.9,63.0,8.9
2024-01-04,MOCK_AWS_06,0.0,23.9,9.1,70.0,3.2
2024-01-05,MOCK_AWS_06,1.7,22.1,11.1,57.0,5.2
2024-01-06,MOCK_AWS_06,0.0,26.4,11.5,64.0,8.3
2024-01-07,MOCK_AWS_06,0.0,25.4,10.3,74.0,6.6
2024-01-08,MOCK_AWS_06,0.0,24.5,8.3,61.0,4.9
2024-01-09,MOCK_AWS_06,0.0,24.7,8.6,64.0,6.5
2024-01-10,MOCK_AWS_06,0.0,20.7,11.0,71.0,13.5
2024-01-11,MOCK_AWS_06,0.0,18.9,6.5,63.0,7.7
2024-01-12,MOCK_AWS_06,0.0,19.6,6.4,66.0,5.5
2024-01-13,MOCK_AWS_06,7.9,14.9,4.4,54.0,4.2
2024-01-14,MOCK_AWS_06,0.0,19.2,6.0,67.0,5.4
2024-01-15,MOCK_AWS_06,0.0,21.1,7.5,63.0,5.8
2024-01-16,MOCK_AWS_06,0.0,21.3,6.1,63.0,5.9
2024-01-17,MOCK_AWS_06,0.0,18.5,5.1,72.0,5.5
2024-01-18,MOCK_AWS_06,0.0,20.2,9.2,68.0,2.9
2024-01-19,MOCK_AWS_06,0.0,20.2,9.3,68.0,6.9
2024-01-20,MOCK_AWS_06,0.0,23.5,9.1,66.0,5.9
2024-01-21,MOCK_AWS_06,0.0,23.5,8.5,62.0,4.6
2024-01-22,MOCK_AWS_06,0.0,24.7,10.2,63.0,4.1
2024-01-23,MOCK_AWS_06,0.0,24.7,9.6,68.0,3.3
2024-01-24,MOCK_AWS_06,2.0,18.7,10.2,53.0,2.4
2024-01-25,MOCK_AWS_06,0.0,20.5,6.2,65.0,3.1
2024-01-26,MOCK_AWS_06,,,,,
2024-01-27,MOCK_AWS_06,5.0,17.4,4.6,55.0,7.4
2024-01-28,MOCK_AWS_06,0.0,21.9,9.2,47.0,9.4
2024-01-29,MOCK_AWS_06,1.1,19.7,10.6,52.0,8.2
2024-01-30,MOCK_AWS_06,6.6,20.5,10.6,52.0,8.5
2024-01-31,MOCK_AWS_06,0.0,23.7,12.2,68.0,5.0
2024-02-01,MOCK_AWS_06,0.0,26.8,11.4,61.0,4.7
2024-02-02,MOCK_AWS_06,,,,,
2024-02-03,MOCK_AWS_06,0.5,24.7,9.6,67.0,5.4
2024-02-04,MOCK_AWS_06,0.9,25.0,11.5,61.0,3.1
2024-02-05,MOCK_AWS_06,6.5,22.2,9.8,57.0,3.1
2024-02-06,MOCK_AWS_06,0.0,25.0,9.7,67.0,3.9
2024-02-07,MOCK_AWS_06,0.0,27.4,11.3,60.0,4.2
2024-02-08,MOCK_AWS_06,0.0,29.0,11.9,66.0,4.2
2024-02-09,MOCK_AWS_06,0.0,27.7,11.0,58.0,3.7
2024-02-10,MOCK_AWS_06,4.4,23.8,11.0,56.0,3.4
2024-02-11,MOCK_AWS_06,0.0,24.2,8.7,57.0,4.5
2024-02-12,MOCK_AWS_06,0.0,22.7,8.6,61.0,3.8
2024-02-13,MOCK_AWS_06,0.0,25.9,10.8,57.0,3.9
2024-02-14,MOCK_AWS_06,0.0,26.2,10.1,69.0,3.5
2024-02-15,MOCK_AWS_06,0.0,27.0,11.4,61.0,3.1
2024-02-16,MOCK_AWS_06,0.0,24.3,10.8,60.0,3.4
2024-02-17,MOCK_AWS_06,0.0,25.6,10.7,57.0,6.8
2024-02-18,MOCK_AWS_06,0.0,27.1,10.8,55.0,8.5
2024-02-19,MOCK_AWS_06,0.0,28.5,13.4,58.0,7.7
2024-02-20,MOCK_AWS_06,0.0,25.6,9.9,65.0,9.2
2024-02-21,MOCK_AWS_06,0.0,26.7,10.7,62.0,8.1
2024-02-22,MOCK_AWS_06,0.0,26.1,11.2,61.0,6.3
2024-02-23,MOCK_AWS_06,0.0,26.9,11.7,62.0,7.0
2024-02-24,MOCK_AWS_06,0.0,23.3,9.9,52.0,5.6
2024-02-25,MOCK_AWS_06,0.0,22.7,7.9,60.0,8.4
2024-02-26,MOCK_AWS_06,0.0,24.2,9.6,58.0,5.0
2024-02-27,MOCK_AWS_06,,,,,
2024-02-28,MOCK_AWS_06,0.0,28.4,11.8,52.0,4.5
2024-02-29,MOCK_AWS_06,0.0,30.0,15.4,54.0,4.5
2024-03-01,MOCK_AWS_06,0.0,25.5,10.1,57.0,8.0
2024-03-02,MOCK_AWS_06,0.0,22.0,7.6,55.0,2.9
2024-03-03,MOCK_AWS_06,0.0,22.3,7.2,52.0,7.5
2024-03-04,MOCK_AWS_06,0.0,25.0,10.1,59.0,8.3
2024-03-05,MOCK_AWS_06,0.0,27.7,11.0,59.0,9.3
2024-03-06,MOCK_AWS_06,0.0,27.4,13.6,54.0,7.8
2024-03-07,MOCK_AWS_06,0.0,29.6,14.3,52.0,12.8
2024-03-08,MOCK_AWS_06,0.0,29.2,13.5,48.0,9.9
2024-03-09,MOCK_AWS_06,0.0,31.6,16.0,59.0,7.4
2024-03-10,MOCK_AWS_06,0.0,34.8,18.1,54.0,8.7
2024-03-11,MOCK_AWS_06,0.0,30.1,14.7,55.0,10.7
2024-03-12,MOCK_AWS_06,0.0,31.2,14.3,56.0,11.9
2024-03-13,MOCK_AWS_06,0.0,33.1,16.5,51.0,4.4
2024-03-14,MOCK_AWS_06,9.3,24.0,13.6,38.0,5.9
2024-03-15,MOCK_AWS_06,0.0,29.1,12.2,53.0,6.7
2024-03-16,MOCK_AWS_06,26.3,23.8,14.2,40.0,9.9
2024-03-17,MOCK_AWS_06,0.0,29.2,14.1,48.0,15.1
2024-03-18,MOCK_AWS_06,0.0,30.7,15.0,56.0,6.6
2024-03-19,MOCK_AWS_06,0.0,34.2,18.3,50.0,6.1
2024-03-20,MOCK_AWS_06,0.0,34.0,16.1,48.0,7.6
2024-03-21,MOCK_AWS_06,0.0,33.5,17.5,57.0,8.9
2024-03-22,MOCK_AWS_06,0.0,36.1,19.5,46.0,7.7
2024-03-23,MOCK_AWS_06,0.0,37.5,19.5,46.0,7.5
2024-03-24,MOCK_AWS_06,0.0,35.1,17.5,50.0,6.1
2024-03-25,MOCK_AWS_06,0.0,36.8,18.8,45.0,14.9
2024-03-26,MOCK_AWS_06,0.0,33.7,17.0,40.0,9.0
2024-03-27,MOCK_AWS_06,0.0,34.2,16.1,52.0,9.4
2024-03-28,MOCK_AWS_06,0.0,31.3,15.3,50.0,6.2
2024-03-29,MOCK_AWS_06,0.0,32.4,16.1,49.0,12.9
2024-03-30,MOCK_AWS_06,0.0,35.9,17.7,47.0,8.8
2024-03-31,MOCK_AWS_06,0.0,35.6,19.5,45.0,12.0
2024-04-01,MOCK_AWS_06,0.0,38.9,19.0,53.0,7.8
2024-04-02,MOCK_AWS_06,0.0,37.1,20.9,46.0,11.4
2024-04-03,MOCK_AWS_06,2.4,37.5,21.3,35.0,11.4
2024-04-04,MOCK_AWS_06,0.0,38.0,19.2,48.0,14.3
2024-04-05,MOCK_AWS_06,0.0,36.5,18.8,48.0,14.3
2024-04-06,MOCK_AWS_06,0.0,37.5,19.7,42.0,11.1
2024-04-07,MOCK_AWS_06,0.0,36.5,19.3,37.0,9.6
2024-04-08,MOCK_AWS_06,0.0,35.5,18.2,48.0,8.7
2024-04-09,MOCK_AWS_06,0.0,36.7,19.2,41.0,9.0
2024-04-10,MOCK_AWS_06,0.0,33.0,15.5,42.0,8.3
2024-04-11,MOCK_AWS_06,0.0,35.2,19.6,41.0,6.4
2024-04-12,MOCK_AWS_06,0.0,34.6,17.6,40.0,6.3
2024-04-13,MOCK_AWS_06,0.0,32.1,16.1,45.0,7.4
2024-04-14,MOCK_AWS_06,0.0,36.6,19.2,39.0,9.8
2024-04-15,MOCK_AWS_06,0.0,36.4,20.0,37.0,8.8
2024-04-16,MOCK_AWS_06,0.0,37.8,21.2,36.0,10.7
2024-04-17,MOCK_AWS_06,0.0,40.3,24.1,40.0,17.2
2024-04-18,MOCK_AWS_06,0.0,43.4,23.9,35.0,11.4
2024-04-19,MOCK_AWS_06,0.0,42.6,24.9,42.0,8.6
2024-04-20,MOCK_AWS_06,0.0,43.1,24.8,35.0,10.5
2024-04-21,MOCK_AWS_06,6.2,43.4,27.0,31.0,9.0
2024-04-22,MOCK_AWS_06,,,,,
2024-04-23,MOCK_AWS_06,0.0,39.9,23.8,36.0,16.1
2024-04-24,MOCK_AWS_06,0.0,36.8,21.1,39.0,12.5
2024-04-25,MOCK_AWS_06,0.0,37.6,22.9,41.0,7.5
2024-04-26,MOCK_AWS_06,0.0,37.4,21.1,40.0,7.7
2024-04-27,MOCK_AWS_06,,,,,
2024-04-28,MOCK_AWS_06,0.0,40.7,23.1,32.0,7.4
2024-04-29,MOCK_AWS_06,0.0,38.9,23.3,34.0,10.6
2024-04-30,MOCK_AWS_06,0.0,38.3,21.3,33.0,6.0
2024-05-01,MOCK_AWS_06,,,,,
2024-05-02,MOCK_AWS_06,0.0,36.0,20.8,43.0,4.7
2024-05-03,MOCK_AWS_06,0.0,38.6,22.7,36.0,8.2
2024-05-04,MOCK_AWS_06,0.0,37.7,20.5,39.0,8.1
2024-05-05,MOCK_AWS_06,0.0,42.0,24.0,39.0,7.9
2024-05-06,MOCK_AWS_06,0.0,42.3,25.7,41.0,7.6
2024-05-07,MOCK_AWS_06,,,,,
2024-05-08,MOCK_AWS_06,,,,,
2024-05-09,MOCK_AWS_06,,,,,
2024-05-10,MOCK_AWS_06,,,,,
2024-05-11,MOCK_AWS_06,,,,,
2024-05-12,MOCK_AWS_06,,,,,
2024-05-13,MOCK_AWS_06,,,,,
2024-05-14,MOCK_AWS_06,,,,,
2024-05-15,MOCK_AWS_06,,,,,
2024-05-16,MOCK_AWS_06,,,,,
2024-05-17,MOCK_AWS_06,,,,,
2024-05-18,MOCK_AWS_06,,,,,
2024-05-19,MOCK_AWS_06,,,,,
2024-05-20,MOCK_AWS_06,,,,,
2024-05-21,MOCK_AWS_06,,,,,
2024-05-22,MOCK_AWS_06,,,,,
2024-05-23,MOCK_AWS_06,,,,,
2024-05-24,MOCK_AWS_06,,,,,
2024-05-25,MOCK_AWS_06,,,,,
2024-05-26,MOCK_AWS_06,,,,,
2024-05-27,MOCK_AWS_06,,,,,
2024-05-28,MOCK_AWS_06,,,,,
2024-05-29,MOCK_AWS_06,,,,,
2024-05-30,MOCK_AWS_06,,,,,
2024-05-31,MOCK_AWS_06,,,,,
2024-06-01,MOCK_AWS_06,,,,,
2024-06-02,MOCK_AWS_06,,,,,
2024-06-03,MOCK_AWS_06,,,,,
2024-06-04,MOCK_AWS_06,,,,,
2024-06-05,MOCK_AWS_06,,,,,
2024-06-06,MOCK_AWS_06,,,,,
2024-06-07,MOCK_AWS_06,,,,,
2024-06-08,MOCK_AWS_06,,,,,
2024-06-09,MOCK_AWS_06,,,,,
2024-06-10,MOCK_AWS_06,,,,,
2024-06-11,MOCK_AWS_06,,,,,
2024-06-12,MOCK_AWS_06,,,,,
2024-06-13,MOCK_AWS_06,,,,,
2024-06-14,MOCK_AWS_06,0.0,39.5,26.4,44.0,6.6
2024-06-15,MOCK_AWS_06,0.0,40.8,27.3,48.0,8.9
2024-06-16,MOCK_AWS_06,0.8,38.5,26.0,55.0,13.8
2024-06-17,MOCK_AWS_06,0.0,41.2,26.7,51.0,14.0
2024-06-18,MOCK_AWS_06,0.0,39.1,26.5,47.0,6.5
2024-06-19,MOCK_AWS_06,0.0,37.0,24.8,45.0,13.3
2024-06-20,MOCK_AWS_06,0.0,35.0,25.4,37.0,15.5
2024-06-21,MOCK_AWS_06,53.7,34.0,28.0,46.0,12.2
2024-06-22,MOCK_AWS_06,,,,,
2024-06-23,MOCK_AWS_06,0.0,36.6,24.5,52.0,9.2
2024-06-24,MOCK_AWS_06,0.0,38.2,27.9,54.0,11.4
2024-06-25,MOCK_AWS_06,0.0,39.7,27.2,54.0,10.8
2024-06-26,MOCK_AWS_06,0.0,38.4,27.5,55.0,12.9
2024-06-27,MOCK_AWS_06,0.0,41.6,30.4,61.0,8.3
2024-06-28,MOCK_AWS_06,4.4,37.7,29.3,49.0,10.6
2024-06-29,MOCK_AWS_06,12.5,33.5,27.3,48.0,8.5
2024-06-30,MOCK_AWS_06,0.0,36.5,26.5,55.0,8.0
2024-07-01,MOCK_AWS_06,13.3,35.3,28.7,54.0,10.5
2024-07-02,MOCK_AWS_06,0.0,36.7,24.8,70.0,8.8
2024-07-03,MOCK_AWS_06,0.0,34.2,25.2,65.0,6.3
2024-07-04,MOCK_AWS_06,42.4,26.7,24.6,49.0,8.5
2024-07-05,MOCK_AWS_06,0.3,32.8,22.8,69.0,12.2
2024-07-06,MOCK_AWS_06,0.0,30.5,23.6,54.0,11.0
2024-07-07,MOCK_AWS_06,0.0,35.6,25.6,62.0,4.2
2024-07-08,MOCK_AWS_06,0.0,34.0,24.6,60.0,3.6
2024-07-09,MOCK_AWS_06,0.0,31.3,22.3,71.0,5.3
2024-07-10,MOCK_AWS_06,1.5,29.7,23.1,54.0,6.1
2024-07-11,MOCK_AWS_06,0.0,29.9,22.4,75.0,5.4
2024-07-12,MOCK_AWS_06,0.0,35.0,26.1,74.0,4.9
2024-07-13,MOCK_AWS_06,0.0,34.0,24.8,72.0,7.6
2024-07-14,MOCK_AWS_06,0.0,34.1,24.8,67.0,7.1
2024-07-15,MOCK_AWS_06,0.0,34.2,25.1,76.0,13.2
2024-07-16,MOCK_AWS_06,0.0,36.6,26.2,80.0,13.1
2024-07-17,MOCK_AWS_06,0.0,34.3,25.8,84.0,10.5
2024-07-18,MOCK_AWS_06,0.0,31.4,22.6,70.0,6.2
2024-07-19,MOCK_AWS_06,0.0,30.3,21.6,77.0,9.9
2024-07-20,MOCK_AWS_06,,,,,
2024-07-21,MOCK_AWS_06,0.0,32.1,23.9,78.0,8.3
2024-07-22,MOCK_AWS_06,0.0,31.4,24.9,65.0,8.5
2024-07-23,MOCK_AWS_06,0.0,33.1,24.0,75.0,10.6
2024-07-24,MOCK_AWS_06,4.0,28.6,24.1,60.0,4.2
2024-07-25,MOCK_AWS_06,0.0,33.7,25.6,77.0,8.3
2024-07-26,MOCK_AWS_06,0.0,31.9,24.5,78.0,7.6
2024-07-27,MOCK_AWS_06,0.0,36.4,26.8,79.0,6.9
2024-07-28,MOCK_AWS_06,0.0,38.4,28.5,84.0,7.3
2024-07-29,MOCK_AWS_06,0.0,37.8,27.9,73.0,5.2
2024-07-30,MOCK_AWS_06,0.0,37.9,29.7,69.0,7.3
2024-07-31,MOCK_AWS_06,24.9,35.8,29.7,58.0,8.1
2024-08-01,MOCK_AWS_06,26.6,32.1,27.8,68.0,6.5
2024-08-02,MOCK_AWS_06,,,,,
2024-08-03,MOCK_AWS_06,0.0,38.6,29.6,78.0,9.8
2024-08-04,MOCK_AWS_06,0.6,38.2,28.3,75.0,6.1
2024-08-05,MOCK_AWS_06,0.0,37.4,27.7,78.0,9.6
2024-08-06,MOCK_AWS_06,0.0,37.8,27.9,77.0,6.0
2024-08-07,MOCK_AWS_06,0.0,37.7,29.8,76.0,8.6
2024-08-08,MOCK_AWS_06,0.0,41.3,30.9,83.0,6.1
2024-08-09,MOCK_AWS_06,0.0,31.4,27.3,72.0,10.4
2024-08-10,MOCK_AWS_06,0.0,35.1,27.2,69.0,7.5
2024-08-11,MOCK_AWS_06,0.0,35.8,27.2,83.0,10.5
2024-08-12,MOCK_AWS_06,16.4,27.0,24.3,68.0,7.1
2024-08-13,MOCK_AWS_06,0.0,34.6,27.6,85.0,10.6
2024-08-14,MOCK_AWS_06,0.0,32.8,24.9,81.0,8.6
2024-08-15,MOCK_AWS_06,0.0,35.6,25.0,74.0,15.1
2024-08-16,MOCK_AWS_06,0.0,31.1,24.6,76.0,10.8
2024-08-17,MOCK_AWS_06,0.0,33.5,25.0,75.0,8.7
2024-08-18,MOCK_AWS_06,0.0,31.7,24.2,79.0,8.4
2024-08-19,MOCK_AWS_06,0.0,35.5,26.3,76.0,6.2
2024-08-20,MOCK_AWS_06,0.0,35.5,26.1,73.0,7.2
2024-08-21,MOCK_AWS_06,0.0,36.4,26.5,73.0,4.3
2024-08-22,MOCK_AWS_06,0.0,35.5,27.3,72.0,5.1
2024-08-23,MOCK_AWS_06,15.6,29.4,25.8,67.0,5.9
2024-08-24,MOCK_AWS_06,0.0,33.2,24.2,68.0,6.6
2024-08-25,MOCK_AWS_06,,,,,
2024-08-26,MOCK_AWS_06,0.0,33.1,23.9,70.0,5.6
2024-08-27,MOCK_AWS_06,0.0,34.0,24.5,76.0,5.2
2024-08-28,MOCK_AWS_06,0.0,31.8,23.6,77.0,6.4
2024-08-29,MOCK_AWS_06,0.0,32.7,24.3,84.0,11.8
2024-08-30,MOCK_AWS_06,0.0,35.4,24.0,74.0,4.1
2024-08-31,MOCK_AWS_06,0.0,35.6,23.5,70.0,8.6
2024-09-01,MOCK_AWS_06,0.0,29.7,22.3,77.0,6.8
2024-09-02,MOCK_AWS_06,0.0,32.6,23.2,76.0,8.8
2024-09-03,MOCK_AWS_06,0.0,33.4,23.3,78.0,4.7
2024-09-04,MOCK_AWS_06,0.0,36.8,26.7,83.0,4.0
2024-09-05,MOCK_AWS_06,0.0,37.4,26.4,74.0,2.9
2024-09-06,MOCK_AWS_06,0.0,38.0,27.2,80.0,2.4
2024-09-07,MOCK_AWS_06,0.0,33.8,23.5,87.0,3.6
2024-09-08,MOCK_AWS_06,0.0,30.3,23.4,61.0,3.5
2024-09-09,MOCK_AWS_06,1.3,33.1,23.8,62.0,5.5
2024-09-10,MOCK_AWS_06,17.0,29.9,23.8,57.0,4.4
2024-09-11,MOCK_AWS_06,0.0,32.9,21.7,75.0,11.9
2024-09-12,MOCK_AWS_06,0.0,31.0,21.2,73.0,7.9
2024-09-13,MOCK_AWS_06,,,,,
2024-09-14,MOCK_AWS_06,0.0,33.2,22.1,73.0,6.7
2024-09-15,MOCK_AWS_06,,,,,
2024-09-16,MOCK_AWS_06,0.0,33.8,21.9,76.0,14.7
2024-09-17,MOCK_AWS_06,0.0,34.3,22.9,69.0,11.9
2024-09-18,MOCK_AWS_06,0.0,36.0,24.9,73.0,11.7
2024-09-19,MOCK_AWS_06,,,,,
2024-09-20,MOCK_AWS_06,0.0,37.1,22.6,73.0,6.2
2024-09-21,MOCK_AWS_06,0.0,35.4,24.0,68.0,6.8
2024-09-22,MOCK_AWS_06,,,,,
2024-09-23,MOCK_AWS_06,0.0,35.0,23.5,61.0,6.1
2024-09-24,MOCK_AWS_06,0.0,36.5,25.1,65.0,3.8
2024-09-25,MOCK_AWS_06,0.0,35.6,22.9,70.0,5.3
2024-09-26,MOCK_AWS_06,0.0,33.5,20.5,61.0,2.9
2024-09-27,MOCK_AWS_06,0.0,32.0,19.5,67.0,7.4
2024-09-28,MOCK_AWS_06,0.0,33.1,20.6,65.0,5.1
2024-09-29,MOCK_AWS_06,0.0,34.7,19.7,65.0,7.8
2024-09-30,MOCK_AWS_06,0.0,32.8,17.1,67.0,7.0
2024-10-01,MOCK_AWS_06,0.0,33.8,20.2,65.0,4.9
2024-10-02,MOCK_AWS_06,0.0,31.3,18.2,62.0,5.9
2024-10-03,MOCK_AWS_06,0.0,31.2,17.7,62.0,5.1
2024-10-04,MOCK_AWS_06,0.0,30.5,17.7,67.0,10.4
2024-10-05,MOCK_AWS_06,0.0,33.9,19.3,66.0,9.7
2024-10-06,MOCK_AWS_06,0.0,32.4,19.5,62.0,7.3
2024-10-07,MOCK_AWS_06,0.0,34.9,20.7,63.0,5.8
2024-10-08,MOCK_AWS_06,0.0,32.7,18.2,58.0,6.3
2024-10-09,MOCK_AWS_06,0.0,34.2,19.8,57.0,4.4
2024-10-10,MOCK_AWS_06,0.0,34.8,18.7,58.0,11.8
2024-10-11,MOCK_AWS_06,0.0,35.4,19.4,58.0,5.6
2024-10-12,MOCK_AWS_06,0.0,34.0,19.5,60.0,5.3
2024-10-13,MOCK_AWS_06,0.0,30.2,15.5,53.0,6.1
2024-10-14,MOCK_AWS_06,0.0,35.8,18.3,46.0,4.4
2024-10-15,MOCK_AWS_06,0.0,32.5,15.4,57.0,2.7
2024-10-16,MOCK_AWS_06,0.0,30.1,15.4,54.0,4.9
2024-10-17,MOCK_AWS_06,0.0,33.5,17.3,64.0,4.1
2024-10-18,MOCK_AWS_06,0.0,34.4,18.0,55.0,3.8
2024-10-19,MOCK_AWS_06,0.0,35.4,17.4,62.0,3.2
2024-10-20,MOCK_AWS_06,0.0,31.0,15.5,55.0,2.9
2024-10-21,MOCK_AWS_06,0.0,30.0,14.5,60.0,4.3
2024-10-22,MOCK_AWS_06,0.0,29.9,13.4,58.0,6.0
2024-10-23,MOCK_AWS_06,0.0,29.7,13.0,53.0,4.9
2024-10-24,MOCK_AWS_06,0.0,27.3,11.5,60.0,4.5
2024-10-25,MOCK_AWS_06,0.0,31.3,15.2,59.0,4.4
2024-10-26,MOCK_AWS_06,0.0,33.3,15.6,59.0,6.5
2024-10-27,MOCK_AWS_06,0.0,31.1,14.6,54.0,7.1
2024-10-28,MOCK_AWS_06,0.0,31.3,14.6,58.0,6.7
2024-10-29,MOCK_AWS_06,0.0,29.3,12.6,60.0,7.7
2024-10-30,MOCK_AWS_06,0.0,31.7,14.9,60.0,4.4
2024-10-31,MOCK_AWS_06,0.0,28.9,12.6,54.0,7.9
2024-11-01,MOCK_AWS_06,0.0,28.2,12.6,53.0,4.2
2024-11-02,MOCK_AWS_06,0.0,31.1,15.8,51.0,3.0
2024-11-03,MOCK_AWS_06,0.0,32.4,15.1,58.0,2.5
2024-11-04,MOCK_AWS_06,0.0,28.9,12.3,59.0,3.6
2024-11-05,MOCK_AWS_06,0.0,28.4,10.1,62.0,3.4
2024-11-06,MOCK_AWS_06,0.0,27.9,12.1,62.0,5.0
2024-11-07,MOCK_AWS_06,0.0,25.0,8.1,59.0,6.4
2024-11-08,MOCK_AWS_06,0.0,23.3,7.6,51.0,3.9
2024-11-09,MOCK_AWS_06,0.0,23.1,9.1,53.0,4.7
2024-11-10,MOCK_AWS_06,0.0,27.8,10.2,56.0,8.5
2024-11-11,MOCK_AWS_06,0.0,28.7,12.5,60.0,2.5
2024-11-12,MOCK_AWS_06,,,,,
2024-11-13,MOCK_AWS_06,0.0,31.4,13.5,69.0,2.7
2024-11-14,MOCK_AWS_06,0.0,30.1,13.9,57.0,4.0
2024-11-15,MOCK_AWS_06,,,,,
2024-11-16,MOCK_AWS_06,0.0,30.9,12.8,55.0,4.5
2024-11-17,MOCK_AWS_06,0.0,27.1,12.0,48.0,5.4
2024-11-18,MOCK_AWS_06,0.0,27.2,12.2,61.0,4.6
2024-11-19,MOCK_AWS_06,0.0,28.7,10.1,65.0,5.3
2024-11-20,MOCK_AWS_06,0.0,30.4,12.0,57.0,5.4
2024-11-21,MOCK_AWS_06,0.0,29.1,11.9,56.0,5.4
2024-11-22,MOCK_AWS_06,0.0,26.6,11.6,63.0,4.7
2024-11-23,MOCK_AWS_06,0.0,25.1,9.2,61.0,3.1
2024-11-24,MOCK_AWS_06,0.0,22.2,6.5,64.0,4.9
2024-11-25,MOCK_AWS_06,0.0,22.8,7.8,58.0,7.2
2024-11-26,MOCK_AWS_06,0.0,25.7,9.1,58.0,6.1
2024-11-27,MOCK_AWS_06,0.0,25.2,9.3,62.0,5.8
2024-11-28,MOCK_AWS_06,5.7,22.3,9.6,54.0,4.8
2024-11-29,MOCK_AWS_06,0.0,26.4,9.9,62.0,3.6
2024-11-30,MOCK_AWS_06,0.0,26.4,10.4,62.0,4.7
2024-12-01,MOCK_AWS_06,0.0,24.7,9.8,68.0,2.7
2024-12-02,MOCK_AWS_06,0.0,25.4,9.4,59.0,6.1
2024-12-03,MOCK_AWS_06,0.0,24.9,9.3,63.0,3.1
2024-12-04,MOCK_AWS_06,0.0,22.8,7.5,66.0,4.4
2024-12-05,MOCK_AWS_06,0.0,20.7,6.5,57.0,3.5
2024-12-06,MOCK_AWS_06,0.0,23.7,8.3,68.0,2.5
2024-12-07,MOCK_AWS_06,0.0,24.7,8.3,78.0,3.9
2024-12-08,MOCK_AWS_06,0.0,21.2,6.0,67.0,4.2
2024-12-09,MOCK_AWS_06,0.0,21.6,7.3,60.0,5.7
2024-12-10,MOCK_AWS_06,0.0,24.3,9.1,62.0,12.2
2024-12-11,MOCK_AWS_06,0.0,25.4,9.1,68.0,5.6
2024-12-12,MOCK_AWS_06,0.0,22.4,7.1,78.0,7.1
2024-12-13,MOCK_AWS_06,0.0,22.5,8.3,65.0,6.1
2024-12-14,MOCK_AWS_06,0.0,24.4,7.7,66.0,2.6
2024-12-15,MOCK_AWS_06,0.0,20.8,6.5,70.0,5.1
2024-12-16,MOCK_AWS_06,0.0,22.0,8.3,62.0,4.3
2024-12-17,MOCK_AWS_06,0.0,24.8,9.9,68.0,3.7
2024-12-18,MOCK_AWS_06,0.0,26.6,12.2,72.0,4.2
2024-12-19,MOCK_AWS_06,0.0,22.8,8.9,67.0,4.1
2024-12-20,MOCK_AWS_06,0.0,24.2,9.2,56.0,4.4
2024-12-21,MOCK_AWS_06,0.0,26.6,9.9,66.0,4.4
2024-12-22,MOCK_AWS_06,0.0,20.9,6.8,62.0,3.5
2024-12-23,MOCK_AWS_06,0.0,17.3,7.3,62.0,2.9
2024-12-24,MOCK_AWS_06,0.0,17.2,5.0,53.0,1.8
2024-12-25,MOCK_AWS_06,0.0,15.2,2.0,66.0,0.0
2024-12-26,MOCK_AWS_06,0.3,11.7,2.7,68.0,3.7
2024-12-27,MOCK_AWS_06,0.0,18.2,5.7,63.0,6.2
2024-12-28,MOCK_AWS_06,0.7,15.6,5.3,57.0,4.9
2024-12-29,MOCK_AWS_06,20.8,8.7,6.1,51.0,3.4
2024-12-30,MOCK_AWS_06,0.0,20.5,5.2,68.0,4.8
2024-12-31,MOCK_AWS_06,0.0,21.2,6.6,73.0,4.8
2023-01-01,MOCK_ARG_07,0.0,,,,
2023-01-02,MOCK_ARG_07,0.0,,,,
2023-01-03,MOCK_ARG_07,0.0,,,,
2023-01-04,MOCK_ARG_07,0.0,,,,
2023-01-05,MOCK_ARG_07,0.0,,,,
2023-01-06,MOCK_ARG_07,0.0,,,,
2023-01-07,MOCK_ARG_07,0.0,,,,
2023-01-08,MOCK_ARG_07,0.0,,,,
2023-01-09,MOCK_ARG_07,0.0,,,,
2023-01-10,MOCK_ARG_07,0.0,,,,
2023-01-11,MOCK_ARG_07,0.0,,,,
2023-01-12,MOCK_ARG_07,0.0,,,,
2023-01-13,MOCK_ARG_07,0.0,,,,
2023-01-14,MOCK_ARG_07,0.0,,,,
2023-01-15,MOCK_ARG_07,0.0,,,,
2023-01-16,MOCK_ARG_07,0.0,,,,
2023-01-17,MOCK_ARG_07,1.0,,,,
2023-01-18,MOCK_ARG_07,0.0,,,,
2023-01-19,MOCK_ARG_07,0.0,,,,
2023-01-20,MOCK_ARG_07,0.0,,,,
2023-01-21,MOCK_ARG_07,0.0,,,,
2023-01-22,MOCK_ARG_07,0.0,,,,
2023-01-23,MOCK_ARG_07,0.0,,,,
2023-01-24,MOCK_ARG_07,0.0,,,,
2023-01-25,MOCK_ARG_07,,,,,
2023-01-26,MOCK_ARG_07,0.0,,,,
2023-01-27,MOCK_ARG_07,0.0,,,,
2023-01-28,MOCK_ARG_07,0.0,,,,
2023-01-29,MOCK_ARG_07,0.0,,,,
2023-01-30,MOCK_ARG_07,0.0,,,,
2023-01-31,MOCK_ARG_07,0.0,,,,
2023-02-01,MOCK_ARG_07,0.0,,,,
2023-02-02,MOCK_ARG_07,0.0,,,,
2023-02-03,MOCK_ARG_07,0.0,,,,
2023-02-04,MOCK_ARG_07,0.0,,,,
2023-02-05,MOCK_ARG_07,0.0,,,,
2023-02-06,MOCK_ARG_07,0.0,,,,
2023-02-07,MOCK_ARG_07,0.0,,,,
2023-02-08,MOCK_ARG_07,0.0,,,,
2023-02-09,MOCK_ARG_07,0.0,,,,
2023-02-10,MOCK_ARG_07,0.0,,,,
2023-02-11,MOCK_ARG_07,,,,,
2023-02-12,MOCK_ARG_07,0.0,,,,
2023-02-13,MOCK_ARG_07,0.0,,,,
2023-02-14,MOCK_ARG_07,0.0,,,,
2023-02-15,MOCK_ARG_07,0.0,,,,
2023-02-16,MOCK_ARG_07,0.0,,,,
2023-02-17,MOCK_ARG_07,0.0,,,,
2023-02-18,MOCK_ARG_07,0.0,,,,
2023-02-19,MOCK_ARG_07,0.0,,,,
2023-02-20,MOCK_ARG_07,0.0,,,,
2023-02-21,MOCK_ARG_07,0.0,,,,
2023-02-22,MOCK_ARG_07,1.5,,,,
2023-02-23,MOCK_ARG_07,0.0,,,,
2023-02-24,MOCK_ARG_07,0.0,,,,
2023-02-25,MOCK_ARG_07,0.0,,,,
2023-02-26,MOCK_ARG_07,0.0,,,,
2023-02-27,MOCK_ARG_07,2.5,,,,
2023-02-28,MOCK_ARG_07,0.0,,,,
2023-03-01,MOCK_ARG_07,0.0,,,,
2023-03-02,MOCK_ARG_07,0.0,,,,
2023-03-03,MOCK_ARG_07,0.0,,,,
2023-03-04,MOCK_ARG_07,0.0,,,,
2023-03-05,MOCK_ARG_07,0.0,,,,
2023-03-06,MOCK_ARG_07,0.0,,,,
2023-03-07,MOCK_ARG_07,0.0,,,,
2023-03-08,MOCK_ARG_07,0.0,,,,
2023-03-09,MOCK_ARG_07,0.0,,,,
2023-03-10,MOCK_ARG_07,0.0,,,,
2023-03-11,MOCK_ARG_07,0.0,,,,
2023-03-12,MOCK_ARG_07,0.0,,,,
2023-03-13,MOCK_ARG_07,0.0,,,,
2023-03-14,MOCK_ARG_07,0.0,,,,
2023-03-15,MOCK_ARG_07,0.0,,,,
2023-03-16,MOCK_ARG_07,0.0,,,,
2023-03-17,MOCK_ARG_07,0.5,,,,
2023-03-18,MOCK_ARG_07,7.5,,,,
2023-03-19,MOCK_ARG_07,0.0,,,,
2023-03-20,MOCK_ARG_07,0.0,,,,
2023-03-21,MOCK_ARG_07,0.0,,,,
2023-03-22,MOCK_ARG_07,0.0,,,,
2023-03-23,MOCK_ARG_07,0.0,,,,
2023-03-24,MOCK_ARG_07,0.0,,,,
2023-03-25,MOCK_ARG_07,0.0,,,,
2023-03-26,MOCK_ARG_07,0.0,,,,
2023-03-27,MOCK_ARG_07,0.0,,,,
2023-03-28,MOCK_ARG_07,,,,,
2023-03-29,MOCK_ARG_07,0.0,,,,
2023-03-30,MOCK_ARG_07,0.0,,,,
2023-03-31,MOCK_ARG_07,,,,,
2023-04-01,MOCK_ARG_07,,,,,
2023-04-02,MOCK_ARG_07,0.0,,,,
2023-04-03,MOCK_ARG_07,0.0,,,,
2023-04-04,MOCK_ARG_07,0.0,,,,
2023-04-05,MOCK_ARG_07,0.0,,,,
2023-04-06,MOCK_ARG_07,0.0,,,,
2023-04-07,MOCK_ARG_07,0.0,,,,
2023-04-08,MOCK_ARG_07,0.0,,,,
2023-04-09,MOCK_ARG_07,0.0,,,,
2023-04-10,MOCK_ARG_07,0.0,,,,
2023-04-11,MOCK_ARG_07,0.0,,,,
2023-04-12,MOCK_ARG_07,0.0,,,,
2023-04-13,MOCK_ARG_07,0.0,,,,
2023-04-14,MOCK_ARG_07,6.5,,,,
2023-04-15,MOCK_ARG_07,0.0,,,,
2023-04-16,MOCK_ARG_07,0.0,,,,
2023-04-17,MOCK_ARG_07,0.0,,,,
2023-04-18,MOCK_ARG_07,0.0,,,,
2023-04-19,MOCK_ARG_07,0.0,,,,
2023-04-20,MOCK_ARG_07,0.0,,,,
2023-04-21,MOCK_ARG_07,0.0,,,,
2023-04-22,MOCK_ARG_07,0.0,,,,
2023-04-23,MOCK_ARG_07,0.0,,,,
2023-04-24,MOCK_ARG_07,0.0,,,,
2023-04-25,MOCK_ARG_07,0.0,,,,
2023-04-26,MOCK_ARG_07,0.0,,,,
2023-04-27,MOCK_ARG_07,0.0,,,,
2023-04-28,MOCK_ARG_07,0.0,,,,
2023-04-29,MOCK_ARG_07,0.0,,,,
2023-04-30,MOCK_ARG_07,0.0,,,,
2023-05-01,MOCK_ARG_07,3.5,,,,
2023-05-02,MOCK_ARG_07,0.0,,,,
2023-05-03,MOCK_ARG_07,0.0,,,,
2023-05-04,MOCK_ARG_07,0.0,,,,
2023-05-05,MOCK_ARG_07,0.0,,,,
2023-05-06,MOCK_ARG_07,0.0,,,,
2023-05-07,MOCK_ARG_07,0.0,,,,
2023-05-08,MOCK_ARG_07,0.0,,,,
2023-05-09,MOCK_ARG_07,0.0,,,,
2023-05-10,MOCK_ARG_07,0.0,,,,
2023-05-11,MOCK_ARG_07,0.0,,,,
2023-05-12,MOCK_ARG_07,0.0,,,,
2023-05-13,MOCK_ARG_07,0.0,,,,
2023-05-14,MOCK_ARG_07,0.0,,,,
2023-05-15,MOCK_ARG_07,0.0,,,,
2023-05-16,MOCK_ARG_07,0.0,,,,
2023-05-17,MOCK_ARG_07,0.0,,,,
2023-05-18,MOCK_ARG_07,0.0,,,,
2023-05-19,MOCK_ARG_07,0.0,,,,
2023-05-20,MOCK_ARG_07,0.0,,,,
2023-05-21,MOCK_ARG_07,0.0,,,,
2023-05-22,MOCK_ARG_07,0.0,,,,
2023-05-23,MOCK_ARG_07,0.0,,,,
2023-05-24,MOCK_ARG_07,0.0,,,,
2023-05-25,MOCK_ARG_07,0.0,,,,
2023-05-26,MOCK_ARG_07,0.0,,,,
2023-05-27,MOCK_ARG_07,0.0,,,,
2023-05-28,MOCK_ARG_07,0.0,,,,
2023-05-29,MOCK_ARG_07,0.0,,,,
2023-05-30,MOCK_ARG_07,0.0,,,,
2023-05-31,MOCK_ARG_07,0.0,,,,
2023-06-01,MOCK_ARG_07,0.0,,,,
2023-06-02,MOCK_ARG_07,0.0,,,,
2023-06-03,MOCK_ARG_07,0.0,,,,
2023-06-04,MOCK_ARG_07,0.0,,,,
2023-06-05,MOCK_ARG_07,0.0,,,,
2023-06-06,MOCK_ARG_07,0.0,,,,
2023-06-07,MOCK_ARG_07,0.0,,,,
2023-06-08,MOCK_ARG_07,0.0,,,,
2023-06-09,MOCK_ARG_07,0.0,,,,
2023-06-10,MOCK_ARG_07,0.0,,,,
2023-06-11,MOCK_ARG_07,0.0,,,,
2023-06-12,MOCK_ARG_07,0.0,,,,
2023-06-13,MOCK_ARG_07,0.0,,,,
2023-06-14,MOCK_ARG_07,0.0,,,,
2023-06-15,MOCK_ARG_07,0.0,,,,
2023-06-16,MOCK_ARG_07,5.5,,,,
2023-06-17,MOCK_ARG_07,0.0,,,,
2023-06-18,MOCK_ARG_07,0.0,,,,
2023-06-19,MOCK_ARG_07,0.0,,,,
2023-06-20,MOCK_ARG_07,0.0,,,,
2023-06-21,MOCK_ARG_07,0.0,,,,
2023-06-22,MOCK_ARG_07,0.0,,,,
2023-06-23,MOCK_ARG_07,0.0,,,,
2023-06-24,MOCK_ARG_07,0.0,,,,
2023-06-25,MOCK_ARG_07,0.0,,,,
2023-06-26,MOCK_ARG_07,0.0,,,,
2023-06-27,MOCK_ARG_07,0.5,,,,
2023-06-28,MOCK_ARG_07,0.0,,,,
2023-06-29,MOCK_ARG_07,,,,,
2023-06-30,MOCK_ARG_07,9.0,,,,
2023-07-01,MOCK_ARG_07,0.0,,,,
2023-07-02,MOCK_ARG_07,,,,,
2023-07-03,MOCK_ARG_07,0.0,,,,
2023-07-04,MOCK_ARG_07,0.0,,,,
2023-07-05,MOCK_ARG_07,0.0,,,,
2023-07-06,MOCK_ARG_07,1.0,,,,
2023-07-07,MOCK_ARG_07,0.0,,,,
2023-07-08,MOCK_ARG_07,0.0,,,,
2023-07-09,MOCK_ARG_07,0.0,,,,
2023-07-10,MOCK_ARG_07,0.0,,,,
2023-07-11,MOCK_ARG_07,0.0,,,,
2023-07-12,MOCK_ARG_07,0.0,,,,
2023-07-13,MOCK_ARG_07,0.0,,,,
2023-07-14,MOCK_ARG_07,0.0,,,,
2023-07-15,MOCK_ARG_07,0.0,,,,
2023-07-16,MOCK_ARG_07,0.0,,,,
2023-07-17,MOCK_ARG_07,0.0,,,,
2023-07-18,MOCK_ARG_07,0.0,,,,
2023-07-19,MOCK_ARG_07,0.0,,,,
2023-07-20,MOCK_ARG_07,0.0,,,,
2023-07-21,MOCK_ARG_07,0.0,,,,
2023-07-22,MOCK_ARG_07,0.0,,,,
2023-07-23,MOCK_ARG_07,0.0,,,,
2023-07-24,MOCK_ARG_07,0.0,,,,
2023-07-25,MOCK_ARG_07,2.5,,,,
2023-07-26,MOCK_ARG_07,0.0,,,,
2023-07-27,MOCK_ARG_07,0.0,,,,
2023-07-28,MOCK_ARG_07,0.0,,,,
2023-07-29,MOCK_ARG_07,,,,,
2023-07-30,MOCK_ARG_07,0.0,,,,
2023-07-31,MOCK_ARG_07,0.0,,,,
2023-08-01,MOCK_ARG_07,0.0,,,,
2023-08-02,MOCK_ARG_07,0.0,,,,
2023-08-03,MOCK_ARG_07,0.0,,,,
2023-08-04,MOCK_ARG_07,0.0,,,,
2023-08-05,MOCK_ARG_07,0.0,,,,
2023-08-06,MOCK_ARG_07,0.0,,,,
2023-08-07,MOCK_ARG_07,0.0,,,,
2023-08-08,MOCK_ARG_07,,,,,
2023-08-09,MOCK_ARG_07,0.0,,,,
2023-08-10,MOCK_ARG_07,,,,,
2023-08-11,MOCK_ARG_07,0.0,,,,
2023-08-12,MOCK_ARG_07,0.0,,,,
2023-08-13,MOCK_ARG_07,0.0,,,,
2023-08-14,MOCK_ARG_07,0.0,,,,
2023-08-15,MOCK_ARG_07,52.0,,,,
2023-08-16,MOCK_ARG_07,42.5,,,,
2023-08-17,MOCK_ARG_07,0.0,,,,
2023-08-18,MOCK_ARG_07,0.0,,,,
2023-08-19,MOCK_ARG_07,0.0,,,,
2023-08-20,MOCK_ARG_07,0.0,,,,
2023-08-21,MOCK_ARG_07,8.5,,,,
2023-08-22,MOCK_ARG_07,0.0,,,,
2023-08-23,MOCK_ARG_07,0.0,,,,
2023-08-24,MOCK_ARG_07,0.0,,,,
2023-08-25,MOCK_ARG_07,0.0,,,,
2023-08-26,MOCK_ARG_07,0.0,,,,
2023-08-27,MOCK_ARG_07,0.0,,,,
2023-08-28,MOCK_ARG_07,0.0,,,,
2023-08-29,MOCK_ARG_07,0.0,,,,
2023-08-30,MOCK_ARG_07,0.0,,,,
2023-08-31,MOCK_ARG_07,0.0,,,,
2023-09-01,MOCK_ARG_07,0.0,,,,
2023-09-02,MOCK_ARG_07,0.0,,,,
2023-09-03,MOCK_ARG_07,0.0,,,,
2023-09-04,MOCK_ARG_07,85.5,,,,
2023-09-05,MOCK_ARG_07,0.0,,,,
2023-09-06,MOCK_ARG_07,0.0,,,,
2023-09-07,MOCK_ARG_07,10.0,,,,
2023-09-08,MOCK_ARG_07,11.5,,,,
2023-09-09,MOCK_ARG_07,0.0,,,,
2023-09-10,MOCK_ARG_07,0.0,,,,
2023-09-11,MOCK_ARG_07,0.0,,,,
2023-09-12,MOCK_ARG_07,0.0,,,,
2023-09-13,MOCK_ARG_07,0.0,,,,
2023-09-14,MOCK_ARG_07,0.0,,,,
2023-09-15,MOCK_ARG_07,0.0,,,,
2023-09-16,MOCK_ARG_07,0.0,,,,
2023-09-17,MOCK_ARG_07,0.0,,,,
2023-09-18,MOCK_ARG_07,0.0,,,,
2023-09-19,MOCK_ARG_07,0.0,,,,
2023-09-20,MOCK_ARG_07,0.0,,,,
2023-09-21,MOCK_ARG_07,0.0,,,,
2023-09-22,MOCK_ARG_07,0.0,,,,
2023-09-23,MOCK_ARG_07,0.0,,,,
2023-09-24,MOCK_ARG_07,0.0,,,,
2023-09-25,MOCK_ARG_07,0.0,,,,
2023-09-26,MOCK_ARG_07,,,,,
2023-09-27,MOCK_ARG_07,,,,,
2023-09-28,MOCK_ARG_07,0.0,,,,
2023-09-29,MOCK_ARG_07,0.0,,,,
2023-09-30,MOCK_ARG_07,0.0,,,,
2023-10-01,MOCK_ARG_07,0.0,,,,
2023-10-02,MOCK_ARG_07,0.0,,,,
2023-10-03,MOCK_ARG_07,0.0,,,,
2023-10-04,MOCK_ARG_07,0.0,,,,
2023-10-05,MOCK_ARG_07,0.0,,,,
2023-10-06,MOCK_ARG_07,0.0,,,,
2023-10-07,MOCK_ARG_07,2.5,,,,
2023-10-08,MOCK_ARG_07,0.0,,,,
2023-10-09,MOCK_ARG_07,0.0,,,,
2023-10-10,MOCK_ARG_07,0.0,,,,
2023-10-11,MOCK_ARG_07,0.0,,,,
2023-10-12,MOCK_ARG_07,0.0,,,,
2023-10-13,MOCK_ARG_07,0.0,,,,
2023-10-14,MOCK_ARG_07,0.0,,,,
2023-10-15,MOCK_ARG_07,0.0,,,,
2023-10-16,MOCK_ARG_07,0.0,,,,
2023-10-17,MOCK_ARG_07,0.0,,,,
2023-10-18,MOCK_ARG_07,0.0,,,,
2023-10-19,MOCK_ARG_07,0.0,,,,
2023-10-20,MOCK_ARG_07,0.0,,,,
2023-10-21,MOCK_ARG_07,0.0,,,,
2023-10-22,MOCK_ARG_07,0.0,,,,
2023-10-23,MOCK_ARG_07,0.0,,,,
2023-10-24,MOCK_ARG_07,0.0,,,,
2023-10-25,MOCK_ARG_07,0.0,,,,
2023-10-26,MOCK_ARG_07,0.0,,,,
2023-10-27,MOCK_ARG_07,0.0,,,,
2023-10-28,MOCK_ARG_07,0.0,,,,
2023-10-29,MOCK_ARG_07,0.0,,,,
2023-10-30,MOCK_ARG_07,0.0,,,,
2023-10-31,MOCK_ARG_07,0.0,,,,
2023-11-01,MOCK_ARG_07,0.0,,,,
2023-11-02,MOCK_ARG_07,0.0,,,,
2023-11-03,MOCK_ARG_07,0.0,,,,
2023-11-04,MOCK_ARG_07,0.0,,,,
2023-11-05,MOCK_ARG_07,0.0,,,,
2023-11-06,MOCK_ARG_07,0.0,,,,
2023-11-07,MOCK_ARG_07,0.0,,,,
2023-11-08,MOCK_ARG_07,0.0,,,,
2023-11-09,MOCK_ARG_07,0.0,,,,
2023-11-10,MOCK_ARG_07,0.0,,,,
2023-11-11,MOCK_ARG_07,0.0,,,,
2023-11-12,MOCK_ARG_07,0.0,,,,
2023-11-13,MOCK_ARG_07,0.0,,,,
2023-11-14,MOCK_ARG_07,0.0,,,,
2023-11-15,MOCK_ARG_07,0.0,,,,
2023-11-16,MOCK_ARG_07,0.0,,,,
2023-11-17,MOCK_ARG_07,0.0,,,,
2023-11-18,MOCK_ARG_07,0.0,,,,
2023-11-19,MOCK_ARG_07,0.0,,,,
2023-11-20,MOCK_ARG_07,0.0,,,,
2023-11-21,MOCK_ARG_07,0.0,,,,
2023-11-22,MOCK_ARG_07,0.0,,,,
2023-11-23,MOCK_ARG_07,,,,,
2023-11-24,MOCK_ARG_07,0.0,,,,
2023-11-25,MOCK_ARG_07,0.0,,,,
2023-11-26,MOCK_ARG_07,0.0,,,,
2023-11-27,MOCK_ARG_07,0.0,,,,
2023-11-28,MOCK_ARG_07,,,,,
2023-11-29,MOCK_ARG_07,0.0,,,,
2023-11-30,MOCK_ARG_07,0.0,,,,
2023-12-01,MOCK_ARG_07,0.0,,,,
2023-12-02,MOCK_ARG_07,0.0,,,,
2023-12-03,MOCK_ARG_07,0.0,,,,
2023-12-04,MOCK_ARG_07,0.0,,,,
2023-12-05,MOCK_ARG_07,0.0,,,,
2023-12-06,MOCK_ARG_07,0.0,,,,
2023-12-07,MOCK_ARG_07,0.0,,,,
2023-12-08,MOCK_ARG_07,0.0,,,,
2023-12-09,MOCK_ARG_07,0.0,,,,
2023-12-10,MOCK_ARG_07,0.0,,,,
2023-12-11,MOCK_ARG_07,0.0,,,,
2023-12-12,MOCK_ARG_07,0.0,,,,
2023-12-13,MOCK_ARG_07,0.0,,,,
2023-12-14,MOCK_ARG_07,0.0,,,,
2023-12-15,MOCK_ARG_07,0.0,,,,
2023-12-16,MOCK_ARG_07,0.0,,,,
2023-12-17,MOCK_ARG_07,0.0,,,,
2023-12-18,MOCK_ARG_07,0.0,,,,
2023-12-19,MOCK_ARG_07,0.0,,,,
2023-12-20,MOCK_ARG_07,0.0,,,,
2023-12-21,MOCK_ARG_07,0.0,,,,
2023-12-22,MOCK_ARG_07,0.0,,,,
2023-12-23,MOCK_ARG_07,0.0,,,,
2023-12-24,MOCK_ARG_07,0.0,,,,
2023-12-25,MOCK_ARG_07,0.0,,,,
2023-12-26,MOCK_ARG_07,0.0,,,,
2023-12-27,MOCK_ARG_07,0.0,,,,
2023-12-28,MOCK_ARG_07,0.0,,,,
2023-12-29,MOCK_ARG_07,0.0,,,,
2023-12-30,MOCK_ARG_07,0.0,,,,
2023-12-31,MOCK_ARG_07,0.0,,,,
2024-01-01,MOCK_ARG_07,0.0,,,,
2024-01-02,MOCK_ARG_07,0.0,,,,
2024-01-03,MOCK_ARG_07,0.0,,,,
2024-01-04,MOCK_ARG_07,0.0,,,,
2024-01-05,MOCK_ARG_07,1.5,,,,
2024-01-06,MOCK_ARG_07,0.0,,,,
2024-01-07,MOCK_ARG_07,0.0,,,,
2024-01-08,MOCK_ARG_07,0.0,,,,
2024-01-09,MOCK_ARG_07,0.0,,,,
2024-01-10,MOCK_ARG_07,,,,,
2024-01-11,MOCK_ARG_07,0.0,,,,
2024-01-12,MOCK_ARG_07,0.0,,,,
2024-01-13,MOCK_ARG_07,6.0,,,,
2024-01-14,MOCK_ARG_07,0.0,,,,
2024-01-15,MOCK_ARG_07,0.0,,,,
2024-01-16,MOCK_ARG_07,0.0,,,,
2024-01-17,MOCK_ARG_07,0.0,,,,
2024-01-18,MOCK_ARG_07,0.0,,,,
2024-01-19,MOCK_ARG_07,0.0,,,,
2024-01-20,MOCK_ARG_07,,,,,
2024-01-21,MOCK_ARG_07,0.0,,,,
2024-01-22,MOCK_ARG_07,0.0,,,,
2024-01-23,MOCK_ARG_07,0.0,,,,
2024-01-24,MOCK_ARG_07,2.0,,,,
2024-01-25,MOCK_ARG_07,0.0,,,,
2024-01-26,MOCK_ARG_07,0.0,,,,
2024-01-27,MOCK_ARG_07,5.0,,,,
2024-01-28,MOCK_ARG_07,0.0,,,,
2024-01-29,MOCK_ARG_07,1.5,,,,
2024-01-30,MOCK_ARG_07,7.0,,,,
2024-01-31,MOCK_ARG_07,0.0,,,,
2024-02-01,MOCK_ARG_07,0.0,,,,
2024-02-02,MOCK_ARG_07,0.0,,,,
2024-02-03,MOCK_ARG_07,0.5,,,,
2024-02-04,MOCK_ARG_07,1.0,,,,
2024-02-05,MOCK_ARG_07,8.0,,,,
2024-02-06,MOCK_ARG_07,0.0,,,,
2024-02-07,MOCK_ARG_07,0.0,,,,
2024-02-08,MOCK_ARG_07,0.0,,,,
2024-02-09,MOCK_ARG_07,0.0,,,,
2024-02-10,MOCK_ARG_07,3.0,,,,
2024-02-11,MOCK_ARG_07,0.0,,,,
2024-02-12,MOCK_ARG_07,0.0,,,,
2024-02-13,MOCK_ARG_07,0.0,,,,
2024-02-14,MOCK_ARG_07,0.0,,,,
2024-02-15,MOCK_ARG_07,0.0,,,,
2024-02-16,MOCK_ARG_07,0.0,,,,
2024-02-17,MOCK_ARG_07,0.0,,,,
2024-02-18,MOCK_ARG_07,0.0,,,,
2024-02-19,MOCK_ARG_07,0.0,,,,
2024-02-20,MOCK_ARG_07,0.0,,,,
2024-02-21,MOCK_ARG_07,0.0,,,,
2024-02-22,MOCK_ARG_07,0.0,,,,
2024-02-23,MOCK_ARG_07,0.0,,,,
2024-02-24,MOCK_ARG_07,0.0,,,,
2024-02-25,MOCK_ARG_07,,,,,
2024-02-26,MOCK_ARG_07,0.0,,,,
2024-02-27,MOCK_ARG_07,0.0,,,,
2024-02-28,MOCK_ARG_07,0.0,,,,
2024-02-29,MOCK_ARG_07,,,,,
2024-03-01,MOCK_ARG_07,0.0,,,,
2024-03-02,MOCK_ARG_07,0.0,,,,
2024-03-03,MOCK_ARG_07,0.0,,,,
2024-03-04,MOCK_ARG_07,0.0,,,,
2024-03-05,MOCK_ARG_07,0.0,,,,
2024-03-06,MOCK_ARG_07,0.0,,,,
2024-03-07,MOCK_ARG_07,0.0,,,,
2024-03-08,MOCK_ARG_07,0.0,,,,
2024-03-09,MOCK_ARG_07,0.0,,,,
2024-03-10,MOCK_ARG_07,0.0,,,,
2024-03-11,MOCK_ARG_07,0.0,,,,
2024-03-12,MOCK_ARG_07,0.0,,,,
2024-03-13,MOCK_ARG_07,0.0,,,,
2024-03-14,MOCK_ARG_07,10.0,,,,
2024-03-15,MOCK_ARG_07,0.0,,,,
2024-03-16,MOCK_ARG_07,21.5,,,,
2024-03-17,MOCK_ARG_07,0.0,,,,
2024-03-18,MOCK_ARG_07,0.0,,,,
2024-03-19,MOCK_ARG_07,0.0,,,,
2024-03-20,MOCK_ARG_07,0.0,,,,
2024-03-21,MOCK_ARG_07,0.0,,,,
2024-03-22,MOCK_ARG_07,0.0,,,,
2024-03-23,MOCK_ARG_07,0.0,,,,
2024-03-24,MOCK_ARG_07,0.0,,,,
2024-03-25,MOCK_ARG_07,0.0,,,,
2024-03-26,MOCK_ARG_07,0.0,,,,
2024-03-27,MOCK_ARG_07,0.0,,,,
2024-03-28,MOCK_ARG_07,0.0,,,,
2024-03-29,MOCK_ARG_07,0.0,,,,
2024-03-30,MOCK_ARG_07,0.0,,,,
2024-03-31,MOCK_ARG_07,,,,,
2024-04-01,MOCK_ARG_07,0.0,,,,
2024-04-02,MOCK_ARG_07,0.0,,,,
2024-04-03,MOCK_ARG_07,1.5,,,,
2024-04-04,MOCK_ARG_07,0.0,,,,
2024-04-05,MOCK_ARG_07,0.0,,,,
2024-04-06,MOCK_ARG_07,0.0,,,,
2024-04-07,MOCK_ARG_07,0.0,,,,
2024-04-08,MOCK_ARG_07,0.0,,,,
2024-04-09,MOCK_ARG_07,,,,,
2024-04-10,MOCK_ARG_07,0.0,,,,
2024-04-11,MOCK_ARG_07,0.0,,,,
2024-04-12,MOCK_ARG_07,0.0,,,,
2024-04-13,MOCK_ARG_07,0.0,,,,
2024-04-14,MOCK_ARG_07,0.0,,,,
2024-04-15,MOCK_ARG_07,0.0,,,,
2024-04-16,MOCK_ARG_07,0.0,,,,
2024-04-17,MOCK_ARG_07,0.0,,,,
2024-04-18,MOCK_ARG_07,0.0,,,,
2024-04-19,MOCK_ARG_07,0.0,,,,
2024-04-20,MOCK_ARG_07,0.0,,,,
2024-04-21,MOCK_ARG_07,6.0,,,,
2024-04-22,MOCK_ARG_07,0.0,,,,
2024-04-23,MOCK_ARG_07,0.0,,,,
2024-04-24,MOCK_ARG_07,0.0,,,,
2024-04-25,MOCK_ARG_07,0.0,,,,
2024-04-26,MOCK_ARG_07,0.0,,,,
2024-04-27,MOCK_ARG_07,0.0,,,,
2024-04-28,MOCK_ARG_07,0.0,,,,
2024-04-29,MOCK_ARG_07,0.0,,,,
2024-04-30,MOCK_ARG_07,0.0,,,,
2024-05-01,MOCK_ARG_07,0.0,,,,
2024-05-02,MOCK_ARG_07,0.0,,,,
2024-05-03,MOCK_ARG_07,0.0,,,,
2024-05-04,MOCK_ARG_07,0.0,,,,
2024-05-05,MOCK_ARG_07,0.0,,,,
2024-05-06,MOCK_ARG_07,0.0,,,,
2024-05-07,MOCK_ARG_07,0.0,,,,
2024-05-08,MOCK_ARG_07,0.0,,,,
2024-05-09,MOCK_ARG_07,0.0,,,,
2024-05-10,MOCK_ARG_07,0.0,,,,
2024-05-11,MOCK_ARG_07,0.0,,,,
2024-05-12,MOCK_ARG_07,0.0,,,,
2024-05-13,MOCK_ARG_07,0.0,,,,
2024-05-14,MOCK_ARG_07,0.0,,,,
2024-05-15,MOCK_ARG_07,,,,,
2024-05-16,MOCK_ARG_07,0.0,,,,
2024-05-17,MOCK_ARG_07,0.5,,,,
2024-05-18,MOCK_ARG_07,0.0,,,,
2024-05-19,MOCK_ARG_07,0.0,,,,
2024-05-20,MOCK_ARG_07,0.0,,,,
2024-05-21,MOCK_ARG_07,0.0,,,,
2024-05-22,MOCK_ARG_07,,,,,
2024-05-23,MOCK_ARG_07,0.0,,,,
2024-05-24,MOCK_ARG_07,0.0,,,,
2024-05-25,MOCK_ARG_07,,,,,
2024-05-26,MOCK_ARG_07,0.0,,,,
2024-05-27,MOCK_ARG_07,0.0,,,,
2024-05-28,MOCK_ARG_07,0.0,,,,
2024-05-29,MOCK_ARG_07,0.0,,,,
2024-05-30,MOCK_ARG_07,0.0,,,,
2024-05-31,MOCK_ARG_07,0.0,,,,
2024-06-01,MOCK_ARG_07,0.0,,,,
2024-06-02,MOCK_ARG_07,0.0,,,,
2024-06-03,MOCK_ARG_07,0.0,,,,
2024-06-04,MOCK_ARG_07,0.0,,,,
2024-06-05,MOCK_ARG_07,0.0,,,,
2024-06-06,MOCK_ARG_07,0.0,,,,
2024-06-07,MOCK_ARG_07,0.0,,,,
2024-06-08,MOCK_ARG_07,0.0,,,,
2024-06-09,MOCK_ARG_07,0.0,,,,
2024-06-10,MOCK_ARG_07,,,,,
2024-06-11,MOCK_ARG_07,0.0,,,,
2024-06-12,MOCK_ARG_07,0.0,,,,
2024-06-13,MOCK_ARG_07,0.0,,,,
2024-06-14,MOCK_ARG_07,0.0,,,,
2024-06-15,MOCK_ARG_07,0.0,,,,
2024-06-16,MOCK_ARG_07,1.0,,,,
2024-06-17,MOCK_ARG_07,0.0,,,,
2024-06-18,MOCK_ARG_07,0.0,,,,
2024-06-19,MOCK_ARG_07,0.0,,,,
2024-06-20,MOCK_ARG_07,0.0,,,,
2024-06-21,MOCK_ARG_07,46.5,,,,
2024-06-22,MOCK_ARG_07,7.0,,,,
2024-06-23,MOCK_ARG_07,0.0,,,,
2024-06-24,MOCK_ARG_07,,,,,
2024-06-25,MOCK_ARG_07,0.0,,,,
2024-06-26,MOCK_ARG_07,0.0,,,,
2024-06-27,MOCK_ARG_07,0.0,,,,
2024-06-28,MOCK_ARG_07,4.0,,,,
2024-06-29,MOCK_ARG_07,20.0,,,,
2024-06-30,MOCK_ARG_07,0.0,,,,
2024-07-01,MOCK_ARG_07,15.0,,,,
2024-07-02,MOCK_ARG_07,0.0,,,,
2024-07-03,MOCK_ARG_07,0.0,,,,
2024-07-04,MOCK_ARG_07,41.5,,,,
2024-07-05,MOCK_ARG_07,0.5,,,,
2024-07-06,MOCK_ARG_07,0.0,,,,
2024-07-07,MOCK_ARG_07,0.0,,,,
2024-07-08,MOCK_ARG_07,0.0,,,,
2024-07-09,MOCK_ARG_07,0.0,,,,
2024-07-10,MOCK_ARG_07,2.0,,,,
2024-07-11,MOCK_ARG_07,0.0,,,,
2024-07-12,MOCK_ARG_07,0.0,,,,
2024-07-13,MOCK_ARG_07,0.0,,,,
2024-07-14,MOCK_ARG_07,0.0,,,,
2024-07-15,MOCK_ARG_07,0.0,,,,
2024-07-16,MOCK_ARG_07,,,,,
2024-07-17,MOCK_ARG_07,0.0,,,,
2024-07-18,MOCK_ARG_07,0.0,,,,
2024-07-19,MOCK_ARG_07,0.0,,,,
2024-07-20,MOCK_ARG_07,0.0,,,,
2024-07-21,MOCK_ARG_07,0.0,,,,
2024-07-22,MOCK_ARG_07,0.0,,,,
2024-07-23,MOCK_ARG_07,0.0,,,,
2024-07-24,MOCK_ARG_07,4.0,,,,
2024-07-25,MOCK_ARG_07,0.0,,,,
2024-07-26,MOCK_ARG_07,0.0,,,,
2024-07-27,MOCK_ARG_07,0.0,,,,
2024-07-28,MOCK_ARG_07,0.0,,,,
2024-07-29,MOCK_ARG_07,0.0,,,,
2024-07-30,MOCK_ARG_07,0.0,,,,
2024-07-31,MOCK_ARG_07,0.0,,,,
2024-08-01,MOCK_ARG_07,26.5,,,,
2024-08-02,MOCK_ARG_07,0.0,,,,
2024-08-03,MOCK_ARG_07,0.0,,,,
2024-08-04,MOCK_ARG_07,1.0,,,,
2024-08-05,MOCK_ARG_07,0.0,,,,
2024-08-06,MOCK_ARG_07,0.0,,,,
2024-08-07,MOCK_ARG_07,0.0,,,,
2024-08-08,MOCK_ARG_07,0.0,,,,
2024-08-09,MOCK_ARG_07,0.0,,,,
2024-08-10,MOCK_ARG_07,0.0,,,,
2024-08-11,MOCK_ARG_07,0.0,,,,
2024-08-12,MOCK_ARG_07,15.0,,,,
2024-08-13,MOCK_ARG_07,0.0,,,,
2024-08-14,MOCK_ARG_07,0.0,,,,
2024-08-15,MOCK_ARG_07,0.0,,,,
2024-08-16,MOCK_ARG_07,0.0,,,,
2024-08-17,MOCK_ARG_07,0.0,,,,
2024-08-18,MOCK_ARG_07,0.0,,,,
2024-08-19,MOCK_ARG_07,0.0,,,,
2024-08-20,MOCK_ARG_07,0.0,,,,
2024-08-21,MOCK_ARG_07,0.0,,,,
2024-08-22,MOCK_ARG_07,0.0,,,,
2024-08-23,MOCK_ARG_07,18.5,,,,
2024-08-24,MOCK_ARG_07,0.0,,,,
2024-08-25,MOCK_ARG_07,0.0,,,,
2024-08-26,MOCK_ARG_07,0.0,,,,
2024-08-27,MOCK_ARG_07,0.0,,,,
2024-08-28,MOCK_ARG_07,,,,,
2024-08-29,MOCK_ARG_07,0.0,,,,
2024-08-30,MOCK_ARG_07,0.0,,,,
2024-08-31,MOCK_ARG_07,0.0,,,,
2024-09-01,MOCK_ARG_07,0.0,,,,
2024-09-02,MOCK_ARG_07,0.0,,,,
2024-09-03,MOCK_ARG_07,0.0,,,,
2024-09-04,MOCK_ARG_07,0.0,,,,
2024-09-05,MOCK_ARG_07,0.0,,,,
2024-09-06,MOCK_ARG_07,0.0,,,,
2024-09-07,MOCK_ARG_07,0.0,,,,
2024-09-08,MOCK_ARG_07,6.0,,,,
2024-09-09,MOCK_ARG_07,1.0,,,,
2024-09-10,MOCK_ARG_07,20.5,,,,
2024-09-11,MOCK_ARG_07,0.0,,,,
2024-09-12,MOCK_ARG_07,0.0,,,,
2024-09-13,MOCK_ARG_07,0.0,,,,
2024-09-14,MOCK_ARG_07,0.0,,,,
2024-09-15,MOCK_ARG_07,0.0,,,,
2024-09-16,MOCK_ARG_07,0.0,,,,
2024-09-17,MOCK_ARG_07,0.0,,,,
2024-09-18,MOCK_ARG_07,0.0,,,,
2024-09-19,MOCK_ARG_07,0.0,,,,
2024-09-20,MOCK_ARG_07,0.0,,,,
2024-09-21,MOCK_ARG_07,0.0,,,,
2024-09-22,MOCK_ARG_07,0.0,,,,
2024-09-23,MOCK_ARG_07,0.0,,,,
2024-09-24,MOCK_ARG_07,0.0,,,,
2024-09-25,MOCK_ARG_07,,,,,
2024-09-26,MOCK_ARG_07,0.0,,,,
2024-09-27,MOCK_ARG_07,0.0,,,,
2024-09-28,MOCK_ARG_07,0.0,,,,
2024-09-29,MOCK_ARG_07,0.0,,,,
2024-09-30,MOCK_ARG_07,0.0,,,,
2024-10-01,MOCK_ARG_07,0.0,,,,
2024-10-02,MOCK_ARG_07,0.0,,,,
2024-10-03,MOCK_ARG_07,0.0,,,,
2024-10-04,MOCK_ARG_07,0.0,,,,
2024-10-05,MOCK_ARG_07,0.0,,,,
2024-10-06,MOCK_ARG_07,0.0,,,,
2024-10-07,MOCK_ARG_07,0.0,,,,
2024-10-08,MOCK_ARG_07,0.0,,,,
2024-10-09,MOCK_ARG_07,0.0,,,,
2024-10-10,MOCK_ARG_07,0.0,,,,
2024-10-11,MOCK_ARG_07,0.0,,,,
2024-10-12,MOCK_ARG_07,,,,,
2024-10-13,MOCK_ARG_07,0.0,,,,
2024-10-14,MOCK_ARG_07,0.0,,,,
2024-10-15,MOCK_ARG_07,0.0,,,,
2024-10-16,MOCK_ARG_07,0.0,,,,
2024-10-17,MOCK_ARG_07,0.0,,,,
2024-10-18,MOCK_ARG_07,0.0,,,,
2024-10-19,MOCK_ARG_07,0.0,,,,
2024-10-20,MOCK_ARG_07,0.0,,,,
2024-10-21,MOCK_ARG_07,0.0,,,,
2024-10-22,MOCK_ARG_07,0.0,,,,
2024-10-23,MOCK_ARG_07,0.0,,,,
2024-10-24,MOCK_ARG_07,,,,,
2024-10-25,MOCK_ARG_07,0.0,,,,
2024-10-26,MOCK_ARG_07,0.0,,,,
2024-10-27,MOCK_ARG_07,0.0,,,,
2024-10-28,MOCK_ARG_07,0.0,,,,
2024-10-29,MOCK_ARG_07,0.0,,,,
2024-10-30,MOCK_ARG_07,0.0,,,,
2024-10-31,MOCK_ARG_07,0.0,,,,
2024-11-01,MOCK_ARG_07,0.0,,,,
2024-11-02,MOCK_ARG_07,0.0,,,,
2024-11-03,MOCK_ARG_07,0.0,,,,
2024-11-04,MOCK_ARG_07,0.0,,,,
2024-11-05,MOCK_ARG_07,0.0,,,,
2024-11-06,MOCK_ARG_07,0.0,,,,
2024-11-07,MOCK_ARG_07,0.0,,,,
2024-11-08,MOCK_ARG_07,0.0,,,,
2024-11-09,MOCK_ARG_07,0.0,,,,
2024-11-10,MOCK_ARG_07,0.0,,,,
2024-11-11,MOCK_ARG_07,0.0,,,,
2024-11-12,MOCK_ARG_07,0.0,,,,
2024-11-13,MOCK_ARG_07,0.0,,,,
2024-11-14,MOCK_ARG_07,0.0,,,,
2024-11-15,MOCK_ARG_07,,,,,
2024-11-16,MOCK_ARG_07,0.0,,,,
2024-11-17,MOCK_ARG_07,0.0,,,,
2024-11-18,MOCK_ARG_07,0.0,,,,
2024-11-19,MOCK_ARG_07,0.0,,,,
2024-11-20,MOCK_ARG_07,0.0,,,,
2024-11-21,MOCK_ARG_07,0.0,,,,
2024-11-22,MOCK_ARG_07,0.0,,,,
2024-11-23,MOCK_ARG_07,0.0,,,,
2024-11-24,MOCK_ARG_07,0.0,,,,
2024-11-25,MOCK_ARG_07,0.0,,,,
2024-11-26,MOCK_ARG_07,0.0,,,,
2024-11-27,MOCK_ARG_07,0.0,,,,
2024-11-28,MOCK_ARG_07,8.0,,,,
2024-11-29,MOCK_ARG_07,0.0,,,,
2024-11-30,MOCK_ARG_07,0.0,,,,
2024-12-01,MOCK_ARG_07,0.0,,,,
2024-12-02,MOCK_ARG_07,0.0,,,,
2024-12-03,MOCK_ARG_07,,,,,
2024-12-04,MOCK_ARG_07,0.0,,,,
2024-12-05,MOCK_ARG_07,0.0,,,,
2024-12-06,MOCK_ARG_07,0.0,,,,
2024-12-07,MOCK_ARG_07,0.0,,,,
2024-12-08,MOCK_ARG_07,0.0,,,,
2024-12-09,MOCK_ARG_07,0.0,,,,
2024-12-10,MOCK_ARG_07,0.0,,,,
2024-12-11,MOCK_ARG_07,0.0,,,,
2024-12-12,MOCK_ARG_07,0.0,,,,
2024-12-13,MOCK_ARG_07,0.0,,,,
2024-12-14,MOCK_ARG_07,0.0,,,,
2024-12-15,MOCK_ARG_07,0.0,,,,
2024-12-16,MOCK_ARG_07,0.0,,,,
2024-12-17,MOCK_ARG_07,0.0,,,,
2024-12-18,MOCK_ARG_07,0.0,,,,
2024-12-19,MOCK_ARG_07,0.0,,,,
2024-12-20,MOCK_ARG_07,0.0,,,,
2024-12-21,MOCK_ARG_07,0.0,,,,
2024-12-22,MOCK_ARG_07,0.0,,,,
2024-12-23,MOCK_ARG_07,0.0,,,,
2024-12-24,MOCK_ARG_07,0.0,,,,
2024-12-25,MOCK_ARG_07,0.0,,,,
2024-12-26,MOCK_ARG_07,0.5,,,,
2024-12-27,MOCK_ARG_07,0.0,,,,
2024-12-28,MOCK_ARG_07,0.5,,,,
2024-12-29,MOCK_ARG_07,16.5,,,,
2024-12-30,MOCK_ARG_07,0.0,,,,
2024-12-31,MOCK_ARG_07,0.0,,,,
2023-01-01,MOCK_ARG_08,0.0,,,,
2023-01-02,MOCK_ARG_08,0.0,,,,
2023-01-03,MOCK_ARG_08,0.0,,,,
2023-01-04,MOCK_ARG_08,0.0,,,,
2023-01-05,MOCK_ARG_08,0.0,,,,
2023-01-06,MOCK_ARG_08,0.0,,,,
2023-01-07,MOCK_ARG_08,0.0,,,,
2023-01-08,MOCK_ARG_08,0.0,,,,
2023-01-09,MOCK_ARG_08,0.0,,,,
2023-01-10,MOCK_ARG_08,0.0,,,,
2023-01-11,MOCK_ARG_08,0.0,,,,
2023-01-12,MOCK_ARG_08,0.0,,,,
2023-01-13,MOCK_ARG_08,0.0,,,,
2023-01-14,MOCK_ARG_08,,,,,
2023-01-15,MOCK_ARG_08,0.0,,,,
2023-01-16,MOCK_ARG_08,0.0,,,,
2023-01-17,MOCK_ARG_08,1.0,,,,
2023-01-18,MOCK_ARG_08,0.0,,,,
2023-01-19,MOCK_ARG_08,0.0,,,,
2023-01-20,MOCK_ARG_08,0.0,,,,
2023-01-21,MOCK_ARG_08,,,,,
2023-01-22,MOCK_ARG_08,0.0,,,,
2023-01-23,MOCK_ARG_08,0.0,,,,
2023-01-24,MOCK_ARG_08,0.0,,,,
2023-01-25,MOCK_ARG_08,31.0,,,,
2023-01-26,MOCK_ARG_08,0.0,,,,
2023-01-27,MOCK_ARG_08,0.0,,,,
2023-01-28,MOCK_ARG_08,0.0,,,,
2023-01-29,MOCK_ARG_08,0.0,,,,
2023-01-30,MOCK_ARG_08,0.0,,,,
2023-01-31,MOCK_ARG_08,0.0,,,,
2023-02-01,MOCK_ARG_08,0.0,,,,
2023-02-02,MOCK_ARG_08,0.0,,,,
2023-02-03,MOCK_ARG_08,0.0,,,,
2023-02-04,MOCK_ARG_08,0.0,,,,
2023-02-05,MOCK_ARG_08,0.0,,,,
2023-02-06,MOCK_ARG_08,0.0,,,,
2023-02-07,MOCK_ARG_08,0.0,,,,
2023-02-08,MOCK_ARG_08,0.0,,,,
2023-02-09,MOCK_ARG_08,0.0,,,,
2023-02-10,MOCK_ARG_08,0.0,,,,
2023-02-11,MOCK_ARG_08,0.0,,,,
2023-02-12,MOCK_ARG_08,0.0,,,,
2023-02-13,MOCK_ARG_08,0.0,,,,
2023-02-14,MOCK_ARG_08,0.0,,,,
2023-02-15,MOCK_ARG_08,0.0,,,,
2023-02-16,MOCK_ARG_08,0.0,,,,
2023-02-17,MOCK_ARG_08,0.0,,,,
2023-02-18,MOCK_ARG_08,0.0,,,,
2023-02-19,MOCK_ARG_08,0.0,,,,
2023-02-20,MOCK_ARG_08,0.0,,,,
2023-02-21,MOCK_ARG_08,0.0,,,,
2023-02-22,MOCK_ARG_08,2.0,,,,
2023-02-23,MOCK_ARG_08,0.0,,,,
2023-02-24,MOCK_ARG_08,0.0,,,,
2023-02-25,MOCK_ARG_08,0.0,,,,
2023-02-26,MOCK_ARG_08,0.0,,,,
2023-02-27,MOCK_ARG_08,1.5,,,,
2023-02-28,MOCK_ARG_08,,,,,
2023-03-01,MOCK_ARG_08,0.0,,,,
2023-03-02,MOCK_ARG_08,0.0,,,,
2023-03-03,MOCK_ARG_08,0.0,,,,
2023-03-04,MOCK_ARG_08,0.0,,,,
2023-03-05,MOCK_ARG_08,0.0,,,,
2023-03-06,MOCK_ARG_08,0.0,,,,
2023-03-07,MOCK_ARG_08,0.0,,,,
2023-03-08,MOCK_ARG_08,0.0,,,,
2023-03-09,MOCK_ARG_08,0.0,,,,
2023-03-10,MOCK_ARG_08,0.0,,,,
2023-03-11,MOCK_ARG_08,0.0,,,,
2023-03-12,MOCK_ARG_08,0.0,,,,
2023-03-13,MOCK_ARG_08,0.0,,,,
2023-03-14,MOCK_ARG_08,0.0,,,,
2023-03-15,MOCK_ARG_08,0.0,,,,
2023-03-16,MOCK_ARG_08,0.0,,,,
2023-03-17,MOCK_ARG_08,0.5,,,,
2023-03-18,MOCK_ARG_08,10.0,,,,
2023-03-19,MOCK_ARG_08,0.0,,,,
2023-03-20,MOCK_ARG_08,0.0,,,,
2023-03-21,MOCK_ARG_08,0.0,,,,
2023-03-22,MOCK_ARG_08,0.0,,,,
2023-03-23,MOCK_ARG_08,0.0,,,,
2023-03-24,MOCK_ARG_08,0.0,,,,
2023-03-25,MOCK_ARG_08,0.0,,,,
2023-03-26,MOCK_ARG_08,0.0,,,,
2023-03-27,MOCK_ARG_08,,,,,
2023-03-28,MOCK_ARG_08,0.0,,,,
2023-03-29,MOCK_ARG_08,0.0,,,,
2023-03-30,MOCK_ARG_08,0.0,,,,
2023-03-31,MOCK_ARG_08,3.0,,,,
2023-04-01,MOCK_ARG_08,,,,,
2023-04-02,MOCK_ARG_08,0.0,,,,
2023-04-03,MOCK_ARG_08,0.0,,,,
2023-04-04,MOCK_ARG_08,0.0,,,,
2023-04-05,MOCK_ARG_08,0.0,,,,
2023-04-06,MOCK_ARG_08,0.0,,,,
2023-04-07,MOCK_ARG_08,0.0,,,,
2023-04-08,MOCK_ARG_08,0.0,,,,
2023-04-09,MOCK_ARG_08,0.0,,,,
2023-04-10,MOCK_ARG_08,0.0,,,,
2023-04-11,MOCK_ARG_08,0.0,,,,
2023-04-12,MOCK_ARG_08,0.0,,,,
2023-04-13,MOCK_ARG_08,0.0,,,,
2023-04-14,MOCK_ARG_08,8.5,,,,
2023-04-15,MOCK_ARG_08,0.0,,,,
2023-04-16,MOCK_ARG_08,0.0,,,,
2023-04-17,MOCK_ARG_08,0.0,,,,
2023-04-18,MOCK_ARG_08,,,,,
2023-04-19,MOCK_ARG_08,0.0,,,,
2023-04-20,MOCK_ARG_08,0.0,,,,
2023-04-21,MOCK_ARG_08,0.0,,,,
2023-04-22,MOCK_ARG_08,0.0,,,,
2023-04-23,MOCK_ARG_08,0.0,,,,
2023-04-24,MOCK_ARG_08,0.0,,,,
2023-04-25,MOCK_ARG_08,0.0,,,,
2023-04-26,MOCK_ARG_08,0.0,,,,
2023-04-27,MOCK_ARG_08,0.0,,,,
2023-04-28,MOCK_ARG_08,0.0,,,,
2023-04-29,MOCK_ARG_08,0.0,,,,
2023-04-30,MOCK_ARG_08,0.0,,,,
2023-05-01,MOCK_ARG_08,5.0,,,,
2023-05-02,MOCK_ARG_08,0.0,,,,
2023-05-03,MOCK_ARG_08,0.0,,,,
2023-05-04,MOCK_ARG_08,0.0,,,,
2023-05-05,MOCK_ARG_08,0.0,,,,
2023-05-06,MOCK_ARG_08,0.0,,,,
2023-05-07,MOCK_ARG_08,0.0,,,,
2023-05-08,MOCK_ARG_08,,,,,
2023-05-09,MOCK_ARG_08,0.0,,,,
2023-05-10,MOCK_ARG_08,0.0,,,,
2023-05-11,MOCK_ARG_08,0.0,,,,
2023-05-12,MOCK_ARG_08,0.0,,,,
2023-05-13,MOCK_ARG_08,0.0,,,,
2023-05-14,MOCK_ARG_08,0.0,,,,
2023-05-15,MOCK_ARG_08,0.0,,,,
2023-05-16,MOCK_ARG_08,0.0,,,,
2023-05-17,MOCK_ARG_08,0.0,,,,
2023-05-18,MOCK_ARG_08,0.0,,,,
2023-05-19,MOCK_ARG_08,0.0,,,,
2023-05-20,MOCK_ARG_08,0.0,,,,
2023-05-21,MOCK_ARG_08,0.0,,,,
2023-05-22,MOCK_ARG_08,0.0,,,,
2023-05-23,MOCK_ARG_08,0.0,,,,
2023-05-24,MOCK_ARG_08,0.0,,,,
2023-05-25,MOCK_ARG_08,0.0,,,,
2023-05-26,MOCK_ARG_08,,,,,
2023-05-27,MOCK_ARG_08,0.0,,,,
2023-05-28,MOCK_ARG_08,0.0,,,,
2023-05-29,MOCK_ARG_08,0.0,,,,
2023-05-30,MOCK_ARG_08,0.0,,,,
2023-05-31,MOCK_ARG_08,0.0,,,,
2023-06-01,MOCK_ARG_08,0.0,,,,
2023-06-02,MOCK_ARG_08,0.0,,,,
2023-06-03,MOCK_ARG_08,0.0,,,,
2023-06-04,MOCK_ARG_08,0.0,,,,
2023-06-05,MOCK_ARG_08,0.0,,,,
2023-06-06,MOCK_ARG_08,0.0,,,,
2023-06-07,MOCK_ARG_08,0.0,,,,
2023-06-08,MOCK_ARG_08,0.0,,,,
2023-06-09,MOCK_ARG_08,0.0,,,,
2023-06-10,MOCK_ARG_08,0.0,,,,
2023-06-11,MOCK_ARG_08,0.0,,,,
2023-06-12,MOCK_ARG_08,0.0,,,,
2023-06-13,MOCK_ARG_08,0.0,,,,
2023-06-14,MOCK_ARG_08,0.0,,,,
2023-06-15,MOCK_ARG_08,0.0,,,,
2023-06-16,MOCK_ARG_08,5.0,,,,
2023-06-17,MOCK_ARG_08,0.0,,,,
2023-06-18,MOCK_ARG_08,0.0,,,,
2023-06-19,MOCK_ARG_08,0.0,,,,
2023-06-20,MOCK_ARG_08,0.0,,,,
2023-06-21,MOCK_ARG_08,0.0,,,,
2023-06-22,MOCK_ARG_08,0.0,,,,
2023-06-23,MOCK_ARG_08,0.0,,,,
2023-06-24,MOCK_ARG_08,0.0,,,,
2023-06-25,MOCK_ARG_08,0.0,,,,
2023-06-26,MOCK_ARG_08,0.0,,,,
2023-06-27,MOCK_ARG_08,1.0,,,,
2023-06-28,MOCK_ARG_08,0.0,,,,
2023-06-29,MOCK_ARG_08,0.0,,,,
2023-06-30,MOCK_ARG_08,9.0,,,,
2023-07-01,MOCK_ARG_08,0.0,,,,
2023-07-02,MOCK_ARG_08,0.0,,,,
2023-07-03,MOCK_ARG_08,0.0,,,,
2023-07-04,MOCK_ARG_08,0.0,,,,
2023-07-05,MOCK_ARG_08,0.0,,,,
2023-07-06,MOCK_ARG_08,1.0,,,,
2023-07-07,MOCK_ARG_08,0.0,,,,
2023-07-08,MOCK_ARG_08,0.0,,,,
2023-07-09,MOCK_ARG_08,0.0,,,,
2023-07-10,MOCK_ARG_08,0.0,,,,
2023-07-11,MOCK_ARG_08,0.0,,,,
2023-07-12,MOCK_ARG_08,0.0,,,,
2023-07-13,MOCK_ARG_08,0.0,,,,
2023-07-14,MOCK_ARG_08,0.0,,,,
2023-07-15,MOCK_ARG_08,0.0,,,,
2023-07-16,MOCK_ARG_08,0.0,,,,
2023-07-17,MOCK_ARG_08,0.0,,,,
2023-07-18,MOCK_ARG_08,0.0,,,,
2023-07-19,MOCK_ARG_08,0.0,,,,
2023-07-20,MOCK_ARG_08,0.0,,,,
2023-07-21,MOCK_ARG_08,0.0,,,,
2023-07-22,MOCK_ARG_08,0.0,,,,
2023-07-23,MOCK_ARG_08,0.0,,,,
2023-07-24,MOCK_ARG_08,0.0,,,,
2023-07-25,MOCK_ARG_08,2.5,,,,
2023-07-26,MOCK_ARG_08,0.0,,,,
2023-07-27,MOCK_ARG_08,0.0,,,,
2023-07-28,MOCK_ARG_08,0.0,,,,
2023-07-29,MOCK_ARG_08,0.0,,,,
2023-07-30,MOCK_ARG_08,0.0,,,,
2023-07-31,MOCK_ARG_08,0.0,,,,
2023-08-01,MOCK_ARG_08,0.0,,,,
2023-08-02,MOCK_ARG_08,0.0,,,,
2023-08-03,MOCK_ARG_08,0.0,,,,
2023-08-04,MOCK_ARG_08,0.0,,,,
2023-08-05,MOCK_ARG_08,142.0,,,,
2023-08-06,MOCK_ARG_08,0.0,,,,
2023-08-07,MOCK_ARG_08,0.0,,,,
2023-08-08,MOCK_ARG_08,0.0,,,,
2023-08-09,MOCK_ARG_08,0.0,,,,
2023-08-10,MOCK_ARG_08,0.0,,,,
2023-08-11,MOCK_ARG_08,0.0,,,,
2023-08-12,MOCK_ARG_08,0.0,,,,
2023-08-13,MOCK_ARG_08,0.0,,,,
2023-08-14,MOCK_ARG_08,,,,,
2023-08-15,MOCK_ARG_08,79.5,,,,
2023-08-16,MOCK_ARG_08,34.0,,,,
2023-08-17,MOCK_ARG_08,0.0,,,,
2023-08-18,MOCK_ARG_08,0.0,,,,
2023-08-19,MOCK_ARG_08,0.0,,,,
2023-08-20,MOCK_ARG_08,0.0,,,,
2023-08-21,MOCK_ARG_08,10.0,,,,
2023-08-22,MOCK_ARG_08,0.0,,,,
2023-08-23,MOCK_ARG_08,0.0,,,,
2023-08-24,MOCK_ARG_08,0.0,,,,
2023-08-25,MOCK_ARG_08,0.0,,,,
2023-08-26,MOCK_ARG_08,0.0,,,,
2023-08-27,MOCK_ARG_08,0.0,,,,
2023-08-28,MOCK_ARG_08,0.0,,,,
2023-08-29,MOCK_ARG_08,0.0,,,,
2023-08-30,MOCK_ARG_08,0.0,,,,
2023-08-31,MOCK_ARG_08,0.0,,,,
2023-09-01,MOCK_ARG_08,0.0,,,,
2023-09-02,MOCK_ARG_08,0.0,,,,
2023-09-03,MOCK_ARG_08,0.0,,,,
2023-09-04,MOCK_ARG_08,99.5,,,,
2023-09-05,MOCK_ARG_08,0.0,,,,
2023-09-06,MOCK_ARG_08,0.0,,,,
2023-09-07,MOCK_ARG_08,8.0,,,,
2023-09-08,MOCK_ARG_08,13.0,,,,
2023-09-09,MOCK_ARG_08,0.0,,,,
2023-09-10,MOCK_ARG_08,0.0,,,,
2023-09-11,MOCK_ARG_08,0.0,,,,
2023-09-12,MOCK_ARG_08,0.0,,,,
2023-09-13,MOCK_ARG_08,0.0,,,,
2023-09-14,MOCK_ARG_08,0.0,,,,
2023-09-15,MOCK_ARG_08,0.0,,,,
2023-09-16,MOCK_ARG_08,0.0,,,,
2023-09-17,MOCK_ARG_08,0.0,,,,
2023-09-18,MOCK_ARG_08,0.0,,,,
2023-09-19,MOCK_ARG_08,0.0,,,,
2023-09-20,MOCK_ARG_08,0.0,,,,
2023-09-21,MOCK_ARG_08,0.0,,,,
2023-09-22,MOCK_ARG_08,0.0,,,,
2023-09-23,MOCK_ARG_08,0.0,,,,
2023-09-24,MOCK_ARG_08,0.0,,,,
2023-09-25,MOCK_ARG_08,0.0,,,,
2023-09-26,MOCK_ARG_08,46.5,,,,
2023-09-27,MOCK_ARG_08,0.0,,,,
2023-09-28,MOCK_ARG_08,0.0,,,,
2023-09-29,MOCK_ARG_08,0.0,,,,
2023-09-30,MOCK_ARG_08,0.0,,,,
2023-10-01,MOCK_ARG_08,0.0,,,,
2023-10-02,MOCK_ARG_08,0.0,,,,
2023-10-03,MOCK_ARG_08,0.0,,,,
2023-10-04,MOCK_ARG_08,0.0,,,,
2023-10-05,MOCK_ARG_08,0.0,,,,
2023-10-06,MOCK_ARG_08,0.0,,,,
2023-10-07,MOCK_ARG_08,3.0,,,,
2023-10-08,MOCK_ARG_08,0.0,,,,
2023-10-09,MOCK_ARG_08,0.0,,,,
2023-10-10,MOCK_ARG_08,0.0,,,,
2023-10-11,MOCK_ARG_08,0.0,,,,
2023-10-12,MOCK_ARG_08,0.0,,,,
2023-10-13,MOCK_ARG_08,0.0,,,,
2023-10-14,MOCK_ARG_08,0.0,,,,
2023-10-15,MOCK_ARG_08,0.0,,,,
2023-10-16,MOCK_ARG_08,0.0,,,,
2023-10-17,MOCK_ARG_08,0.0,,,,
2023-10-18,MOCK_ARG_08,0.0,,,,
2023-10-19,MOCK_ARG_08,0.0,,,,
2023-10-20,MOCK_ARG_08,0.0,,,,
2023-10-21,MOCK_ARG_08,0.0,,,,
2023-10-22,MOCK_ARG_08,0.0,,,,
2023-10-23,MOCK_ARG_08,0.0,,,,
2023-10-24,MOCK_ARG_08,0.0,,,,
2023-10-25,MOCK_ARG_08,0.0,,,,
2023-10-26,MOCK_ARG_08,0.0,,,,
2023-10-27,MOCK_ARG_08,0.0,,,,
2023-10-28,MOCK_ARG_08,0.0,,,,
2023-10-29,MOCK_ARG_08,0.0,,,,
2023-10-30,MOCK_ARG_08,0.0,,,,
2023-10-31,MOCK_ARG_08,0.0,,,,
2023-11-01,MOCK_ARG_08,0.0,,,,
2023-11-02,MOCK_ARG_08,0.0,,,,
2023-11-03,MOCK_ARG_08,0.0,,,,
2023-11-04,MOCK_ARG_08,0.0,,,,
2023-11-05,MOCK_ARG_08,0.0,,,,
2023-11-06,MOCK_ARG_08,0.0,,,,
2023-11-07,MOCK_ARG_08,0.0,,,,
2023-11-08,MOCK_ARG_08,0.0,,,,
2023-11-09,MOCK_ARG_08,0.0,,,,
2023-11-10,MOCK_ARG_08,0.0,,,,
2023-11-11,MOCK_ARG_08,0.0,,,,
2023-11-12,MOCK_ARG_08,0.0,,,,
2023-11-13,MOCK_ARG_08,0.0,,,,
2023-11-14,MOCK_ARG_08,0.0,,,,
2023-11-15,MOCK_ARG_08,0.0,,,,
2023-11-16,MOCK_ARG_08,0.0,,,,
2023-11-17,MOCK_ARG_08,0.0,,,,
2023-11-18,MOCK_ARG_08,0.0,,,,
2023-11-19,MOCK_ARG_08,0.0,,,,
2023-11-20,MOCK_ARG_08,0.0,,,,
2023-11-21,MOCK_ARG_08,0.0,,,,
2023-11-22,MOCK_ARG_08,0.0,,,,
2023-11-23,MOCK_ARG_08,0.0,,,,
2023-11-24,MOCK_ARG_08,0.0,,,,
2023-11-25,MOCK_ARG_08,0.0,,,,
2023-11-26,MOCK_ARG_08,0.0,,,,
2023-11-27,MOCK_ARG_08,0.0,,,,
2023-11-28,MOCK_ARG_08,0.0,,,,
2023-11-29,MOCK_ARG_08,0.0,,,,
2023-11-30,MOCK_ARG_08,0.0,,,,
2023-12-01,MOCK_ARG_08,0.0,,,,
2023-12-02,MOCK_ARG_08,0.0,,,,
2023-12-03,MOCK_ARG_08,0.0,,,,
2023-12-04,MOCK_ARG_08,0.0,,,,
2023-12-05,MOCK_ARG_08,0.0,,,,
2023-12-06,MOCK_ARG_08,0.0,,,,
2023-12-07,MOCK_ARG_08,0.0,,,,
2023-12-08,MOCK_ARG_08,0.0,,,,
2023-12-09,MOCK_ARG_08,0.0,,,,
2023-12-10,MOCK_ARG_08,0.0,,,,
2023-12-11,MOCK_ARG_08,0.0,,,,
2023-12-12,MOCK_ARG_08,0.0,,,,
2023-12-13,MOCK_ARG_08,0.0,,,,
2023-12-14,MOCK_ARG_08,0.0,,,,
2023-12-15,MOCK_ARG_08,0.0,,,,
2023-12-16,MOCK_ARG_08,0.0,,,,
2023-12-17,MOCK_ARG_08,0.0,,,,
2023-12-18,MOCK_ARG_08,0.0,,,,
2023-12-19,MOCK_ARG_08,0.0,,,,
2023-12-20,MOCK_ARG_08,0.0,,,,
2023-12-21,MOCK_ARG_08,0.0,,,,
2023-12-22,MOCK_ARG_08,0.0,,,,
2023-12-23,MOCK_ARG_08,0.0,,,,
2023-12-24,MOCK_ARG_08,0.0,,,,
2023-12-25,MOCK_ARG_08,0.0,,,,
2023-12-26,MOCK_ARG_08,0.0,,,,
2023-12-27,MOCK_ARG_08,0.0,,,,
2023-12-28,MOCK_ARG_08,,,,,
2023-12-29,MOCK_ARG_08,0.0,,,,
2023-12-30,MOCK_ARG_08,0.0,,,,
2023-12-31,MOCK_ARG_08,0.0,,,,
2024-01-01,MOCK_ARG_08,0.0,,,,
2024-01-02,MOCK_ARG_08,0.0,,,,
2024-01-03,MOCK_ARG_08,0.0,,,,
2024-01-04,MOCK_ARG_08,0.0,,,,
2024-01-05,MOCK_ARG_08,1.5,,,,
2024-01-06,MOCK_ARG_08,0.0,,,,
2024-01-07,MOCK_ARG_08,,,,,
2024-01-08,MOCK_ARG_08,0.0,,,,
2024-01-09,MOCK_ARG_08,0.0,,,,
2024-01-10,MOCK_ARG_08,0.0,,,,
2024-01-11,MOCK_ARG_08,0.0,,,,
2024-01-12,MOCK_ARG_08,0.0,,,,
2024-01-13,MOCK_ARG_08,7.5,,,,
2024-01-14,MOCK_ARG_08,0.0,,,,
2024-01-15,MOCK_ARG_08,0.0,,,,
2024-01-16,MOCK_ARG_08,0.0,,,,
2024-01-17,MOCK_ARG_08,0.0,,,,
2024-01-18,MOCK_ARG_08,0.0,,,,
2024-01-19,MOCK_ARG_08,0.0,,,,
2024-01-20,MOCK_ARG_08,0.0,,,,
2024-01-21,MOCK_ARG_08,0.0,,,,
2024-01-22,MOCK_ARG_08,0.0,,,,
2024-01-23,MOCK_ARG_08,0.0,,,,
2024-01-24,MOCK_ARG_08,2.0,,,,
2024-01-25,MOCK_ARG_08,0.0,,,,
2024-01-26,MOCK_ARG_08,0.0,,,,
2024-01-27,MOCK_ARG_08,5.5,,,,
2024-01-28,MOCK_ARG_08,0.0,,,,
2024-01-29,MOCK_ARG_08,1.5,,,,
2024-01-30,MOCK_ARG_08,6.0,,,,
2024-01-31,MOCK_ARG_08,0.0,,,,
2024-02-01,MOCK_ARG_08,0.0,,,,
2024-02-02,MOCK_ARG_08,0.0,,,,
2024-02-03,MOCK_ARG_08,0.5,,,,
2024-02-04,MOCK_ARG_08,1.0,,,,
2024-02-05,MOCK_ARG_08,7.5,,,,
2024-02-06,MOCK_ARG_08,0.0,,,,
2024-02-07,MOCK_ARG_08,0.0,,,,
2024-02-08,MOCK_ARG_08,0.0,,,,
2024-02-09,MOCK_ARG_08,0.0,,,,
2024-02-10,MOCK_ARG_08,4.5,,,,
2024-02-11,MOCK_ARG_08,0.0,,,,
2024-02-12,MOCK_ARG_08,0.0,,,,
2024-02-13,MOCK_ARG_08,0.0,,,,
2024-02-14,MOCK_ARG_08,0.0,,,,
2024-02-15,MOCK_ARG_08,0.0,,,,
2024-02-16,MOCK_ARG_08,0.0,,,,
2024-02-17,MOCK_ARG_08,0.0,,,,
2024-02-18,MOCK_ARG_08,0.0,,,,
2024-02-19,MOCK_ARG_08,0.0,,,,
2024-02-20,MOCK_ARG_08,0.0,,,,
2024-02-21,MOCK_ARG_08,0.0,,,,
2024-02-22,MOCK_ARG_08,0.0,,,,
2024-02-23,MOCK_ARG_08,0.0,,,,
2024-02-24,MOCK_ARG_08,0.0,,,,
2024-02-25,MOCK_ARG_08,0.0,,,,
2024-02-26,MOCK_ARG_08,0.0,,,,
2024-02-27,MOCK_ARG_08,0.0,,,,
2024-02-28,MOCK_ARG_08,0.0,,,,
2024-02-29,MOCK_ARG_08,0.0,,,,
2024-03-01,MOCK_ARG_08,0.0,,,,
2024-03-02,MOCK_ARG_08,0.0,,,,
2024-03-03,MOCK_ARG_08,0.0,,,,
2024-03-04,MOCK_ARG_08,0.0,,,,
2024-03-05,MOCK_ARG_08,0.0,,,,
2024-03-06,MOCK_ARG_08,0.0,,,,
2024-03-07,MOCK_ARG_08,0.0,,,,
2024-03-08,MOCK_ARG_08,0.0,,,,
2024-03-09,MOCK_ARG_08,0.0,,,,
2024-03-10,MOCK_ARG_08,0.0,,,,
2024-03-11,MOCK_ARG_08,0.0,,,,
2024-03-12,MOCK_ARG_08,0.0,,,,
2024-03-13,MOCK_ARG_08,0.0,,,,
2024-03-14,MOCK_ARG_08,9.0,,,,
2024-03-15,MOCK_ARG_08,0.0,,,,
2024-03-16,MOCK_ARG_08,27.5,,,,
2024-03-17,MOCK_ARG_08,0.0,,,,
2024-03-18,MOCK_ARG_08,0.0,,,,
2024-03-19,MOCK_ARG_08,0.0,,,,
2024-03-20,MOCK_ARG_08,0.0,,,,
2024-03-21,MOCK_ARG_08,0.0,,,,
2024-03-22,MOCK_ARG_08,0.0,,,,
2024-03-23,MOCK_ARG_08,0.0,,,,
2024-03-24,MOCK_ARG_08,0.0,,,,
2024-03-25,MOCK_ARG_08,,,,,
2024-03-26,MOCK_ARG_08,0.0,,,,
2024-03-27,MOCK_ARG_08,0.0,,,,
2024-03-28,MOCK_ARG_08,0.0,,,,
2024-03-29,MOCK_ARG_08,0.0,,,,
2024-03-30,MOCK_ARG_08,0.0,,,,
2024-03-31,MOCK_ARG_08,0.0,,,,
2024-04-01,MOCK_ARG_08,0.0,,,,
2024-04-02,MOCK_ARG_08,0.0,,,,
2024-04-03,MOCK_ARG_08,2.5,,,,
2024-04-04,MOCK_ARG_08,0.0,,,,
2024-04-05,MOCK_ARG_08,0.0,,,,
2024-04-06,MOCK_ARG_08,0.0,,,,
2024-04-07,MOCK_ARG_08,0.0,,,,
2024-04-08,MOCK_ARG_08,0.0,,,,
2024-04-09,MOCK_ARG_08,0.0,,,,
2024-04-10,MOCK_ARG_08,0.0,,,,
2024-04-11,MOCK_ARG_08,0.0,,,,
2024-04-12,MOCK_ARG_08,0.0,,,,
2024-04-13,MOCK_ARG_08,0.0,,,,
2024-04-14,MOCK_ARG_08,0.0,,,,
2024-04-15,MOCK_ARG_08,0.0,,,,
2024-04-16,MOCK_ARG_08,0.0,,,,
2024-04-17,MOCK_ARG_08,0.0,,,,
2024-04-18,MOCK_ARG_08,0.0,,,,
2024-04-19,MOCK_ARG_08,0.0,,,,
2024-04-20,MOCK_ARG_08,0.0,,,,
2024-04-21,MOCK_ARG_08,6.5,,,,
2024-04-22,MOCK_ARG_08,0.0,,,,
2024-04-23,MOCK_ARG_08,0.0,,,,
2024-04-24,MOCK_ARG_08,0.0,,,,
2024-04-25,MOCK_ARG_08,0.0,,,,
2024-04-26,MOCK_ARG_08,0.0,,,,
2024-04-27,MOCK_ARG_08,0.0,,,,
2024-04-28,MOCK_ARG_08,0.0,,,,
2024-04-29,MOCK_ARG_08,0.0,,,,
2024-04-30,MOCK_ARG_08,0.0,,,,
2024-05-01,MOCK_ARG_08,0.0,,,,
2024-05-02,MOCK_ARG_08,0.0,,,,
2024-05-03,MOCK_ARG_08,0.0,,,,
2024-05-04,MOCK_ARG_08,0.0,,,,
2024-05-05,MOCK_ARG_08,0.0,,,,
2024-05-06,MOCK_ARG_08,,,,,
2024-05-07,MOCK_ARG_08,0.0,,,,
2024-05-08,MOCK_ARG_08,0.0,,,,
2024-05-09,MOCK_ARG_08,0.0,,,,
2024-05-10,MOCK_ARG_08,0.0,,,,
2024-05-11,MOCK_ARG_08,0.0,,,,
2024-05-12,MOCK_ARG_08,0.0,,,,
2024-05-13,MOCK_ARG_08,0.0,,,,
2024-05-14,MOCK_ARG_08,0.0,,,,
2024-05-15,MOCK_ARG_08,0.0,,,,
2024-05-16,MOCK_ARG_08,,,,,
2024-05-17,MOCK_ARG_08,0.5,,,,
2024-05-18,MOCK_ARG_08,0.0,,,,
2024-05-19,MOCK_ARG_08,0.0,,,,
2024-05-20,MOCK_ARG_08,,,,,
2024-05-21,MOCK_ARG_08,0.0,,,,
2024-05-22,MOCK_ARG_08,0.0,,,,
2024-05-23,MOCK_ARG_08,0.0,,,,
2024-05-24,MOCK_ARG_08,0.0,,,,
2024-05-25,MOCK_ARG_08,0.0,,,,
2024-05-26,MOCK_ARG_08,0.0,,,,
2024-05-27,MOCK_ARG_08,0.0,,,,
2024-05-28,MOCK_ARG_08,0.0,,,,
2024-05-29,MOCK_ARG_08,0.0,,,,
2024-05-30,MOCK_ARG_08,0.0,,,,
2024-05-31,MOCK_ARG_08,0.0,,,,
2024-06-01,MOCK_ARG_08,0.0,,,,
2024-06-02,MOCK_ARG_08,0.0,,,,
2024-06-03,MOCK_ARG_08,0.0,,,,
2024-06-04,MOCK_ARG_08,0.0,,,,
2024-06-05,MOCK_ARG_08,0.0,,,,
2024-06-06,MOCK_ARG_08,0.0,,,,
2024-06-07,MOCK_ARG_08,0.0,,,,
2024-06-08,MOCK_ARG_08,0.0,,,,
2024-06-09,MOCK_ARG_08,0.0,,,,
2024-06-10,MOCK_ARG_08,0.0,,,,
2024-06-11,MOCK_ARG_08,0.0,,,,
2024-06-12,MOCK_ARG_08,0.0,,,,
2024-06-13,MOCK_ARG_08,0.0,,,,
2024-06-14,MOCK_ARG_08,0.0,,,,
2024-06-15,MOCK_ARG_08,0.0,,,,
2024-06-16,MOCK_ARG_08,1.0,,,,
2024-06-17,MOCK_ARG_08,0.0,,,,
2024-06-18,MOCK_ARG_08,0.0,,,,
2024-06-19,MOCK_ARG_08,0.0,,,,
2024-06-20,MOCK_ARG_08,,,,,
2024-06-21,MOCK_ARG_08,59.5,,,,
2024-06-22,MOCK_ARG_08,10.0,,,,
2024-06-23,MOCK_ARG_08,0.0,,,,
2024-06-24,MOCK_ARG_08,0.0,,,,
2024-06-25,MOCK_ARG_08,0.0,,,,
2024-06-26,MOCK_ARG_08,0.0,,,,
2024-06-27,MOCK_ARG_08,0.0,,,,
2024-06-28,MOCK_ARG_08,5.0,,,,
2024-06-29,MOCK_ARG_08,15.5,,,,
2024-06-30,MOCK_ARG_08,0.0,,,,
2024-07-01,MOCK_ARG_08,16.0,,,,
2024-07-02,MOCK_ARG_08,0.0,,,,
2024-07-03,MOCK_ARG_08,0.0,,,,
2024-07-04,MOCK_ARG_08,42.0,,,,
2024-07-05,MOCK_ARG_08,0.5,,,,
2024-07-06,MOCK_ARG_08,0.0,,,,
2024-07-07,MOCK_ARG_08,0.0,,,,
2024-07-08,MOCK_ARG_08,0.0,,,,
2024-07-09,MOCK_ARG_08,0.0,,,,
2024-07-10,MOCK_ARG_08,2.0,,,,
2024-07-11,MOCK_ARG_08,0.0,,,,
2024-07-12,MOCK_ARG_08,0.0,,,,
2024-07-13,MOCK_ARG_08,0.0,,,,
2024-07-14,MOCK_ARG_08,0.0,,,,
2024-07-15,MOCK_ARG_08,0.0,,,,
2024-07-16,MOCK_ARG_08,0.0,,,,
2024-07-17,MOCK_ARG_08,0.0,,,,
2024-07-18,MOCK_ARG_08,0.0,,,,
2024-07-19,MOCK_ARG_08,0.0,,,,
2024-07-20,MOCK_ARG_08,0.0,,,,
2024-07-21,MOCK_ARG_08,0.0,,,,
2024-07-22,MOCK_ARG_08,0.0,,,,
2024-07-23,MOCK_ARG_08,0.0,,,,
2024-07-24,MOCK_ARG_08,4.5,,,,
2024-07-25,MOCK_ARG_08,0.0,,,,
2024-07-26,MOCK_ARG_08,0.0,,,,
2024-07-27,MOCK_ARG_08,0.0,,,,
2024-07-28,MOCK_ARG_08,0.0,,,,
2024-07-29,MOCK_ARG_08,0.0,,,,
2024-07-30,MOCK_ARG_08,0.0,,,,
2024-07-31,MOCK_ARG_08,25.0,,,,
2024-08-01,MOCK_ARG_08,31.0,,,,
2024-08-02,MOCK_ARG_08,0.0,,,,
2024-08-03,MOCK_ARG_08,0.0,,,,
2024-08-04,MOCK_ARG_08,0.0,,,,
2024-08-05,MOCK_ARG_08,0.0,,,,
2024-08-06,MOCK_ARG_08,,,,,
2024-08-07,MOCK_ARG_08,0.0,,,,
2024-08-08,MOCK_ARG_08,0.0,,,,
2024-08-09,MOCK_ARG_08,0.0,,,,
2024-08-10,MOCK_ARG_08,0.0,,,,
2024-08-11,MOCK_ARG_08,0.0,,,,
2024-08-12,MOCK_ARG_08,19.0,,,,
2024-08-13,MOCK_ARG_08,0.0,,,,
2024-08-14,MOCK_ARG_08,0.0,,,,
2024-08-15,MOCK_ARG_08,0.0,,,,
2024-08-16,MOCK_ARG_08,,,,,
2024-08-17,MOCK_ARG_08,0.0,,,,
2024-08-18,MOCK_ARG_08,0.0,,,,
2024-08-19,MOCK_ARG_08,0.0,,,,
2024-08-20,MOCK_ARG_08,0.0,,,,
2024-08-21,MOCK_ARG_08,0.0,,,,
2024-08-22,MOCK_ARG_08,0.0,,,,
2024-08-23,MOCK_ARG_08,17.5,,,,
2024-08-24,MOCK_ARG_08,0.0,,,,
2024-08-25,MOCK_ARG_08,0.0,,,,
2024-08-26,MOCK_ARG_08,0.0,,,,
2024-08-27,MOCK_ARG_08,0.0,,,,
2024-08-28,MOCK_ARG_08,0.0,,,,
2024-08-29,MOCK_ARG_08,0.0,,,,
2024-08-30,MOCK_ARG_08,0.0,,,,
2024-08-31,MOCK_ARG_08,0.0,,,,
2024-09-01,MOCK_ARG_08,0.0,,,,
2024-09-02,MOCK_ARG_08,0.0,,,,
2024-09-03,MOCK_ARG_08,0.0,,,,
2024-09-04,MOCK_ARG_08,0.0,,,,
2024-09-05,MOCK_ARG_08,0.0,,,,
2024-09-06,MOCK_ARG_08,0.0,,,,
2024-09-07,MOCK_ARG_08,0.0,,,,
2024-09-08,MOCK_ARG_08,0.0,,,,
2024-09-09,MOCK_ARG_08,1.5,,,,
2024-09-10,MOCK_ARG_08,17.0,,,,
2024-09-11,MOCK_ARG_08,0.0,,,,
2024-09-12,MOCK_ARG_08,0.0,,,,
2024-09-13,MOCK_ARG_08,0.0,,,,
2024-09-14,MOCK_ARG_08,0.0,,,,
2024-09-15,MOCK_ARG_08,0.0,,,,
2024-09-16,MOCK_ARG_08,0.0,,,,
2024-09-17,MOCK_ARG_08,0.0,,,,
2024-09-18,MOCK_ARG_08,0.0,,,,
2024-09-19,MOCK_ARG_08,0.0,,,,
2024-09-20,MOCK_ARG_08,0.0,,,,
2024-09-21,MOCK_ARG_08,0.0,,,,
2024-09-22,MOCK_ARG_08,0.0,,,,
2024-09-23,MOCK_ARG_08,0.0,,,,
2024-09-24,MOCK_ARG_08,0.0,,,,
2024-09-25,MOCK_ARG_08,0.0,,,,
2024-09-26,MOCK_ARG_08,0.0,,,,
2024-09-27,MOCK_ARG_08,0.0,,,,
2024-09-28,MOCK_ARG_08,0.0,,,,
2024-09-29,MOCK_ARG_08,0.0,,,,
2024-09-30,MOCK_ARG_08,0.0,,,,
2024-10-01,MOCK_ARG_08,0.0,,,,
2024-10-02,MOCK_ARG_08,0.0,,,,
2024-10-03,MOCK_ARG_08,0.0,,,,
2024-10-04,MOCK_ARG_08,0.0,,,,
2024-10-05,MOCK_ARG_08,0.0,,,,
2024-10-06,MOCK_ARG_08,0.0,,,,
2024-10-07,MOCK_ARG_08,,,,,
2024-10-08,MOCK_ARG_08,0.0,,,,
2024-10-09,MOCK_ARG_08,0.0,,,,
2024-10-10,MOCK_ARG_08,0.0,,,,
2024-10-11,MOCK_ARG_08,0.0,,,,
2024-10-12,MOCK_ARG_08,0.0,,,,
2024-10-13,MOCK_ARG_08,0.0,,,,
2024-10-14,MOCK_ARG_08,0.0,,,,
2024-10-15,MOCK_ARG_08,0.0,,,,
2024-10-16,MOCK_ARG_08,0.0,,,,
2024-10-17,MOCK_ARG_08,0.0,,,,
2024-10-18,MOCK_ARG_08,0.0,,,,
2024-10-19,MOCK_ARG_08,0.0,,,,
2024-10-20,MOCK_ARG_08,0.0,,,,
2024-10-21,MOCK_ARG_08,0.0,,,,
2024-10-22,MOCK_ARG_08,0.0,,,,
2024-10-23,MOCK_ARG_08,0.0,,,,
2024-10-24,MOCK_ARG_08,,,,,
2024-10-25,MOCK_ARG_08,0.0,,,,
2024-10-26,MOCK_ARG_08,0.0,,,,
2024-10-27,MOCK_ARG_08,0.0,,,,
2024-10-28,MOCK_ARG_08,0.0,,,,
2024-10-29,MOCK_ARG_08,0.0,,,,
2024-10-30,MOCK_ARG_08,0.0,,,,
2024-10-31,MOCK_ARG_08,0.0,,,,
2024-11-01,MOCK_ARG_08,0.0,,,,
2024-11-02,MOCK_ARG_08,0.0,,,,
2024-11-03,MOCK_ARG_08,0.0,,,,
2024-11-04,MOCK_ARG_08,0.0,,,,
2024-11-05,MOCK_ARG_08,0.0,,,,
2024-11-06,MOCK_ARG_08,0.0,,,,
2024-11-07,MOCK_ARG_08,0.0,,,,
2024-11-08,MOCK_ARG_08,0.0,,,,
2024-11-09,MOCK_ARG_08,0.0,,,,
2024-11-10,MOCK_ARG_08,0.0,,,,
2024-11-11,MOCK_ARG_08,0.0,,,,
2024-11-12,MOCK_ARG_08,0.0,,,,
2024-11-13,MOCK_ARG_08,0.0,,,,
2024-11-14,MOCK_ARG_08,0.0,,,,
2024-11-15,MOCK_ARG_08,0.0,,,,
2024-11-16,MOCK_ARG_08,0.0,,,,
2024-11-17,MOCK_ARG_08,0.0,,,,
2024-11-18,MOCK_ARG_08,0.0,,,,
2024-11-19,MOCK_ARG_08,,,,,
2024-11-20,MOCK_ARG_08,0.0,,,,
2024-11-21,MOCK_ARG_08,0.0,,,,
2024-11-22,MOCK_ARG_08,0.0,,,,
2024-11-23,MOCK_ARG_08,0.0,,,,
2024-11-24,MOCK_ARG_08,0.0,,,,
2024-11-25,MOCK_ARG_08,0.0,,,,
2024-11-26,MOCK_ARG_08,0.0,,,,
2024-11-27,MOCK_ARG_08,0.0,,,,
2024-11-28,MOCK_ARG_08,,,,,
2024-11-29,MOCK_ARG_08,0.0,,,,
2024-11-30,MOCK_ARG_08,0.0,,,,
2024-12-01,MOCK_ARG_08,0.0,,,,
2024-12-02,MOCK_ARG_08,0.0,,,,
2024-12-03,MOCK_ARG_08,0.0,,,,
2024-12-04,MOCK_ARG_08,0.0,,,,
2024-12-05,MOCK_ARG_08,0.0,,,,
2024-12-06,MOCK_ARG_08,0.0,,,,
2024-12-07,MOCK_ARG_08,0.0,,,,
2024-12-08,MOCK_ARG_08,0.0,,,,
2024-12-09,MOCK_ARG_08,0.0,,,,
2024-12-10,MOCK_ARG_08,0.0,,,,
2024-12-11,MOCK_ARG_08,0.0,,,,
2024-12-12,MOCK_ARG_08,0.0,,,,
2024-12-13,MOCK_ARG_08,0.0,,,,
2024-12-14,MOCK_ARG_08,0.0,,,,
2024-12-15,MOCK_ARG_08,,,,,
2024-12-16,MOCK_ARG_08,0.0,,,,
2024-12-17,MOCK_ARG_08,0.0,,,,
2024-12-18,MOCK_ARG_08,0.0,,,,
2024-12-19,MOCK_ARG_08,0.0,,,,
2024-12-20,MOCK_ARG_08,0.0,,,,
2024-12-21,MOCK_ARG_08,0.0,,,,
2024-12-22,MOCK_ARG_08,0.0,,,,
2024-12-23,MOCK_ARG_08,,,,,
2024-12-24,MOCK_ARG_08,0.0,,,,
2024-12-25,MOCK_ARG_08,0.0,,,,
2024-12-26,MOCK_ARG_08,0.5,,,,
2024-12-27,MOCK_ARG_08,0.0,,,,
2024-12-28,MOCK_ARG_08,1.0,,,,
2024-12-29,MOCK_ARG_08,24.0,,,,
2024-12-30,MOCK_ARG_08,0.0,,,,
2024-12-31,MOCK_ARG_08,0.0,,,,
2023-01-01,MOCK_AWS_09,0.0,22.2,6.2,76.0,3.7
2023-01-02,MOCK_AWS_09,0.0,19.5,5.9,71.0,4.6
2023-01-03,MOCK_AWS_09,0.0,14.5,4.6,71.0,3.9
2023-01-04,MOCK_AWS_09,0.0,15.3,2.9,71.0,5.3
2023-01-05,MOCK_AWS_09,0.0,14.6,2.5,63.0,3.5
2023-01-06,MOCK_AWS_09,0.0,17.9,2.9,62.0,6.8
2023-01-07,MOCK_AWS_09,0.0,18.1,3.9,66.0,12.7
2023-01-08,MOCK_AWS_09,0.0,16.8,2.4,69.0,15.8
2023-01-09,MOCK_AWS_09,0.0,17.8,4.4,68.0,8.4
2023-01-10,MOCK_AWS_09,0.0,15.1,3.9,65.0,7.1
2023-01-11,MOCK_AWS_09,0.0,20.6,4.2,63.0,4.0
2023-01-12,MOCK_AWS_09,0.0,19.3,7.0,63.0,5.6
2023-01-13,MOCK_AWS_09,0.0,19.6,4.7,74.0,5.9
2023-01-14,MOCK_AWS_09,0.0,22.7,6.7,62.0,5.3
2023-01-15,MOCK_AWS_09,0.0,19.6,4.7,72.0,2.9
2023-01-16,MOCK_AWS_09,0.0,22.0,5.9,65.0,4.6
2023-01-17,MOCK_AWS_09,,,,,
2023-01-18,MOCK_AWS_09,0.0,16.8,5.7,66.0,6.2
2023-01-19,MOCK_AWS_09,0.0,18.1,3.6,69.0,8.8
2023-01-20,MOCK_AWS_09,5.6,15.3,2.8,44.0,9.0
2023-01-21,MOCK_AWS_09,0.0,16.4,3.1,62.0,9.7
2023-01-22,MOCK_AWS_09,0.0,16.1,5.5,76.0,10.1
2023-01-23,MOCK_AWS_09,0.0,16.0,5.4,62.0,9.3
2023-01-24,MOCK_AWS_09,0.0,20.4,5.5,64.0,13.4
2023-01-25,MOCK_AWS_09,0.0,21.1,5.7,63.0,12.3
2023-01-26,MOCK_AWS_09,0.0,17.6,6.0,64.0,13.9
2023-01-27,MOCK_AWS_09,0.0,24.8,8.8,67.0,9.6
2023-01-28,MOCK_AWS_09,0.0,20.6,7.4,66.0,5.7
2023-01-29,MOCK_AWS_09,0.0,21.2,5.0,72.0,6.3
2023-01-30,MOCK_AWS_09,0.0,20.5,6.2,63.0,7.9
2023-01-31,MOCK_AWS_09,0.0,22.4,8.2,62.0,5.3
2023-02-01,MOCK_AWS_09,0.0,23.7,7.2,68.0,5.9
2023-02-02,MOCK_AWS_09,0.0,23.3,7.0,62.0,5.0
2023-02-03,MOCK_AWS_09,0.0,23.4,6.9,65.0,6.8
2023-02-04,MOCK_AWS_09,0.0,23.9,8.1,66.0,4.8
2023-02-05,MOCK_AWS_09,0.0,24.3,6.9,63.0,4.5
2023-02-06,MOCK_AWS_09,0.0,23.2,7.9,69.0,5.7
2023-02-07,MOCK_AWS_09,0.0,24.1,7.7,69.0,5.0
2023-02-08,MOCK_AWS_09,,,,,
2023-02-09,MOCK_AWS_09,0.0,22.9,8.3,72.0,6.6
2023-02-10,MOCK_AWS_09,0.0,25.4,8.4,72.0,5.4
2023-02-11,MOCK_AWS_09,0.0,22.6,7.3,64.0,5.0
2023-02-12,MOCK_AWS_09,0.0,23.0,7.9,65.0,5.7
2023-02-13,MOCK_AWS_09,0.0,25.0,9.4,62.0,10.2
2023-02-14,MOCK_AWS_09,0.0,23.7,8.2,61.0,9.6
2023-02-15,MOCK_AWS_09,0.0,25.3,9.2,68.0,5.5
2023-02-16,MOCK_AWS_09,0.0,28.1,11.0,62.0,6.7
2023-02-17,MOCK_AWS_09,0.0,25.7,9.2,63.0,8.7
2023-02-18,MOCK_AWS_09,0.0,26.3,11.1,67.0,6.4
2023-02-19,MOCK_AWS_09,0.0,27.9,11.3,60.0,9.0
2023-02-20,MOCK_AWS_09,0.0,27.0,9.0,61.0,10.3
2023-02-21,MOCK_AWS_09,0.0,23.3,8.6,65.0,11.7
2023-02-22,MOCK_AWS_09,3.6,23.3,10.1,49.0,10.3
2023-02-23,MOCK_AWS_09,0.0,26.1,10.4,63.0,8.0
2023-02-24,MOCK_AWS_09,0.0,22.6,8.5,59.0,4.6
2023-02-25,MOCK_AWS_09,0.0,27.4,11.2,58.0,10.0
2023-02-26,MOCK_AWS_09,0.0,26.8,13.6,59.0,12.3
2023-02-27,MOCK_AWS_09,0.0,27.7,13.2,41.0,9.7
2023-02-28,MOCK_AWS_09,0.0,27.6,12.0,60.0,11.4
2023-03-01,MOCK_AWS_09,0.0,29.6,14.0,54.0,8.4
2023-03-02,MOCK_AWS_09,0.0,26.7,10.7,63.0,5.0
2023-03-03,MOCK_AWS_09,0.0,25.7,8.2,52.0,8.6
2023-03-04,MOCK_AWS_09,,,,,
2023-03-05,MOCK_AWS_09,0.0,25.4,10.9,51.0,9.4
2023-03-06,MOCK_AWS_09,0.0,28.2,9.7,57.0,6.8
2023-03-07,MOCK_AWS_09,0.0,23.6,7.3,52.0,7.6
2023-03-08,MOCK_AWS_09,0.0,25.4,9.7,49.0,8.7
2023-03-09,MOCK_AWS_09,0.0,22.1,7.1,55.0,8.7
2023-03-10,MOCK_AWS_09,0.0,25.3,9.7,56.0,8.8
2023-03-11,MOCK_AWS_09,0.0,22.4,7.3,57.0,9.2
2023-03-12,MOCK_AWS_09,0.0,28.0,10.9,51.0,9.4
2023-03-13,MOCK_AWS_09,0.0,29.1,11.7,56.0,12.5
2023-03-14,MOCK_AWS_09,0.0,29.5,14.9,58.0,9.3
2023-03-15,MOCK_AWS_09,0.0,30.4,14.0,54.0,6.3
2023-03-16,MOCK_AWS_09,0.0,32.0,15.3,57.0,9.4
2023-03-17,MOCK_AWS_09,0.6,32.3,15.8,41.0,7.9
2023-03-18,MOCK_AWS_09,7.1,26.3,13.5,39.0,7.0
2023-03-19,MOCK_AWS_09,0.0,26.6,10.9,51.0,7.1
2023-03-20,MOCK_AWS_09,5.8,27.3,14.4,44.0,9.5
2023-03-21,MOCK_AWS_09,0.0,28.7,13.5,51.0,8.9
2023-03-22,MOCK_AWS_09,0.0,29.7,14.6,48.0,7.6
2023-03-23,MOCK_AWS_09,0.0,32.1,15.1,41.0,7.7
2023-03-24,MOCK_AWS_09,0.0,35.3,16.8,49.0,5.3
2023-03-25,MOCK_AWS_09,0.0,35.8,18.0,43.0,5.2
2023-03-26,MOCK_AWS_09,0.0,37.0,19.3,51.0,7.4
2023-03-27,MOCK_AWS_09,0.0,36.6,19.3,47.0,6.6
2023-03-28,MOCK_AWS_09,0.0,34.0,17.8,46.0,15.1
2023-03-29,MOCK_AWS_09,0.0,37.4,18.8,47.0,10.1
2023-03-30,MOCK_AWS_09,0.0,32.2,14.4,50.0,12.2
2023-03-31,MOCK_AWS_09,5.9,31.1,17.2,32.0,10.3
2023-04-01,MOCK_AWS_09,0.0,33.6,16.1,46.0,8.7
2023-04-02,MOCK_AWS_09,0.0,36.6,18.5,44.0,11.1
2023-04-03,MOCK_AWS_09,0.0,36.4,18.2,44.0,6.3
2023-04-04,MOCK_AWS_09,0.0,31.8,16.6,39.0,10.1
2023-04-05,MOCK_AWS_09,0.0,33.0,16.5,50.0,7.6
2023-04-06,MOCK_AWS_09,,,,,
2023-04-07,MOCK_AWS_09,,,,,
2023-04-08,MOCK_AWS_09,0.0,36.1,18.6,41.0,9.3
2023-04-09,MOCK_AWS_09,0.0,36.0,18.6,45.0,9.7
2023-04-10,MOCK_AWS_09,0.0,36.4,19.1,47.0,3.9
2023-04-11,MOCK_AWS_09,0.0,37.7,18.9,38.0,6.4
2023-04-12,MOCK_AWS_09,0.0,36.9,20.2,40.0,14.2
2023-04-13,MOCK_AWS_09,0.0,36.8,19.4,44.0,9.4
2023-04-14,MOCK_AWS_09,3.5,34.5,20.4,33.0,9.1
2023-04-15,MOCK_AWS_09,0.0,37.1,18.2,41.0,7.4
2023-04-16,MOCK_AWS_09,0.0,35.9,19.1,40.0,10.6
2023-04-17,MOCK_AWS_09,0.0,35.4,17.9,46.0,10.0
2023-04-18,MOCK_AWS_09,0.0,36.6,18.5,35.0,8.1
2023-04-19,MOCK_AWS_09,0.0,35.9,19.4,41.0,6.9
2023-04-20,MOCK_AWS_09,0.0,36.7,19.6,41.0,7.4
2023-04-21,MOCK_AWS_09,,,,,
2023-04-22,MOCK_AWS_09,0.0,39.2,21.3,41.0,13.9
2023-04-23,MOCK_AWS_09,0.0,39.8,22.1,36.0,12.8
2023-04-24,MOCK_AWS_09,0.0,39.0,22.7,36.0,11.0
2023-04-25,MOCK_AWS_09,0.0,38.8,22.7,43.0,7.9
2023-04-26,MOCK_AWS_09,0.0,38.4,21.9,41.0,19.3
2023-04-27,MOCK_AWS_09,0.0,39.9,22.7,37.0,13.9
2023-04-28,MOCK_AWS_09,0.0,42.3,23.3,35.0,12.6
2023-04-29,MOCK_AWS_09,0.0,39.9,22.4,37.0,7.9
2023-04-30,MOCK_AWS_09,0.0,44.0,27.0,40.0,9.1
2023-05-01,MOCK_AWS_09,0.0,41.1,23.7,42.0,9.2
2023-05-02,MOCK_AWS_09,0.0,39.6,23.0,45.0,12.6
2023-05-03,MOCK_AWS_09,0.0,39.2,22.8,44.0,12.7
2023-05-04,MOCK_AWS_09,,,,,
2023-05-05,MOCK_AWS_09,0.4,40.8,26.1,33.0,14.2
2023-05-06,MOCK_AWS_09,0.0,43.8,26.7,39.0,20.2
2023-05-07,MOCK_AWS_09,0.0,44.3,27.6,39.0,24.7
2023-05-08,MOCK_AWS_09,0.0,42.2,26.5,43.0,17.6
2023-05-09,MOCK_AWS_09,0.0,44.5,27.9,40.0,19.8
2023-05-10,MOCK_AWS_09,0.0,42.8,26.9,43.0,18.4
2023-05-11,MOCK_AWS_09,0.0,41.5,24.4,40.0,14.9
2023-05-12,MOCK_AWS_09,0.0,42.6,26.9,33.0,15.2
2023-05-13,MOCK_AWS_09,0.0,42.1,26.4,42.0,9.2
2023-05-14,MOCK_AWS_09,0.0,39.8,24.2,41.0,10.8
2023-05-15,MOCK_AWS_09,0.0,39.8,27.7,35.0,7.8
2023-05-16,MOCK_AWS_09,10.5,41.5,26.9,32.0,6.5
2023-05-17,MOCK_AWS_09,0.0,45.0,28.4,38.0,9.3
2023-05-18,MOCK_AWS_09,0.0,41.2,25.0,38.0,7.9
2023-05-19,MOCK_AWS_09,0.0,42.9,28.2,39.0,14.6
2023-05-20,MOCK_AWS_09,0.0,40.9,25.1,41.0,11.9
2023-05-21,MOCK_AWS_09,0.0,42.4,27.7,39.0,13.1
2023-05-22,MOCK_AWS_09,0.0,41.8,25.1,39.0,11.2
2023-05-23,MOCK_AWS_09,0.0,39.3,24.8,41.0,9.4
2023-05-24,MOCK_AWS_09,0.0,42.7,27.5,42.0,10.2
2023-05-25,MOCK_AWS_09,0.0,38.7,25.1,37.0,12.7
2023-05-26,MOCK_AWS_09,0.0,40.5,25.5,40.0,10.1
2023-05-27,MOCK_AWS_09,0.0,39.2,24.8,42.0,14.0
2023-05-28,MOCK_AWS_09,0.0,42.2,27.5,37.0,5.4
2023-05-29,MOCK_AWS_09,0.0,40.0,25.9,41.0,6.2
2023-05-30,MOCK_AWS_09,11.7,37.1,26.9,33.0,11.3
2023-05-31,MOCK_AWS_09,5.8,34.6,24.3,29.0,6.5
2023-06-01,MOCK_AWS_09,0.0,40.0,25.6,43.0,13.1
2023-06-02,MOCK_AWS_09,0.0,41.9,28.5,43.0,10.4
2023-06-03,MOCK_AWS_09,0.0,45.7,30.9,46.0,15.9
2023-06-04,MOCK_AWS_09,0.0,46.7,31.0,48.0,14.3
2023-06-05,MOCK_AWS_09,0.0,48.9,33.5,48.0,17.3
2023-06-06,MOCK_AWS_09,0.0,46.4,32.7,45.0,11.7
2023-06-07,MOCK_AWS_09,0.0,44.3,30.3,44.0,8.8
2023-06-08,MOCK_AWS_09,3.6,40.4,28.5,43.0,8.6
2023-06-09,MOCK_AWS_09,0.0,39.6,26.7,52.0,6.5
2023-06-10,MOCK_AWS_09,0.0,41.5,29.4,47.0,13.5
2023-06-11,MOCK_AWS_09,4.1,39.4,28.0,40.0,15.9
2023-06-12,MOCK_AWS_09,0.0,43.0,29.4,50.0,9.5
2023-06-13,MOCK_AWS_09,0.0,43.3,30.5,52.0,12.9
2023-06-14,MOCK_AWS_09,0.0,39.2,27.0,50.0,13.2
2023-06-15,MOCK_AWS_09,0.0,40.2,26.8,44.0,17.8
2023-06-16,MOCK_AWS_09,0.0,41.6,29.3,57.0,13.0
2023-06-17,MOCK_AWS_09,0.0,38.5,26.4,55.0,17.2
2023-06-18,MOCK_AWS_09,0.0,38.9,25.5,48.0,6.9
2023-06-19,MOCK_AWS_09,0.0,39.9,26.9,54.0,13.6
2023-06-20,MOCK_AWS_09,0.0,37.8,26.3,49.0,10.3
2023-06-21,MOCK_AWS_09,0.0,38.8,26.4,50.0,16.4
2023-06-22,MOCK_AWS_09,0.0,35.8,24.9,57.0,8.9
2023-06-23,MOCK_AWS_09,0.0,35.9,24.4,47.0,7.4
2023-06-24,MOCK_AWS_09,0.0,41.2,29.2,55.0,8.7
2023-06-25,MOCK_AWS_09,0.0,39.5,28.3,53.0,10.4
2023-06-26,MOCK_AWS_09,0.0,40.3,28.3,57.0,9.7
2023-06-27,MOCK_AWS_09,4.1,37.0,28.5,46.0,10.8
2023-06-28,MOCK_AWS_09,0.0,38.6,26.7,59.0,15.2
2023-06-29,MOCK_AWS_09,0.0,39.1,27.8,58.0,8.1
2023-06-30,MOCK_AWS_09,0.0,35.3,24.3,57.0,9.2
2023-07-01,MOCK_AWS_09,0.0,38.9,27.5,64.0,12.3
2023-07-02,MOCK_AWS_09,0.0,38.1,26.8,63.0,10.9
2023-07-03,MOCK_AWS_09,0.0,36.6,25.6,63.0,16.6
2023-07-04,MOCK_AWS_09,0.0,35.7,24.0,59.0,12.5
2023-07-05,MOCK_AWS_09,0.0,33.1,22.9,65.0,11.1
2023-07-06,MOCK_AWS_09,0.5,32.8,24.8,70.0,6.6
2023-07-07,MOCK_AWS_09,0.0,37.2,24.4,68.0,6.8
2023-07-08,MOCK_AWS_09,0.0,34.7,25.4,71.0,7.0
2023-07-09,MOCK_AWS_09,0.0,34.8,25.3,64.0,12.8
2023-07-10,MOCK_AWS_09,0.0,37.7,26.6,72.0,14.4
2023-07-11,MOCK_AWS_09,0.0,37.2,26.7,77.0,13.8
2023-07-12,MOCK_AWS_09,0.0,37.2,28.3,71.0,7.8
2023-07-13,MOCK_AWS_09,0.0,33.1,24.9,70.0,8.3
2023-07-14,MOCK_AWS_09,0.0,34.9,26.8,73.0,10.1
2023-07-15,MOCK_AWS_09,0.0,34.6,24.9,71.0,11.0
2023-07-16,MOCK_AWS_09,0.0,33.5,26.8,81.0,12.8
2023-07-17,MOCK_AWS_09,0.0,32.2,24.2,81.0,11.4
2023-07-18,MOCK_AWS_09,0.0,33.4,24.0,72.0,7.9
2023-07-19,MOCK_AWS_09,0.0,33.5,26.2,77.0,11.6
2023-07-20,MOCK_AWS_09,0.0,35.6,26.9,70.0,6.4
2023-07-21,MOCK_AWS_09,0.6,37.7,29.5,76.0,6.8
2023-07-22,MOCK_AWS_09,0.0,35.3,25.0,72.0,8.0
2023-07-23,MOCK_AWS_09,0.0,36.7,26.2,75.0,5.4
2023-07-24,MOCK_AWS_09,0.0,33.9,24.9,78.0,7.7
2023-07-25,MOCK_AWS_09,0.6,36.4,28.3,75.0,11.4
2023-07-26,MOCK_AWS_09,0.0,36.2,27.8,80.0,6.3
2023-07-27,MOCK_AWS_09,0.0,38.3,28.7,77.0,6.5
2023-07-28,MOCK_AWS_09,0.0,37.2,27.2,77.0,7.5
2023-07-29,MOCK_AWS_09,0.0,34.9,27.5,74.0,7.0
2023-07-30,MOCK_AWS_09,0.0,31.5,23.5,69.0,12.3
2023-07-31,MOCK_AWS_09,0.0,33.4,25.0,73.0,9.1
2023-08-01,MOCK_AWS_09,,,,,
2023-08-02,MOCK_AWS_09,0.0,32.9,23.2,78.0,8.3
2023-08-03,MOCK_AWS_09,0.0,33.0,26.0,78.0,12.1
2023-08-04,MOCK_AWS_09,0.0,35.2,26.5,81.0,12.6
2023-08-05,MOCK_AWS_09,18.9,26.8,23.6,64.0,7.2
2023-08-06,MOCK_AWS_09,0.0,31.8,24.5,77.0,6.8
2023-08-07,MOCK_AWS_09,0.0,35.2,26.4,74.0,5.0
2023-08-08,MOCK_AWS_09,0.0,35.5,27.3,71.0,9.3
2023-08-09,MOCK_AWS_09,0.0,34.2,25.9,76.0,8.8
2023-08-10,MOCK_AWS_09,,,,,
2023-08-11,MOCK_AWS_09,0.0,33.7,25.9,88.0,4.3
2023-08-12,MOCK_AWS_09,0.0,32.6,25.2,71.0,7.1
2023-08-13,MOCK_AWS_09,0.0,33.2,23.8,77.0,5.7
2023-08-14,MOCK_AWS_09,0.0,31.5,25.0,81.0,6.4
2023-08-15,MOCK_AWS_09,80.8,28.3,26.5,66.0,6.2
2023-08-16,MOCK_AWS_09,35.0,25.2,23.1,63.0,5.7
2023-08-17,MOCK_AWS_09,0.0,33.9,25.2,79.0,7.1
2023-08-18,MOCK_AWS_09,0.0,34.0,25.3,79.0,4.9
2023-08-19,MOCK_AWS_09,0.0,30.5,24.3,78.0,9.8
2023-08-20,MOCK_AWS_09,0.0,32.0,24.1,87.0,10.4
2023-08-21,MOCK_AWS_09,20.5,26.9,22.9,62.0,8.1
2023-08-22,MOCK_AWS_09,0.0,34.1,25.4,84.0,9.8
2023-08-23,MOCK_AWS_09,0.0,36.7,27.2,85.0,9.2
2023-08-24,MOCK_AWS_09,0.0,34.8,25.9,81.0,8.5
2023-08-25,MOCK_AWS_09,0.0,32.8,24.0,80.0,7.9
2023-08-26,MOCK_AWS_09,0.0,34.4,25.7,77.0,5.9
2023-08-27,MOCK_AWS_09,0.0,34.0,23.1,69.0,5.2
2023-08-28,MOCK_AWS_09,0.0,32.9,23.7,73.0,6.5
2023-08-29,MOCK_AWS_09,0.0,36.1,26.1,73.0,3.9
2023-08-30,MOCK_AWS_09,0.0,36.2,26.3,79.0,5.8
2023-08-31,MOCK_AWS_09,0.0,35.4,25.4,77.0,4.4
2023-09-01,MOCK_AWS_09,0.0,32.7,25.1,85.0,5.1
2023-09-02,MOCK_AWS_09,0.0,36.0,25.9,71.0,7.8
2023-09-03,MOCK_AWS_09,0.0,38.5,28.1,82.0,7.0
2023-09-04,MOCK_AWS_09,76.3,32.5,28.9,63.0,14.1
2023-09-05,MOCK_AWS_09,0.0,40.4,28.4,81.0,14.7
2023-09-06,MOCK_AWS_09,0.0,37.7,27.7,76.0,18.1
2023-09-07,MOCK_AWS_09,10.3,31.8,24.3,62.0,10.6
2023-09-08,MOCK_AWS_09,13.3,29.3,23.3,61.0,12.1
2023-09-09,MOCK_AWS_09,0.0,34.5,24.3,69.0,11.2
2023-09-10,MOCK_AWS_09,0.0,34.4,23.6,73.0,12.1
2023-09-11,MOCK_AWS_09,0.0,33.5,23.0,74.0,9.7
2023-09-12,MOCK_AWS_09,0.0,33.5,22.1,77.0,6.7
2023-09-13,MOCK_AWS_09,,,,,
2023-09-14,MOCK_AWS_09,0.0,29.8,19.3,61.0,9.7
2023-09-15,MOCK_AWS_09,0.0,30.9,20.0,75.0,8.5
2023-09-16,MOCK_AWS_09,0.0,31.7,22.3,76.0,6.0
2023-09-17,MOCK_AWS_09,6.2,31.9,21.0,63.0,7.6
2023-09-18,MOCK_AWS_09,0.0,37.2,24.1,78.0,8.3
2023-09-19,MOCK_AWS_09,0.0,37.8,26.3,72.0,7.5
2023-09-20,MOCK_AWS_09,0.0,38.7,24.7,74.0,5.4
2023-09-21,MOCK_AWS_09,0.0,38.7,25.6,73.0,9.2
2023-09-22,MOCK_AWS_09,0.0,34.2,21.6,69.0,6.3
2023-09-23,MOCK_AWS_09,0.0,30.5,19.5,73.0,6.7
2023-09-24,MOCK_AWS_09,0.0,33.5,21.0,68.0,4.0
2023-09-25,MOCK_AWS_09,0.0,34.7,22.4,60.0,7.4
2023-09-26,MOCK_AWS_09,0.0,30.9,19.8,76.0,6.6
2023-09-27,MOCK_AWS_09,0.0,30.8,18.2,73.0,6.9
2023-09-28,MOCK_AWS_09,0.0,31.4,18.8,64.0,6.1
2023-09-29,MOCK_AWS_09,0.0,32.5,20.6,61.0,8.5
2023-09-30,MOCK_AWS_09,0.0,31.1,20.4,53.0,2.5
2023-10-01,MOCK_AWS_09,0.0,33.5,19.5,62.0,3.6
2023-10-02,MOCK_AWS_09,0.0,31.7,18.8,67.0,5.1
2023-10-03,MOCK_AWS_09,0.0,31.6,18.1,59.0,2.6
2023-10-04,MOCK_AWS_09,0.0,32.2,19.1,65.0,2.4
2023-10-05,MOCK_AWS_09,0.0,31.2,16.6,63.0,2.6
2023-10-06,MOCK_AWS_09,0.0,28.5,14.1,59.0,4.2
2023-10-07,MOCK_AWS_09,0.0,29.5,15.8,60.0,5.4
2023-10-08,MOCK_AWS_09,0.0,33.9,18.4,63.0,4.3
2023-10-09,MOCK_AWS_09,0.0,31.5,17.5,62.0,5.0
2023-10-10,MOCK_AWS_09,0.0,32.3,17.5,60.0,5.1
2023-10-11,MOCK_AWS_09,0.0,33.5,17.4,61.0,4.4
2023-10-12,MOCK_AWS_09,0.0,31.0,16.4,55.0,5.3
2023-10-13,MOCK_AWS_09,0.0,30.3,16.3,55.0,4.3
2023-10-14,MOCK_AWS_09,0.0,32.9,16.7,62.0,5.8
2023-10-15,MOCK_AWS_09,0.0,33.7,17.7,64.0,4.7
2023-10-16,MOCK_AWS_09,0.0,32.9,17.1,56.0,4.3
2023-10-17,MOCK_AWS_09,0.0,33.0,17.6,63.0,6.2
2023-10-18,MOCK_AWS_09,0.0,33.5,16.7,60.0,2.8
2023-10-19,MOCK_AWS_09,0.0,30.5,15.3,58.0,2.3
2023-10-20,MOCK_AWS_09,0.0,33.5,17.6,55.0,2.6
2023-10-21,MOCK_AWS_09,0.0,34.2,17.3,54.0,4.9
2023-10-22,MOCK_AWS_09,0.0,32.7,16.0,55.0,9.0
2023-10-23,MOCK_AWS_09,0.0,34.3,18.6,70.0,5.4
2023-10-24,MOCK_AWS_09,0.0,30.5,14.4,60.0,8.0
2023-10-25,MOCK_AWS_09,0.0,31.1,14.5,58.0,3.5
2023-10-26,MOCK_AWS_09,,,,,
2023-10-27,MOCK_AWS_09,0.0,25.1,9.1,52.0,4.4
2023-10-28,MOCK_AWS_09,0.0,26.2,9.3,60.0,5.7
2023-10-29,MOCK_AWS_09,0.0,25.0,8.0,59.0,5.7
2023-10-30,MOCK_AWS_09,0.0,30.7,13.9,54.0,6.2
2023-10-31,MOCK_AWS_09,0.0,29.5,12.6,61.0,6.5
2023-11-01,MOCK_AWS_09,,,,,
2023-11-02,MOCK_AWS_09,0.0,29.5,12.5,61.0,3.9
2023-11-03,MOCK_AWS_09,0.0,29.5,12.9,53.0,2.3
2023-11-04,MOCK_AWS_09,0.0,29.7,12.1,62.0,5.5
2023-11-05,MOCK_AWS_09,0.0,30.2,14.1,64.0,4.7
2023-11-06,MOCK_AWS_09,0.0,32.9,14.0,63.0,5.0
2023-11-07,MOCK_AWS_09,0.0,31.0,12.3,58.0,6.5
2023-11-08,MOCK_AWS_09,0.0,31.2,13.0,64.0,6.2
2023-11-09,MOCK_AWS_09,0.0,32.8,14.3,59.0,10.4
2023-11-10,MOCK_AWS_09,0.0,29.6,12.9,59.0,8.0
2023-11-11,MOCK_AWS_09,,,,,
2023-11-12,MOCK_AWS_09,0.0,28.3,11.1,65.0,6.3
2023-11-13,MOCK_AWS_09,0.0,25.5,10.0,54.0,4.7
2023-11-14,MOCK_AWS_09,0.0,27.1,10.1,60.0,4.9
2023-11-15,MOCK_AWS_09,0.0,30.4,12.1,61.0,5.4
2023-11-16,MOCK_AWS_09,0.0,27.7,10.6,65.0,7.1
2023-11-17,MOCK_AWS_09,0.7,28.4,11.4,62.0,7.0
2023-11-18,MOCK_AWS_09,0.0,28.8,12.5,56.0,3.1
2023-11-19,MOCK_AWS_09,0.0,31.3,13.4,66.0,6.2
2023-11-20,MOCK_AWS_09,0.0,31.7,14.2,62.0,2.8
2023-11-21,MOCK_AWS_09,0.0,30.1,13.5,62.0,2.6
2023-11-22,MOCK_AWS_09,0.0,26.0,10.7,52.0,4.0
2023-11-23,MOCK_AWS_09,0.0,26.5,9.2,61.0,7.0
2023-11-24,MOCK_AWS_09,0.0,26.6,10.2,60.0,6.7
2023-11-25,MOCK_AWS_09,0.0,27.7,9.6,62.0,2.9
2023-11-26,MOCK_AWS_09,0.0,22.2,5.7,67.0,6.7
2023-11-27,MOCK_AWS_09,0.0,26.3,8.3,62.0,3.4
2023-11-28,MOCK_AWS_09,0.0,22.9,7.2,66.0,7.9
2023-11-29,MOCK_AWS_09,0.0,25.5,8.8,59.0,4.1
2023-11-30,MOCK_AWS_09,0.0,24.8,7.2,68.0,3.4
2023-12-01,MOCK_AWS_09,0.0,24.8,8.9,65.0,3.2
2023-12-02,MOCK_AWS_09,0.0,25.7,9.3,67.0,2.5
2023-12-03,MOCK_AWS_09,0.0,26.6,9.2,68.0,3.9
2023-12-04,MOCK_AWS_09,0.0,25.0,8.7,54.0,4.1
2023-12-05,MOCK_AWS_09,0.0,23.9,10.6,62.0,3.5
2023-12-06,MOCK_AWS_09,0.0,25.2,9.1,63.0,6.3
2023-12-07,MOCK_AWS_09,0.0,24.5,6.4,69.0,8.2
2023-12-08,MOCK_AWS_09,0.0,24.5,7.3,77.0,4.4
2023-12-09,MOCK_AWS_09,0.0,23.3,5.8,66.0,5.0
2023-12-10,MOCK_AWS_09,0.0,20.5,4.1,61.0,6.4
2023-12-11,MOCK_AWS_09,0.0,19.5,3.6,63.0,5.5
2023-12-12,MOCK_AWS_09,0.0,16.5,5.1,70.0,3.4
2023-12-13,MOCK_AWS_09,0.0,19.3,3.2,67.0,5.5
2023-12-14,MOCK_AWS_09,0.0,20.3,4.4,61.0,4.3
2023-12-15,MOCK_AWS_09,0.0,14.1,1.1,73.0,3.6
2023-12-16,MOCK_AWS_09,0.0,16.3,5.0,72.0,2.5
2023-12-17,MOCK_AWS_09,0.0,20.5,5.8,74.0,5.3
2023-12-18,MOCK_AWS_09,0.0,20.1,5.5,64.0,3.6
2023-12-19,MOCK_AWS_09,0.0,22.7,7.3,67.0,4.9
2023-12-20,MOCK_AWS_09,0.0,16.8,4.9,65.0,5.2
2023-12-21,MOCK_AWS_09,0.0,18.3,3.0,70.0,6.1
2023-12-22,MOCK_AWS_09,0.0,17.8,2.6,65.0,4.6
2023-12-23,MOCK_AWS_09,0.0,17.9,3.9,66.0,2.3
2023-12-24,MOCK_AWS_09,0.0,18.2,3.0,72.0,3.1
2023-12-25,MOCK_AWS_09,0.0,20.5,5.9,68.0,3.0
2023-12-26,MOCK_AWS_09,0.0,21.3,6.4,68.0,4.5
2023-12-27,MOCK_AWS_09,0.0,20.0,7.7,71.0,4.0
2023-12-28,MOCK_AWS_09,0.0,25.2,9.2,66.0,5.8
2023-12-29,MOCK_AWS_09,0.0,22.4,7.1,70.0,4.7
2023-12-30,MOCK_AWS_09,0.0,23.0,7.5,69.0,4.2
2023-12-31,MOCK_AWS_09,0.0,21.1,5.6,68.0,3.2
2024-01-01,MOCK_AWS_09,0.0,19.7,4.4,65.0,6.7
2024-01-02,MOCK_AWS_09,0.0,16.8,1.7,64.0,3.9
2024-01-03,MOCK_AWS_09,0.0,20.4,5.7,74.0,7.8
2024-01-04,MOCK_AWS_09,0.0,22.6,7.9,69.0,5.8
2024-01-05,MOCK_AWS_09,0.0,23.6,10.4,68.0,7.2
2024-01-06,MOCK_AWS_09,0.0,25.7,9.9,68.0,10.9
2024-01-07,MOCK_AWS_09,0.0,24.2,9.1,73.0,4.7
2024-01-08,MOCK_AWS_09,,,,,
2024-01-09,MOCK_AWS_09,0.0,24.3,7.5,62.0,4.3
2024-01-10,MOCK_AWS_09,0.0,21.3,8.0,66.0,11.2
2024-01-11,MOCK_AWS_09,0.4,20.0,4.7,74.0,10.5
2024-01-12,MOCK_AWS_09,0.0,21.6,5.5,70.0,9.0
2024-01-13,MOCK_AWS_09,0.0,17.7,3.5,71.0,4.7
2024-01-14,MOCK_AWS_09,0.0,18.7,3.2,65.0,4.7
2024-01-15,MOCK_AWS_09,0.0,21.5,6.2,77.0,4.5
2024-01-16,MOCK_AWS_09,0.0,19.8,6.1,65.0,5.0
2024-01-17,MOCK_AWS_09,0.0,18.9,4.6,66.0,4.2
2024-01-18,MOCK_AWS_09,0.0,19.5,8.4,71.0,3.1
2024-01-19,MOCK_AWS_09,0.0,20.6,8.4,69.0,6.8
2024-01-20,MOCK_AWS_09,,,,,
2024-01-21,MOCK_AWS_09,0.0,24.3,8.4,65.0,4.7
2024-01-22,MOCK_AWS_09,0.0,23.6,10.2,67.0,3.7
2024-01-23,MOCK_AWS_09,0.0,24.8,8.8,66.0,3.0
2024-01-24,MOCK_AWS_09,2.8,17.8,8.5,51.0,2.8
2024-01-25,MOCK_AWS_09,0.0,19.4,5.6,70.0,3.5
2024-01-26,MOCK_AWS_09,0.0,19.8,4.8,73.0,3.9
2024-01-27,MOCK_AWS_09,3.0,18.0,4.4,54.0,9.7
2024-01-28,MOCK_AWS_09,0.0,24.1,7.2,65.0,7.7
2024-01-29,MOCK_AWS_09,2.5,20.6,11.7,51.0,8.7
2024-01-30,MOCK_AWS_09,28.0,17.7,8.6,49.0,7.3
2024-01-31,MOCK_AWS_09,2.0,20.9,11.2,56.0,4.9
2024-02-01,MOCK_AWS_09,0.0,26.7,10.6,71.0,5.3
2024-02-02,MOCK_AWS_09,0.0,24.9,10.6,65.0,4.8
2024-02-03,MOCK_AWS_09,0.4,24.4,9.1,59.0,6.2
2024-02-04,MOCK_AWS_09,2.0,24.4,11.4,50.0,4.5
2024-02-05,MOCK_AWS_09,0.0,24.9,9.8,63.0,3.4
2024-02-06,MOCK_AWS_09,0.0,24.4,9.7,62.0,4.4
2024-02-07,MOCK_AWS_09,0.0,28.0,8.7,72.0,3.1
2024-02-08,MOCK_AWS_09,0.0,27.6,10.6,65.0,5.7
2024-02-09,MOCK_AWS_09,0.0,27.2,9.5,62.0,4.7
2024-02-10,MOCK_AWS_09,3.7,23.7,9.4,53.0,6.3
2024-02-11,MOCK_AWS_09,0.0,23.5,9.0,67.0,3.4
2024-02-12,MOCK_AWS_09,0.0,23.6,7.7,61.0,4.4
2024-02-13,MOCK_AWS_09,0.0,25.7,9.7,61.0,1.7
2024-02-14,MOCK_AWS_09,0.0,25.3,9.3,70.0,3.8
2024-02-15,MOCK_AWS_09,0.0,26.5,9.7,67.0,3.1
2024-02-16,MOCK_AWS_09,0.0,25.5,9.0,70.0,5.6
2024-02-17,MOCK_AWS_09,0.0,26.8,10.3,67.0,8.4
2024-02-18,MOCK_AWS_09,0.0,26.6,10.5,58.0,8.4
2024-02-19,MOCK_AWS_09,0.0,30.2,14.0,61.0,8.7
2024-02-20,MOCK_AWS_09,0.0,24.2,9.7,66.0,11.6
2024-02-21,MOCK_AWS_09,0.0,25.9,10.3,58.0,5.6
2024-02-22,MOCK_AWS_09,0.0,26.9,11.4,59.0,7.1
2024-02-23,MOCK_AWS_09,0.0,27.1,11.0,62.0,10.7
2024-02-24,MOCK_AWS_09,0.0,23.3,7.9,57.0,3.0
2024-02-25,MOCK_AWS_09,0.0,21.6,6.4,63.0,9.3
2024-02-26,MOCK_AWS_09,0.0,24.9,8.0,59.0,6.8
2024-02-27,MOCK_AWS_09,0.0,27.6,10.7,55.0,11.7
2024-02-28,MOCK_AWS_09,0.0,28.7,11.6,58.0,6.1
2024-02-29,MOCK_AWS_09,0.0,31.1,13.8,56.0,4.4
2024-03-01,MOCK_AWS_09,0.0,25.3,8.4,49.0,4.6
2024-03-02,MOCK_AWS_09,0.0,21.8,8.1,56.0,3.7
2024-03-03,MOCK_AWS_09,0.0,22.0,6.0,49.0,6.3
2024-03-04,MOCK_AWS_09,0.0,25.7,10.5,53.0,6.0
2024-03-05,MOCK_AWS_09,0.0,27.4,12.4,57.0,9.1
2024-03-06,MOCK_AWS_09,0.0,27.1,11.4,51.0,12.3
2024-03-07,MOCK_AWS_09,0.0,30.9,13.7,57.0,7.8
2024-03-08,MOCK_AWS_09,0.0,30.7,13.6,56.0,8.2
2024-03-09,MOCK_AWS_09,0.0,32.7,14.8,56.0,8.9
2024-03-10,MOCK_AWS_09,0.0,33.5,16.9,58.0,12.1
2024-03-11,MOCK_AWS_09,0.0,30.6,14.3,53.0,10.8
2024-03-12,MOCK_AWS_09,0.0,30.6,13.8,50.0,9.9
2024-03-13,MOCK_AWS_09,4.7,30.4,15.8,45.0,4.1
2024-03-14,MOCK_AWS_09,0.0,30.0,13.1,58.0,5.6
2024-03-15,MOCK_AWS_09,0.0,26.7,10.8,55.0,8.0
2024-03-16,MOCK_AWS_09,20.1,23.4,11.9,44.0,8.9
2024-03-17,MOCK_AWS_09,0.0,28.5,13.2,56.0,11.6
2024-03-18,MOCK_AWS_09,0.0,30.5,14.1,44.0,7.4
2024-03-19,MOCK_AWS_09,0.0,35.1,17.7,57.0,6.7
2024-03-20,MOCK_AWS_09,0.0,33.9,17.6,52.0,9.2
2024-03-21,MOCK_AWS_09,0.0,33.7,15.7,48.0,9.2
2024-03-22,MOCK_AWS_09,0.0,36.8,21.0,53.0,8.5
2024-03-23,MOCK_AWS_09,0.0,37.6,18.6,51.0,5.9
2024-03-24,MOCK_AWS_09,0.0,33.6,17.3,51.0,6.7
2024-03-25,MOCK_AWS_09,0.0,35.6,17.7,56.0,11.4
2024-03-26,MOCK_AWS_09,0.0,33.2,16.6,46.0,8.8
2024-03-27,MOCK_AWS_09,0.0,33.0,16.8,52.0,7.3
2024-03-28,MOCK_AWS_09,0.0,30.0,14.8,49.0,7.6
2024-03-29,MOCK_AWS_09,0.0,32.5,16.3,44.0,13.6
2024-03-30,MOCK_AWS_09,0.0,35.8,19.1,45.0,9.4
2024-03-31,MOCK_AWS_09,0.0,35.8,20.2,42.0,11.1
2024-04-01,MOCK_AWS_09,0.0,36.6,19.3,48.0,8.3
2024-04-02,MOCK_AWS_09,0.0,37.9,20.5,47.0,11.6
2024-04-03,MOCK_AWS_09,3.3,38.6,21.1,40.0,10.8
2024-04-04,MOCK_AWS_09,0.0,36.7,19.7,45.0,13.5
2024-04-05,MOCK_AWS_09,0.0,36.5,18.3,41.0,14.7
2024-04-06,MOCK_AWS_09,0.0,36.8,19.2,41.0,8.9
2024-04-07,MOCK_AWS_09,0.0,36.2,19.7,44.0,6.4
2024-04-08,MOCK_AWS_09,,,,,
2024-04-09,MOCK_AWS_09,0.0,35.1,19.5,39.0,6.2
2024-04-10,MOCK_AWS_09,0.0,32.6,16.0,44.0,8.1
2024-04-11,MOCK_AWS_09,0.0,36.1,17.9,41.0,8.9
2024-04-12,MOCK_AWS_09,0.0,34.1,18.1,34.0,3.9
2024-04-13,MOCK_AWS_09,0.0,32.8,15.9,40.0,7.2
2024-04-14,MOCK_AWS_09,0.0,35.9,18.7,40.0,9.5
2024-04-15,MOCK_AWS_09,0.0,36.4,18.7,40.0,10.2
2024-04-16,MOCK_AWS_09,0.0,38.6,20.7,41.0,8.8
2024-04-17,MOCK_AWS_09,0.0,41.5,23.8,36.0,13.6
2024-04-18,MOCK_AWS_09,0.0,42.3,23.5,37.0,12.8
2024-04-19,MOCK_AWS_09,0.0,42.6,24.8,42.0,8.9
2024-04-20,MOCK_AWS_09,0.0,41.4,24.7,46.0,8.8
2024-04-21,MOCK_AWS_09,2.0,43.2,25.8,32.0,11.9
2024-04-22,MOCK_AWS_09,1.9,42.0,26.0,26.0,15.7
2024-04-23,MOCK_AWS_09,0.0,39.6,23.0,39.0,17.3
2024-04-24,MOCK_AWS_09,0.0,38.0,20.1,42.0,12.1
2024-04-25,MOCK_AWS_09,0.0,40.0,22.4,47.0,11.2
2024-04-26,MOCK_AWS_09,0.0,37.4,21.7,38.0,10.3
2024-04-27,MOCK_AWS_09,0.0,37.6,21.5,42.0,6.6
2024-04-28,MOCK_AWS_09,0.0,38.5,22.5,37.0,5.8
2024-04-29,MOCK_AWS_09,0.0,40.1,21.9,40.0,9.1
2024-04-30,MOCK_AWS_09,0.0,38.7,20.5,36.0,7.0
2024-05-01,MOCK_AWS_09,0.0,36.1,20.1,35.0,9.2
2024-05-02,MOCK_AWS_09,0.0,36.4,20.3,41.0,4.9
2024-05-03,MOCK_AWS_09,0.0,38.7,22.1,41.0,5.6
2024-05-04,MOCK_AWS_09,0.0,37.8,20.7,38.0,11.0
2024-05-05,MOCK_AWS_09,39.8,34.4,26.0,32.0,6.2
2024-05-06,MOCK_AWS_09,0.0,41.8,25.7,38.0,6.7
2024-05-07,MOCK_AWS_09,0.0,42.5,25.6,36.0,10.6
2024-05-08,MOCK_AWS_09,0.0,41.0,25.2,41.0,12.0
2024-05-09,MOCK_AWS_09,0.0,41.9,24.2,34.0,19.6
2024-05-10,MOCK_AWS_09,0.0,42.7,24.9,44.0,13.2
2024-05-11,MOCK_AWS_09,0.0,41.9,25.4,42.0,13.8
2024-05-12,MOCK_AWS_09,0.0,43.0,27.1,43.0,17.2
2024-05-13,MOCK_AWS_09,0.0,45.8,27.8,43.0,17.9
2024-05-14,MOCK_AWS_09,0.0,44.9,27.3,34.0,16.6
2024-05-15,MOCK_AWS_09,0.0,43.0,26.1,39.0,15.2
2024-05-16,MOCK_AWS_09,0.0,40.3,25.7,38.0,24.6
2024-05-17,MOCK_AWS_09,0.0,41.3,24.5,36.0,8.7
2024-05-18,MOCK_AWS_09,0.0,40.8,24.8,37.0,16.5
2024-05-19,MOCK_AWS_09,0.0,41.5,27.0,37.0,10.4
2024-05-20,MOCK_AWS_09,0.0,44.2,28.0,42.0,15.8
2024-05-21,MOCK_AWS_09,0.0,43.8,28.0,44.0,8.5
2024-05-22,MOCK_AWS_09,0.0,42.4,26.6,43.0,12.7
2024-05-23,MOCK_AWS_09,0.0,38.8,24.6,45.0,12.6
2024-05-24,MOCK_AWS_09,0.0,39.7,25.2,42.0,9.9
2024-05-25,MOCK_AWS_09,0.0,40.9,25.6,44.0,13.8
2024-05-26,MOCK_AWS_09,0.0,38.2,25.1,38.0,10.0
2024-05-27,MOCK_AWS_09,0.0,39.3,25.4,42.0,10.1
2024-05-28,MOCK_AWS_09,0.0,41.7,28.1,41.0,7.5
2024-05-29,MOCK_AWS_09,0.0,42.7,26.4,43.0,9.8
2024-05-30,MOCK_AWS_09,0.0,40.9,26.2,43.0,11.9
2024-05-31,MOCK_AWS_09,,,,,
2024-06-01,MOCK_AWS_09,0.0,45.7,28.9,48.0,10.5
2024-06-02,MOCK_AWS_09,0.0,46.0,29.6,45.0,10.5
2024-06-03,MOCK_AWS_09,0.0,41.9,27.4,47.0,6.0
2024-06-04,MOCK_AWS_09,0.0,44.5,29.6,49.0,11.9
2024-06-05,MOCK_AWS_09,0.0,41.3,27.1,41.0,12.2
2024-06-06,MOCK_AWS_09,0.0,40.0,27.8,45.0,9.8
2024-06-07,MOCK_AWS_09,0.0,38.7,25.8,44.0,8.6
2024-06-08,MOCK_AWS_09,0.0,37.5,24.7,50.0,13.0
2024-06-09,MOCK_AWS_09,0.0,40.6,24.5,49.0,11.5
2024-06-10,MOCK_AWS_09,0.0,38.6,24.5,46.0,11.7
2024-06-11,MOCK_AWS_09,0.0,38.5,26.4,45.0,11.2
2024-06-12,MOCK_AWS_09,0.0,37.7,24.8,47.0,7.9
2024-06-13,MOCK_AWS_09,0.0,38.4,25.6,49.0,9.8
2024-06-14,MOCK_AWS_09,0.0,38.7,25.1,52.0,12.6
2024-06-15,MOCK_AWS_09,0.0,40.9,26.8,48.0,12.9
2024-06-16,MOCK_AWS_09,0.0,38.9,27.1,47.0,11.8
2024-06-17,MOCK_AWS_09,0.0,38.6,26.9,57.0,13.7
2024-06-18,MOCK_AWS_09,0.0,38.7,26.0,49.0,9.7
2024-06-19,MOCK_AWS_09,0.0,36.5,26.3,52.0,18.0
2024-06-20,MOCK_AWS_09,8.5,35.7,26.6,44.0,13.7
2024-06-21,MOCK_AWS_09,19.1,35.6,30.0,46.0,11.3
2024-06-22,MOCK_AWS_09,7.5,34.1,25.7,35.0,9.0
2024-06-23,MOCK_AWS_09,2.5,33.9,24.5,46.0,7.9
2024-06-24,MOCK_AWS_09,0.0,40.1,26.9,58.0,10.3
2024-06-25,MOCK_AWS_09,0.0,38.1,28.4,61.0,8.8
2024-06-26,MOCK_AWS_09,0.0,37.4,27.4,57.0,15.5
2024-06-27,MOCK_AWS_09,0.0,42.1,29.7,55.0,13.3
2024-06-28,MOCK_AWS_09,0.0,40.6,29.8,60.0,11.1
2024-06-29,MOCK_AWS_09,61.8,31.2,26.7,48.0,7.2
2024-06-30,MOCK_AWS_09,0.0,36.6,25.7,57.0,11.1
2024-07-01,MOCK_AWS_09,0.0,38.3,27.3,65.0,11.5
2024-07-02,MOCK_AWS_09,0.0,34.1,24.8,61.0,7.7
2024-07-03,MOCK_AWS_09,0.0,34.0,25.2,56.0,11.3
2024-07-04,MOCK_AWS_09,37.6,27.6,24.3,50.0,8.5
2024-07-05,MOCK_AWS_09,0.6,30.8,22.4,63.0,10.3
2024-07-06,MOCK_AWS_09,0.0,32.1,22.8,63.0,11.4
2024-07-07,MOCK_AWS_09,0.0,35.2,26.2,64.0,6.6
2024-07-08,MOCK_AWS_09,0.0,35.1,24.9,60.0,4.9
2024-07-09,MOCK_AWS_09,0.0,31.3,22.6,65.0,4.9
2024-07-10,MOCK_AWS_09,0.9,31.3,24.1,74.0,6.7
2024-07-11,MOCK_AWS_09,0.4,30.0,20.9,72.0,4.9
2024-07-12,MOCK_AWS_09,0.0,33.7,26.0,65.0,6.8
2024-07-13,MOCK_AWS_09,0.0,33.2,24.7,77.0,4.4
2024-07-14,MOCK_AWS_09,0.0,34.2,24.8,71.0,9.1
2024-07-15,MOCK_AWS_09,0.0,32.2,25.0,70.0,13.5
2024-07-16,MOCK_AWS_09,0.0,34.2,25.9,73.0,10.4
2024-07-17,MOCK_AWS_09,0.0,34.3,26.1,70.0,13.3
2024-07-18,MOCK_AWS_09,0.0,32.0,23.1,70.0,6.7
2024-07-19,MOCK_AWS_09,9.6,26.2,22.5,66.0,12.1
2024-07-20,MOCK_AWS_09,0.0,33.4,24.9,75.0,11.8
2024-07-21,MOCK_AWS_09,0.0,31.9,22.9,69.0,4.1
2024-07-22,MOCK_AWS_09,0.0,33.3,24.0,69.0,7.0
2024-07-23,MOCK_AWS_09,0.0,32.3,25.4,80.0,9.5
2024-07-24,MOCK_AWS_09,6.3,29.7,23.2,59.0,5.4
2024-07-25,MOCK_AWS_09,0.0,33.4,25.0,64.0,6.1
2024-07-26,MOCK_AWS_09,0.0,32.0,24.4,75.0,8.2
2024-07-27,MOCK_AWS_09,,,,,
2024-07-28,MOCK_AWS_09,0.0,36.8,27.4,76.0,10.2
2024-07-29,MOCK_AWS_09,0.0,36.2,28.1,75.0,7.0
2024-07-30,MOCK_AWS_09,0.0,37.6,29.0,77.0,8.4
2024-07-31,MOCK_AWS_09,2.7,37.4,28.1,62.0,12.7
2024-08-01,MOCK_AWS_09,36.2,31.7,28.4,56.0,5.8
2024-08-02,MOCK_AWS_09,0.0,38.3,28.8,76.0,9.6
2024-08-03,MOCK_AWS_09,0.0,37.4,28.5,77.0,8.2
2024-08-04,MOCK_AWS_09,0.0,37.8,27.9,83.0,6.1
2024-08-05,MOCK_AWS_09,0.0,36.9,26.5,77.0,7.5
2024-08-06,MOCK_AWS_09,0.0,37.4,28.3,78.0,5.3
2024-08-07,MOCK_AWS_09,0.0,40.0,30.1,76.0,8.6
2024-08-08,MOCK_AWS_09,0.0,39.4,31.3,80.0,9.2
2024-08-09,MOCK_AWS_09,43.4,30.3,27.9,67.0,9.4
2024-08-10,MOCK_AWS_09,0.0,36.5,26.9,81.0,12.4
2024-08-11,MOCK_AWS_09,0.0,34.0,26.2,73.0,12.6
2024-08-12,MOCK_AWS_09,59.4,23.5,22.2,59.0,9.6
2024-08-13,MOCK_AWS_09,0.0,35.7,25.8,77.0,12.4
2024-08-14,MOCK_AWS_09,0.0,32.6,25.7,85.0,13.1
2024-08-15,MOCK_AWS_09,0.0,35.0,26.6,70.0,15.8
2024-08-16,MOCK_AWS_09,0.0,30.9,24.5,81.0,12.3
2024-08-17,MOCK_AWS_09,0.0,33.0,23.7,79.0,7.3
2024-08-18,MOCK_AWS_09,0.0,31.0,24.3,70.0,10.5
2024-08-19,MOCK_AWS_09,0.0,35.0,25.5,81.0,7.6
2024-08-20,MOCK_AWS_09,0.0,34.7,26.0,74.0,4.8
2024-08-21,MOCK_AWS_09,0.0,35.3,26.3,84.0,4.2
2024-08-22,MOCK_AWS_09,0.0,34.8,26.5,76.0,7.3
2024-08-23,MOCK_AWS_09,0.0,34.0,25.0,77.0,10.2
2024-08-24,MOCK_AWS_09,0.0,32.2,23.5,70.0,6.6
2024-08-25,MOCK_AWS_09,0.0,35.3,26.2,76.0,9.0
2024-08-26,MOCK_AWS_09,0.0,33.8,23.9,73.0,4.9
2024-08-27,MOCK_AWS_09,0.0,32.9,23.9,79.0,5.6
2024-08-28,MOCK_AWS_09,0.0,31.0,22.9,81.0,7.1
2024-08-29,MOCK_AWS_09,0.0,32.9,24.0,79.0,8.2
2024-08-30,MOCK_AWS_09,0.0,34.2,24.0,76.0,7.6
2024-08-31,MOCK_AWS_09,0.0,34.1,25.3,74.0,6.5
2024-09-01,MOCK_AWS_09,0.0,31.2,21.3,76.0,7.4
2024-09-02,MOCK_AWS_09,0.0,33.0,23.6,75.0,8.8
2024-09-03,MOCK_AWS_09,0.0,33.8,22.4,84.0,4.9
2024-09-04,MOCK_AWS_09,0.0,36.6,24.7,71.0,3.4
2024-09-05,MOCK_AWS_09,0.0,37.5,25.8,71.0,2.6
2024-09-06,MOCK_AWS_09,0.0,37.0,27.6,70.0,4.9
2024-09-07,MOCK_AWS_09,0.0,30.0,23.2,55.0,5.2
2024-09-08,MOCK_AWS_09,28.4,28.6,22.2,63.0,4.3
2024-09-09,MOCK_AWS_09,0.0,34.2,24.7,75.0,4.1
2024-09-10,MOCK_AWS_09,129.6,26.7,23.3,58.0,3.7
2024-09-11,MOCK_AWS_09,0.0,31.6,21.7,69.0,10.8
2024-09-12,MOCK_AWS_09,0.0,30.3,21.5,65.0,7.8
2024-09-13,MOCK_AWS_09,0.0,32.6,21.0,70.0,9.7
2024-09-14,MOCK_AWS_09,0.0,31.8,20.8,74.0,7.4
2024-09-15,MOCK_AWS_09,,,,,
2024-09-16,MOCK_AWS_09,0.0,33.7,23.3,77.0,16.6
2024-09-17,MOCK_AWS_09,0.0,34.4,23.5,72.0,8.2
2024-09-18,MOCK_AWS_09,,,,,
2024-09-19,MOCK_AWS_09,0.0,37.6,25.1,76.0,8.6
2024-09-20,MOCK_AWS_09,0.0,33.9,23.6,70.0,6.2
2024-09-21,MOCK_AWS_09,0.0,35.2,23.2,70.0,6.0
2024-09-22,MOCK_AWS_09,0.0,35.5,22.3,68.0,8.9
2024-09-23,MOCK_AWS_09,0.0,35.2,21.9,70.0,5.8
2024-09-24,MOCK_AWS_09,0.0,37.5,24.3,65.0,4.4
2024-09-25,MOCK_AWS_09,0.0,34.8,22.4,58.0,4.5
2024-09-26,MOCK_AWS_09,0.0,35.2,20.1,72.0,3.7
2024-09-27,MOCK_AWS_09,0.0,31.1,19.6,59.0,7.7
2024-09-28,MOCK_AWS_09,0.0,32.1,21.0,64.0,6.3
2024-09-29,MOCK_AWS_09,0.0,33.1,19.9,68.0,11.4
2024-09-30,MOCK_AWS_09,4.3,29.1,18.5,56.0,7.6
2024-10-01,MOCK_AWS_09,0.0,32.2,19.5,71.0,7.9
2024-10-02,MOCK_AWS_09,0.0,32.2,17.5,67.0,7.7
2024-10-03,MOCK_AWS_09,0.0,30.0,17.2,64.0,6.4
2024-10-04,MOCK_AWS_09,0.0,31.6,17.7,63.0,10.1
2024-10-05,MOCK_AWS_09,0.0,32.3,17.5,54.0,9.2
2024-10-06,MOCK_AWS_09,0.0,33.4,19.0,62.0,6.9
2024-10-07,MOCK_AWS_09,0.0,32.9,19.9,58.0,6.5
2024-10-08,MOCK_AWS_09,0.0,32.3,18.4,59.0,5.6
2024-10-09,MOCK_AWS_09,0.0,34.4,19.2,65.0,5.4
2024-10-10,MOCK_AWS_09,0.0,35.2,18.1,63.0,7.5
2024-10-11,MOCK_AWS_09,0.0,36.0,19.1,65.0,5.9
2024-10-12,MOCK_AWS_09,0.0,34.5,18.2,57.0,7.3
2024-10-13,MOCK_AWS_09,0.0,30.5,14.9,60.0,7.3
2024-10-14,MOCK_AWS_09,0.0,35.0,18.7,62.0,5.3
2024-10-15,MOCK_AWS_09,0.0,32.5,16.2,57.0,2.4
2024-10-16,MOCK_AWS_09,0.0,31.6,13.9,58.0,2.3
2024-10-17,MOCK_AWS_09,0.0,33.1,16.6,54.0,3.0
2024-10-18,MOCK_AWS_09,0.0,33.2,16.9,60.0,5.0
2024-10-19,MOCK_AWS_09,0.0,34.6,18.8,61.0,4.4
2024-10-20,MOCK_AWS_09,0.0,29.6,14.0,53.0,4.2
2024-10-21,MOCK_AWS_09,0.0,29.2,14.0,54.0,7.5
2024-10-22,MOCK_AWS_09,0.0,30.5,13.3,52.0,6.5
2024-10-23,MOCK_AWS_09,0.0,29.5,13.2,60.0,4.9
2024-10-24,MOCK_AWS_09,0.0,28.2,12.1,63.0,5.4
2024-10-25,MOCK_AWS_09,0.0,31.5,13.9,69.0,4.4
2024-10-26,MOCK_AWS_09,0.0,33.0,15.8,61.0,6.0
2024-10-27,MOCK_AWS_09,,,,,
2024-10-28,MOCK_AWS_09,0.0,31.9,15.7,60.0,8.6
2024-10-29,MOCK_AWS_09,0.0,28.5,12.3,64.0,4.1
2024-10-30,MOCK_AWS_09,0.0,30.7,14.5,56.0,3.0
2024-10-31,MOCK_AWS_09,0.0,28.1,13.0,67.0,5.5
2024-11-01,MOCK_AWS_09,0.0,28.0,12.0,62.0,4.3
2024-11-02,MOCK_AWS_09,0.0,32.6,14.3,57.0,2.6
2024-11-03,MOCK_AWS_09,0.0,31.8,13.1,60.0,3.3
2024-11-04,MOCK_AWS_09,0.0,28.4,11.6,61.0,1.9
2024-11-05,MOCK_AWS_09,0.0,27.9,11.1,58.0,4.2
2024-11-06,MOCK_AWS_09,0.0,27.6,11.0,57.0,4.7
2024-11-07,MOCK_AWS_09,0.0,24.6,8.2,58.0,5.6
2024-11-08,MOCK_AWS_09,0.0,22.9,5.8,62.0,3.3
2024-11-09,MOCK_AWS_09,0.0,25.4,7.0,64.0,4.1
2024-11-10,MOCK_AWS_09,0.0,27.9,11.3,61.0,4.9
2024-11-11,MOCK_AWS_09,0.0,29.5,12.1,59.0,3.6
2024-11-12,MOCK_AWS_09,0.0,31.2,14.5,65.0,4.0
2024-11-13,MOCK_AWS_09,0.0,30.9,13.3,62.0,1.1
2024-11-14,MOCK_AWS_09,0.0,30.6,12.0,61.0,2.8
2024-11-15,MOCK_AWS_09,0.0,30.0,12.2,69.0,4.2
2024-11-16,MOCK_AWS_09,0.0,29.1,12.5,56.0,3.9
2024-11-17,MOCK_AWS_09,0.0,28.3,10.3,57.0,3.5
2024-11-18,MOCK_AWS_09,0.0,28.8,11.0,64.0,5.8
2024-11-19,MOCK_AWS_09,0.0,26.9,11.2,61.0,3.2
2024-11-20,MOCK_AWS_09,0.0,31.1,12.7,66.0,4.9
2024-11-21,MOCK_AWS_09,0.0,27.9,11.0,63.0,4.3
2024-11-22,MOCK_AWS_09,0.0,27.3,10.0,63.0,5.0
2024-11-23,MOCK_AWS_09,0.0,24.1,8.0,65.0,3.7
2024-11-24,MOCK_AWS_09,0.0,21.4,6.2,61.0,2.8
2024-11-25,MOCK_AWS_09,0.0,21.9,5.3,64.0,7.4
2024-11-26,MOCK_AWS_09,0.0,26.2,8.5,64.0,6.0
2024-11-27,MOCK_AWS_09,0.0,25.5,8.8,57.0,5.3
2024-11-28,MOCK_AWS_09,,,,,
2024-11-29,MOCK_AWS_09,,,,,
2024-11-30,MOCK_AWS_09,0.0,26.5,9.3,69.0,4.0
2024-12-01,MOCK_AWS_09,0.0,25.8,7.7,69.0,3.0
2024-12-02,MOCK_AWS_09,0.0,24.6,9.7,65.0,5.8
2024-12-03,MOCK_AWS_09,0.0,23.7,6.5,72.0,2.7
2024-12-04,MOCK_AWS_09,0.0,22.2,6.4,67.0,4.2
2024-12-05,MOCK_AWS_09,0.0,21.3,5.2,66.0,3.5
2024-12-06,MOCK_AWS_09,0.0,22.9,5.2,67.0,3.3
2024-12-07,MOCK_AWS_09,0.0,23.3,6.9,64.0,6.3
2024-12-08,MOCK_AWS_09,0.0,20.9,5.6,68.0,5.1
2024-12-09,MOCK_AWS_09,0.0,21.7,6.1,64.0,6.5
2024-12-10,MOCK_AWS_09,0.0,24.0,8.2,70.0,9.3
2024-12-11,MOCK_AWS_09,0.0,25.4,8.9,64.0,8.9
2024-12-12,MOCK_AWS_09,0.0,23.7,6.3,59.0,10.4
2024-12-13,MOCK_AWS_09,0.0,22.4,6.3,59.0,3.1
2024-12-14,MOCK_AWS_09,0.0,22.8,7.4,73.0,6.6
2024-12-15,MOCK_AWS_09,0.0,21.3,6.1,65.0,5.9
2024-12-16,MOCK_AWS_09,0.0,24.3,7.5,70.0,4.2
2024-12-17,MOCK_AWS_09,0.0,23.8,8.1,76.0,3.1
2024-12-18,MOCK_AWS_09,0.0,26.3,11.2,72.0,3.9
2024-12-19,MOCK_AWS_09,0.0,23.5,8.2,74.0,4.5
2024-12-20,MOCK_AWS_09,0.0,23.5,7.6,73.0,5.9
2024-12-21,MOCK_AWS_09,0.0,23.6,7.9,68.0,3.5
2024-12-22,MOCK_AWS_09,0.0,19.8,5.8,67.0,2.3
2024-12-23,MOCK_AWS_09,0.0,18.5,6.9,60.0,2.6
2024-12-24,MOCK_AWS_09,0.0,18.3,3.4,62.0,3.2
2024-12-25,MOCK_AWS_09,0.0,17.2,1.2,67.0,2.0
2024-12-26,MOCK_AWS_09,0.0,11.8,2.7,73.0,4.4
2024-12-27,MOCK_AWS_09,0.0,19.9,4.8,71.0,7.3
2024-12-28,MOCK_AWS_09,1.5,14.8,3.8,55.0,5.1
2024-12-29,MOCK_AWS_09,7.3,11.6,4.1,58.0,4.8
2024-12-30,MOCK_AWS_09,0.0,19.7,3.9,74.0,4.7
2024-12-31,MOCK_AWS_09,0.0,21.7,6.3,70.0,4.8
2023-01-01,MOCK_AWS_10,0.0,22.0,6.5,73.0,4.7
2023-01-02,MOCK_AWS_10,0.0,19.4,6.4,70.0,4.3
2023-01-03,MOCK_AWS_10,0.0,15.1,5.4,70.0,4.8
2023-01-04,MOCK_AWS_10,0.0,15.3,3.6,70.0,5.1
2023-01-05,MOCK_AWS_10,0.0,14.9,3.3,66.0,4.4
2023-01-06,MOCK_AWS_10,0.0,17.7,3.7,62.0,7.2
2023-01-07,MOCK_AWS_10,0.0,17.8,4.3,62.0,13.1
2023-01-08,MOCK_AWS_10,0.0,17.1,2.6,67.0,16.7
2023-01-09,MOCK_AWS_10,0.0,18.3,4.9,65.0,8.3
2023-01-10,MOCK_AWS_10,0.0,15.3,4.4,64.0,7.6
2023-01-11,MOCK_AWS_10,0.0,20.1,5.0,72.0,4.4
2023-01-12,MOCK_AWS_10,0.0,18.8,7.0,66.0,4.5
2023-01-13,MOCK_AWS_10,0.0,18.7,5.6,70.0,6.2
2023-01-14,MOCK_AWS_10,0.0,22.0,7.1,58.0,4.6
2023-01-15,MOCK_AWS_10,0.0,19.8,5.2,68.0,3.7
2023-01-16,MOCK_AWS_10,0.0,21.7,6.5,64.0,2.8
2023-01-17,MOCK_AWS_10,0.0,16.5,5.2,73.0,7.0
2023-01-18,MOCK_AWS_10,0.0,17.3,6.6,65.0,5.5
2023-01-19,MOCK_AWS_10,0.0,17.8,3.7,62.0,10.1
2023-01-20,MOCK_AWS_10,5.0,15.7,4.2,47.0,10.6
2023-01-21,MOCK_AWS_10,0.0,16.2,3.4,65.0,9.0
2023-01-22,MOCK_AWS_10,0.0,16.3,6.1,72.0,9.6
2023-01-23,MOCK_AWS_10,0.0,16.2,6.2,59.0,8.7
2023-01-24,MOCK_AWS_10,0.0,20.3,5.9,64.0,13.0
2023-01-25,MOCK_AWS_10,0.0,20.9,6.8,65.0,12.2
2023-01-26,MOCK_AWS_10,0.0,17.6,6.6,58.0,15.4
2023-01-27,MOCK_AWS_10,0.0,24.0,8.9,67.0,9.9
2023-01-28,MOCK_AWS_10,0.0,20.7,7.1,66.0,5.0
2023-01-29,MOCK_AWS_10,0.0,20.9,5.5,68.0,5.6
2023-01-30,MOCK_AWS_10,0.0,20.2,6.7,63.0,7.9
2023-01-31,MOCK_AWS_10,0.0,22.6,8.3,64.0,5.9
2023-02-01,MOCK_AWS_10,0.0,23.6,7.3,62.0,6.7
2023-02-02,MOCK_AWS_10,0.0,24.2,7.4,61.0,6.3
2023-02-03,MOCK_AWS_10,0.0,22.7,7.3,61.0,6.0
2023-02-04,MOCK_AWS_10,0.0,23.1,8.5,62.0,4.6
2023-02-05,MOCK_AWS_10,0.0,24.3,7.2,62.0,5.1
2023-02-06,MOCK_AWS_10,0.0,23.7,8.7,65.0,6.9
2023-02-07,MOCK_AWS_10,0.0,24.5,9.0,64.0,4.8
2023-02-08,MOCK_AWS_10,0.0,22.1,7.0,57.0,4.3
2023-02-09,MOCK_AWS_10,0.0,22.6,8.7,65.0,7.2
2023-02-10,MOCK_AWS_10,0.0,25.0,9.4,75.0,5.9
2023-02-11,MOCK_AWS_10,0.0,22.6,8.3,59.0,4.3
2023-02-12,MOCK_AWS_10,0.0,23.5,8.8,67.0,4.9
2023-02-13,MOCK_AWS_10,0.0,24.5,9.2,58.0,11.4
2023-02-14,MOCK_AWS_10,0.0,24.0,8.2,64.0,8.9
2023-02-15,MOCK_AWS_10,0.0,25.9,9.3,62.0,5.5
2023-02-16,MOCK_AWS_10,0.0,27.4,10.8,61.0,6.6
2023-02-17,MOCK_AWS_10,0.0,25.4,10.1,57.0,7.4
2023-02-18,MOCK_AWS_10,0.0,27.3,11.8,67.0,7.5
2023-02-19,MOCK_AWS_10,0.0,27.8,12.0,65.0,10.2
2023-02-20,MOCK_AWS_10,0.0,25.9,9.0,57.0,9.8
2023-02-21,MOCK_AWS_10,0.0,23.7,9.4,69.0,11.0
2023-02-22,MOCK_AWS_10,3.1,23.5,10.5,48.0,9.2
2023-02-23,MOCK_AWS_10,,,,,
2023-02-24,MOCK_AWS_10,0.0,23.0,8.4,55.0,6.1
2023-02-25,MOCK_AWS_10,0.0,27.0,11.0,60.0,11.2
2023-02-26,MOCK_AWS_10,0.0,27.8,13.6,65.0,12.5
2023-02-27,MOCK_AWS_10,1.5,27.3,13.3,43.0,9.9
2023-02-28,MOCK_AWS_10,0.0,27.7,12.2,58.0,9.3
2023-03-01,MOCK_AWS_10,0.0,29.5,14.4,58.0,10.0
2023-03-02,MOCK_AWS_10,0.0,26.5,11.4,56.0,6.2
2023-03-03,MOCK_AWS_10,0.0,25.8,8.5,51.0,8.8
2023-03-04,MOCK_AWS_10,0.0,24.5,9.7,50.0,12.0
2023-03-05,MOCK_AWS_10,0.0,25.6,10.8,58.0,10.1
2023-03-06,MOCK_AWS_10,0.0,27.8,10.6,56.0,8.4
2023-03-07,MOCK_AWS_10,0.0,23.8,7.0,53.0,6.6
2023-03-08,MOCK_AWS_10,0.0,25.0,10.2,52.0,9.1
2023-03-09,MOCK_AWS_10,0.0,23.1,7.1,47.0,9.6
2023-03-10,MOCK_AWS_10,0.0,25.0,10.1,57.0,9.3
2023-03-11,MOCK_AWS_10,0.0,22.5,8.5,52.0,11.3
2023-03-12,MOCK_AWS_10,0.0,27.5,11.3,53.0,10.2
2023-03-13,MOCK_AWS_10,,,,,
2023-03-14,MOCK_AWS_10,0.0,29.3,14.7,56.0,9.3
2023-03-15,MOCK_AWS_10,0.0,30.9,13.9,55.0,8.0
2023-03-16,MOCK_AWS_10,0.0,32.3,15.4,50.0,10.4
2023-03-17,MOCK_AWS_10,0.5,32.2,16.3,41.0,7.9
2023-03-18,MOCK_AWS_10,7.4,25.4,13.1,43.0,7.6
2023-03-19,MOCK_AWS_10,0.0,27.1,11.6,55.0,8.1
2023-03-20,MOCK_AWS_10,7.2,27.6,14.2,43.0,9.9
2023-03-21,MOCK_AWS_10,0.0,28.5,13.6,50.0,7.2
2023-03-22,MOCK_AWS_10,0.0,29.5,15.5,53.0,7.0
2023-03-23,MOCK_AWS_10,0.0,31.2,15.6,44.0,7.8
2023-03-24,MOCK_AWS_10,0.0,35.2,16.5,49.0,4.2
2023-03-25,MOCK_AWS_10,0.0,35.3,17.3,49.0,5.5
2023-03-26,MOCK_AWS_10,0.0,36.1,19.3,54.0,6.8
2023-03-27,MOCK_AWS_10,0.0,36.2,19.4,50.0,7.5
2023-03-28,MOCK_AWS_10,,,,,
2023-03-29,MOCK_AWS_10,0.0,36.6,18.9,43.0,10.7
2023-03-30,MOCK_AWS_10,,,,,
2023-03-31,MOCK_AWS_10,5.0,31.4,17.3,31.0,9.5
2023-04-01,MOCK_AWS_10,0.0,33.1,15.1,45.0,8.3
2023-04-02,MOCK_AWS_10,0.0,36.1,18.6,43.0,11.5
2023-04-03,MOCK_AWS_10,0.0,35.3,18.0,43.0,7.7
2023-04-04,MOCK_AWS_10,0.0,31.6,16.4,43.0,11.0
2023-04-05,MOCK_AWS_10,0.0,32.6,16.5,40.0,8.0
2023-04-06,MOCK_AWS_10,0.0,34.3,19.1,44.0,11.1
2023-04-07,MOCK_AWS_10,0.0,32.7,17.7,41.0,7.9
2023-04-08,MOCK_AWS_10,0.0,35.5,18.7,38.0,10.2
2023-04-09,MOCK_AWS_10,0.0,35.7,18.5,37.0,9.4
2023-04-10,MOCK_AWS_10,0.0,36.0,18.9,46.0,3.5
2023-04-11,MOCK_AWS_10,0.0,37.3,19.4,44.0,7.6
2023-04-12,MOCK_AWS_10,0.0,36.3,19.8,38.0,14.2
2023-04-13,MOCK_AWS_10,0.0,36.3,19.0,43.0,8.6
2023-04-14,MOCK_AWS_10,4.0,34.6,20.4,29.0,7.4
2023-04-15,MOCK_AWS_10,0.0,36.6,18.7,41.0,7.9
2023-04-16,MOCK_AWS_10,0.0,35.8,19.3,33.0,10.2
2023-04-17,MOCK_AWS_10,0.0,35.2,17.5,40.0,10.5
2023-04-18,MOCK_AWS_10,0.0,36.5,18.5,36.0,9.6
2023-04-19,MOCK_AWS_10,0.0,35.7,19.6,42.0,7.8
2023-04-20,MOCK_AWS_10,0.0,36.2,20.0,41.0,7.6
2023-04-21,MOCK_AWS_10,0.0,36.0,21.2,40.0,13.0
2023-04-22,MOCK_AWS_10,0.0,39.4,21.7,43.0,14.7
2023-04-23,MOCK_AWS_10,0.0,39.8,22.4,40.0,13.3
2023-04-24,MOCK_AWS_10,0.0,38.8,22.2,42.0,8.8
2023-04-25,MOCK_AWS_10,0.0,38.2,22.1,47.0,7.8
2023-04-26,MOCK_AWS_10,0.0,37.9,21.8,40.0,19.6
2023-04-27,MOCK_AWS_10,0.0,39.7,23.0,34.0,14.9
2023-04-28,MOCK_AWS_10,0.0,41.5,23.1,41.0,12.2
2023-04-29,MOCK_AWS_10,0.0,39.7,23.0,36.0,8.4
2023-04-30,MOCK_AWS_10,0.0,43.8,27.1,42.0,7.9
2023-05-01,MOCK_AWS_10,0.0,40.3,23.9,40.0,8.8
2023-05-02,MOCK_AWS_10,,,,,
2023-05-03,MOCK_AWS_10,0.0,38.4,22.7,43.0,13.3
2023-05-04,MOCK_AWS_10,0.0,38.0,24.5,30.0,10.7
2023-05-05,MOCK_AWS_10,0.5,41.0,25.7,35.0,14.4
2023-05-06,MOCK_AWS_10,0.0,44.2,27.3,39.0,21.3
2023-05-07,MOCK_AWS_10,0.0,43.7,27.2,39.0,24.6
2023-05-08,MOCK_AWS_10,0.0,41.7,26.5,41.0,16.6
2023-05-09,MOCK_AWS_10,0.0,44.6,27.7,36.0,20.9
2023-05-10,MOCK_AWS_10,0.0,42.4,27.0,41.0,18.9
2023-05-11,MOCK_AWS_10,0.0,41.1,24.5,38.0,15.2
2023-05-12,MOCK_AWS_10,,,,,
2023-05-13,MOCK_AWS_10,0.0,42.6,26.7,37.0,9.2
2023-05-14,MOCK_AWS_10,0.0,39.6,23.9,37.0,9.5
2023-05-15,MOCK_AWS_10,0.0,39.4,27.5,34.0,7.9
2023-05-16,MOCK_AWS_10,9.4,41.3,27.6,29.0,7.7
2023-05-17,MOCK_AWS_10,,,,,
2023-05-18,MOCK_AWS_10,0.0,40.9,25.6,37.0,6.8
2023-05-19,MOCK_AWS_10,0.0,42.7,28.4,39.0,16.3
2023-05-20,MOCK_AWS_10,0.0,40.8,25.4,36.0,12.2
2023-05-21,MOCK_AWS_10,0.0,43.2,27.7,39.0,13.3
2023-05-22,MOCK_AWS_10,0.0,40.9,24.6,41.0,11.3
2023-05-23,MOCK_AWS_10,,,,,
2023-05-24,MOCK_AWS_10,0.0,41.7,28.1,38.0,11.0
2023-05-25,MOCK_AWS_10,0.0,37.7,25.3,40.0,12.8
2023-05-26,MOCK_AWS_10,0.0,40.3,26.2,42.0,9.8
2023-05-27,MOCK_AWS_10,0.0,38.9,25.2,39.0,15.5
2023-05-28,MOCK_AWS_10,0.0,42.0,26.8,38.0,5.3
2023-05-29,MOCK_AWS_10,0.0,40.0,25.9,42.0,7.5
2023-05-30,MOCK_AWS_10,11.8,37.2,27.2,39.0,11.5
2023-05-31,MOCK_AWS_10,5.0,35.0,24.3,35.0,8.5
2023-06-01,MOCK_AWS_10,0.0,39.3,26.2,40.0,13.0
2023-06-02,MOCK_AWS_10,0.0,41.6,28.4,40.0,11.6
2023-06-03,MOCK_AWS_10,0.0,45.8,31.4,45.0,14.9
2023-06-04,MOCK_AWS_10,0.0,46.3,30.9,51.0,14.9
2023-06-05,MOCK_AWS_10,0.0,48.7,33.3,49.0,17.1
2023-06-06,MOCK_AWS_10,0.0,46.8,32.7,46.0,10.1
2023-06-07,MOCK_AWS_10,0.0,44.0,30.4,41.0,8.7
2023-06-08,MOCK_AWS_10,3.9,39.6,28.0,41.0,8.2
2023-06-09,MOCK_AWS_10,0.0,39.1,26.5,49.0,7.0
2023-06-10,MOCK_AWS_10,0.0,40.8,28.6,46.0,14.8
2023-06-11,MOCK_AWS_10,3.6,38.5,28.5,39.0,14.9
2023-06-12,MOCK_AWS_10,0.0,42.2,29.3,46.0,10.4
2023-06-13,MOCK_AWS_10,0.0,42.9,29.7,52.0,14.0
2023-06-14,MOCK_AWS_10,0.0,39.7,26.9,46.0,12.9
2023-06-15,MOCK_AWS_10,0.0,40.0,27.6,50.0,19.6
2023-06-16,MOCK_AWS_10,0.0,41.8,29.4,53.0,12.7
2023-06-17,MOCK_AWS_10,0.0,38.8,26.6,53.0,18.8
2023-06-18,MOCK_AWS_10,0.0,38.2,25.4,55.0,8.4
2023-06-19,MOCK_AWS_10,0.0,39.2,27.4,50.0,13.5
2023-06-20,MOCK_AWS_10,0.0,37.5,26.6,46.0,11.0
2023-06-21,MOCK_AWS_10,0.0,38.6,26.4,54.0,16.5
2023-06-22,MOCK_AWS_10,0.0,35.5,25.2,59.0,9.2
2023-06-23,MOCK_AWS_10,0.0,35.0,25.5,50.0,7.9
2023-06-24,MOCK_AWS_10,0.0,41.0,29.3,60.0,8.0
2023-06-25,MOCK_AWS_10,0.0,39.0,28.1,50.0,12.3
2023-06-26,MOCK_AWS_10,0.0,39.9,28.4,57.0,9.2
2023-06-27,MOCK_AWS_10,4.0,36.9,28.7,50.0,10.7
2023-06-28,MOCK_AWS_10,0.0,38.7,26.5,49.0,15.2
2023-06-29,MOCK_AWS_10,0.0,38.9,28.2,56.0,8.3
2023-06-30,MOCK_AWS_10,0.0,34.9,23.8,59.0,10.0
2023-07-01,MOCK_AWS_10,0.0,39.8,27.8,66.0,12.6
2023-07-02,MOCK_AWS_10,0.0,37.6,27.6,64.0,11.1
2023-07-03,MOCK_AWS_10,0.0,36.2,25.4,59.0,16.2
2023-07-04,MOCK_AWS_10,0.0,34.8,24.4,60.0,12.4
2023-07-05,MOCK_AWS_10,0.0,32.9,23.6,62.0,12.3
2023-07-06,MOCK_AWS_10,0.5,32.7,24.2,68.0,8.2
2023-07-07,MOCK_AWS_10,0.0,36.5,24.8,69.0,7.1
2023-07-08,MOCK_AWS_10,0.0,34.1,25.4,76.0,8.8
2023-07-09,MOCK_AWS_10,,,,,
2023-07-10,MOCK_AWS_10,0.0,37.4,26.1,71.0,15.9
2023-07-11,MOCK_AWS_10,0.0,36.9,27.5,72.0,14.0
2023-07-12,MOCK_AWS_10,0.0,36.5,29.0,72.0,8.2
2023-07-13,MOCK_AWS_10,0.0,33.2,25.1,75.0,9.1
2023-07-14,MOCK_AWS_10,0.0,34.6,26.8,81.0,10.4
2023-07-15,MOCK_AWS_10,0.0,35.0,25.8,77.0,11.1
2023-07-16,MOCK_AWS_10,0.0,32.8,26.2,74.0,12.3
2023-07-17,MOCK_AWS_10,0.0,32.5,23.6,77.0,10.2
2023-07-18,MOCK_AWS_10,0.0,33.4,24.1,69.0,9.3
2023-07-19,MOCK_AWS_10,0.0,33.2,26.5,73.0,13.4
2023-07-20,MOCK_AWS_10,0.0,34.1,26.9,77.0,6.3
2023-07-21,MOCK_AWS_10,0.6,37.2,28.8,80.0,7.1
2023-07-22,MOCK_AWS_10,0.0,34.8,25.0,74.0,8.8
2023-07-23,MOCK_AWS_10,0.0,36.6,25.8,72.0,5.0
2023-07-24,MOCK_AWS_10,0.0,32.9,24.6,85.0,6.3
2023-07-25,MOCK_AWS_10,0.7,36.7,29.0,67.0,10.8
2023-07-26,MOCK_AWS_10,0.0,36.4,27.3,84.0,5.9
2023-07-27,MOCK_AWS_10,0.0,37.6,29.0,79.0,6.6
2023-07-28,MOCK_AWS_10,0.0,36.4,27.2,77.0,7.6
2023-07-29,MOCK_AWS_10,0.0,34.4,26.2,74.0,8.3
2023-07-30,MOCK_AWS_10,0.0,31.0,23.7,64.0,13.1
2023-07-31,MOCK_AWS_10,0.0,33.4,25.1,77.0,10.1
2023-08-01,MOCK_AWS_10,0.0,31.9,24.0,76.0,10.6
2023-08-02,MOCK_AWS_10,0.0,33.2,23.5,81.0,8.7
2023-08-03,MOCK_AWS_10,0.0,32.6,26.5,77.0,11.3
2023-08-04,MOCK_AWS_10,0.0,34.3,26.7,84.0,14.3
2023-08-05,MOCK_AWS_10,15.9,26.3,23.4,65.0,7.0
2023-08-06,MOCK_AWS_10,,,,,
2023-08-07,MOCK_AWS_10,0.0,34.9,26.5,81.0,6.1
2023-08-08,MOCK_AWS_10,0.0,35.2,27.1,74.0,10.7
2023-08-09,MOCK_AWS_10,0.0,34.7,26.5,77.0,8.3
2023-08-10,MOCK_AWS_10,0.0,33.2,24.1,79.0,7.7
2023-08-11,MOCK_AWS_10,0.0,33.6,25.9,83.0,4.6
2023-08-12,MOCK_AWS_10,0.0,32.3,25.0,70.0,6.1
2023-08-13,MOCK_AWS_10,0.0,32.5,24.4,78.0,6.6
2023-08-14,MOCK_AWS_10,0.0,30.7,25.0,82.0,7.5
2023-08-15,MOCK_AWS_10,0.0,28.5,26.6,66.0,5.3
2023-08-16,MOCK_AWS_10,39.0,25.4,23.8,65.0,6.9
2023-08-17,MOCK_AWS_10,0.0,33.8,25.9,76.0,5.6
2023-08-18,MOCK_AWS_10,0.0,33.8,25.2,82.0,4.8
2023-08-19,MOCK_AWS_10,0.0,30.8,24.4,77.0,8.3
2023-08-20,MOCK_AWS_10,0.0,32.2,24.1,86.0,11.4
2023-08-21,MOCK_AWS_10,23.8,26.4,23.2,67.0,9.8
2023-08-22,MOCK_AWS_10,0.0,34.0,25.4,78.0,9.6
2023-08-23,MOCK_AWS_10,0.0,36.6,27.4,82.0,8.1
2023-08-24,MOCK_AWS_10,0.0,35.1,26.4,82.0,9.1
2023-08-25,MOCK_AWS_10,0.0,33.0,24.1,77.0,7.9
2023-08-26,MOCK_AWS_10,0.0,33.7,25.9,80.0,4.6
2023-08-27,MOCK_AWS_10,0.0,33.5,23.3,75.0,6.5
2023-08-28,MOCK_AWS_10,0.0,32.5,23.3,71.0,6.7
2023-08-29,MOCK_AWS_10,0.0,36.1,26.8,73.0,4.9
2023-08-30,MOCK_AWS_10,0.0,36.3,25.8,76.0,3.8
2023-08-31,MOCK_AWS_10,0.0,34.7,25.6,74.0,5.3
2023-09-01,MOCK_AWS_10,0.6,32.7,25.1,77.0,4.7
2023-09-02,MOCK_AWS_10,0.0,35.0,25.5,78.0,7.4
2023-09-03,MOCK_AWS_10,,,,,
2023-09-04,MOCK_AWS_10,70.4,32.5,28.6,59.0,14.0
2023-09-05,MOCK_AWS_10,0.0,39.4,28.6,82.0,15.1
2023-09-06,MOCK_AWS_10,0.0,37.6,28.1,76.0,17.4
2023-09-07,MOCK_AWS_10,9.3,31.8,24.4,62.0,9.9
2023-09-08,MOCK_AWS_10,13.4,29.4,23.4,60.0,11.4
2023-09-09,MOCK_AWS_10,0.0,35.3,24.8,71.0,10.9
2023-09-10,MOCK_AWS_10,0.0,34.2,24.3,74.0,11.2
2023-09-11,MOCK_AWS_10,0.0,34.2,22.9,79.0,11.1
2023-09-12,MOCK_AWS_10,0.0,33.0,21.5,77.0,6.1
2023-09-13,MOCK_AWS_10,0.0,31.0,21.3,66.0,12.9
2023-09-14,MOCK_AWS_10,0.0,29.0,18.8,63.0,11.0
2023-09-15,MOCK_AWS_10,0.0,30.5,20.4,70.0,9.0
2023-09-16,MOCK_AWS_10,0.0,31.8,22.4,80.0,5.6
2023-09-17,MOCK_AWS_10,0.0,31.8,21.8,60.0,5.7
2023-09-18,MOCK_AWS_10,0.0,36.6,24.4,77.0,7.8
2023-09-19,MOCK_AWS_10,0.0,37.0,25.9,73.0,6.4
2023-09-20,MOCK_AWS_10,0.0,38.2,25.8,76.0,6.1
2023-09-21,MOCK_AWS_10,0.0,38.6,25.7,75.0,9.2
2023-09-22,MOCK_AWS_10,0.0,34.3,21.3,70.0,6.4
2023-09-23,MOCK_AWS_10,0.0,29.8,19.8,71.0,6.8
2023-09-24,MOCK_AWS_10,0.0,33.8,20.3,66.0,4.8
2023-09-25,MOCK_AWS_10,0.0,34.2,21.7,64.0,8.1
2023-09-26,MOCK_AWS_10,0.0,31.6,19.9,74.0,7.8
2023-09-27,MOCK_AWS_10,0.0,31.3,18.0,68.0,7.7
2023-09-28,MOCK_AWS_10,0.0,31.4,18.8,67.0,4.9
2023-09-29,MOCK_AWS_10,0.0,33.1,20.2,65.0,8.1
2023-09-30,MOCK_AWS_10,0.0,30.9,21.0,51.0,3.0
2023-10-01,MOCK_AWS_10,0.0,33.0,19.9,65.0,4.6
2023-10-02,MOCK_AWS_10,0.0,31.7,18.5,62.0,4.5
2023-10-03,MOCK_AWS_10,0.0,32.1,18.2,56.0,2.4
2023-10-04,MOCK_AWS_10,0.0,31.8,19.3,67.0,2.5
2023-10-05,MOCK_AWS_10,0.0,30.8,16.7,60.0,1.5
2023-10-06,MOCK_AWS_10,0.0,28.2,14.5,57.0,5.2
2023-10-07,MOCK_AWS_10,0.0,29.8,16.1,59.0,6.6
2023-10-08,MOCK_AWS_10,0.0,33.9,18.6,62.0,4.8
2023-10-09,MOCK_AWS_10,0.0,31.1,17.2,63.0,6.5
2023-10-10,MOCK_AWS_10,0.0,32.6,18.1,56.0,4.7
2023-10-11,MOCK_AWS_10,0.0,33.3,17.4,61.0,4.2
2023-10-12,MOCK_AWS_10,0.0,31.5,16.1,50.0,4.5
2023-10-13,MOCK_AWS_10,0.0,30.2,16.4,56.0,5.4
2023-10-14,MOCK_AWS_10,0.0,32.4,17.4,64.0,5.4
2023-10-15,MOCK_AWS_10,0.0,33.5,17.6,65.0,4.4
2023-10-16,MOCK_AWS_10,0.0,33.3,16.4,53.0,5.3
2023-10-17,MOCK_AWS_10,0.0,33.1,18.0,60.0,5.0
2023-10-18,MOCK_AWS_10,0.0,33.3,16.9,55.0,3.2
2023-10-19,MOCK_AWS_10,0.0,30.3,15.3,56.0,3.1
2023-10-20,MOCK_AWS_10,0.0,33.8,17.9,60.0,3.5
2023-10-21,MOCK_AWS_10,0.0,33.5,17.1,59.0,4.1
2023-10-22,MOCK_AWS_10,,,,,
2023-10-23,MOCK_AWS_10,0.0,34.2,17.8,75.0,6.1
2023-10-24,MOCK_AWS_10,0.0,31.1,14.2,55.0,7.0
2023-10-25,MOCK_AWS_10,0.0,31.0,14.1,64.0,3.3
2023-10-26,MOCK_AWS_10,0.0,28.9,13.0,62.0,3.7
2023-10-27,MOCK_AWS_10,0.0,24.8,8.9,54.0,4.3
2023-10-28,MOCK_AWS_10,,,,,
2023-10-29,MOCK_AWS_10,0.0,25.2,8.4,60.0,6.7
2023-10-30,MOCK_AWS_10,0.0,30.2,13.8,58.0,6.8
2023-10-31,MOCK_AWS_10,0.0,28.4,13.4,60.0,6.5
2023-11-01,MOCK_AWS_10,0.0,27.8,12.8,49.0,3.9
2023-11-02,MOCK_AWS_10,0.0,29.5,13.0,59.0,4.6
2023-11-03,MOCK_AWS_10,0.0,29.6,12.2,54.0,2.7
2023-11-04,MOCK_AWS_10,0.0,29.4,12.5,56.0,5.8
2023-11-05,MOCK_AWS_10,0.0,30.4,14.2,68.0,5.5
2023-11-06,MOCK_AWS_10,0.0,32.3,14.6,57.0,4.4
2023-11-07,MOCK_AWS_10,0.0,30.9,13.0,60.0,6.6
2023-11-08,MOCK_AWS_10,0.0,31.3,12.6,63.0,6.0
2023-11-09,MOCK_AWS_10,0.0,32.2,15.4,62.0,9.3
2023-11-10,MOCK_AWS_10,0.0,29.7,13.9,56.0,6.7
2023-11-11,MOCK_AWS_10,0.0,29.5,12.0,63.0,6.8
2023-11-12,MOCK_AWS_10,0.0,28.0,11.5,65.0,6.5
2023-11-13,MOCK_AWS_10,0.0,24.9,10.2,62.0,6.1
2023-11-14,MOCK_AWS_10,0.0,27.6,10.0,62.0,4.6
2023-11-15,MOCK_AWS_10,0.0,30.7,12.9,53.0,6.4
2023-11-16,MOCK_AWS_10,0.0,27.6,10.8,53.0,6.7
2023-11-17,MOCK_AWS_10,0.7,28.4,11.5,63.0,5.8
2023-11-18,MOCK_AWS_10,0.0,28.6,12.8,56.0,2.9
2023-11-19,MOCK_AWS_10,0.0,30.9,13.8,62.0,6.0
2023-11-20,MOCK_AWS_10,0.0,32.0,14.4,65.0,3.9
2023-11-21,MOCK_AWS_10,0.0,29.9,13.5,60.0,2.4
2023-11-22,MOCK_AWS_10,0.0,26.1,11.0,53.0,3.5
2023-11-23,MOCK_AWS_10,0.0,26.8,9.5,59.0,5.7
2023-11-24,MOCK_AWS_10,0.0,26.7,11.0,58.0,5.3
2023-11-25,MOCK_AWS_10,0.0,27.5,9.9,63.0,2.5
2023-11-26,MOCK_AWS_10,0.0,22.5,6.9,58.0,6.8
2023-11-27,MOCK_AWS_10,,,,,
2023-11-28,MOCK_AWS_10,0.0,22.7,7.4,60.0,7.5
2023-11-29,MOCK_AWS_10,0.0,25.3,8.2,63.0,4.5
2023-11-30,MOCK_AWS_10,0.0,24.4,7.8,64.0,3.9
2023-12-01,MOCK_AWS_10,0.0,24.3,9.0,61.0,3.1
2023-12-02,MOCK_AWS_10,0.0,25.9,10.0,63.0,4.0
2023-12-03,MOCK_AWS_10,0.0,25.6,9.5,66.0,5.0
2023-12-04,MOCK_AWS_10,0.0,25.0,9.0,60.0,5.4
2023-12-05,MOCK_AWS_10,0.0,24.0,10.8,61.0,4.9
2023-12-06,MOCK_AWS_10,0.0,24.3,9.4,54.0,6.1
2023-12-07,MOCK_AWS_10,0.0,24.9,7.1,64.0,9.6
2023-12-08,MOCK_AWS_10,0.0,25.0,8.2,74.0,5.0
2023-12-09,MOCK_AWS_10,0.0,23.2,6.5,57.0,4.7
2023-12-10,MOCK_AWS_10,0.0,20.2,5.4,62.0,6.8
2023-12-11,MOCK_AWS_10,0.0,19.3,3.4,59.0,5.3
2023-12-12,MOCK_AWS_10,0.0,17.1,5.3,67.0,4.9
2023-12-13,MOCK_AWS_10,0.0,19.3,4.0,70.0,5.6
2023-12-14,MOCK_AWS_10,0.0,20.0,5.2,62.0,3.4
2023-12-15,MOCK_AWS_10,0.0,14.0,2.2,76.0,2.3
2023-12-16,MOCK_AWS_10,0.0,16.8,5.6,68.0,1.5
2023-12-17,MOCK_AWS_10,0.0,19.5,6.9,67.0,5.1
2023-12-18,MOCK_AWS_10,0.0,20.8,5.6,58.0,4.8
2023-12-19,MOCK_AWS_10,0.0,22.7,7.9,63.0,6.3
2023-12-20,MOCK_AWS_10,0.0,17.6,6.7,61.0,5.7
2023-12-21,MOCK_AWS_10,0.0,18.1,3.7,63.0,5.8
2023-12-22,MOCK_AWS_10,0.0,18.2,4.7,64.0,4.6
2023-12-23,MOCK_AWS_10,0.0,17.3,4.6,63.0,2.9
2023-12-24,MOCK_AWS_10,0.0,17.7,3.6,68.0,3.4
2023-12-25,MOCK_AWS_10,0.0,20.0,6.1,68.0,3.6
2023-12-26,MOCK_AWS_10,0.0,21.9,7.1,60.0,5.7
2023-12-27,MOCK_AWS_10,0.0,20.4,8.3,73.0,5.8
2023-12-28,MOCK_AWS_10,0.0,24.6,9.8,63.0,4.5
2023-12-29,MOCK_AWS_10,0.0,23.1,8.4,68.0,5.2
2023-12-30,MOCK_AWS_10,0.0,22.7,7.5,66.0,4.0
2023-12-31,MOCK_AWS_10,0.0,22.0,6.6,65.0,2.9
2024-01-01,MOCK_AWS_10,0.0,19.3,5.9,67.0,7.2
2024-01-02,MOCK_AWS_10,0.0,16.9,1.9,69.0,4.6
2024-01-03,MOCK_AWS_10,0.0,20.1,6.6,75.0,8.0
2024-01-04,MOCK_AWS_10,0.0,22.2,8.1,69.0,7.3
2024-01-05,MOCK_AWS_10,0.0,23.3,11.1,71.0,7.8
2024-01-06,MOCK_AWS_10,0.0,25.5,10.3,67.0,11.1
2024-01-07,MOCK_AWS_10,0.0,24.5,9.0,69.0,4.8
2024-01-08,MOCK_AWS_10,0.0,23.3,8.6,62.0,4.8
2024-01-09,MOCK_AWS_10,0.0,23.8,8.0,65.0,4.1
2024-01-10,MOCK_AWS_10,0.0,21.7,8.7,67.0,11.8
2024-01-11,MOCK_AWS_10,0.4,19.9,5.5,72.0,10.1
2024-01-12,MOCK_AWS_10,0.0,20.4,6.4,68.0,9.0
2024-01-13,MOCK_AWS_10,0.0,18.4,4.2,69.0,4.4
2024-01-14,MOCK_AWS_10,,,,,
2024-01-15,MOCK_AWS_10,0.0,21.3,6.6,73.0,4.7
2024-01-16,MOCK_AWS_10,0.0,20.8,6.5,58.0,5.0
2024-01-17,MOCK_AWS_10,0.0,18.6,5.1,74.0,3.4
2024-01-18,MOCK_AWS_10,0.0,20.2,8.7,70.0,4.0
2024-01-19,MOCK_AWS_10,0.0,20.6,8.4,63.0,5.5
2024-01-20,MOCK_AWS_10,0.0,23.7,7.6,56.0,5.7
2024-01-21,MOCK_AWS_10,0.0,24.4,8.4,62.0,3.6
2024-01-22,MOCK_AWS_10,0.0,24.1,10.3,65.0,4.1
2024-01-23,MOCK_AWS_10,0.0,24.9,10.0,64.0,3.7
2024-01-24,MOCK_AWS_10,2.9,18.2,8.3,51.0,1.8
2024-01-25,MOCK_AWS_10,0.0,19.0,5.9,61.0,3.6
2024-01-26,MOCK_AWS_10,0.0,19.8,5.4,74.0,2.9
2024-01-27,MOCK_AWS_10,3.2,18.3,5.4,56.0,10.1
2024-01-28,MOCK_AWS_10,0.0,23.0,7.6,61.0,8.5
2024-01-29,MOCK_AWS_10,2.5,21.2,11.7,56.0,8.1
2024-01-30,MOCK_AWS_10,29.2,17.8,8.3,50.0,7.7
2024-01-31,MOCK_AWS_10,2.3,20.8,12.0,53.0,5.8
2024-02-01,MOCK_AWS_10,0.0,26.1,11.3,66.0,4.1
2024-02-02,MOCK_AWS_10,0.0,25.3,10.5,61.0,5.6
2024-02-03,MOCK_AWS_10,0.5,23.9,10.2,62.0,5.6
2024-02-04,MOCK_AWS_10,1.5,24.6,11.4,51.0,5.1
2024-02-05,MOCK_AWS_10,0.0,25.0,9.6,66.0,4.2
2024-02-06,MOCK_AWS_10,0.0,24.6,10.1,69.0,4.6
2024-02-07,MOCK_AWS_10,0.0,27.9,9.4,64.0,4.5
2024-02-08,MOCK_AWS_10,0.0,27.5,11.4,62.0,6.1
2024-02-09,MOCK_AWS_10,0.0,26.8,10.3,57.0,5.2
2024-02-10,MOCK_AWS_10,4.0,23.0,10.5,53.0,5.7
2024-02-11,MOCK_AWS_10,0.0,23.7,9.6,68.0,3.9
2024-02-12,MOCK_AWS_10,0.0,23.4,8.0,66.0,3.6
2024-02-13,MOCK_AWS_10,0.0,25.6,9.4,59.0,1.9
2024-02-14,MOCK_AWS_10,0.0,25.6,10.0,63.0,5.1
2024-02-15,MOCK_AWS_10,0.0,26.5,9.9,67.0,2.4
2024-02-16,MOCK_AWS_10,0.0,25.6,9.5,65.0,6.8
2024-02-17,MOCK_AWS_10,0.0,26.4,10.1,62.0,9.5
2024-02-18,MOCK_AWS_10,0.0,26.5,10.9,62.0,8.6
2024-02-19,MOCK_AWS_10,0.0,29.8,13.9,62.0,9.1
2024-02-20,MOCK_AWS_10,0.0,23.9,9.8,59.0,12.4
2024-02-21,MOCK_AWS_10,0.0,26.1,12.0,63.0,6.0
2024-02-22,MOCK_AWS_10,0.0,26.6,11.5,59.0,6.3
2024-02-23,MOCK_AWS_10,0.0,27.3,11.1,66.0,10.7
2024-02-24,MOCK_AWS_10,0.0,23.5,8.1,59.0,4.1
2024-02-25,MOCK_AWS_10,0.0,21.7,6.6,62.0,8.4
2024-02-26,MOCK_AWS_10,,,,,
2024-02-27,MOCK_AWS_10,0.0,27.5,11.6,57.0,12.3
2024-02-28,MOCK_AWS_10,0.0,28.1,12.4,52.0,6.5
2024-02-29,MOCK_AWS_10,0.0,31.1,14.0,52.0,4.6
2024-03-01,MOCK_AWS_10,0.0,25.4,9.3,55.0,6.6
2024-03-02,MOCK_AWS_10,0.0,22.1,8.4,54.0,4.3
2024-03-03,MOCK_AWS_10,0.0,21.8,6.5,55.0,7.2
2024-03-04,MOCK_AWS_10,0.0,25.7,10.8,49.0,7.1
2024-03-05,MOCK_AWS_10,0.0,27.2,12.9,62.0,8.5
2024-03-06,MOCK_AWS_10,0.0,28.0,11.8,52.0,11.3
2024-03-07,MOCK_AWS_10,0.0,29.5,14.0,58.0,7.4
2024-03-08,MOCK_AWS_10,0.0,30.7,13.8,55.0,8.0
2024-03-09,MOCK_AWS_10,0.0,32.7,14.8,54.0,10.0
2024-03-10,MOCK_AWS_10,0.0,33.4,17.0,56.0,12.7
2024-03-11,MOCK_AWS_10,0.0,29.9,14.5,51.0,12.0
2024-03-12,MOCK_AWS_10,0.0,30.7,13.6,57.0,10.0
2024-03-13,MOCK_AWS_10,3.9,29.7,15.6,44.0,4.7
2024-03-14,MOCK_AWS_10,0.0,29.6,13.8,54.0,7.1
2024-03-15,MOCK_AWS_10,0.0,26.3,11.8,55.0,7.6
2024-03-16,MOCK_AWS_10,19.1,22.5,12.1,45.0,8.5
2024-03-17,MOCK_AWS_10,0.0,28.4,13.6,56.0,12.0
2024-03-18,MOCK_AWS_10,0.0,31.0,14.3,48.0,8.9
2024-03-19,MOCK_AWS_10,0.0,33.9,17.6,58.0,6.9
2024-03-20,MOCK_AWS_10,0.0,33.1,16.7,51.0,7.8
2024-03-21,MOCK_AWS_10,0.0,32.8,15.8,53.0,8.5
2024-03-22,MOCK_AWS_10,0.0,36.6,21.2,54.0,10.3
2024-03-23,MOCK_AWS_10,,,,,
2024-03-24,MOCK_AWS_10,,,,,
2024-03-25,MOCK_AWS_10,,,,,
2024-03-26,MOCK_AWS_10,,,,,
2024-03-27,MOCK_AWS_10,,,,,
2024-03-28,MOCK_AWS_10,,,,,
2024-03-29,MOCK_AWS_10,,,,,
2024-03-30,MOCK_AWS_10,,,,,
2024-03-31,MOCK_AWS_10,,,,,
2024-04-01,MOCK_AWS_10,,,,,
2024-04-02,MOCK_AWS_10,,,,,
2024-04-03,MOCK_AWS_10,,,,,
2024-04-04,MOCK_AWS_10,,,,,
2024-04-05,MOCK_AWS_10,,,,,
2024-04-06,MOCK_AWS_10,,,,,
2024-04-07,MOCK_AWS_10,,,,,
2024-04-08,MOCK_AWS_10,,,,,
2024-04-09,MOCK_AWS_10,,,,,
2024-04-10,MOCK_AWS_10,,,,,
2024-04-11,MOCK_AWS_10,,,,,
2024-04-12,MOCK_AWS_10,,,,,
2024-04-13,MOCK_AWS_10,,,,,
2024-04-14,MOCK_AWS_10,,,,,
2024-04-15,MOCK_AWS_10,,,,,
2024-04-16,MOCK_AWS_10,,,,,
2024-04-17,MOCK_AWS_10,,,,,
2024-04-18,MOCK_AWS_10,,,,,
2024-04-19,MOCK_AWS_10,,,,,
2024-04-20,MOCK_AWS_10,,,,,
2024-04-21,MOCK_AWS_10,,,,,
2024-04-22,MOCK_AWS_10,2.2,41.9,26.1,37.0,14.8
2024-04-23,MOCK_AWS_10,0.0,39.1,23.1,41.0,17.6
2024-04-24,MOCK_AWS_10,0.0,36.7,20.8,37.0,11.5
2024-04-25,MOCK_AWS_10,0.0,40.0,22.2,39.0,10.8
2024-04-26,MOCK_AWS_10,0.0,37.5,21.5,42.0,10.9
2024-04-27,MOCK_AWS_10,0.0,37.3,20.9,45.0,7.2
2024-04-28,MOCK_AWS_10,0.0,39.2,23.0,40.0,6.6
2024-04-29,MOCK_AWS_10,0.0,39.7,22.0,42.0,10.8
2024-04-30,MOCK_AWS_10,0.0,38.1,20.7,40.0,7.2
2024-05-01,MOCK_AWS_10,0.0,35.9,20.2,39.0,10.1
2024-05-02,MOCK_AWS_10,0.0,35.9,20.8,40.0,5.2
2024-05-03,MOCK_AWS_10,0.0,38.0,22.2,40.0,5.1
2024-05-04,MOCK_AWS_10,0.0,38.0,20.6,39.0,10.8
2024-05-05,MOCK_AWS_10,36.6,34.5,26.3,32.0,6.1
2024-05-06,MOCK_AWS_10,0.0,41.4,25.1,41.0,7.8
2024-05-07,MOCK_AWS_10,0.0,42.7,25.2,39.0,11.2
2024-05-08,MOCK_AWS_10,0.0,40.7,25.3,38.0,12.3
2024-05-09,MOCK_AWS_10,0.0,42.1,24.8,38.0,20.2
2024-05-10,MOCK_AWS_10,0.0,41.8,25.3,39.0,13.4
2024-05-11,MOCK_AWS_10,0.0,41.9,25.5,42.0,13.2
2024-05-12,MOCK_AWS_10,,,,,
2024-05-13,MOCK_AWS_10,0.0,45.8,27.3,43.0,17.9
2024-05-14,MOCK_AWS_10,0.0,44.4,28.2,36.0,15.8
2024-05-15,MOCK_AWS_10,0.0,42.4,25.5,41.0,15.1
2024-05-16,MOCK_AWS_10,0.0,40.1,26.0,35.0,26.7
2024-05-17,MOCK_AWS_10,0.0,40.3,24.8,37.0,9.2
2024-05-18,MOCK_AWS_10,0.0,40.3,24.5,38.0,14.8
2024-05-19,MOCK_AWS_10,0.0,41.5,26.6,36.0,9.7
2024-05-20,MOCK_AWS_10,0.0,44.4,27.8,39.0,17.5
2024-05-21,MOCK_AWS_10,0.0,43.4,28.1,44.0,10.1
2024-05-22,MOCK_AWS_10,0.0,42.6,27.0,46.0,13.5
2024-05-23,MOCK_AWS_10,0.0,38.9,25.0,42.0,12.8
2024-05-24,MOCK_AWS_10,0.0,39.2,25.6,40.0,10.5
2024-05-25,MOCK_AWS_10,0.0,40.1,26.2,44.0,13.4
2024-05-26,MOCK_AWS_10,0.0,38.2,25.2,41.0,11.0
2024-05-27,MOCK_AWS_10,0.0,38.6,25.8,42.0,10.6
2024-05-28,MOCK_AWS_10,0.0,41.2,28.5,44.0,8.9
2024-05-29,MOCK_AWS_10,,,,,
2024-05-30,MOCK_AWS_10,0.0,40.2,27.0,41.0,11.5
2024-05-31,MOCK_AWS_10,0.0,42.2,27.8,45.0,10.6
2024-06-01,MOCK_AWS_10,0.0,45.1,29.6,43.0,10.4
2024-06-02,MOCK_AWS_10,0.0,46.0,29.7,48.0,9.8
2024-06-03,MOCK_AWS_10,0.0,41.6,27.5,39.0,7.0
2024-06-04,MOCK_AWS_10,0.0,44.4,29.8,45.0,12.1
2024-06-05,MOCK_AWS_10,0.0,41.2,27.2,41.0,12.6
2024-06-06,MOCK_AWS_10,0.0,39.8,27.4,44.0,11.3
2024-06-07,MOCK_AWS_10,,,,,
2024-06-08,MOCK_AWS_10,0.0,37.1,24.7,44.0,14.5
2024-06-09,MOCK_AWS_10,0.0,39.8,25.9,51.0,11.9
2024-06-10,MOCK_AWS_10,0.0,38.3,24.4,45.0,12.0
2024-06-11,MOCK_AWS_10,0.0,38.6,26.3,48.0,12.4
2024-06-12,MOCK_AWS_10,0.0,37.3,24.8,50.0,7.5
2024-06-13,MOCK_AWS_10,0.0,38.4,26.0,43.0,9.9
2024-06-14,MOCK_AWS_10,0.0,38.7,25.8,43.0,12.8
2024-06-15,MOCK_AWS_10,0.0,40.4,26.3,50.0,12.8
2024-06-16,MOCK_AWS_10,0.0,38.2,27.1,55.0,12.6
2024-06-17,MOCK_AWS_10,0.0,38.5,26.8,59.0,13.9
2024-06-18,MOCK_AWS_10,0.0,38.5,25.7,49.0,8.9
2024-06-19,MOCK_AWS_10,0.0,35.9,25.7,51.0,18.0
2024-06-20,MOCK_AWS_10,8.3,35.2,26.1,43.0,14.8
2024-06-21,MOCK_AWS_10,19.1,35.3,29.5,47.0,11.7
2024-06-22,MOCK_AWS_10,8.3,34.3,25.5,40.0,9.6
2024-06-23,MOCK_AWS_10,2.0,34.0,24.0,47.0,8.0
2024-06-24,MOCK_AWS_10,0.0,39.4,26.9,59.0,11.8
2024-06-25,MOCK_AWS_10,,,,,
2024-06-26,MOCK_AWS_10,0.0,37.0,27.3,61.0,15.1
2024-06-27,MOCK_AWS_10,,,,,
2024-06-28,MOCK_AWS_10,0.0,40.8,29.8,61.0,9.2
2024-06-29,MOCK_AWS_10,61.6,31.9,26.7,47.0,6.3
2024-06-30,MOCK_AWS_10,0.0,36.2,26.5,58.0,10.2
2024-07-01,MOCK_AWS_10,,,,,
2024-07-02,MOCK_AWS_10,0.0,33.7,25.4,64.0,8.9
2024-07-03,MOCK_AWS_10,0.0,34.3,24.7,54.0,10.9
2024-07-04,MOCK_AWS_10,32.8,27.2,24.4,46.0,8.4
2024-07-05,MOCK_AWS_10,0.7,31.0,22.5,66.0,9.7
2024-07-06,MOCK_AWS_10,0.0,32.2,22.8,64.0,11.5
2024-07-07,MOCK_AWS_10,0.0,35.2,26.0,68.0,5.9
2024-07-08,MOCK_AWS_10,0.0,34.5,25.1,64.0,3.9
2024-07-09,MOCK_AWS_10,0.0,31.2,22.4,60.0,4.9
2024-07-10,MOCK_AWS_10,,,,,
2024-07-11,MOCK_AWS_10,0.4,29.7,21.7,74.0,4.8
2024-07-12,MOCK_AWS_10,0.0,33.6,26.2,72.0,5.1
2024-07-13,MOCK_AWS_10,0.0,33.8,24.8,77.0,4.7
2024-07-14,MOCK_AWS_10,0.0,33.9,24.9,71.0,8.5
2024-07-15,MOCK_AWS_10,0.0,32.0,25.3,74.0,14.6
2024-07-16,MOCK_AWS_10,0.0,33.2,26.1,70.0,11.7
2024-07-17,MOCK_AWS_10,0.0,34.3,25.9,75.0,11.9
2024-07-18,MOCK_AWS_10,0.0,31.0,23.0,72.0,6.3
2024-07-19,MOCK_AWS_10,10.0,26.0,23.0,64.0,13.5
2024-07-20,MOCK_AWS_10,0.0,33.4,24.7,68.0,12.2
2024-07-21,MOCK_AWS_10,0.0,31.7,22.3,69.0,4.1
2024-07-22,MOCK_AWS_10,0.0,33.7,24.0,68.0,6.9
2024-07-23,MOCK_AWS_10,0.0,32.4,25.3,79.0,10.2
2024-07-24,MOCK_AWS_10,5.8,29.9,23.1,61.0,4.4
2024-07-25,MOCK_AWS_10,0.0,33.0,25.0,66.0,7.1
2024-07-26,MOCK_AWS_10,0.0,31.8,24.2,78.0,8.5
2024-07-27,MOCK_AWS_10,0.0,35.5,27.1,75.0,6.2
2024-07-28,MOCK_AWS_10,0.0,37.4,27.6,70.0,11.5
2024-07-29,MOCK_AWS_10,0.0,36.3,28.0,76.0,6.4
2024-07-30,MOCK_AWS_10,0.0,37.9,29.1,78.0,7.0
2024-07-31,MOCK_AWS_10,2.7,36.1,28.3,63.0,11.1
2024-08-01,MOCK_AWS_10,40.2,31.8,28.3,58.0,6.7
2024-08-02,MOCK_AWS_10,0.0,38.0,28.8,80.0,9.8
2024-08-03,MOCK_AWS_10,0.0,37.4,28.3,73.0,9.0
2024-08-04,MOCK_AWS_10,0.0,37.6,27.6,81.0,6.7
2024-08-05,MOCK_AWS_10,0.0,37.2,27.1,77.0,7.0
2024-08-06,MOCK_AWS_10,0.0,37.2,28.4,79.0,5.7
2024-08-07,MOCK_AWS_10,0.0,39.5,30.1,76.0,8.5
2024-08-08,MOCK_AWS_10,0.0,40.1,31.3,84.0,10.0
2024-08-09,MOCK_AWS_10,45.1,30.4,27.8,60.0,8.7
2024-08-10,MOCK_AWS_10,0.0,36.1,27.2,87.0,12.5
2024-08-11,MOCK_AWS_10,0.0,34.1,26.3,79.0,10.8
2024-08-12,MOCK_AWS_10,64.2,23.6,22.0,63.0,9.6
2024-08-13,MOCK_AWS_10,0.0,35.6,26.0,79.0,12.1
2024-08-14,MOCK_AWS_10,0.0,32.4,25.5,78.0,14.2
2024-08-15,MOCK_AWS_10,0.0,35.1,26.0,68.0,17.8
2024-08-16,MOCK_AWS_10,0.0,30.8,24.6,86.0,11.8
2024-08-17,MOCK_AWS_10,0.0,32.6,23.3,78.0,7.5
2024-08-18,MOCK_AWS_10,0.0,32.2,24.6,77.0,11.7
2024-08-19,MOCK_AWS_10,0.0,34.9,26.1,80.0,8.5
2024-08-20,MOCK_AWS_10,0.0,34.9,25.7,72.0,5.7
2024-08-21,MOCK_AWS_10,0.0,34.7,26.4,85.0,5.0
2024-08-22,MOCK_AWS_10,0.0,35.0,26.5,71.0,8.5
2024-08-23,MOCK_AWS_10,0.0,34.3,24.9,77.0,8.9
2024-08-24,MOCK_AWS_10,0.0,32.1,24.2,71.0,7.1
2024-08-25,MOCK_AWS_10,0.0,34.3,26.6,75.0,7.5
2024-08-26,MOCK_AWS_10,0.0,33.2,24.4,75.0,5.0
2024-08-27,MOCK_AWS_10,0.0,32.8,23.1,81.0,5.7
2024-08-28,MOCK_AWS_10,0.0,31.3,22.6,79.0,6.2
2024-08-29,MOCK_AWS_10,0.0,32.5,23.8,81.0,8.8
2024-08-30,MOCK_AWS_10,0.0,34.5,23.7,71.0,8.1
2024-08-31,MOCK_AWS_10,0.0,33.7,25.0,70.0,6.5
2024-09-01,MOCK_AWS_10,0.0,30.8,21.9,76.0,7.1
2024-09-02,MOCK_AWS_10,0.0,33.1,23.2,74.0,7.9
2024-09-03,MOCK_AWS_10,0.0,34.0,22.5,84.0,5.0
2024-09-04,MOCK_AWS_10,0.0,36.3,25.7,69.0,4.5
2024-09-05,MOCK_AWS_10,0.0,37.1,26.3,75.0,2.5
2024-09-06,MOCK_AWS_10,0.0,36.6,27.6,71.0,5.4
2024-09-07,MOCK_AWS_10,,,,,
2024-09-08,MOCK_AWS_10,0.0,29.4,22.1,68.0,4.3
2024-09-09,MOCK_AWS_10,0.0,34.1,24.1,77.0,5.5
2024-09-10,MOCK_AWS_10,127.8,26.9,23.7,60.0,4.1
2024-09-11,MOCK_AWS_10,0.0,31.9,21.8,76.0,10.0
2024-09-12,MOCK_AWS_10,0.0,30.3,21.8,67.0,7.6
2024-09-13,MOCK_AWS_10,0.0,31.5,20.7,70.0,9.7
2024-09-14,MOCK_AWS_10,0.0,32.0,21.3,74.0,7.8
2024-09-15,MOCK_AWS_10,0.0,29.4,20.5,65.0,11.6
2024-09-16,MOCK_AWS_10,0.0,33.4,23.0,82.0,17.4
2024-09-17,MOCK_AWS_10,0.0,33.7,22.6,63.0,9.0
2024-09-18,MOCK_AWS_10,0.0,34.7,24.8,68.0,10.4
2024-09-19,MOCK_AWS_10,0.0,37.9,25.1,68.0,8.5
2024-09-20,MOCK_AWS_10,0.0,33.8,23.1,71.0,5.6
2024-09-21,MOCK_AWS_10,0.0,36.6,23.6,61.0,6.1
2024-09-22,MOCK_AWS_10,0.0,35.1,22.1,73.0,8.5
2024-09-23,MOCK_AWS_10,0.0,35.6,22.2,66.0,4.9
2024-09-24,MOCK_AWS_10,0.0,36.7,24.1,68.0,6.3
2024-09-25,MOCK_AWS_10,0.0,34.0,22.7,61.0,5.3
2024-09-26,MOCK_AWS_10,0.0,34.5,20.6,68.0,5.1
2024-09-27,MOCK_AWS_10,0.0,31.9,19.1,63.0,8.1
2024-09-28,MOCK_AWS_10,0.0,31.9,21.0,61.0,5.7
2024-09-29,MOCK_AWS_10,0.0,33.2,20.2,69.0,11.6
2024-09-30,MOCK_AWS_10,4.8,28.0,18.6,54.0,8.5
2024-10-01,MOCK_AWS_10,,,,,
2024-10-02,MOCK_AWS_10,0.0,31.5,17.7,67.0,8.0
2024-10-03,MOCK_AWS_10,0.0,30.1,17.2,70.0,6.3
2024-10-04,MOCK_AWS_10,0.0,32.6,17.1,64.0,11.4
2024-10-05,MOCK_AWS_10,0.0,32.2,18.1,54.0,9.0
2024-10-06,MOCK_AWS_10,0.0,33.2,19.1,60.0,6.6
2024-10-07,MOCK_AWS_10,0.0,33.3,20.0,59.0,6.7
2024-10-08,MOCK_AWS_10,0.0,32.9,18.1,67.0,6.6
2024-10-09,MOCK_AWS_10,0.0,34.2,19.0,67.0,5.8
2024-10-10,MOCK_AWS_10,0.0,34.8,18.7,64.0,6.7
2024-10-11,MOCK_AWS_10,0.0,35.9,19.2,60.0,6.1
2024-10-12,MOCK_AWS_10,0.0,33.9,19.1,55.0,6.4
2024-10-13,MOCK_AWS_10,0.0,30.3,15.6,57.0,8.5
2024-10-14,MOCK_AWS_10,0.0,35.0,18.4,64.0,4.2
2024-10-15,MOCK_AWS_10,0.0,32.5,16.8,60.0,2.7
2024-10-16,MOCK_AWS_10,0.0,30.9,14.3,57.0,2.8
2024-10-17,MOCK_AWS_10,0.0,33.0,16.8,57.0,4.4
2024-10-18,MOCK_AWS_10,0.0,33.2,17.1,60.0,5.6
2024-10-19,MOCK_AWS_10,0.0,34.2,17.8,55.0,4.9
2024-10-20,MOCK_AWS_10,0.0,30.0,14.7,55.0,3.9
2024-10-21,MOCK_AWS_10,0.0,29.2,13.5,56.0,7.2
2024-10-22,MOCK_AWS_10,0.0,30.5,13.3,55.0,6.3
2024-10-23,MOCK_AWS_10,0.0,29.5,13.3,63.0,4.0
2024-10-24,MOCK_AWS_10,0.0,28.1,12.7,67.0,3.9
2024-10-25,MOCK_AWS_10,0.0,30.8,14.4,65.0,4.5
2024-10-26,MOCK_AWS_10,0.0,33.2,16.1,57.0,4.1
2024-10-27,MOCK_AWS_10,0.0,30.5,14.4,58.0,6.6
2024-10-28,MOCK_AWS_10,0.0,31.9,15.5,59.0,6.7
2024-10-29,MOCK_AWS_10,0.0,28.6,11.9,58.0,3.9
2024-10-30,MOCK_AWS_10,0.0,30.4,15.1,58.0,4.4
2024-10-31,MOCK_AWS_10,0.6,27.8,13.2,64.0,5.7
2024-11-01,MOCK_AWS_10,0.0,28.1,11.8,61.0,4.8
2024-11-02,MOCK_AWS_10,0.0,31.9,14.6,62.0,4.3
2024-11-03,MOCK_AWS_10,0.0,31.8,13.5,60.0,3.2
2024-11-04,MOCK_AWS_10,,,,,
2024-11-05,MOCK_AWS_10,0.0,27.6,11.5,54.0,3.2
2024-11-06,MOCK_AWS_10,0.0,28.1,11.3,57.0,3.5
2024-11-07,MOCK_AWS_10,0.0,24.6,9.1,58.0,5.1
2024-11-08,MOCK_AWS_10,0.0,22.7,5.9,56.0,4.2
2024-11-09,MOCK_AWS_10,0.0,25.1,7.4,59.0,5.0
2024-11-10,MOCK_AWS_10,0.0,27.4,10.9,63.0,5.2
2024-11-11,MOCK_AWS_10,0.0,29.7,12.8,59.0,2.7
2024-11-12,MOCK_AWS_10,0.0,31.9,14.2,60.0,3.9
2024-11-13,MOCK_AWS_10,0.0,30.9,12.8,60.0,2.8
2024-11-14,MOCK_AWS_10,0.0,30.8,12.7,59.0,3.2
2024-11-15,MOCK_AWS_10,0.0,29.8,12.2,67.0,4.5
2024-11-16,MOCK_AWS_10,0.0,28.4,12.6,58.0,5.0
2024-11-17,MOCK_AWS_10,,,,,
2024-11-18,MOCK_AWS_10,0.0,29.2,11.3,58.0,6.4
2024-11-19,MOCK_AWS_10,0.0,27.3,10.9,58.0,5.1
2024-11-20,MOCK_AWS_10,0.0,31.3,12.6,62.0,4.5
2024-11-21,MOCK_AWS_10,0.0,27.7,11.4,57.0,5.3
2024-11-22,MOCK_AWS_10,0.0,26.9,11.3,62.0,5.0
2024-11-23,MOCK_AWS_10,0.0,24.1,8.4,63.0,4.1
2024-11-24,MOCK_AWS_10,0.0,22.1,6.3,59.0,3.3
2024-11-25,MOCK_AWS_10,0.0,22.3,6.4,65.0,7.1
2024-11-26,MOCK_AWS_10,0.0,25.7,9.4,63.0,5.1
2024-11-27,MOCK_AWS_10,0.0,24.8,9.0,64.0,6.0
2024-11-28,MOCK_AWS_10,2.2,23.6,8.7,54.0,3.5
2024-11-29,MOCK_AWS_10,0.0,27.1,9.6,65.0,4.1
2024-11-30,MOCK_AWS_10,0.0,26.5,10.1,66.0,3.6
2024-12-01,MOCK_AWS_10,,,,,
2024-12-02,MOCK_AWS_10,0.0,24.6,9.6,63.0,4.9
2024-12-03,MOCK_AWS_10,0.0,24.3,7.2,65.0,3.3
2024-12-04,MOCK_AWS_10,,,,,
2024-12-05,MOCK_AWS_10,0.0,21.4,5.2,64.0,4.6
2024-12-06,MOCK_AWS_10,0.0,22.5,6.4,63.0,3.7
2024-12-07,MOCK_AWS_10,0.0,22.9,8.0,60.0,5.9
2024-12-08,MOCK_AWS_10,0.0,20.6,6.6,67.0,6.6
2024-12-09,MOCK_AWS_10,0.0,22.1,6.8,61.0,5.6
2024-12-10,MOCK_AWS_10,0.0,24.5,9.4,65.0,9.4
2024-12-11,MOCK_AWS_10,0.0,25.4,9.2,64.0,8.8
2024-12-12,MOCK_AWS_10,0.0,23.8,7.1,62.0,9.3
2024-12-13,MOCK_AWS_10,0.0,22.1,6.8,66.0,4.1
2024-12-14,MOCK_AWS_10,0.0,23.1,8.1,68.0,6.5
2024-12-15,MOCK_AWS_10,0.0,21.4,6.5,65.0,5.0
2024-12-16,MOCK_AWS_10,0.0,23.7,7.7,73.0,4.0
2024-12-17,MOCK_AWS_10,0.0,23.6,8.5,79.0,2.9
2024-12-18,MOCK_AWS_10,0.0,26.5,11.9,73.0,3.9
2024-12-19,MOCK_AWS_10,0.0,23.7,8.0,68.0,4.7
2024-12-20,MOCK_AWS_10,0.0,23.2,8.0,70.0,5.7
2024-12-21,MOCK_AWS_10,0.0,23.6,8.5,69.0,3.5
2024-12-22,MOCK_AWS_10,0.0,20.0,6.2,62.0,4.5
2024-12-23,MOCK_AWS_10,0.0,18.6,7.4,63.0,2.1
2024-12-24,MOCK_AWS_10,0.0,17.8,4.0,60.0,3.8
2024-12-25,MOCK_AWS_10,0.0,17.5,1.4,64.0,2.1
2024-12-26,MOCK_AWS_10,,,,,
2024-12-27,MOCK_AWS_10,0.0,19.8,5.6,72.0,6.4
2024-12-28,MOCK_AWS_10,1.7,14.4,4.4,56.0,6.2
2024-12-29,MOCK_AWS_10,6.6,12.2,5.1,51.0,5.0
2024-12-30,MOCK_AWS_10,0.0,19.3,5.0,71.0,6.3
2024-12-31,MOCK_AWS_10,0.0,21.6,6.9,68.0,6.0
2023-01-01,MOCK_ARG_11,0.0,,,,
2023-01-02,MOCK_ARG_11,0.0,,,,
2023-01-03,MOCK_ARG_11,0.0,,,,
2023-01-04,MOCK_ARG_11,0.0,,,,
2023-01-05,MOCK_ARG_11,0.0,,,,
2023-01-06,MOCK_ARG_11,0.0,,,,
2023-01-07,MOCK_ARG_11,0.0,,,,
2023-01-08,MOCK_ARG_11,0.0,,,,
2023-01-09,MOCK_ARG_11,0.0,,,,
2023-01-10,MOCK_ARG_11,0.0,,,,
2023-01-11,MOCK_ARG_11,0.0,,,,
2023-01-12,MOCK_ARG_11,0.0,,,,
2023-01-13,MOCK_ARG_11,0.0,,,,
2023-01-14,MOCK_ARG_11,0.0,,,,
2023-01-15,MOCK_ARG_11,0.0,,,,
2023-01-16,MOCK_ARG_11,0.0,,,,
2023-01-17,MOCK_ARG_11,0.0,,,,
2023-01-18,MOCK_ARG_11,0.0,,,,
2023-01-19,MOCK_ARG_11,0.0,,,,
2023-01-20,MOCK_ARG_11,5.5,,,,
2023-01-21,MOCK_ARG_11,0.0,,,,
2023-01-22,MOCK_ARG_11,0.0,,,,
2023-01-23,MOCK_ARG_11,0.0,,,,
2023-01-24,MOCK_ARG_11,0.0,,,,
2023-01-25,MOCK_ARG_11,0.0,,,,
2023-01-26,MOCK_ARG_11,0.0,,,,
2023-01-27,MOCK_ARG_11,0.0,,,,
2023-01-28,MOCK_ARG_11,0.0,,,,
2023-01-29,MOCK_ARG_11,0.0,,,,
2023-01-30,MOCK_ARG_11,0.0,,,,
2023-01-31,MOCK_ARG_11,0.0,,,,
2023-02-01,MOCK_ARG_11,0.0,,,,
2023-02-02,MOCK_ARG_11,0.0,,,,
2023-02-03,MOCK_ARG_11,0.0,,,,
2023-02-04,MOCK_ARG_11,0.0,,,,
2023-02-05,MOCK_ARG_11,0.0,,,,
2023-02-06,MOCK_ARG_11,0.0,,,,
2023-02-07,MOCK_ARG_11,0.0,,,,
2023-02-08,MOCK_ARG_11,0.0,,,,
2023-02-09,MOCK_ARG_11,0.0,,,,
2023-02-10,MOCK_ARG_11,0.0,,,,
2023-02-11,MOCK_ARG_11,0.0,,,,
2023-02-12,MOCK_ARG_11,0.0,,,,
2023-02-13,MOCK_ARG_11,0.0,,,,
2023-02-14,MOCK_ARG_11,0.0,,,,
2023-02-15,MOCK_ARG_11,0.0,,,,
2023-02-16,MOCK_ARG_11,0.0,,,,
2023-02-17,MOCK_ARG_11,0.0,,,,
2023-02-18,MOCK_ARG_11,0.0,,,,
2023-02-19,MOCK_ARG_11,0.0,,,,
2023-02-20,MOCK_ARG_11,0.0,,,,
2023-02-21,MOCK_ARG_11,0.0,,,,
2023-02-22,MOCK_ARG_11,3.5,,,,
2023-02-23,MOCK_ARG_11,0.0,,,,
2023-02-24,MOCK_ARG_11,0.0,,,,
2023-02-25,MOCK_ARG_11,0.0,,,,
2023-02-26,MOCK_ARG_11,0.0,,,,
2023-02-27,MOCK_ARG_11,0.0,,,,
2023-02-28,MOCK_ARG_11,0.0,,,,
2023-03-01,MOCK_ARG_11,0.0,,,,
2023-03-02,MOCK_ARG_11,0.0,,,,
2023-03-03,MOCK_ARG_11,,,,,
2023-03-04,MOCK_ARG_11,0.0,,,,
2023-03-05,MOCK_ARG_11,0.0,,,,
2023-03-06,MOCK_ARG_11,0.0,,,,
2023-03-07,MOCK_ARG_11,0.0,,,,
2023-03-08,MOCK_ARG_11,,,,,
2023-03-09,MOCK_ARG_11,0.0,,,,
2023-03-10,MOCK_ARG_11,0.0,,,,
2023-03-11,MOCK_ARG_11,0.0,,,,
2023-03-12,MOCK_ARG_11,0.0,,,,
2023-03-13,MOCK_ARG_11,0.0,,,,
2023-03-14,MOCK_ARG_11,0.0,,,,
2023-03-15,MOCK_ARG_11,0.0,,,,
2023-03-16,MOCK_ARG_11,0.0,,,,
2023-03-17,MOCK_ARG_11,0.5,,,,
2023-03-18,MOCK_ARG_11,6.0,,,,
2023-03-19,MOCK_ARG_11,0.0,,,,
2023-03-20,MOCK_ARG_11,6.0,,,,
2023-03-21,MOCK_ARG_11,0.0,,,,
2023-03-22,MOCK_ARG_11,0.0,,,,
2023-03-23,MOCK_ARG_11,0.0,,,,
2023-03-24,MOCK_ARG_11,0.0,,,,
2023-03-25,MOCK_ARG_11,0.0,,,,
2023-03-26,MOCK_ARG_11,0.0,,,,
2023-03-27,MOCK_ARG_11,,,,,
2023-03-28,MOCK_ARG_11,0.0,,,,
2023-03-29,MOCK_ARG_11,0.0,,,,
2023-03-30,MOCK_ARG_11,0.0,,,,
2023-03-31,MOCK_ARG_11,5.0,,,,
2023-04-01,MOCK_ARG_11,0.0,,,,
2023-04-02,MOCK_ARG_11,0.0,,,,
2023-04-03,MOCK_ARG_11,0.0,,,,
2023-04-04,MOCK_ARG_11,0.0,,,,
2023-04-05,MOCK_ARG_11,0.0,,,,
2023-04-06,MOCK_ARG_11,,,,,
2023-04-07,MOCK_ARG_11,0.0,,,,
2023-04-08,MOCK_ARG_11,0.0,,,,
2023-04-09,MOCK_ARG_11,0.0,,,,
2023-04-10,MOCK_ARG_11,0.0,,,,
2023-04-11,MOCK_ARG_11,0.0,,,,
2023-04-12,MOCK_ARG_11,0.0,,,,
2023-04-13,MOCK_ARG_11,0.0,,,,
2023-04-14,MOCK_ARG_11,3.5,,,,
2023-04-15,MOCK_ARG_11,0.0,,,,
2023-04-16,MOCK_ARG_11,,,,,
2023-04-17,MOCK_ARG_11,0.0,,,,
2023-04-18,MOCK_ARG_11,0.0,,,,
2023-04-19,MOCK_ARG_11,0.0,,,,
2023-04-20,MOCK_ARG_11,0.0,,,,
2023-04-21,MOCK_ARG_11,0.0,,,,
2023-04-22,MOCK_ARG_11,0.0,,,,
2023-04-23,MOCK_ARG_11,0.0,,,,
2023-04-24,MOCK_ARG_11,0.0,,,,
2023-04-25,MOCK_ARG_11,,,,,
2023-04-26,MOCK_ARG_11,0.0,,,,
2023-04-27,MOCK_ARG_11,0.0,,,,
2023-04-28,MOCK_ARG_11,0.0,,,,
2023-04-29,MOCK_ARG_11,0.0,,,,
2023-04-30,MOCK_ARG_11,0.0,,,,
2023-05-01,MOCK_ARG_11,0.0,,,,
2023-05-02,MOCK_ARG_11,0.0,,,,
2023-05-03,MOCK_ARG_11,0.0,,,,
2023-05-04,MOCK_ARG_11,0.0,,,,
2023-05-05,MOCK_ARG_11,0.5,,,,
2023-05-06,MOCK_ARG_11,0.0,,,,
2023-05-07,MOCK_ARG_11,0.0,,,,
2023-05-08,MOCK_ARG_11,0.0,,,,
2023-05-09,MOCK_ARG_11,0.0,,,,
2023-05-10,MOCK_ARG_11,0.0,,,,
2023-05-11,MOCK_ARG_11,0.0,,,,
2023-05-12,MOCK_ARG_11,0.0,,,,
2023-05-13,MOCK_ARG_11,0.0,,,,
2023-05-14,MOCK_ARG_11,0.0,,,,
2023-05-15,MOCK_ARG_11,0.0,,,,
2023-05-16,MOCK_ARG_11,8.0,,,,
2023-05-17,MOCK_ARG_11,0.0,,,,
2023-05-18,MOCK_ARG_11,0.0,,,,
2023-05-19,MOCK_ARG_11,0.0,,,,
2023-05-20,MOCK_ARG_11,0.0,,,,
2023-05-21,MOCK_ARG_11,0.0,,,,
2023-05-22,MOCK_ARG_11,0.0,,,,
2023-05-23,MOCK_ARG_11,0.0,,,,
2023-05-24,MOCK_ARG_11,0.0,,,,
2023-05-25,MOCK_ARG_11,0.0,,,,
2023-05-26,MOCK_ARG_11,0.0,,,,
2023-05-27,MOCK_ARG_11,0.0,,,,
2023-05-28,MOCK_ARG_11,0.0,,,,
2023-05-29,MOCK_ARG_11,0.0,,,,
2023-05-30,MOCK_ARG_11,11.0,,,,
2023-05-31,MOCK_ARG_11,5.0,,,,
2023-06-01,MOCK_ARG_11,0.0,,,,
2023-06-02,MOCK_ARG_11,0.0,,,,
2023-06-03,MOCK_ARG_11,0.0,,,,
2023-06-04,MOCK_ARG_11,0.0,,,,
2023-06-05,MOCK_ARG_11,0.0,,,,
2023-06-06,MOCK_ARG_11,0.0,,,,
2023-06-07,MOCK_ARG_11,0.0,,,,
2023-06-08,MOCK_ARG_11,3.0,,,,
2023-06-09,MOCK_ARG_11,0.0,,,,
2023-06-10,MOCK_ARG_11,0.0,,,,
2023-06-11,MOCK_ARG_11,3.5,,,,
2023-06-12,MOCK_ARG_11,0.0,,,,
2023-06-13,MOCK_ARG_11,0.0,,,,
2023-06-14,MOCK_ARG_11,0.0,,,,
2023-06-15,MOCK_ARG_11,0.0,,,,
2023-06-16,MOCK_ARG_11,0.0,,,,
2023-06-17,MOCK_ARG_11,0.0,,,,
2023-06-18,MOCK_ARG_11,0.0,,,,
2023-06-19,MOCK_ARG_11,0.0,,,,
2023-06-20,MOCK_ARG_11,0.0,,,,
2023-06-21,MOCK_ARG_11,0.0,,,,
2023-06-22,MOCK_ARG_11,0.0,,,,
2023-06-23,MOCK_ARG_11,0.0,,,,
2023-06-24,MOCK_ARG_11,0.0,,,,
2023-06-25,MOCK_ARG_11,0.0,,,,
2023-06-26,MOCK_ARG_11,0.0,,,,
2023-06-27,MOCK_ARG_11,3.5,,,,
2023-06-28,MOCK_ARG_11,0.0,,,,
2023-06-29,MOCK_ARG_11,0.0,,,,
2023-06-30,MOCK_ARG_11,0.0,,,,
2023-07-01,MOCK_ARG_11,0.0,,,,
2023-07-02,MOCK_ARG_11,0.0,,,,
2023-07-03,MOCK_ARG_11,,,,,
2023-07-04,MOCK_ARG_11,0.0,,,,
2023-07-05,MOCK_ARG_11,0.0,,,,
2023-07-06,MOCK_ARG_11,0.5,,,,
2023-07-07,MOCK_ARG_11,0.0,,,,
2023-07-08,MOCK_ARG_11,0.0,,,,
2023-07-09,MOCK_ARG_11,,,,,
2023-07-10,MOCK_ARG_11,0.0,,,,
2023-07-11,MOCK_ARG_11,0.0,,,,
2023-07-12,MOCK_ARG_11,0.0,,,,
2023-07-13,MOCK_ARG_11,0.0,,,,
2023-07-14,MOCK_ARG_11,,,,,
2023-07-15,MOCK_ARG_11,0.0,,,,
2023-07-16,MOCK_ARG_11,0.0,,,,
2023-07-17,MOCK_ARG_11,0.0,,,,
2023-07-18,MOCK_ARG_11,0.0,,,,
2023-07-19,MOCK_ARG_11,0.0,,,,
2023-07-20,MOCK_ARG_11,0.0,,,,
2023-07-21,MOCK_ARG_11,0.5,,,,
2023-07-22,MOCK_ARG_11,0.0,,,,
2023-07-23,MOCK_ARG_11,0.0,,,,
2023-07-24,MOCK_ARG_11,0.0,,,,
2023-07-25,MOCK_ARG_11,0.5,,,,
2023-07-26,MOCK_ARG_11,0.0,,,,
2023-07-27,MOCK_ARG_11,,,,,
2023-07-28,MOCK_ARG_11,0.0,,,,
2023-07-29,MOCK_ARG_11,0.0,,,,
2023-07-30,MOCK_ARG_11,0.0,,,,
2023-07-31,MOCK_ARG_11,0.0,,,,
2023-08-01,MOCK_ARG_11,0.0,,,,
2023-08-02,MOCK_ARG_11,0.0,,,,
2023-08-03,MOCK_ARG_11,0.0,,,,
2023-08-04,MOCK_ARG_11,0.0,,,,
2023-08-05,MOCK_ARG_11,15.5,,,,
2023-08-06,MOCK_ARG_11,0.0,,,,
2023-08-07,MOCK_ARG_11,0.0,,,,
2023-08-08,MOCK_ARG_11,0.0,,,,
2023-08-09,MOCK_ARG_11,0.0,,,,
2023-08-10,MOCK_ARG_11,0.0,,,,
2023-08-11,MOCK_ARG_11,0.0,,,,
2023-08-12,MOCK_ARG_11,0.0,,,,
2023-08-13,MOCK_ARG_11,0.0,,,,
2023-08-14,MOCK_ARG_11,0.0,,,,
2023-08-15,MOCK_ARG_11,65.5,,,,
2023-08-16,MOCK_ARG_11,33.5,,,,
2023-08-17,MOCK_ARG_11,0.0,,,,
2023-08-18,MOCK_ARG_11,0.0,,,,
2023-08-19,MOCK_ARG_11,0.0,,,,
2023-08-20,MOCK_ARG_11,0.0,,,,
2023-08-21,MOCK_ARG_11,18.5,,,,
2023-08-22,MOCK_ARG_11,0.0,,,,
2023-08-23,MOCK_ARG_11,0.0,,,,
2023-08-24,MOCK_ARG_11,0.0,,,,
2023-08-25,MOCK_ARG_11,0.0,,,,
2023-08-26,MOCK_ARG_11,0.0,,,,
2023-08-27,MOCK_ARG_11,0.0,,,,
2023-08-28,MOCK_ARG_11,0.0,,,,
2023-08-29,MOCK_ARG_11,0.0,,,,
2023-08-30,MOCK_ARG_11,0.0,,,,
2023-08-31,MOCK_ARG_11,0.0,,,,
2023-09-01,MOCK_ARG_11,0.0,,,,
2023-09-02,MOCK_ARG_11,0.0,,,,
2023-09-03,MOCK_ARG_11,0.0,,,,
2023-09-04,MOCK_ARG_11,63.0,,,,
2023-09-05,MOCK_ARG_11,0.0,,,,
2023-09-06,MOCK_ARG_11,0.0,,,,
2023-09-07,MOCK_ARG_11,10.0,,,,
2023-09-08,MOCK_ARG_11,12.5,,,,
2023-09-09,MOCK_ARG_11,0.0,,,,
2023-09-10,MOCK_ARG_11,0.0,,,,
2023-09-11,MOCK_ARG_11,0.0,,,,
2023-09-12,MOCK_ARG_11,0.0,,,,
2023-09-13,MOCK_ARG_11,0.0,,,,
2023-09-14,MOCK_ARG_11,0.0,,,,
2023-09-15,MOCK_ARG_11,0.0,,,,
2023-09-16,MOCK_ARG_11,0.0,,,,
2023-09-17,MOCK_ARG_11,5.0,,,,
2023-09-18,MOCK_ARG_11,0.0,,,,
2023-09-19,MOCK_ARG_11,0.0,,,,
2023-09-20,MOCK_ARG_11,0.0,,,,
2023-09-21,MOCK_ARG_11,0.0,,,,
2023-09-22,MOCK_ARG_11,0.0,,,,
2023-09-23,MOCK_ARG_11,0.0,,,,
2023-09-24,MOCK_ARG_11,0.0,,,,
2023-09-25,MOCK_ARG_11,0.0,,,,
2023-09-26,MOCK_ARG_11,0.0,,,,
2023-09-27,MOCK_ARG_11,0.0,,,,
2023-09-28,MOCK_ARG_11,0.0,,,,
2023-09-29,MOCK_ARG_11,0.0,,,,
2023-09-30,MOCK_ARG_11,0.0,,,,
2023-10-01,MOCK_ARG_11,0.0,,,,
2023-10-02,MOCK_ARG_11,0.0,,,,
2023-10-03,MOCK_ARG_11,0.0,,,,
2023-10-04,MOCK_ARG_11,0.0,,,,
2023-10-05,MOCK_ARG_11,0.0,,,,
2023-10-06,MOCK_ARG_11,0.0,,,,
2023-10-07,MOCK_ARG_11,0.0,,,,
2023-10-08,MOCK_ARG_11,0.0,,,,
2023-10-09,MOCK_ARG_11,0.0,,,,
2023-10-10,MOCK_ARG_11,0.0,,,,
2023-10-11,MOCK_ARG_11,0.0,,,,
2023-10-12,MOCK_ARG_11,0.0,,,,
2023-10-13,MOCK_ARG_11,0.0,,,,
2023-10-14,MOCK_ARG_11,0.0,,,,
2023-10-15,MOCK_ARG_11,0.0,,,,
2023-10-16,MOCK_ARG_11,0.0,,,,
2023-10-17,MOCK_ARG_11,0.0,,,,
2023-10-18,MOCK_ARG_11,0.0,,,,
2023-10-19,MOCK_ARG_11,0.0,,,,
2023-10-20,MOCK_ARG_11,0.0,,,,
2023-10-21,MOCK_ARG_11,0.0,,,,
2023-10-22,MOCK_ARG_11,0.0,,,,
2023-10-23,MOCK_ARG_11,0.0,,,,
2023-10-24,MOCK_ARG_11,0.0,,,,
2023-10-25,MOCK_ARG_11,0.0,,,,
2023-10-26,MOCK_ARG_11,0.0,,,,
2023-10-27,MOCK_ARG_11,,,,,
2023-10-28,MOCK_ARG_11,0.0,,,,
2023-10-29,MOCK_ARG_11,0.0,,,,
2023-10-30,MOCK_ARG_11,0.0,,,,
2023-10-31,MOCK_ARG_11,0.0,,,,
2023-11-01,MOCK_ARG_11,0.0,,,,
2023-11-02,MOCK_ARG_11,0.0,,,,
2023-11-03,MOCK_ARG_11,0.0,,,,
2023-11-04,MOCK_ARG_11,0.0,,,,
2023-11-05,MOCK_ARG_11,0.0,,,,
2023-11-06,MOCK_ARG_11,0.0,,,,
2023-11-07,MOCK_ARG_11,0.0,,,,
2023-11-08,MOCK_ARG_11,0.0,,,,
2023-11-09,MOCK_ARG_11,0.0,,,,
2023-11-10,MOCK_ARG_11,0.0,,,,
2023-11-11,MOCK_ARG_11,0.0,,,,
2023-11-12,MOCK_ARG_11,0.0,,,,
2023-11-13,MOCK_ARG_11,0.0,,,,
2023-11-14,MOCK_ARG_11,0.0,,,,
2023-11-15,MOCK_ARG_11,0.0,,,,
2023-11-16,MOCK_ARG_11,0.0,,,,
2023-11-17,MOCK_ARG_11,0.5,,,,
2023-11-18,MOCK_ARG_11,0.0,,,,
2023-11-19,MOCK_ARG_11,0.0,,,,
2023-11-20,MOCK_ARG_11,0.0,,,,
2023-11-21,MOCK_ARG_11,0.0,,,,
2023-11-22,MOCK_ARG_11,0.0,,,,
2023-11-23,MOCK_ARG_11,0.0,,,,
2023-11-24,MOCK_ARG_11,0.0,,,,
2023-11-25,MOCK_ARG_11,,,,,
2023-11-26,MOCK_ARG_11,0.0,,,,
2023-11-27,MOCK_ARG_11,0.0,,,,
2023-11-28,MOCK_ARG_11,0.0,,,,
2023-11-29,MOCK_ARG_11,0.0,,,,
2023-11-30,MOCK_ARG_11,0.0,,,,
2023-12-01,MOCK_ARG_11,0.0,,,,
2023-12-02,MOCK_ARG_11,0.0,,,,
2023-12-03,MOCK_ARG_11,0.0,,,,
2023-12-04,MOCK_ARG_11,0.0,,,,
2023-12-05,MOCK_ARG_11,0.0,,,,
2023-12-06,MOCK_ARG_11,0.0,,,,
2023-12-07,MOCK_ARG_11,0.0,,,,
2023-12-08,MOCK_ARG_11,0.0,,,,
2023-12-09,MOCK_ARG_11,0.0,,,,
2023-12-10,MOCK_ARG_11,0.0,,,,
2023-12-11,MOCK_ARG_11,0.0,,,,
2023-12-12,MOCK_ARG_11,0.0,,,,
2023-12-13,MOCK_ARG_11,0.0,,,,
2023-12-14,MOCK_ARG_11,0.0,,,,
2023-12-15,MOCK_ARG_11,0.0,,,,
2023-12-16,MOCK_ARG_11,0.0,,,,
2023-12-17,MOCK_ARG_11,0.0,,,,
2023-12-18,MOCK_ARG_11,0.0,,,,
2023-12-19,MOCK_ARG_11,0.0,,,,
2023-12-20,MOCK_ARG_11,0.0,,,,
2023-12-21,MOCK_ARG_11,0.0,,,,
2023-12-22,MOCK_ARG_11,0.0,,,,
2023-12-23,MOCK_ARG_11,0.0,,,,
2023-12-24,MOCK_ARG_11,0.0,,,,
2023-12-25,MOCK_ARG_11,0.0,,,,
2023-12-26,MOCK_ARG_11,0.0,,,,
2023-12-27,MOCK_ARG_11,0.0,,,,
2023-12-28,MOCK_ARG_11,0.0,,,,
2023-12-29,MOCK_ARG_11,0.0,,,,
2023-12-30,MOCK_ARG_11,0.0,,,,
2023-12-31,MOCK_ARG_11,0.0,,,,
2024-01-01,MOCK_ARG_11,0.0,,,,
2024-01-02,MOCK_ARG_11,0.0,,,,
2024-01-03,MOCK_ARG_11,0.0,,,,
2024-01-04,MOCK_ARG_11,0.0,,,,
2024-01-05,MOCK_ARG_11,0.0,,,,
2024-01-06,MOCK_ARG_11,0.0,,,,
2024-01-07,MOCK_ARG_11,,,,,
2024-01-08,MOCK_ARG_11,0.0,,,,
2024-01-09,MOCK_ARG_11,0.0,,,,
2024-01-10,MOCK_ARG_11,0.0,,,,
2024-01-11,MOCK_ARG_11,0.5,,,,
2024-01-12,MOCK_ARG_11,0.0,,,,
2024-01-13,MOCK_ARG_11,0.0,,,,
2024-01-14,MOCK_ARG_11,0.0,,,,
2024-01-15,MOCK_ARG_11,0.0,,,,
2024-01-16,MOCK_ARG_11,0.0,,,,
2024-01-17,MOCK_ARG_11,0.0,,,,
2024-01-18,MOCK_ARG_11,0.0,,,,
2024-01-19,MOCK_ARG_11,0.0,,,,
2024-01-20,MOCK_ARG_11,0.0,,,,
2024-01-21,MOCK_ARG_11,0.0,,,,
2024-01-22,MOCK_ARG_11,0.0,,,,
2024-01-23,MOCK_ARG_11,0.0,,,,
2024-01-24,MOCK_ARG_11,2.5,,,,
2024-01-25,MOCK_ARG_11,0.0,,,,
2024-01-26,MOCK_ARG_11,0.0,,,,
2024-01-27,MOCK_ARG_11,2.5,,,,
2024-01-28,MOCK_ARG_11,0.0,,,,
2024-01-29,MOCK_ARG_11,2.0,,,,
2024-01-30,MOCK_ARG_11,26.0,,,,
2024-01-31,MOCK_ARG_11,1.5,,,,
2024-02-01,MOCK_ARG_11,0.0,,,,
2024-02-02,MOCK_ARG_11,0.0,,,,
2024-02-03,MOCK_ARG_11,0.5,,,,
2024-02-04,MOCK_ARG_11,2.0,,,,
2024-02-05,MOCK_ARG_11,0.0,,,,
2024-02-06,MOCK_ARG_11,0.0,,,,
2024-02-07,MOCK_ARG_11,,,,,
2024-02-08,MOCK_ARG_11,0.0,,,,
2024-02-09,MOCK_ARG_11,0.0,,,,
2024-02-10,MOCK_ARG_11,3.0,,,,
2024-02-11,MOCK_ARG_11,0.0,,,,
2024-02-12,MOCK_ARG_11,0.0,,,,
2024-02-13,MOCK_ARG_11,0.0,,,,
2024-02-14,MOCK_ARG_11,0.0,,,,
2024-02-15,MOCK_ARG_11,0.0,,,,
2024-02-16,MOCK_ARG_11,0.0,,,,
2024-02-17,MOCK_ARG_11,0.0,,,,
2024-02-18,MOCK_ARG_11,0.0,,,,
2024-02-19,MOCK_ARG_11,0.0,,,,
2024-02-20,MOCK_ARG_11,0.0,,,,
2024-02-21,MOCK_ARG_11,0.0,,,,
2024-02-22,MOCK_ARG_11,,,,,
2024-02-23,MOCK_ARG_11,0.0,,,,
2024-02-24,MOCK_ARG_11,0.0,,,,
2024-02-25,MOCK_ARG_11,0.0,,,,
2024-02-26,MOCK_ARG_11,0.0,,,,
2024-02-27,MOCK_ARG_11,0.0,,,,
2024-02-28,MOCK_ARG_11,,,,,
2024-02-29,MOCK_ARG_11,0.0,,,,
2024-03-01,MOCK_ARG_11,0.0,,,,
2024-03-02,MOCK_ARG_11,0.0,,,,
2024-03-03,MOCK_ARG_11,0.0,,,,
2024-03-04,MOCK_ARG_11,,,,,
2024-03-05,MOCK_ARG_11,0.0,,,,
2024-03-06,MOCK_ARG_11,0.0,,,,
2024-03-07,MOCK_ARG_11,0.0,,,,
2024-03-08,MOCK_ARG_11,0.0,,,,
2024-03-09,MOCK_ARG_11,0.0,,,,
2024-03-10,MOCK_ARG_11,0.0,,,,
2024-03-11,MOCK_ARG_11,0.0,,,,
2024-03-12,MOCK_ARG_11,0.0,,,,
2024-03-13,MOCK_ARG_11,3.5,,,,
2024-03-14,MOCK_ARG_11,0.0,,,,
2024-03-15,MOCK_ARG_11,0.0,,,,
2024-03-16,MOCK_ARG_11,17.0,,,,
2024-03-17,MOCK_ARG_11,0.0,,,,
2024-03-18,MOCK_ARG_11,0.0,,,,
2024-03-19,MOCK_ARG_11,0.0,,,,
2024-03-20,MOCK_ARG_11,0.0,,,,
2024-03-21,MOCK_ARG_11,0.0,,,,
2024-03-22,MOCK_ARG_11,0.0,,,,
2024-03-23,MOCK_ARG_11,0.0,,,,
2024-03-24,MOCK_ARG_11,0.0,,,,
2024-03-25,MOCK_ARG_11,0.0,,,,
2024-03-26,MOCK_ARG_11,,,,,
2024-03-27,MOCK_ARG_11,,,,,
2024-03-28,MOCK_ARG_11,0.0,,,,
2024-03-29,MOCK_ARG_11,0.0,,,,
2024-03-30,MOCK_ARG_11,0.0,,,,
2024-03-31,MOCK_ARG_11,0.0,,,,
2024-04-01,MOCK_ARG_11,0.0,,,,
2024-04-02,MOCK_ARG_11,0.0,,,,
2024-04-03,MOCK_ARG_11,2.5,,,,
2024-04-04,MOCK_ARG_11,0.0,,,,
2024-04-05,MOCK_ARG_11,0.0,,,,
2024-04-06,MOCK_ARG_11,0.0,,,,
2024-04-07,MOCK_ARG_11,,,,,
2024-04-08,MOCK_ARG_11,0.0,,,,
2024-04-09,MOCK_ARG_11,0.0,,,,
2024-04-10,MOCK_ARG_11,0.0,,,,
2024-04-11,MOCK_ARG_11,0.0,,,,
2024-04-12,MOCK_ARG_11,0.0,,,,
2024-04-13,MOCK_ARG_11,0.0,,,,
2024-04-14,MOCK_ARG_11,0.0,,,,
2024-04-15,MOCK_ARG_11,0.0,,,,
2024-04-16,MOCK_ARG_11,0.0,,,,
2024-04-17,MOCK_ARG_11,0.0,,,,
2024-04-18,MOCK_ARG_11,0.0,,,,
2024-04-19,MOCK_ARG_11,0.0,,,,
2024-04-20,MOCK_ARG_11,0.0,,,,
2024-04-21,MOCK_ARG_11,2.0,,,,
2024-04-22,MOCK_ARG_11,1.5,,,,
2024-04-23,MOCK_ARG_11,0.0,,,,
2024-04-24,MOCK_ARG_11,0.0,,,,
2024-04-25,MOCK_ARG_11,0.0,,,,
2024-04-26,MOCK_ARG_11,0.0,,,,
2024-04-27,MOCK_ARG_11,0.0,,,,
2024-04-28,MOCK_ARG_11,0.0,,,,
2024-04-29,MOCK_ARG_11,0.0,,,,
2024-04-30,MOCK_ARG_11,0.0,,,,
2024-05-01,MOCK_ARG_11,0.0,,,,
2024-05-02,MOCK_ARG_11,0.0,,,,
2024-05-03,MOCK_ARG_11,0.0,,,,
2024-05-04,MOCK_ARG_11,,,,,
2024-05-05,MOCK_ARG_11,34.0,,,,
2024-05-06,MOCK_ARG_11,0.0,,,,
2024-05-07,MOCK_ARG_11,0.0,,,,
2024-05-08,MOCK_ARG_11,0.0,,,,
2024-05-09,MOCK_ARG_11,0.0,,,,
2024-05-10,MOCK_ARG_11,0.0,,,,
2024-05-11,MOCK_ARG_11,0.0,,,,
2024-05-12,MOCK_ARG_11,0.0,,,,
2024-05-13,MOCK_ARG_11,0.0,,,,
2024-05-14,MOCK_ARG_11,0.0,,,,
2024-05-15,MOCK_ARG_11,0.0,,,,
2024-05-16,MOCK_ARG_11,0.0,,,,
2024-05-17,MOCK_ARG_11,0.0,,,,
2024-05-18,MOCK_ARG_11,0.0,,,,
2024-05-19,MOCK_ARG_11,0.0,,,,
2024-05-20,MOCK_ARG_11,0.0,,,,
2024-05-21,MOCK_ARG_11,0.0,,,,
2024-05-22,MOCK_ARG_11,0.0,,,,
2024-05-23,MOCK_ARG_11,0.0,,,,
2024-05-24,MOCK_ARG_11,0.0,,,,
2024-05-25,MOCK_ARG_11,0.0,,,,
2024-05-26,MOCK_ARG_11,0.0,,,,
2024-05-27,MOCK_ARG_11,0.0,,,,
2024-05-28,MOCK_ARG_11,0.0,,,,
2024-05-29,MOCK_ARG_11,0.0,,,,
2024-05-30,MOCK_ARG_11,0.0,,,,
2024-05-31,MOCK_ARG_11,0.0,,,,
2024-06-01,MOCK_ARG_11,0.0,,,,
2024-06-02,MOCK_ARG_11,0.0,,,,
2024-06-03,MOCK_ARG_11,0.0,,,,
2024-06-04,MOCK_ARG_11,0.0,,,,
2024-06-05,MOCK_ARG_11,0.0,,,,
2024-06-06,MOCK_ARG_11,0.0,,,,
2024-06-07,MOCK_ARG_11,0.0,,,,
2024-06-08,MOCK_ARG_11,0.0,,,,
2024-06-09,MOCK_ARG_11,0.0,,,,
2024-06-10,MOCK_ARG_11,0.0,,,,
2024-06-11,MOCK_ARG_11,0.0,,,,
2024-06-12,MOCK_ARG_11,0.0,,,,
2024-06-13,MOCK_ARG_11,0.0,,,,
2024-06-14,MOCK_ARG_11,0.0,,,,
2024-06-15,MOCK_ARG_11,0.0,,,,
2024-06-16,MOCK_ARG_11,0.0,,,,
2024-06-17,MOCK_ARG_11,0.0,,,,
2024-06-18,MOCK_ARG_11,0.0,,,,
2024-06-19,MOCK_ARG_11,0.0,,,,
2024-06-20,MOCK_ARG_11,7.0,,,,
2024-06-21,MOCK_ARG_11,15.5,,,,
2024-06-22,MOCK_ARG_11,6.0,,,,
2024-06-23,MOCK_ARG_11,2.0,,,,
2024-06-24,MOCK_ARG_11,0.0,,,,
2024-06-25,MOCK_ARG_11,,,,,
2024-06-26,MOCK_ARG_11,0.0,,,,
2024-06-27,MOCK_ARG_11,0.0,,,,
2024-06-28,MOCK_ARG_11,0.0,,,,
2024-06-29,MOCK_ARG_11,58.5,,,,
2024-06-30,MOCK_ARG_11,0.0,,,,
2024-07-01,MOCK_ARG_11,0.0,,,,
2024-07-02,MOCK_ARG_11,0.0,,,,
2024-07-03,MOCK_ARG_11,0.0,,,,
2024-07-04,MOCK_ARG_11,35.5,,,,
2024-07-05,MOCK_ARG_11,0.5,,,,
2024-07-06,MOCK_ARG_11,0.0,,,,
2024-07-07,MOCK_ARG_11,0.0,,,,
2024-07-08,MOCK_ARG_11,0.0,,,,
2024-07-09,MOCK_ARG_11,0.0,,,,
2024-07-10,MOCK_ARG_11,1.0,,,,
2024-07-11,MOCK_ARG_11,0.5,,,,
2024-07-12,MOCK_ARG_11,0.0,,,,
2024-07-13,MOCK_ARG_11,0.0,,,,
2024-07-14,MOCK_ARG_11,0.0,,,,
2024-07-15,MOCK_ARG_11,0.0,,,,
2024-07-16,MOCK_ARG_11,0.0,,,,
2024-07-17,MOCK_ARG_11,0.0,,,,
2024-07-18,MOCK_ARG_11,0.0,,,,
2024-07-19,MOCK_ARG_11,8.5,,,,
2024-07-20,MOCK_ARG_11,0.0,,,,
2024-07-21,MOCK_ARG_11,0.0,,,,
2024-07-22,MOCK_ARG_11,0.0,,,,
2024-07-23,MOCK_ARG_11,0.0,,,,
2024-07-24,MOCK_ARG_11,5.5,,,,
2024-07-25,MOCK_ARG_11,0.0,,,,
2024-07-26,MOCK_ARG_11,0.0,,,,
2024-07-27,MOCK_ARG_11,0.0,,,,
2024-07-28,MOCK_ARG_11,0.0,,,,
2024-07-29,MOCK_ARG_11,0.0,,,,
2024-07-30,MOCK_ARG_11,0.0,,,,
2024-07-31,MOCK_ARG_11,2.0,,,,
2024-08-01,MOCK_ARG_11,30.5,,,,
2024-08-02,MOCK_ARG_11,0.0,,,,
2024-08-03,MOCK_ARG_11,0.0,,,,
2024-08-04,MOCK_ARG_11,0.0,,,,
2024-08-05,MOCK_ARG_11,0.0,,,,
2024-08-06,MOCK_ARG_11,0.0,,,,
2024-08-07,MOCK_ARG_11,0.0,,,,
2024-08-08,MOCK_ARG_11,0.0,,,,
2024-08-09,MOCK_ARG_11,38.0,,,,
2024-08-10,MOCK_ARG_11,0.0,,,,
2024-08-11,MOCK_ARG_11,0.0,,,,
2024-08-12,MOCK_ARG_11,53.0,,,,
2024-08-13,MOCK_ARG_11,0.0,,,,
2024-08-14,MOCK_ARG_11,0.0,,,,
2024-08-15,MOCK_ARG_11,0.0,,,,
2024-08-16,MOCK_ARG_11,0.0,,,,
2024-08-17,MOCK_ARG_11,0.0,,,,
2024-08-18,MOCK_ARG_11,0.0,,,,
2024-08-19,MOCK_ARG_11,0.0,,,,
2024-08-20,MOCK_ARG_11,0.0,,,,
2024-08-21,MOCK_ARG_11,0.0,,,,
2024-08-22,MOCK_ARG_11,0.0,,,,
2024-08-23,MOCK_ARG_11,0.0,,,,
2024-08-24,MOCK_ARG_11,,,,,
2024-08-25,MOCK_ARG_11,0.0,,,,
2024-08-26,MOCK_ARG_11,0.0,,,,
2024-08-27,MOCK_ARG_11,0.0,,,,
2024-08-28,MOCK_ARG_11,0.0,,,,
2024-08-29,MOCK_ARG_11,0.0,,,,
2024-08-30,MOCK_ARG_11,0.0,,,,
2024-08-31,MOCK_ARG_11,0.0,,,,
2024-09-01,MOCK_ARG_11,0.0,,,,
2024-09-02,MOCK_ARG_11,0.0,,,,
2024-09-03,MOCK_ARG_11,0.0,,,,
2024-09-04,MOCK_ARG_11,0.0,,,,
2024-09-05,MOCK_ARG_11,0.0,,,,
2024-09-06,MOCK_ARG_11,0.0,,,,
2024-09-07,MOCK_ARG_11,0.0,,,,
2024-09-08,MOCK_ARG_11,26.5,,,,
2024-09-09,MOCK_ARG_11,0.0,,,,
2024-09-10,MOCK_ARG_11,122.5,,,,
2024-09-11,MOCK_ARG_11,0.0,,,,
2024-09-12,MOCK_ARG_11,0.0,,,,
2024-09-13,MOCK_ARG_11,0.0,,,,
2024-09-14,MOCK_ARG_11,0.0,,,,
2024-09-15,MOCK_ARG_11,0.0,,,,
2024-09-16,MOCK_ARG_11,0.0,,,,
2024-09-17,MOCK_ARG_11,0.0,,,,
2024-09-18,MOCK_ARG_11,0.0,,,,
2024-09-19,MOCK_ARG_11,0.0,,,,
2024-09-20,MOCK_ARG_11,0.0,,,,
2024-09-21,MOCK_ARG_11,0.0,,,,
2024-09-22,MOCK_ARG_11,0.0,,,,
2024-09-23,MOCK_ARG_11,0.0,,,,
2024-09-24,MOCK_ARG_11,0.0,,,,
2024-09-25,MOCK_ARG_11,,,,,
2024-09-26,MOCK_ARG_11,0.0,,,,
2024-09-27,MOCK_ARG_11,0.0,,,,
2024-09-28,MOCK_ARG_11,0.0,,,,
2024-09-29,MOCK_ARG_11,0.0,,,,
2024-09-30,MOCK_ARG_11,4.0,,,,
2024-10-01,MOCK_ARG_11,0.0,,,,
2024-10-02,MOCK_ARG_11,0.0,,,,
2024-10-03,MOCK_ARG_11,0.0,,,,
2024-10-04,MOCK_ARG_11,0.0,,,,
2024-10-05,MOCK_ARG_11,0.0,,,,
2024-10-06,MOCK_ARG_11,0.0,,,,
2024-10-07,MOCK_ARG_11,0.0,,,,
2024-10-08,MOCK_ARG_11,0.0,,,,
2024-10-09,MOCK_ARG_11,0.0,,,,
2024-10-10,MOCK_ARG_11,0.0,,,,
2024-10-11,MOCK_ARG_11,0.0,,,,
2024-10-12,MOCK_ARG_11,0.0,,,,
2024-10-13,MOCK_ARG_11,0.0,,,,
2024-10-14,MOCK_ARG_11,0.0,,,,
2024-10-15,MOCK_ARG_11,0.0,,,,
2024-10-16,MOCK_ARG_11,0.0,,,,
2024-10-17,MOCK_ARG_11,0.0,,,,
2024-10-18,MOCK_ARG_11,0.0,,,,
2024-10-19,MOCK_ARG_11,0.0,,,,
2024-10-20,MOCK_ARG_11,0.0,,,,
2024-10-21,MOCK_ARG_11,0.0,,,,
2024-10-22,MOCK_ARG_11,0.0,,,,
2024-10-23,MOCK_ARG_11,0.0,,,,
2024-10-24,MOCK_ARG_11,0.0,,,,
2024-10-25,MOCK_ARG_11,0.0,,,,
2024-10-26,MOCK_ARG_11,0.0,,,,
2024-10-27,MOCK_ARG_11,0.0,,,,
2024-10-28,MOCK_ARG_11,0.0,,,,
2024-10-29,MOCK_ARG_11,0.0,,,,
2024-10-30,MOCK_ARG_11,0.0,,,,
2024-10-31,MOCK_ARG_11,0.0,,,,
2024-11-01,MOCK_ARG_11,0.0,,,,
2024-11-02,MOCK_ARG_11,0.0,,,,
2024-11-03,MOCK_ARG_11,0.0,,,,
2024-11-04,MOCK_ARG_11,0.0,,,,
2024-11-05,MOCK_ARG_11,0.0,,,,
2024-11-06,MOCK_ARG_11,0.0,,,,
2024-11-07,MOCK_ARG_11,0.0,,,,
2024-11-08,MOCK_ARG_11,0.0,,,,
2024-11-09,MOCK_ARG_11,0.0,,,,
2024-11-10,MOCK_ARG_11,0.0,,,,
2024-11-11,MOCK_ARG_11,0.0,,,,
2024-11-12,MOCK_ARG_11,0.0,,,,
2024-11-13,MOCK_ARG_11,0.0,,,,
2024-11-14,MOCK_ARG_11,0.0,,,,
2024-11-15,MOCK_ARG_11,0.0,,,,
2024-11-16,MOCK_ARG_11,0.0,,,,
2024-11-17,MOCK_ARG_11,0.0,,,,
2024-11-18,MOCK_ARG_11,0.0,,,,
2024-11-19,MOCK_ARG_11,0.0,,,,
2024-11-20,MOCK_ARG_11,0.0,,,,
2024-11-21,MOCK_ARG_11,0.0,,,,
2024-11-22,MOCK_ARG_11,0.0,,,,
2024-11-23,MOCK_ARG_11,0.0,,,,
2024-11-24,MOCK_ARG_11,,,,,
2024-11-25,MOCK_ARG_11,0.0,,,,
2024-11-26,MOCK_ARG_11,0.0,,,,
2024-11-27,MOCK_ARG_11,0.0,,,,
2024-11-28,MOCK_ARG_11,2.0,,,,
2024-11-29,MOCK_ARG_11,0.0,,,,
2024-11-30,MOCK_ARG_11,0.0,,,,
2024-12-01,MOCK_ARG_11,0.0,,,,
2024-12-02,MOCK_ARG_11,0.0,,,,
2024-12-03,MOCK_ARG_11,0.0,,,,
2024-12-04,MOCK_ARG_11,0.0,,,,
2024-12-05,MOCK_ARG_11,0.0,,,,
2024-12-06,MOCK_ARG_11,0.0,,,,
2024-12-07,MOCK_ARG_11,0.0,,,,
2024-12-08,MOCK_ARG_11,0.0,,,,
2024-12-09,MOCK_ARG_11,0.0,,,,
2024-12-10,MOCK_ARG_11,0.0,,,,
2024-12-11,MOCK_ARG_11,0.0,,,,
2024-12-12,MOCK_ARG_11,0.0,,,,
2024-12-13,MOCK_ARG_11,0.0,,,,
2024-12-14,MOCK_ARG_11,0.0,,,,
2024-12-15,MOCK_ARG_11,0.0,,,,
2024-12-16,MOCK_ARG_11,0.0,,,,
2024-12-17,MOCK_ARG_11,0.0,,,,
2024-12-18,MOCK_ARG_11,0.0,,,,
2024-12-19,MOCK_ARG_11,0.0,,,,
2024-12-20,MOCK_ARG_11,0.0,,,,
2024-12-21,MOCK_ARG_11,,,,,
2024-12-22,MOCK_ARG_11,0.0,,,,
2024-12-23,MOCK_ARG_11,0.0,,,,
2024-12-24,MOCK_ARG_11,0.0,,,,
2024-12-25,MOCK_ARG_11,0.0,,,,
2024-12-26,MOCK_ARG_11,0.0,,,,
2024-12-27,MOCK_ARG_11,0.0,,,,
2024-12-28,MOCK_ARG_11,1.0,,,,
2024-12-29,MOCK_ARG_11,6.5,,,,
2024-12-30,MOCK_ARG_11,0.0,,,,
2024-12-31,MOCK_ARG_11,0.0,,,,
2023-01-01,MOCK_ARG_12,0.0,,,,
2023-01-02,MOCK_ARG_12,,,,,
2023-01-03,MOCK_ARG_12,0.0,,,,
2023-01-04,MOCK_ARG_12,0.0,,,,
2023-01-05,MOCK_ARG_12,0.0,,,,
2023-01-06,MOCK_ARG_12,0.0,,,,
2023-01-07,MOCK_ARG_12,0.0,,,,
2023-01-08,MOCK_ARG_12,0.0,,,,
2023-01-09,MOCK_ARG_12,0.0,,,,
2023-01-10,MOCK_ARG_12,0.0,,,,
2023-01-11,MOCK_ARG_12,0.0,,,,
2023-01-12,MOCK_ARG_12,0.0,,,,
2023-01-13,MOCK_ARG_12,0.0,,,,
2023-01-14,MOCK_ARG_12,0.0,,,,
2023-01-15,MOCK_ARG_12,0.0,,,,
2023-01-16,MOCK_ARG_12,0.0,,,,
2023-01-17,MOCK_ARG_12,0.0,,,,
2023-01-18,MOCK_ARG_12,0.0,,,,
2023-01-19,MOCK_ARG_12,0.0,,,,
2023-01-20,MOCK_ARG_12,4.5,,,,
2023-01-21,MOCK_ARG_12,0.0,,,,
2023-01-22,MOCK_ARG_12,0.0,,,,
2023-01-23,MOCK_ARG_12,0.0,,,,
2023-01-24,MOCK_ARG_12,0.0,,,,
2023-01-25,MOCK_ARG_12,0.0,,,,
2023-01-26,MOCK_ARG_12,0.0,,,,
2023-01-27,MOCK_ARG_12,,,,,
2023-01-28,MOCK_ARG_12,0.0,,,,
2023-01-29,MOCK_ARG_12,0.0,,,,
2023-01-30,MOCK_ARG_12,0.0,,,,
2023-01-31,MOCK_ARG_12,0.0,,,,
2023-02-01,MOCK_ARG_12,0.0,,,,
2023-02-02,MOCK_ARG_12,0.0,,,,
2023-02-03,MOCK_ARG_12,0.0,,,,
2023-02-04,MOCK_ARG_12,0.0,,,,
2023-02-05,MOCK_ARG_12,0.0,,,,
2023-02-06,MOCK_ARG_12,0.0,,,,
2023-02-07,MOCK_ARG_12,0.0,,,,
2023-02-08,MOCK_ARG_12,0.0,,,,
2023-02-09,MOCK_ARG_12,0.0,,,,
2023-02-10,MOCK_ARG_12,0.0,,,,
2023-02-11,MOCK_ARG_12,0.0,,,,
2023-02-12,MOCK_ARG_12,0.0,,,,
2023-02-13,MOCK_ARG_12,0.0,,,,
2023-02-14,MOCK_ARG_12,0.0,,,,
2023-02-15,MOCK_ARG_12,,,,,
2023-02-16,MOCK_ARG_12,0.0,,,,
2023-02-17,MOCK_ARG_12,0.0,,,,
2023-02-18,MOCK_ARG_12,0.0,,,,
2023-02-19,MOCK_ARG_12,0.0,,,,
2023-02-20,MOCK_ARG_12,0.0,,,,
2023-02-21,MOCK_ARG_12,0.0,,,,
2023-02-22,MOCK_ARG_12,3.0,,,,
2023-02-23,MOCK_ARG_12,0.0,,,,
2023-02-24,MOCK_ARG_12,0.0,,,,
2023-02-25,MOCK_ARG_12,0.0,,,,
2023-02-26,MOCK_ARG_12,0.0,,,,
2023-02-27,MOCK_ARG_12,1.5,,,,
2023-02-28,MOCK_ARG_12,0.0,,,,
2023-03-01,MOCK_ARG_12,0.0,,,,
2023-03-02,MOCK_ARG_12,0.0,,,,
2023-03-03,MOCK_ARG_12,0.0,,,,
2023-03-04,MOCK_ARG_12,0.0,,,,
2023-03-05,MOCK_ARG_12,0.0,,,,
2023-03-06,MOCK_ARG_12,0.0,,,,
2023-03-07,MOCK_ARG_12,0.0,,,,
2023-03-08,MOCK_ARG_12,0.0,,,,
2023-03-09,MOCK_ARG_12,0.0,,,,
2023-03-10,MOCK_ARG_12,0.0,,,,
2023-03-11,MOCK_ARG_12,0.0,,,,
2023-03-12,MOCK_ARG_12,0.0,,,,
2023-03-13,MOCK_ARG_12,0.0,,,,
2023-03-14,MOCK_ARG_12,0.0,,,,
2023-03-15,MOCK_ARG_12,0.0,,,,
2023-03-16,MOCK_ARG_12,0.0,,,,
2023-03-17,MOCK_ARG_12,0.5,,,,
2023-03-18,MOCK_ARG_12,8.0,,,,
2023-03-19,MOCK_ARG_12,0.0,,,,
2023-03-20,MOCK_ARG_12,7.0,,,,
2023-03-21,MOCK_ARG_12,0.0,,,,
2023-03-22,MOCK_ARG_12,0.0,,,,
2023-03-23,MOCK_ARG_12,0.0,,,,
2023-03-24,MOCK_ARG_12,0.0,,,,
2023-03-25,MOCK_ARG_12,0.0,,,,
2023-03-26,MOCK_ARG_12,0.0,,,,
2023-03-27,MOCK_ARG_12,0.0,,,,
2023-03-28,MOCK_ARG_12,0.0,,,,
2023-03-29,MOCK_ARG_12,0.0,,,,
2023-03-30,MOCK_ARG_12,0.0,,,,
2023-03-31,MOCK_ARG_12,5.5,,,,
2023-04-01,MOCK_ARG_12,0.0,,,,
2023-04-02,MOCK_ARG_12,0.0,,,,
2023-04-03,MOCK_ARG_12,0.0,,,,
2023-04-04,MOCK_ARG_12,0.0,,,,
2023-04-05,MOCK_ARG_12,0.0,,,,
2023-04-06,MOCK_ARG_12,0.0,,,,
2023-04-07,MOCK_ARG_12,0.0,,,,
2023-04-08,MOCK_ARG_12,0.0,,,,
2023-04-09,MOCK_ARG_12,0.0,,,,
2023-04-10,MOCK_ARG_12,0.0,,,,
2023-04-11,MOCK_ARG_12,0.0,,,,
2023-04-12,MOCK_ARG_12,0.0,,,,
2023-04-13,MOCK_ARG_12,0.0,,,,
2023-04-14,MOCK_ARG_12,5.5,,,,
2023-04-15,MOCK_ARG_12,,,,,
2023-04-16,MOCK_ARG_12,0.0,,,,
2023-04-17,MOCK_ARG_12,0.0,,,,
2023-04-18,MOCK_ARG_12,0.0,,,,
2023-04-19,MOCK_ARG_12,0.0,,,,
2023-04-20,MOCK_ARG_12,0.0,,,,
2023-04-21,MOCK_ARG_12,0.0,,,,
2023-04-22,MOCK_ARG_12,0.0,,,,
2023-04-23,MOCK_ARG_12,0.0,,,,
2023-04-24,MOCK_ARG_12,0.0,,,,
2023-04-25,MOCK_ARG_12,0.0,,,,
2023-04-26,MOCK_ARG_12,0.0,,,,
2023-04-27,MOCK_ARG_12,0.0,,,,
2023-04-28,MOCK_ARG_12,0.0,,,,
2023-04-29,MOCK_ARG_12,0.0,,,,
2023-04-30,MOCK_ARG_12,0.0,,,,
2023-05-01,MOCK_ARG_12,0.0,,,,
2023-05-02,MOCK_ARG_12,0.0,,,,
2023-05-03,MOCK_ARG_12,0.0,,,,
2023-05-04,MOCK_ARG_12,15.0,,,,
2023-05-05,MOCK_ARG_12,0.5,,,,
2023-05-06,MOCK_ARG_12,0.0,,,,
2023-05-07,MOCK_ARG_12,0.0,,,,
2023-05-08,MOCK_ARG_12,0.0,,,,
2023-05-09,MOCK_ARG_12,0.0,,,,
2023-05-10,MOCK_ARG_12,0.0,,,,
2023-05-11,MOCK_ARG_12,0.0,,,,
2023-05-12,MOCK_ARG_12,0.0,,,,
2023-05-13,MOCK_ARG_12,0.0,,,,
2023-05-14,MOCK_ARG_12,,,,,
2023-05-15,MOCK_ARG_12,0.0,,,,
2023-05-16,MOCK_ARG_12,0.0,,,,
2023-05-17,MOCK_ARG_12,0.0,,,,
2023-05-18,MOCK_ARG_12,0.0,,,,
2023-05-19,MOCK_ARG_12,0.0,,,,
2023-05-20,MOCK_ARG_12,0.0,,,,
2023-05-21,MOCK_ARG_12,0.0,,,,
2023-05-22,MOCK_ARG_12,0.0,,,,
2023-05-23,MOCK_ARG_12,0.0,,,,
2023-05-24,MOCK_ARG_12,0.0,,,,
2023-05-25,MOCK_ARG_12,0.0,,,,
2023-05-26,MOCK_ARG_12,0.0,,,,
2023-05-27,MOCK_ARG_12,0.0,,,,
2023-05-28,MOCK_ARG_12,0.0,,,,
2023-05-29,MOCK_ARG_12,0.0,,,,
2023-05-30,MOCK_ARG_12,10.5,,,,
2023-05-31,MOCK_ARG_12,4.5,,,,
2023-06-01,MOCK_ARG_12,0.0,,,,
2023-06-02,MOCK_ARG_12,0.0,,,,
2023-06-03,MOCK_ARG_12,0.0,,,,
2023-06-04,MOCK_ARG_12,0.0,,,,
2023-06-05,MOCK_ARG_12,0.0,,,,
2023-06-06,MOCK_ARG_12,0.0,,,,
2023-06-07,MOCK_ARG_12,0.0,,,,
2023-06-08,MOCK_ARG_12,3.5,,,,
2023-06-09,MOCK_ARG_12,0.0,,,,
2023-06-10,MOCK_ARG_12,0.0,,,,
2023-06-11,MOCK_ARG_12,4.0,,,,
2023-06-12,MOCK_ARG_12,0.0,,,,
2023-06-13,MOCK_ARG_12,0.0,,,,
2023-06-14,MOCK_ARG_12,0.0,,,,
2023-06-15,MOCK_ARG_12,0.0,,,,
2023-06-16,MOCK_ARG_12,0.0,,,,
2023-06-17,MOCK_ARG_12,0.0,,,,
2023-06-18,MOCK_ARG_12,0.0,,,,
2023-06-19,MOCK_ARG_12,0.0,,,,
2023-06-20,MOCK_ARG_12,0.0,,,,
2023-06-21,MOCK_ARG_12,0.0,,,,
2023-06-22,MOCK_ARG_12,0.0,,,,
2023-06-23,MOCK_ARG_12,0.0,,,,
2023-06-24,MOCK_ARG_12,,,,,
2023-06-25,MOCK_ARG_12,0.0,,,,
2023-06-26,MOCK_ARG_12,0.0,,,,
2023-06-27,MOCK_ARG_12,6.0,,,,
2023-06-28,MOCK_ARG_12,0.0,,,,
2023-06-29,MOCK_ARG_12,0.0,,,,
2023-06-30,MOCK_ARG_12,0.0,,,,
2023-07-01,MOCK_ARG_12,0.0,,,,
2023-07-02,MOCK_ARG_12,0.0,,,,
2023-07-03,MOCK_ARG_12,,,,,
2023-07-04,MOCK_ARG_12,0.0,,,,
2023-07-05,MOCK_ARG_12,0.0,,,,
2023-07-06,MOCK_ARG_12,0.5,,,,
2023-07-07,MOCK_ARG_12,0.0,,,,
2023-07-08,MOCK_ARG_12,0.0,,,,
2023-07-09,MOCK_ARG_12,0.0,,,,
2023-07-10,MOCK_ARG_12,0.0,,,,
2023-07-11,MOCK_ARG_12,0.0,,,,
2023-07-12,MOCK_ARG_12,0.0,,,,
2023-07-13,MOCK_ARG_12,0.0,,,,
2023-07-14,MOCK_ARG_12,0.0,,,,
2023-07-15,MOCK_ARG_12,0.0,,,,
2023-07-16,MOCK_ARG_12,,,,,
2023-07-17,MOCK_ARG_12,0.0,,,,
2023-07-18,MOCK_ARG_12,0.0,,,,
2023-07-19,MOCK_ARG_12,0.0,,,,
2023-07-20,MOCK_ARG_12,0.0,,,,
2023-07-21,MOCK_ARG_12,0.5,,,,
2023-07-22,MOCK_ARG_12,0.0,,,,
2023-07-23,MOCK_ARG_12,0.0,,,,
2023-07-24,MOCK_ARG_12,0.0,,,,
2023-07-25,MOCK_ARG_12,0.5,,,,
2023-07-26,MOCK_ARG_12,0.0,,,,
2023-07-27,MOCK_ARG_12,0.0,,,,
2023-07-28,MOCK_ARG_12,0.0,,,,
2023-07-29,MOCK_ARG_12,0.0,,,,
2023-07-30,MOCK_ARG_12,0.0,,,,
2023-07-31,MOCK_ARG_12,0.0,,,,
2023-08-01,MOCK_ARG_12,0.0,,,,
2023-08-02,MOCK_ARG_12,0.0,,,,
2023-08-03,MOCK_ARG_12,,,,,
2023-08-04,MOCK_ARG_12,0.0,,,,
2023-08-05,MOCK_ARG_12,13.5,,,,
2023-08-06,MOCK_ARG_12,0.0,,,,
2023-08-07,MOCK_ARG_12,0.0,,,,
2023-08-08,MOCK_ARG_12,0.0,,,,
2023-08-09,MOCK_ARG_12,0.0,,,,
2023-08-10,MOCK_ARG_12,0.0,,,,
2023-08-11,MOCK_ARG_12,0.0,,,,
2023-08-12,MOCK_ARG_12,0.0,,,,
2023-08-13,MOCK_ARG_12,0.0,,,,
2023-08-14,MOCK_ARG_12,0.0,,,,
2023-08-15,MOCK_ARG_12,0.0,,,,
2023-08-16,MOCK_ARG_12,26.5,,,,
2023-08-17,MOCK_ARG_12,,,,,
2023-08-18,MOCK_ARG_12,0.0,,,,
2023-08-19,MOCK_ARG_12,0.0,,,,
2023-08-20,MOCK_ARG_12,0.0,,,,
2023-08-21,MOCK_ARG_12,25.5,,,,
2023-08-22,MOCK_ARG_12,0.0,,,,
2023-08-23,MOCK_ARG_12,0.0,,,,
2023-08-24,MOCK_ARG_12,0.0,,,,
2023-08-25,MOCK_ARG_12,0.0,,,,
2023-08-26,MOCK_ARG_12,0.0,,,,
2023-08-27,MOCK_ARG_12,0.0,,,,
2023-08-28,MOCK_ARG_12,0.0,,,,
2023-08-29,MOCK_ARG_12,0.0,,,,
2023-08-30,MOCK_ARG_12,0.0,,,,
2023-08-31,MOCK_ARG_12,0.0,,,,
2023-09-01,MOCK_ARG_12,1.0,,,,
2023-09-02,MOCK_ARG_12,0.0,,,,
2023-09-03,MOCK_ARG_12,0.0,,,,
2023-09-04,MOCK_ARG_12,70.0,,,,
2023-09-05,MOCK_ARG_12,0.0,,,,
2023-09-06,MOCK_ARG_12,0.0,,,,
2023-09-07,MOCK_ARG_12,8.0,,,,
2023-09-08,MOCK_ARG_12,12.5,,,,
2023-09-09,MOCK_ARG_12,0.0,,,,
2023-09-10,MOCK_ARG_12,0.0,,,,
2023-09-11,MOCK_ARG_12,,,,,
2023-09-12,MOCK_ARG_12,0.0,,,,
2023-09-13,MOCK_ARG_12,0.0,,,,
2023-09-14,MOCK_ARG_12,0.0,,,,
2023-09-15,MOCK_ARG_12,0.0,,,,
2023-09-16,MOCK_ARG_12,0.0,,,,
2023-09-17,MOCK_ARG_12,,,,,
2023-09-18,MOCK_ARG_12,0.0,,,,
2023-09-19,MOCK_ARG_12,0.0,,,,
2023-09-20,MOCK_ARG_12,0.0,,,,
2023-09-21,MOCK_ARG_12,0.0,,,,
2023-09-22,MOCK_ARG_12,0.0,,,,
2023-09-23,MOCK_ARG_12,0.0,,,,
2023-09-24,MOCK_ARG_12,,,,,
2023-09-25,MOCK_ARG_12,0.0,,,,
2023-09-26,MOCK_ARG_12,0.0,,,,
2023-09-27,MOCK_ARG_12,0.0,,,,
2023-09-28,MOCK_ARG_12,0.0,,,,
2023-09-29,MOCK_ARG_12,0.0,,,,
2023-09-30,MOCK_ARG_12,0.0,,,,
2023-10-01,MOCK_ARG_12,0.0,,,,
2023-10-02,MOCK_ARG_12,0.0,,,,
2023-10-03,MOCK_ARG_12,0.0,,,,
2023-10-04,MOCK_ARG_12,0.0,,,,
2023-10-05,MOCK_ARG_12,0.0,,,,
2023-10-06,MOCK_ARG_12,0.0,,,,
2023-10-07,MOCK_ARG_12,0.0,,,,
2023-10-08,MOCK_ARG_12,0.0,,,,
2023-10-09,MOCK_ARG_12,0.0,,,,
2023-10-10,MOCK_ARG_12,0.0,,,,
2023-10-11,MOCK_ARG_12,0.0,,,,
2023-10-12,MOCK_ARG_12,0.0,,,,
2023-10-13,MOCK_ARG_12,0.0,,,,
2023-10-14,MOCK_ARG_12,0.0,,,,
2023-10-15,MOCK_ARG_12,0.0,,,,
2023-10-16,MOCK_ARG_12,0.0,,,,
2023-10-17,MOCK_ARG_12,0.0,,,,
2023-10-18,MOCK_ARG_12,0.0,,,,
2023-10-19,MOCK_ARG_12,0.0,,,,
2023-10-20,MOCK_ARG_12,0.0,,,,
2023-10-21,MOCK_ARG_12,0.0,,,,
2023-10-22,MOCK_ARG_12,0.0,,,,
2023-10-23,MOCK_ARG_12,0.0,,,,
2023-10-24,MOCK_ARG_12,0.0,,,,
2023-10-25,MOCK_ARG_12,,,,,
2023-10-26,MOCK_ARG_12,0.0,,,,
2023-10-27,MOCK_ARG_12,0.0,,,,
2023-10-28,MOCK_ARG_12,0.0,,,,
2023-10-29,MOCK_ARG_12,0.0,,,,
2023-10-30,MOCK_ARG_12,,,,,
2023-10-31,MOCK_ARG_12,0.0,,,,
2023-11-01,MOCK_ARG_12,0.0,,,,
2023-11-02,MOCK_ARG_12,0.0,,,,
2023-11-03,MOCK_ARG_12,0.0,,,,
2023-11-04,MOCK_ARG_12,0.0,,,,
2023-11-05,MOCK_ARG_12,0.0,,,,
2023-11-06,MOCK_ARG_12,0.0,,,,
2023-11-07,MOCK_ARG_12,0.0,,,,
2023-11-08,MOCK_ARG_12,0.0,,,,
2023-11-09,MOCK_ARG_12,0.0,,,,
2023-11-10,MOCK_ARG_12,0.0,,,,
2023-11-11,MOCK_ARG_12,0.0,,,,
2023-11-12,MOCK_ARG_12,0.0,,,,
2023-11-13,MOCK_ARG_12,0.0,,,,
2023-11-14,MOCK_ARG_12,0.0,,,,
2023-11-15,MOCK_ARG_12,0.0,,,,
2023-11-16,MOCK_ARG_12,0.0,,,,
2023-11-17,MOCK_ARG_12,1.0,,,,
2023-11-18,MOCK_ARG_12,0.0,,,,
2023-11-19,MOCK_ARG_12,0.0,,,,
2023-11-20,MOCK_ARG_12,0.0,,,,
2023-11-21,MOCK_ARG_12,0.0,,,,
2023-11-22,MOCK_ARG_12,0.0,,,,
2023-11-23,MOCK_ARG_12,,,,,
2023-11-24,MOCK_ARG_12,0.0,,,,
2023-11-25,MOCK_ARG_12,,,,,
2023-11-26,MOCK_ARG_12,0.0,,,,
2023-11-27,MOCK_ARG_12,0.0,,,,
2023-11-28,MOCK_ARG_12,0.0,,,,
2023-11-29,MOCK_ARG_12,0.0,,,,
2023-11-30,MOCK_ARG_12,0.0,,,,
2023-12-01,MOCK_ARG_12,0.0,,,,
2023-12-02,MOCK_ARG_12,0.0,,,,
2023-12-03,MOCK_ARG_12,0.0,,,,
2023-12-04,MOCK_ARG_12,0.0,,,,
2023-12-05,MOCK_ARG_12,0.0,,,,
2023-12-06,MOCK_ARG_12,0.0,,,,
2023-12-07,MOCK_ARG_12,,,,,
2023-12-08,MOCK_ARG_12,0.0,,,,
2023-12-09,MOCK_ARG_12,0.0,,,,
2023-12-10,MOCK_ARG_12,0.0,,,,
2023-12-11,MOCK_ARG_12,0.0,,,,
2023-12-12,MOCK_ARG_12,0.0,,,,
2023-12-13,MOCK_ARG_12,0.0,,,,
2023-12-14,MOCK_ARG_12,0.0,,,,
2023-12-15,MOCK_ARG_12,0.0,,,,
2023-12-16,MOCK_ARG_12,0.0,,,,
2023-12-17,MOCK_ARG_12,0.0,,,,
2023-12-18,MOCK_ARG_12,0.0,,,,
2023-12-19,MOCK_ARG_12,0.0,,,,
2023-12-20,MOCK_ARG_12,0.0,,,,
2023-12-21,MOCK_ARG_12,0.0,,,,
2023-12-22,MOCK_ARG_12,0.0,,,,
2023-12-23,MOCK_ARG_12,0.0,,,,
2023-12-24,MOCK_ARG_12,0.0,,,,
2023-12-25,MOCK_ARG_12,0.0,,,,
2023-12-26,MOCK_ARG_12,0.0,,,,
2023-12-27,MOCK_ARG_12,0.0,,,,
2023-12-28,MOCK_ARG_12,0.0,,,,
2023-12-29,MOCK_ARG_12,0.0,,,,
2023-12-30,MOCK_ARG_12,0.0,,,,
2023-12-31,MOCK_ARG_12,0.0,,,,
2024-01-01,MOCK_ARG_12,0.0,,,,
2024-01-02,MOCK_ARG_12,0.0,,,,
2024-01-03,MOCK_ARG_12,0.0,,,,
2024-01-04,MOCK_ARG_12,0.0,,,,
2024-01-05,MOCK_ARG_12,0.0,,,,
2024-01-06,MOCK_ARG_12,0.0,,,,
2024-01-07,MOCK_ARG_12,0.0,,,,
2024-01-08,MOCK_ARG_12,0.0,,,,
2024-01-09,MOCK_ARG_12,0.0,,,,
2024-01-10,MOCK_ARG_12,0.0,,,,
2024-01-11,MOCK_ARG_12,0.5,,,,
2024-01-12,MOCK_ARG_12,0.0,,,,
2024-01-13,MOCK_ARG_12,0.0,,,,
2024-01-14,MOCK_ARG_12,0.0,,,,
2024-01-15,MOCK_ARG_12,0.0,,,,
2024-01-16,MOCK_ARG_12,0.0,,,,
2024-01-17,MOCK_ARG_12,0.0,,,,
2024-01-18,MOCK_ARG_12,0.0,,,,
2024-01-19,MOCK_ARG_12,0.0,,,,
2024-01-20,MOCK_ARG_12,0.0,,,,
2024-01-21,MOCK_ARG_12,0.0,,,,
2024-01-22,MOCK_ARG_12,0.0,,,,
2024-01-23,MOCK_ARG_12,0.0,,,,
2024-01-24,MOCK_ARG_12,3.5,,,,
2024-01-25,MOCK_ARG_12,0.0,,,,
2024-01-26,MOCK_ARG_12,0.0,,,,
2024-01-27,MOCK_ARG_12,3.5,,,,
2024-01-28,MOCK_ARG_12,0.0,,,,
2024-01-29,MOCK_ARG_12,2.5,,,,
2024-01-30,MOCK_ARG_12,27.5,,,,
2024-01-31,MOCK_ARG_12,2.5,,,,
2024-02-01,MOCK_ARG_12,0.0,,,,
2024-02-02,MOCK_ARG_12,0.0,,,,
2024-02-03,MOCK_ARG_12,0.5,,,,
2024-02-04,MOCK_ARG_12,1.5,,,,
2024-02-05,MOCK_ARG_12,0.0,,,,
2024-02-06,MOCK_ARG_12,0.0,,,,
2024-02-07,MOCK_ARG_12,0.0,,,,
2024-02-08,MOCK_ARG_12,0.0,,,,
2024-02-09,MOCK_ARG_12,0.0,,,,
2024-02-10,MOCK_ARG_12,4.5,,,,
2024-02-11,MOCK_ARG_12,0.0,,,,
2024-02-12,MOCK_ARG_12,0.0,,,,
2024-02-13,MOCK_ARG_12,,,,,
2024-02-14,MOCK_ARG_12,,,,,
2024-02-15,MOCK_ARG_12,0.0,,,,
2024-02-16,MOCK_ARG_12,0.0,,,,
2024-02-17,MOCK_ARG_12,0.0,,,,
2024-02-18,MOCK_ARG_12,0.0,,,,
2024-02-19,MOCK_ARG_12,0.0,,,,
2024-02-20,MOCK_ARG_12,0.0,,,,
2024-02-21,MOCK_ARG_12,0.0,,,,
2024-02-22,MOCK_ARG_12,0.0,,,,
2024-02-23,MOCK_ARG_12,0.0,,,,
2024-02-24,MOCK_ARG_12,0.0,,,,
2024-02-25,MOCK_ARG_12,0.0,,,,
2024-02-26,MOCK_ARG_12,0.0,,,,
2024-02-27,MOCK_ARG_12,0.0,,,,
2024-02-28,MOCK_ARG_12,0.0,,,,
2024-02-29,MOCK_ARG_12,0.0,,,,
2024-03-01,MOCK_ARG_12,0.0,,,,
2024-03-02,MOCK_ARG_12,0.0,,,,
2024-03-03,MOCK_ARG_12,0.0,,,,
2024-03-04,MOCK_ARG_12,0.0,,,,
2024-03-05,MOCK_ARG_12,0.0,,,,
2024-03-06,MOCK_ARG_12,0.0,,,,
2024-03-07,MOCK_ARG_12,0.0,,,,
2024-03-08,MOCK_ARG_12,0.0,,,,
2024-03-09,MOCK_ARG_12,0.0,,,,
2024-03-10,MOCK_ARG_12,0.0,,,,
2024-03-11,MOCK_ARG_12,0.0,,,,
2024-03-12,MOCK_ARG_12,0.0,,,,
2024-03-13,MOCK_ARG_12,4.5,,,,
2024-03-14,MOCK_ARG_12,0.0,,,,
2024-03-15,MOCK_ARG_12,0.0,,,,
2024-03-16,MOCK_ARG_12,23.5,,,,
2024-03-17,MOCK_ARG_12,0.0,,,,
2024-03-18,MOCK_ARG_12,0.0,,,,
2024-03-19,MOCK_ARG_12,0.0,,,,
2024-03-20,MOCK_ARG_12,0.0,,,,
2024-03-21,MOCK_ARG_12,0.0,,,,
2024-03-22,MOCK_ARG_12,0.0,,,,
2024-03-23,MOCK_ARG_12,,,,,
2024-03-24,MOCK_ARG_12,0.0,,,,
2024-03-25,MOCK_ARG_12,0.0,,,,
2024-03-26,MOCK_ARG_12,0.0,,,,
2024-03-27,MOCK_ARG_12,0.0,,,,
2024-03-28,MOCK_ARG_12,0.0,,,,
2024-03-29,MOCK_ARG_12,0.0,,,,
2024-03-30,MOCK_ARG_12,0.0,,,,
2024-03-31,MOCK_ARG_12,0.0,,,,
2024-04-01,MOCK_ARG_12,0.0,,,,
2024-04-02,MOCK_ARG_12,0.0,,,,
2024-04-03,MOCK_ARG_12,3.5,,,,
2024-04-04,MOCK_ARG_12,0.0,,,,
2024-04-05,MOCK_ARG_12,0.0,,,,
2024-04-06,MOCK_ARG_12,0.0,,,,
2024-04-07,MOCK_ARG_12,0.0,,,,
2024-04-08,MOCK_ARG_12,0.0,,,,
2024-04-09,MOCK_ARG_12,0.0,,,,
2024-04-10,MOCK_ARG_12,0.0,,,,
2024-04-11,MOCK_ARG_12,0.0,,,,
2024-04-12,MOCK_ARG_12,0.0,,,,
2024-04-13,MOCK_ARG_12,0.0,,,,
2024-04-14,MOCK_ARG_12,0.0,,,,
2024-04-15,MOCK_ARG_12,0.0,,,,
2024-04-16,MOCK_ARG_12,0.0,,,,
2024-04-17,MOCK_ARG_12,0.0,,,,
2024-04-18,MOCK_ARG_12,0.0,,,,
2024-04-19,MOCK_ARG_12,0.0,,,,
2024-04-20,MOCK_ARG_12,0.0,,,,
2024-04-21,MOCK_ARG_12,2.0,,,,
2024-04-22,MOCK_ARG_12,2.0,,,,
2024-04-23,MOCK_ARG_12,0.0,,,,
2024-04-24,MOCK_ARG_12,0.0,,,,
2024-04-25,MOCK_ARG_12,0.0,,,,
2024-04-26,MOCK_ARG_12,0.0,,,,
2024-04-27,MOCK_ARG_12,0.0,,,,
2024-04-28,MOCK_ARG_12,0.0,,,,
2024-04-29,MOCK_ARG_12,0.0,,,,
2024-04-30,MOCK_ARG_12,0.0,,,,
2024-05-01,MOCK_ARG_12,0.0,,,,
2024-05-02,MOCK_ARG_12,0.0,,,,
2024-05-03,MOCK_ARG_12,0.0,,,,
2024-05-04,MOCK_ARG_12,0.0,,,,
2024-05-05,MOCK_ARG_12,40.0,,,,
2024-05-06,MOCK_ARG_12,0.0,,,,
2024-05-07,MOCK_ARG_12,0.0,,,,
2024-05-08,MOCK_ARG_12,0.0,,,,
2024-05-09,MOCK_ARG_12,0.0,,,,
2024-05-10,MOCK_ARG_12,0.0,,,,
2024-05-11,MOCK_ARG_12,0.0,,,,
2024-05-12,MOCK_ARG_12,0.0,,,,
2024-05-13,MOCK_ARG_12,0.0,,,,
2024-05-14,MOCK_ARG_12,0.0,,,,
2024-05-15,MOCK_ARG_12,0.0,,,,
2024-05-16,MOCK_ARG_12,0.0,,,,
2024-05-17,MOCK_ARG_12,,,,,
2024-05-18,MOCK_ARG_12,0.0,,,,
2024-05-19,MOCK_ARG_12,0.0,,,,
2024-05-20,MOCK_ARG_12,0.0,,,,
2024-05-21,MOCK_ARG_12,0.0,,,,
2024-05-22,MOCK_ARG_12,0.0,,,,
2024-05-23,MOCK_ARG_12,0.0,,,,
2024-05-24,MOCK_ARG_12,0.0,,,,
2024-05-25,MOCK_ARG_12,0.0,,,,
2024-05-26,MOCK_ARG_12,,,,,
2024-05-27,MOCK_ARG_12,0.0,,,,
2024-05-28,MOCK_ARG_12,0.0,,,,
2024-05-29,MOCK_ARG_12,0.0,,,,
2024-05-30,MOCK_ARG_12,0.0,,,,
2024-05-31,MOCK_ARG_12,0.0,,,,
2024-06-01,MOCK_ARG_12,0.0,,,,
2024-06-02,MOCK_ARG_12,0.0,,,,
2024-06-03,MOCK_ARG_12,0.0,,,,
2024-06-04,MOCK_ARG_12,0.0,,,,
2024-06-05,MOCK_ARG_12,0.0,,,,
2024-06-06,MOCK_ARG_12,0.0,,,,
2024-06-07,MOCK_ARG_12,0.0,,,,
2024-06-08,MOCK_ARG_12,0.0,,,,
2024-06-09,MOCK_ARG_12,0.0,,,,
2024-06-10,MOCK_ARG_12,0.0,,,,
2024-06-11,MOCK_ARG_12,,,,,
2024-06-12,MOCK_ARG_12,0.0,,,,
2024-06-13,MOCK_ARG_12,0.0,,,,
2024-06-14,MOCK_ARG_12,0.0,,,,
2024-06-15,MOCK_ARG_12,0.0,,,,
2024-06-16,MOCK_ARG_12,0.0,,,,
2024-06-17,MOCK_ARG_12,0.0,,,,
2024-06-18,MOCK_ARG_12,0.0,,,,
2024-06-19,MOCK_ARG_12,0.0,,,,
2024-06-20,MOCK_ARG_12,8.5,,,,
2024-06-21,MOCK_ARG_12,23.5,,,,
2024-06-22,MOCK_ARG_12,10.5,,,,
2024-06-23,MOCK_ARG_12,2.0,,,,
2024-06-24,MOCK_ARG_12,0.0,,,,
2024-06-25,MOCK_ARG_12,0.0,,,,
2024-06-26,MOCK_ARG_12,0.0,,,,
2024-06-27,MOCK_ARG_12,0.0,,,,
2024-06-28,MOCK_ARG_12,0.0,,,,
2024-06-29,MOCK_ARG_12,48.0,,,,
2024-06-30,MOCK_ARG_12,0.0,,,,
2024-07-01,MOCK_ARG_12,0.0,,,,
2024-07-02,MOCK_ARG_12,0.0,,,,
2024-07-03,MOCK_ARG_12,0.0,,,,
2024-07-04,MOCK_ARG_12,38.5,,,,
2024-07-05,MOCK_ARG_12,0.5,,,,
2024-07-06,MOCK_ARG_12,0.0,,,,
2024-07-07,MOCK_ARG_12,0.0,,,,
2024-07-08,MOCK_ARG_12,0.0,,,,
2024-07-09,MOCK_ARG_12,0.0,,,,
2024-07-10,MOCK_ARG_12,1.0,,,,
2024-07-11,MOCK_ARG_12,0.5,,,,
2024-07-12,MOCK_ARG_12,0.0,,,,
2024-07-13,MOCK_ARG_12,0.0,,,,
2024-07-14,MOCK_ARG_12,0.0,,,,
2024-07-15,MOCK_ARG_12,0.0,,,,
2024-07-16,MOCK_ARG_12,0.0,,,,
2024-07-17,MOCK_ARG_12,0.0,,,,
2024-07-18,MOCK_ARG_12,0.0,,,,
2024-07-19,MOCK_ARG_12,9.0,,,,
2024-07-20,MOCK_ARG_12,,,,,
2024-07-21,MOCK_ARG_12,0.0,,,,
2024-07-22,MOCK_ARG_12,0.0,,,,
2024-07-23,MOCK_ARG_12,0.0,,,,
2024-07-24,MOCK_ARG_12,7.0,,,,
2024-07-25,MOCK_ARG_12,,,,,
2024-07-26,MOCK_ARG_12,0.0,,,,
2024-07-27,MOCK_ARG_12,0.0,,,,
2024-07-28,MOCK_ARG_12,0.0,,,,
2024-07-29,MOCK_ARG_12,0.0,,,,
2024-07-30,MOCK_ARG_12,0.0,,,,
2024-07-31,MOCK_ARG_12,3.0,,,,
2024-08-01,MOCK_ARG_12,44.5,,,,
2024-08-02,MOCK_ARG_12,0.0,,,,
2024-08-03,MOCK_ARG_12,0.0,,,,
2024-08-04,MOCK_ARG_12,0.0,,,,
2024-08-05,MOCK_ARG_12,0.0,,,,
2024-08-06,MOCK_ARG_12,0.0,,,,
2024-08-07,MOCK_ARG_12,,,,,
2024-08-08,MOCK_ARG_12,0.0,,,,
2024-08-09,MOCK_ARG_12,0.0,,,,
2024-08-10,MOCK_ARG_12,0.0,,,,
2024-08-11,MOCK_ARG_12,0.0,,,,
2024-08-12,MOCK_ARG_12,70.5,,,,
2024-08-13,MOCK_ARG_12,0.0,,,,
2024-08-14,MOCK_ARG_12,0.0,,,,
2024-08-15,MOCK_ARG_12,0.0,,,,
2024-08-16,MOCK_ARG_12,0.0,,,,
2024-08-17,MOCK_ARG_12,0.0,,,,
2024-08-18,MOCK_ARG_12,0.0,,,,
2024-08-19,MOCK_ARG_12,0.0,,,,
2024-08-20,MOCK_ARG_12,0.0,,,,
2024-08-21,MOCK_ARG_12,0.0,,,,
2024-08-22,MOCK_ARG_12,0.0,,,,
2024-08-23,MOCK_ARG_12,0.0,,,,
2024-08-24,MOCK_ARG_12,0.0,,,,
2024-08-25,MOCK_ARG_12,0.0,,,,
2024-08-26,MOCK_ARG_12,0.0,,,,
2024-08-27,MOCK_ARG_12,0.0,,,,
2024-08-28,MOCK_ARG_12,0.0,,,,
2024-08-29,MOCK_ARG_12,0.0,,,,
2024-08-30,MOCK_ARG_12,0.0,,,,
2024-08-31,MOCK_ARG_12,0.0,,,,
2024-09-01,MOCK_ARG_12,0.0,,,,
2024-09-02,MOCK_ARG_12,0.0,,,,
2024-09-03,MOCK_ARG_12,0.0,,,,
2024-09-04,MOCK_ARG_12,0.0,,,,
2024-09-05,MOCK_ARG_12,0.0,,,,
2024-09-06,MOCK_ARG_12,0.0,,,,
2024-09-07,MOCK_ARG_12,0.0,,,,
2024-09-08,MOCK_ARG_12,0.0,,,,
2024-09-09,MOCK_ARG_12,0.0,,,,
2024-09-10,MOCK_ARG_12,107.0,,,,
2024-09-11,MOCK_ARG_12,,,,,
2024-09-12,MOCK_ARG_12,0.0,,,,
2024-09-13,MOCK_ARG_12,,,,,
2024-09-14,MOCK_ARG_12,0.0,,,,
2024-09-15,MOCK_ARG_12,0.0,,,,
2024-09-16,MOCK_ARG_12,0.0,,,,
2024-09-17,MOCK_ARG_12,0.0,,,,
2024-09-18,MOCK_ARG_12,0.0,,,,
2024-09-19,MOCK_ARG_12,0.0,,,,
2024-09-20,MOCK_ARG_12,0.0,,,,
2024-09-21,MOCK_ARG_12,,,,,
2024-09-22,MOCK_ARG_12,0.0,,,,
2024-09-23,MOCK_ARG_12,0.0,,,,
2024-09-24,MOCK_ARG_12,0.0,,,,
2024-09-25,MOCK_ARG_12,0.0,,,,
2024-09-26,MOCK_ARG_12,0.0,,,,
2024-09-27,MOCK_ARG_12,0.0,,,,
2024-09-28,MOCK_ARG_12,0.0,,,,
2024-09-29,MOCK_ARG_12,0.0,,,,
2024-09-30,MOCK_ARG_12,5.0,,,,
2024-10-01,MOCK_ARG_12,0.0,,,,
2024-10-02,MOCK_ARG_12,0.0,,,,
2024-10-03,MOCK_ARG_12,0.0,,,,
2024-10-04,MOCK_ARG_12,0.0,,,,
2024-10-05,MOCK_ARG_12,0.0,,,,
2024-10-06,MOCK_ARG_12,0.0,,,,
2024-10-07,MOCK_ARG_12,0.0,,,,
2024-10-08,MOCK_ARG_12,0.0,,,,
2024-10-09,MOCK_ARG_12,0.0,,,,
2024-10-10,MOCK_ARG_12,0.0,,,,
2024-10-11,MOCK_ARG_12,0.0,,,,
2024-10-12,MOCK_ARG_12,0.0,,,,
2024-10-13,MOCK_ARG_12,0.0,,,,
2024-10-14,MOCK_ARG_12,0.0,,,,
2024-10-15,MOCK_ARG_12,0.0,,,,
2024-10-16,MOCK_ARG_12,0.0,,,,
2024-10-17,MOCK_ARG_12,0.0,,,,
2024-10-18,MOCK_ARG_12,0.0,,,,
2024-10-19,MOCK_ARG_12,0.0,,,,
2024-10-20,MOCK_ARG_12,0.0,,,,
2024-10-21,MOCK_ARG_12,0.0,,,,
2024-10-22,MOCK_ARG_12,0.0,,,,
2024-10-23,MOCK_ARG_12,0.0,,,,
2024-10-24,MOCK_ARG_12,0.0,,,,
2024-10-25,MOCK_ARG_12,0.0,,,,
2024-10-26,MOCK_ARG_12,0.0,,,,
2024-10-27,MOCK_ARG_12,0.0,,,,
2024-10-28,MOCK_ARG_12,0.0,,,,
2024-10-29,MOCK_ARG_12,0.0,,,,
2024-10-30,MOCK_ARG_12,0.0,,,,
2024-10-31,MOCK_ARG_12,0.5,,,,
2024-11-01,MOCK_ARG_12,0.0,,,,
2024-11-02,MOCK_ARG_12,,,,,
2024-11-03,MOCK_ARG_12,0.0,,,,
2024-11-04,MOCK_ARG_12,0.0,,,,
2024-11-05,MOCK_ARG_12,0.0,,,,
2024-11-06,MOCK_ARG_12,0.0,,,,
2024-11-07,MOCK_ARG_12,0.0,,,,
2024-11-08,MOCK_ARG_12,0.0,,,,
2024-11-09,MOCK_ARG_12,0.0,,,,
2024-11-10,MOCK_ARG_12,0.0,,,,
2024-11-11,MOCK_ARG_12,0.0,,,,
2024-11-12,MOCK_ARG_12,0.0,,,,
2024-11-13,MOCK_ARG_12,0.0,,,,
2024-11-14,MOCK_ARG_12,0.0,,,,
2024-11-15,MOCK_ARG_12,0.0,,,,
2024-11-16,MOCK_ARG_12,0.0,,,,
2024-11-17,MOCK_ARG_12,0.0,,,,
2024-11-18,MOCK_ARG_12,0.0,,,,
2024-11-19,MOCK_ARG_12,0.0,,,,
2024-11-20,MOCK_ARG_12,0.0,,,,
2024-11-21,MOCK_ARG_12,0.0,,,,
2024-11-22,MOCK_ARG_12,0.0,,,,
2024-11-23,MOCK_ARG_12,0.0,,,,
2024-11-24,MOCK_ARG_12,0.0,,,,
2024-11-25,MOCK_ARG_12,,,,,
2024-11-26,MOCK_ARG_12,0.0,,,,
2024-11-27,MOCK_ARG_12,0.0,,,,
2024-11-28,MOCK_ARG_12,1.5,,,,
2024-11-29,MOCK_ARG_12,0.0,,,,
2024-11-30,MOCK_ARG_12,0.0,,,,
2024-12-01,MOCK_ARG_12,0.0,,,,
2024-12-02,MOCK_ARG_12,0.0,,,,
2024-12-03,MOCK_ARG_12,0.0,,,,
2024-12-04,MOCK_ARG_12,0.0,,,,
2024-12-05,MOCK_ARG_12,0.0,,,,
2024-12-06,MOCK_ARG_12,0.0,,,,
2024-12-07,MOCK_ARG_12,0.0,,,,
2024-12-08,MOCK_ARG_12,0.0,,,,
2024-12-09,MOCK_ARG_12,0.0,,,,
2024-12-10,MOCK_ARG_12,,,,,
2024-12-11,MOCK_ARG_12,0.0,,,,
2024-12-12,MOCK_ARG_12,0.0,,,,
2024-12-13,MOCK_ARG_12,0.0,,,,
2024-12-14,MOCK_ARG_12,0.0,,,,
2024-12-15,MOCK_ARG_12,0.0,,,,
2024-12-16,MOCK_ARG_12,0.0,,,,
2024-12-17,MOCK_ARG_12,0.0,,,,
2024-12-18,MOCK_ARG_12,0.0,,,,
2024-12-19,MOCK_ARG_12,0.0,,,,
2024-12-20,MOCK_ARG_12,0.0,,,,
2024-12-21,MOCK_ARG_12,0.0,,,,
2024-12-22,MOCK_ARG_12,0.0,,,,
2024-12-23,MOCK_ARG_12,0.0,,,,
2024-12-24,MOCK_ARG_12,0.0,,,,
2024-12-25,MOCK_ARG_12,0.0,,,,
2024-12-26,MOCK_ARG_12,0.0,,,,
2024-12-27,MOCK_ARG_12,0.0,,,,
2024-12-28,MOCK_ARG_12,1.5,,,,
2024-12-29,MOCK_ARG_12,7.5,,,,
2024-12-30,MOCK_ARG_12,0.0,,,,
2024-12-31,MOCK_ARG_12,0.0,,,,
2023-01-01,MOCK_AWS_13,0.0,21.6,7.4,70.0,2.2
2023-01-02,MOCK_AWS_13,0.0,20.3,4.0,70.0,4.3
2023-01-03,MOCK_AWS_13,0.0,15.1,5.7,71.0,3.9
2023-01-04,MOCK_AWS_13,0.0,14.7,3.8,65.0,7.0
2023-01-05,MOCK_AWS_13,0.0,15.9,2.4,69.0,5.5
2023-01-06,MOCK_AWS_13,0.0,18.9,2.1,71.0,8.1
2023-01-07,MOCK_AWS_13,0.0,19.4,3.3,64.0,9.8
2023-01-08,MOCK_AWS_13,0.0,17.1,2.5,60.0,14.8
2023-01-09,MOCK_AWS_13,,,,,
2023-01-10,MOCK_AWS_13,0.0,15.9,3.8,71.0,6.4
2023-01-11,MOCK_AWS_13,0.0,18.9,3.5,63.0,3.0
2023-01-12,MOCK_AWS_13,0.0,18.5,6.7,69.0,4.1
2023-01-13,MOCK_AWS_13,0.0,20.7,5.4,67.0,6.6
2023-01-14,MOCK_AWS_13,0.0,20.9,7.2,74.0,4.7
2023-01-15,MOCK_AWS_13,0.0,20.2,5.4,65.0,2.6
2023-01-16,MOCK_AWS_13,0.0,20.7,5.2,70.0,3.2
2023-01-17,MOCK_AWS_13,0.0,14.6,4.3,64.0,6.4
2023-01-18,MOCK_AWS_13,0.0,17.1,6.5,58.0,7.4
2023-01-19,MOCK_AWS_13,0.0,18.1,3.1,65.0,5.6
2023-01-20,MOCK_AWS_13,4.6,14.8,3.8,60.0,10.5
2023-01-21,MOCK_AWS_13,0.0,15.8,3.0,67.0,9.3
2023-01-22,MOCK_AWS_13,0.0,16.4,4.6,62.0,11.1
2023-01-23,MOCK_AWS_13,0.0,17.7,6.7,68.0,8.0
2023-01-24,MOCK_AWS_13,0.0,20.1,5.6,69.0,8.8
2023-01-25,MOCK_AWS_13,0.0,22.1,6.4,67.0,13.9
2023-01-26,MOCK_AWS_13,0.0,19.1,7.8,69.0,12.1
2023-01-27,MOCK_AWS_13,0.0,23.6,7.5,63.0,9.8
2023-01-28,MOCK_AWS_13,0.0,21.5,6.2,66.0,4.1
2023-01-29,MOCK_AWS_13,0.0,22.6,7.8,67.0,3.8
2023-01-30,MOCK_AWS_13,0.0,22.3,6.2,67.0,8.3
2023-01-31,MOCK_AWS_13,0.0,22.3,7.1,62.0,6.4
2023-02-01,MOCK_AWS_13,0.0,23.4,7.4,63.0,8.3
2023-02-02,MOCK_AWS_13,0.0,22.5,8.7,63.0,7.4
2023-02-03,MOCK_AWS_13,0.0,22.9,8.3,59.0,5.3
2023-02-04,MOCK_AWS_13,0.0,22.3,8.7,66.0,4.5
2023-02-05,MOCK_AWS_13,0.0,23.5,9.3,54.0,5.7
2023-02-06,MOCK_AWS_13,0.0,23.7,9.0,68.0,5.4
2023-02-07,MOCK_AWS_13,0.0,23.0,9.2,70.0,4.3
2023-02-08,MOCK_AWS_13,,,,,
2023-02-09,MOCK_AWS_13,0.0,24.6,8.3,64.0,5.6
2023-02-10,MOCK_AWS_13,0.0,26.1,9.3,63.0,5.6
2023-02-11,MOCK_AWS_13,0.0,22.1,5.3,68.0,5.7
2023-02-12,MOCK_AWS_13,0.0,24.7,7.9,64.0,6.1
2023-02-13,MOCK_AWS_13,0.0,23.7,9.2,61.0,11.7
2023-02-14,MOCK_AWS_13,0.0,23.8,9.2,67.0,9.7
2023-02-15,MOCK_AWS_13,0.0,26.3,11.2,64.0,6.3
2023-02-16,MOCK_AWS_13,0.0,26.4,12.2,60.0,7.2
2023-02-17,MOCK_AWS_13,0.0,24.9,9.9,68.0,7.5
2023-02-18,MOCK_AWS_13,0.0,27.6,11.4,62.0,5.5
2023-02-19,MOCK_AWS_13,0.0,27.3,12.5,69.0,9.6
2023-02-20,MOCK_AWS_13,,,,,
2023-02-21,MOCK_AWS_13,0.0,25.4,8.8,66.0,8.5
2023-02-22,MOCK_AWS_13,2.6,23.1,10.2,52.0,8.9
2023-02-23,MOCK_AWS_13,0.0,25.2,10.4,63.0,7.6
2023-02-24,MOCK_AWS_13,0.0,24.0,9.1,65.0,5.0
2023-02-25,MOCK_AWS_13,0.0,26.8,11.6,64.0,8.8
2023-02-26,MOCK_AWS_13,0.0,28.3,13.1,60.0,7.9
2023-02-27,MOCK_AWS_13,1.3,27.7,13.8,60.0,11.1
2023-02-28,MOCK_AWS_13,0.0,29.3,12.6,57.0,8.0
2023-03-01,MOCK_AWS_13,0.0,29.6,13.4,56.0,8.5
2023-03-02,MOCK_AWS_13,0.0,26.3,11.5,63.0,6.7
2023-03-03,MOCK_AWS_13,0.0,25.4,9.6,51.0,9.4
2023-03-04,MOCK_AWS_13,0.0,25.4,8.8,58.0,11.2
2023-03-05,MOCK_AWS_13,0.0,25.6,10.3,58.0,9.0
2023-03-06,MOCK_AWS_13,0.0,26.4,11.6,53.0,8.6
2023-03-07,MOCK_AWS_13,0.0,24.4,7.9,60.0,7.4
2023-03-08,MOCK_AWS_13,0.0,25.0,9.2,54.0,9.3
2023-03-09,MOCK_AWS_13,0.0,22.0,7.7,52.0,11.0
2023-03-10,MOCK_AWS_13,0.0,26.1,10.1,51.0,6.3
2023-03-11,MOCK_AWS_13,0.0,22.2,7.3,57.0,10.6
2023-03-12,MOCK_AWS_13,0.0,27.3,10.9,51.0,9.3
2023-03-13,MOCK_AWS_13,0.0,30.5,12.3,55.0,10.5
2023-03-14,MOCK_AWS_13,0.0,30.1,13.4,51.0,8.2
2023-03-15,MOCK_AWS_13,3.7,28.6,14.2,47.0,7.2
2023-03-16,MOCK_AWS_13,0.0,31.9,15.1,53.0,7.1
2023-03-17,MOCK_AWS_13,0.4,32.6,16.4,51.0,5.5
2023-03-18,MOCK_AWS_13,0.0,29.3,13.9,50.0,9.1
2023-03-19,MOCK_AWS_13,0.0,27.4,11.6,49.0,5.2
2023-03-20,MOCK_AWS_13,3.3,28.8,13.8,37.0,8.8
2023-03-21,MOCK_AWS_13,0.0,28.8,14.1,52.0,7.5
2023-03-22,MOCK_AWS_13,0.0,29.0,14.2,53.0,5.0
2023-03-23,MOCK_AWS_13,0.0,31.6,15.1,44.0,6.7
2023-03-24,MOCK_AWS_13,0.0,34.0,17.1,49.0,4.9
2023-03-25,MOCK_AWS_13,0.0,34.1,17.4,46.0,5.0
2023-03-26,MOCK_AWS_13,0.0,36.8,19.1,56.0,6.7
2023-03-27,MOCK_AWS_13,0.0,35.4,18.5,46.0,5.9
2023-03-28,MOCK_AWS_13,0.0,34.2,17.7,51.0,12.5
2023-03-29,MOCK_AWS_13,0.0,35.2,19.6,46.0,9.6
2023-03-30,MOCK_AWS_13,0.0,31.0,14.7,43.0,9.6
2023-03-31,MOCK_AWS_13,7.2,30.8,17.1,33.0,8.6
2023-04-01,MOCK_AWS_13,0.0,33.0,17.4,41.0,11.3
2023-04-02,MOCK_AWS_13,0.0,35.7,18.8,48.0,13.4
2023-04-03,MOCK_AWS_13,0.0,34.0,18.1,43.0,9.3
2023-04-04,MOCK_AWS_13,,,,,
2023-04-05,MOCK_AWS_13,0.0,33.8,17.6,41.0,12.5
2023-04-06,MOCK_AWS_13,0.4,33.7,18.7,39.0,9.9
2023-04-07,MOCK_AWS_13,0.0,32.6,17.2,37.0,7.2
2023-04-08,MOCK_AWS_13,0.0,35.7,18.8,45.0,6.4
2023-04-09,MOCK_AWS_13,0.7,37.4,20.2,44.0,7.7
2023-04-10,MOCK_AWS_13,0.0,35.7,18.5,44.0,3.4
2023-04-11,MOCK_AWS_13,0.0,37.4,20.5,42.0,4.1
2023-04-12,MOCK_AWS_13,0.0,35.7,20.0,39.0,15.4
2023-04-13,MOCK_AWS_13,0.0,35.5,19.5,40.0,10.4
2023-04-14,MOCK_AWS_13,0.0,38.0,20.3,40.0,6.2
2023-04-15,MOCK_AWS_13,0.0,36.4,19.8,38.0,7.3
2023-04-16,MOCK_AWS_13,0.0,35.6,19.4,43.0,9.1
2023-04-17,MOCK_AWS_13,,,,,
2023-04-18,MOCK_AWS_13,0.0,35.0,19.5,39.0,7.4
2023-04-19,MOCK_AWS_13,0.0,36.4,18.9,39.0,7.4
2023-04-20,MOCK_AWS_13,0.0,36.5,20.5,38.0,8.1
2023-04-21,MOCK_AWS_13,0.0,36.4,20.8,41.0,14.0
2023-04-22,MOCK_AWS_13,0.0,38.2,21.2,35.0,14.9
2023-04-23,MOCK_AWS_13,0.0,38.9,21.7,35.0,12.1
2023-04-24,MOCK_AWS_13,,,,,
2023-04-25,MOCK_AWS_13,0.0,38.5,21.4,43.0,8.2
2023-04-26,MOCK_AWS_13,0.0,38.3,21.5,42.0,19.8
2023-04-27,MOCK_AWS_13,0.0,40.1,22.7,43.0,12.1
2023-04-28,MOCK_AWS_13,0.0,40.7,23.8,38.0,13.0
2023-04-29,MOCK_AWS_13,0.0,38.0,23.0,44.0,7.6
2023-04-30,MOCK_AWS_13,0.0,43.8,26.3,38.0,9.6
2023-05-01,MOCK_AWS_13,0.0,40.9,23.2,44.0,8.0
2023-05-02,MOCK_AWS_13,0.0,39.4,23.6,39.0,11.0
2023-05-03,MOCK_AWS_13,0.0,40.5,23.3,48.0,13.2
2023-05-04,MOCK_AWS_13,4.9,39.5,24.4,33.0,11.2
2023-05-05,MOCK_AWS_13,0.4,40.9,24.4,40.0,18.0
2023-05-06,MOCK_AWS_13,0.0,44.1,27.8,41.0,12.3
2023-05-07,MOCK_AWS_13,0.0,44.7,27.2,38.0,20.3
2023-05-08,MOCK_AWS_13,0.0,43.9,27.2,39.0,16.5
2023-05-09,MOCK_AWS_13,0.0,45.4,27.1,41.0,23.0
2023-05-10,MOCK_AWS_13,0.0,43.4,26.1,34.0,19.7
2023-05-11,MOCK_AWS_13,0.0,39.5,23.6,40.0,19.0
2023-05-12,MOCK_AWS_13,0.0,43.9,26.3,43.0,14.1
2023-05-13,MOCK_AWS_13,0.0,44.0,25.3,40.0,8.1
2023-05-14,MOCK_AWS_13,0.0,41.0,24.4,38.0,7.3
2023-05-15,MOCK_AWS_13,0.0,43.8,27.2,39.0,6.4
2023-05-16,MOCK_AWS_13,0.0,44.8,27.7,36.0,9.1
2023-05-17,MOCK_AWS_13,0.0,44.1,27.9,44.0,7.0
2023-05-18,MOCK_AWS_13,0.0,41.8,25.3,38.0,6.0
2023-05-19,MOCK_AWS_13,0.0,44.1,25.8,41.0,18.0
2023-05-20,MOCK_AWS_13,0.0,40.9,24.8,42.0,16.7
2023-05-21,MOCK_AWS_13,0.0,43.6,27.7,42.0,19.1
2023-05-22,MOCK_AWS_13,0.0,41.2,24.7,41.0,10.6
2023-05-23,MOCK_AWS_13,0.0,37.9,24.8,37.0,9.9
2023-05-24,MOCK_AWS_13,,,,,
2023-05-25,MOCK_AWS_13,0.0,38.7,24.4,42.0,14.0
2023-05-26,MOCK_AWS_13,0.0,39.8,24.7,41.0,14.3
2023-05-27,MOCK_AWS_13,0.0,39.5,24.4,43.0,12.0
2023-05-28,MOCK_AWS_13,0.0,42.8,27.1,46.0,3.6
2023-05-29,MOCK_AWS_13,0.0,41.7,26.7,53.0,8.6
2023-05-30,MOCK_AWS_13,,,,,
2023-05-31,MOCK_AWS_13,0.0,37.4,23.8,41.0,8.6
2023-06-01,MOCK_AWS_13,0.0,39.0,25.4,47.0,13.0
2023-06-02,MOCK_AWS_13,0.0,42.9,26.4,48.0,11.8
2023-06-03,MOCK_AWS_13,,,,,
2023-06-04,MOCK_AWS_13,,,,,
2023-06-05,MOCK_AWS_13,0.0,47.4,33.8,45.0,20.4
2023-06-06,MOCK_AWS_13,0.0,46.5,32.0,44.0,8.3
2023-06-07,MOCK_AWS_13,0.0,44.0,29.7,48.0,8.8
2023-06-08,MOCK_AWS_13,0.0,43.1,28.2,51.0,6.7
2023-06-09,MOCK_AWS_13,0.0,40.5,27.2,50.0,7.2
2023-06-10,MOCK_AWS_13,0.0,41.0,27.5,46.0,11.8
2023-06-11,MOCK_AWS_13,0.0,42.4,28.9,56.0,12.2
2023-06-12,MOCK_AWS_13,0.0,41.7,29.7,56.0,8.3
2023-06-13,MOCK_AWS_13,0.0,42.8,29.6,54.0,14.4
2023-06-14,MOCK_AWS_13,,,,,
2023-06-15,MOCK_AWS_13,0.0,39.9,26.1,50.0,18.9
2023-06-16,MOCK_AWS_13,0.0,43.5,29.6,52.0,15.3
2023-06-17,MOCK_AWS_13,0.0,38.2,26.4,46.0,16.1
2023-06-18,MOCK_AWS_13,0.0,38.2,25.3,51.0,9.9
2023-06-19,MOCK_AWS_13,0.0,40.0,27.7,53.0,12.7
2023-06-20,MOCK_AWS_13,0.0,38.4,26.3,55.0,12.2
2023-06-21,MOCK_AWS_13,0.0,38.6,26.8,55.0,13.1
2023-06-22,MOCK_AWS_13,0.0,35.8,25.2,52.0,11.2
2023-06-23,MOCK_AWS_13,0.0,35.5,25.5,55.0,8.3
2023-06-24,MOCK_AWS_13,0.0,42.1,29.3,58.0,9.1
2023-06-25,MOCK_AWS_13,0.0,38.5,27.5,62.0,14.4
2023-06-26,MOCK_AWS_13,0.0,40.4,28.5,56.0,8.0
2023-06-27,MOCK_AWS_13,1.5,39.6,28.5,49.0,14.2
2023-06-28,MOCK_AWS_13,0.0,34.4,27.7,45.0,12.7
2023-06-29,MOCK_AWS_13,0.0,40.3,28.0,65.0,9.7
2023-06-30,MOCK_AWS_13,0.0,35.0,24.5,61.0,8.4
2023-07-01,MOCK_AWS_13,0.8,38.4,28.3,63.0,14.2
2023-07-02,MOCK_AWS_13,0.0,37.2,26.8,66.0,12.7
2023-07-03,MOCK_AWS_13,,,,,
2023-07-04,MOCK_AWS_13,0.0,34.2,25.0,61.0,13.7
2023-07-05,MOCK_AWS_13,0.0,32.5,25.0,66.0,9.8
2023-07-06,MOCK_AWS_13,0.8,33.2,23.6,64.0,6.9
2023-07-07,MOCK_AWS_13,0.0,35.7,26.1,65.0,8.7
2023-07-08,MOCK_AWS_13,0.0,34.9,24.9,75.0,8.5
2023-07-09,MOCK_AWS_13,0.0,33.8,24.7,66.0,13.5
2023-07-10,MOCK_AWS_13,0.0,37.5,29.0,71.0,17.6
2023-07-11,MOCK_AWS_13,0.0,36.8,26.5,76.0,15.2
2023-07-12,MOCK_AWS_13,0.0,37.2,27.4,69.0,9.0
2023-07-13,MOCK_AWS_13,0.0,33.8,24.9,69.0,11.5
2023-07-14,MOCK_AWS_13,0.0,35.6,27.0,69.0,8.7
2023-07-15,MOCK_AWS_13,0.0,34.9,26.5,71.0,9.9
2023-07-16,MOCK_AWS_13,0.0,35.1,26.5,72.0,15.9
2023-07-17,MOCK_AWS_13,0.0,32.0,23.4,73.0,8.5
2023-07-18,MOCK_AWS_13,0.0,34.3,25.6,76.0,6.9
2023-07-19,MOCK_AWS_13,0.0,34.3,26.2,77.0,11.1
2023-07-20,MOCK_AWS_13,0.0,35.4,27.9,74.0,6.9
2023-07-21,MOCK_AWS_13,0.6,36.0,28.2,76.0,5.9
2023-07-22,MOCK_AWS_13,0.0,35.0,25.9,75.0,9.3
2023-07-23,MOCK_AWS_13,0.0,35.8,26.0,70.0,7.1
2023-07-24,MOCK_AWS_13,0.0,33.7,24.9,77.0,5.7
2023-07-25,MOCK_AWS_13,1.7,35.9,28.1,56.0,10.2
2023-07-26,MOCK_AWS_13,0.0,35.7,26.0,75.0,4.9
2023-07-27,MOCK_AWS_13,0.0,38.5,28.9,79.0,6.4
2023-07-28,MOCK_AWS_13,0.0,36.2,26.9,77.0,9.2
2023-07-29,MOCK_AWS_13,,,,,
2023-07-30,MOCK_AWS_13,0.0,31.3,24.7,83.0,6.7
2023-07-31,MOCK_AWS_13,0.0,33.5,25.9,76.0,8.3
2023-08-01,MOCK_AWS_13,0.0,31.7,24.7,71.0,6.8
2023-08-02,MOCK_AWS_13,0.0,31.8,24.0,83.0,11.2
2023-08-03,MOCK_AWS_13,0.2,33.8,27.0,80.0,10.0
2023-08-04,MOCK_AWS_13,0.0,34.0,27.0,83.0,8.8
2023-08-05,MOCK_AWS_13,131.2,25.8,23.5,59.0,6.0
2023-08-06,MOCK_AWS_13,0.0,32.4,23.7,77.0,9.1
2023-08-07,MOCK_AWS_13,0.0,34.4,25.4,81.0,8.4
2023-08-08,MOCK_AWS_13,0.0,35.7,27.7,78.0,10.2
2023-08-09,MOCK_AWS_13,0.0,34.6,25.5,80.0,8.0
2023-08-10,MOCK_AWS_13,0.0,33.3,25.2,68.0,9.0
2023-08-11,MOCK_AWS_13,0.0,34.5,25.2,84.0,6.5
2023-08-12,MOCK_AWS_13,0.0,32.9,24.3,85.0,4.5
2023-08-13,MOCK_AWS_13,,,,,
2023-08-14,MOCK_AWS_13,0.0,31.2,24.0,78.0,7.9
2023-08-15,MOCK_AWS_13,18.2,31.2,25.6,65.0,4.4
2023-08-16,MOCK_AWS_13,42.1,24.3,22.1,73.0,7.0
2023-08-17,MOCK_AWS_13,0.0,34.3,25.4,85.0,6.8
2023-08-18,MOCK_AWS_13,0.0,31.1,25.0,90.0,4.9
2023-08-19,MOCK_AWS_13,0.0,31.4,22.6,78.0,9.8
2023-08-20,MOCK_AWS_13,0.0,32.6,23.4,83.0,9.7
2023-08-21,MOCK_AWS_13,0.0,27.0,24.9,64.0,9.0
2023-08-22,MOCK_AWS_13,0.0,33.4,24.9,80.0,9.0
2023-08-23,MOCK_AWS_13,0.0,35.6,26.4,74.0,9.5
2023-08-24,MOCK_AWS_13,0.0,35.7,26.4,77.0,8.9
2023-08-25,MOCK_AWS_13,0.0,33.2,24.7,79.0,6.9
2023-08-26,MOCK_AWS_13,0.0,33.8,25.4,77.0,7.9
2023-08-27,MOCK_AWS_13,0.0,33.5,24.4,74.0,5.0
2023-08-28,MOCK_AWS_13,0.0,31.4,24.6,83.0,5.0
2023-08-29,MOCK_AWS_13,0.0,36.1,26.7,70.0,4.6
2023-08-30,MOCK_AWS_13,0.0,35.1,26.8,76.0,3.4
2023-08-31,MOCK_AWS_13,0.0,35.0,24.5,85.0,3.9
2023-09-01,MOCK_AWS_13,0.3,33.7,25.0,72.0,5.2
2023-09-02,MOCK_AWS_13,0.0,36.2,25.8,86.0,8.9
2023-09-03,MOCK_AWS_13,0.0,38.0,27.1,73.0,5.4
2023-09-04,MOCK_AWS_13,94.9,31.8,28.9,60.0,12.0
2023-09-05,MOCK_AWS_13,15.2,37.8,27.9,76.0,14.3
2023-09-06,MOCK_AWS_13,0.0,38.9,27.5,77.0,17.6
2023-09-07,MOCK_AWS_13,6.8,31.8,23.4,69.0,15.7
2023-09-08,MOCK_AWS_13,11.5,29.4,22.8,62.0,10.7
2023-09-09,MOCK_AWS_13,0.0,35.6,25.1,71.0,12.0
2023-09-10,MOCK_AWS_13,0.0,34.8,24.1,75.0,9.6
2023-09-11,MOCK_AWS_13,0.0,33.8,22.8,85.0,8.9
2023-09-12,MOCK_AWS_13,0.0,32.9,23.3,76.0,8.1
2023-09-13,MOCK_AWS_13,0.0,31.0,21.4,73.0,10.5
2023-09-14,MOCK_AWS_13,0.0,30.2,19.3,68.0,11.8
2023-09-15,MOCK_AWS_13,0.0,29.9,19.7,75.0,10.4
2023-09-16,MOCK_AWS_13,0.0,32.5,21.7,76.0,5.0
2023-09-17,MOCK_AWS_13,1.8,31.8,21.6,63.0,7.0
2023-09-18,MOCK_AWS_13,0.0,36.9,24.3,70.0,8.6
2023-09-19,MOCK_AWS_13,0.0,38.0,24.2,68.0,8.2
2023-09-20,MOCK_AWS_13,0.0,37.2,24.4,67.0,4.9
2023-09-21,MOCK_AWS_13,0.0,38.4,26.5,72.0,5.8
2023-09-22,MOCK_AWS_13,0.0,33.4,22.2,67.0,8.2
2023-09-23,MOCK_AWS_13,0.0,30.1,18.7,65.0,7.4
2023-09-24,MOCK_AWS_13,0.0,33.1,20.1,76.0,3.2
2023-09-25,MOCK_AWS_13,0.0,36.3,22.9,72.0,5.3
2023-09-26,MOCK_AWS_13,0.0,32.5,19.0,73.0,8.5
2023-09-27,MOCK_AWS_13,16.4,24.8,18.3,52.0,6.7
2023-09-28,MOCK_AWS_13,0.0,32.6,20.1,68.0,4.8
2023-09-29,MOCK_AWS_13,0.0,32.8,19.4,64.0,8.2
2023-09-30,MOCK_AWS_13,7.6,31.7,19.8,45.0,3.8
2023-10-01,MOCK_AWS_13,0.0,32.7,19.6,71.0,4.3
2023-10-02,MOCK_AWS_13,0.0,29.9,18.7,60.0,5.1
2023-10-03,MOCK_AWS_13,0.0,30.7,18.7,60.0,5.4
2023-10-04,MOCK_AWS_13,0.0,32.3,19.1,61.0,3.0
2023-10-05,MOCK_AWS_13,0.0,30.5,15.9,65.0,2.2
2023-10-06,MOCK_AWS_13,0.0,27.8,15.4,61.0,4.2
2023-10-07,MOCK_AWS_13,0.0,28.6,15.6,66.0,4.7
2023-10-08,MOCK_AWS_13,0.0,34.3,19.1,62.0,4.0
2023-10-09,MOCK_AWS_13,0.0,31.7,17.3,58.0,3.2
2023-10-10,MOCK_AWS_13,0.0,33.6,18.4,59.0,4.2
2023-10-11,MOCK_AWS_13,0.0,33.1,18.1,59.0,4.7
2023-10-12,MOCK_AWS_13,0.0,30.7,16.4,62.0,3.4
2023-10-13,MOCK_AWS_13,0.0,31.2,16.3,62.0,3.6
2023-10-14,MOCK_AWS_13,0.0,32.2,16.7,60.0,4.5
2023-10-15,MOCK_AWS_13,0.0,33.4,17.4,52.0,4.4
2023-10-16,MOCK_AWS_13,0.0,31.8,17.0,61.0,2.8
2023-10-17,MOCK_AWS_13,0.0,34.6,18.7,59.0,5.3
2023-10-18,MOCK_AWS_13,0.0,33.8,16.6,54.0,3.7
2023-10-19,MOCK_AWS_13,0.0,30.1,15.0,57.0,2.9
2023-10-20,MOCK_AWS_13,0.0,36.3,18.7,59.0,3.0
2023-10-21,MOCK_AWS_13,0.0,34.7,18.4,60.0,2.7
2023-10-22,MOCK_AWS_13,0.0,32.5,16.2,59.0,6.9
2023-10-23,MOCK_AWS_13,0.0,33.4,18.1,58.0,6.7
2023-10-24,MOCK_AWS_13,0.0,30.9,14.1,60.0,6.6
2023-10-25,MOCK_AWS_13,0.0,31.9,14.3,60.0,4.2
2023-10-26,MOCK_AWS_13,0.0,27.4,12.7,53.0,3.3
2023-10-27,MOCK_AWS_13,0.0,24.8,10.6,54.0,3.2
2023-10-28,MOCK_AWS_13,0.0,26.5,10.8,64.0,4.1
2023-10-29,MOCK_AWS_13,0.0,25.0,9.1,57.0,5.5
2023-10-30,MOCK_AWS_13,0.0,28.5,13.5,59.0,6.7
2023-10-31,MOCK_AWS_13,0.0,28.3,12.9,61.0,7.0
2023-11-01,MOCK_AWS_13,0.0,29.9,12.2,59.0,2.4
2023-11-02,MOCK_AWS_13,0.0,28.9,12.3,58.0,3.8
2023-11-03,MOCK_AWS_13,0.0,28.9,12.1,59.0,3.2
2023-11-04,MOCK_AWS_13,0.0,28.6,12.1,59.0,5.9
2023-11-05,MOCK_AWS_13,0.0,30.7,14.3,58.0,6.3
2023-11-06,MOCK_AWS_13,0.0,33.2,15.8,59.0,6.3
2023-11-07,MOCK_AWS_13,0.0,32.2,14.2,63.0,5.3
2023-11-08,MOCK_AWS_13,0.0,30.9,12.5,58.0,7.3
2023-11-09,MOCK_AWS_13,0.0,32.4,14.8,66.0,7.9
2023-11-10,MOCK_AWS_13,0.0,31.0,12.7,62.0,7.0
2023-11-11,MOCK_AWS_13,0.0,29.6,12.2,60.0,4.4
2023-11-12,MOCK_AWS_13,0.0,29.2,12.0,59.0,6.3
2023-11-13,MOCK_AWS_13,0.0,25.5,9.2,60.0,4.5
2023-11-14,MOCK_AWS_13,0.0,28.8,10.0,58.0,4.6
2023-11-15,MOCK_AWS_13,0.0,29.8,12.4,56.0,4.5
2023-11-16,MOCK_AWS_13,0.0,28.4,10.6,59.0,7.4
2023-11-17,MOCK_AWS_13,0.0,29.5,11.8,63.0,5.3
2023-11-18,MOCK_AWS_13,0.0,29.4,12.5,61.0,2.2
2023-11-19,MOCK_AWS_13,0.0,32.4,14.2,60.0,4.0
2023-11-20,MOCK_AWS_13,0.0,31.8,13.1,65.0,2.5
2023-11-21,MOCK_AWS_13,0.0,31.5,13.0,64.0,2.7
2023-11-22,MOCK_AWS_13,0.0,28.1,11.2,63.0,4.0
2023-11-23,MOCK_AWS_13,0.0,26.4,10.1,69.0,5.2
2023-11-24,MOCK_AWS_13,0.0,27.1,10.8,62.0,2.7
2023-11-25,MOCK_AWS_13,0.0,26.4,9.9,65.0,4.0
2023-11-26,MOCK_AWS_13,0.0,24.0,6.6,58.0,3.6
2023-11-27,MOCK_AWS_13,0.0,25.1,8.2,65.0,3.8
2023-11-28,MOCK_AWS_13,0.0,25.0,7.2,61.0,9.3
2023-11-29,MOCK_AWS_13,0.0,24.3,8.4,66.0,5.1
2023-11-30,MOCK_AWS_13,0.0,24.9,8.0,66.0,2.4
2023-12-01,MOCK_AWS_13,0.0,25.8,9.5,62.0,2.6
2023-12-02,MOCK_AWS_13,0.0,27.0,10.7,69.0,3.1
2023-12-03,MOCK_AWS_13,0.0,26.7,10.0,68.0,2.1
2023-12-04,MOCK_AWS_13,0.0,24.7,9.1,66.0,4.6
2023-12-05,MOCK_AWS_13,0.0,24.1,10.9,63.0,4.8
2023-12-06,MOCK_AWS_13,0.0,27.0,10.0,57.0,3.7
2023-12-07,MOCK_AWS_13,0.0,23.7,6.6,69.0,9.8
2023-12-08,MOCK_AWS_13,0.0,22.7,8.6,65.0,5.0
2023-12-09,MOCK_AWS_13,0.0,22.2,7.1,67.0,3.3
2023-12-10,MOCK_AWS_13,0.0,19.1,5.3,64.0,7.1
2023-12-11,MOCK_AWS_13,0.0,18.4,4.1,63.0,3.9
2023-12-12,MOCK_AWS_13,0.0,16.4,5.2,59.0,3.7
2023-12-13,MOCK_AWS_13,0.0,20.7,4.4,67.0,3.9
2023-12-14,MOCK_AWS_13,0.0,19.6,4.1,71.0,4.6
2023-12-15,MOCK_AWS_13,0.0,12.9,2.1,68.0,2.8
2023-12-16,MOCK_AWS_13,0.0,16.6,5.5,80.0,2.2
2023-12-17,MOCK_AWS_13,0.0,20.9,4.7,67.0,4.5
2023-12-18,MOCK_AWS_13,0.0,20.6,4.0,69.0,3.8
2023-12-19,MOCK_AWS_13,0.0,23.3,7.4,67.0,7.2
2023-12-20,MOCK_AWS_13,0.0,16.4,4.9,71.0,7.5
2023-12-21,MOCK_AWS_13,0.0,18.8,3.4,69.0,4.8
2023-12-22,MOCK_AWS_13,0.0,18.1,4.9,70.0,3.7
2023-12-23,MOCK_AWS_13,0.0,17.9,3.6,65.0,4.3
2023-12-24,MOCK_AWS_13,0.0,18.5,2.9,71.0,1.8
2023-12-25,MOCK_AWS_13,0.0,18.9,5.3,66.0,3.2
2023-12-26,MOCK_AWS_13,0.0,20.9,6.4,60.0,5.5
2023-12-27,MOCK_AWS_13,0.0,19.6,9.0,76.0,4.8
2023-12-28,MOCK_AWS_13,0.0,25.2,9.9,68.0,4.4
2023-12-29,MOCK_AWS_13,0.0,22.3,7.2,73.0,4.6
2023-12-30,MOCK_AWS_13,0.0,23.1,8.5,65.0,5.7
2023-12-31,MOCK_AWS_13,0.0,20.4,5.5,70.0,1.3
2024-01-01,MOCK_AWS_13,0.0,19.0,5.5,75.0,5.6
2024-01-02,MOCK_AWS_13,0.0,17.2,2.8,68.0,4.1
2024-01-03,MOCK_AWS_13,0.0,21.6,5.5,72.0,7.8
2024-01-04,MOCK_AWS_13,0.0,23.1,8.7,69.0,5.6
2024-01-05,MOCK_AWS_13,0.0,23.8,12.4,70.0,5.5
2024-01-06,MOCK_AWS_13,,,,,
2024-01-07,MOCK_AWS_13,0.0,25.4,9.1,62.0,3.8
2024-01-08,MOCK_AWS_13,0.0,22.9,7.5,70.0,8.3
2024-01-09,MOCK_AWS_13,0.0,23.9,8.3,68.0,4.9
2024-01-10,MOCK_AWS_13,0.0,21.6,10.2,63.0,10.2
2024-01-11,MOCK_AWS_13,0.0,20.0,6.1,72.0,7.2
2024-01-12,MOCK_AWS_13,0.0,20.1,6.0,71.0,5.3
2024-01-13,MOCK_AWS_13,0.0,19.0,3.9,71.0,4.6
2024-01-14,MOCK_AWS_13,0.0,19.0,5.0,69.0,3.6
2024-01-15,MOCK_AWS_13,0.0,21.2,5.9,67.0,2.8
2024-01-16,MOCK_AWS_13,0.0,20.3,5.0,62.0,5.0
2024-01-17,MOCK_AWS_13,0.0,18.8,5.4,74.0,3.3
2024-01-18,MOCK_AWS_13,0.0,19.6,7.9,72.0,4.4
2024-01-19,MOCK_AWS_13,0.0,19.9,8.1,80.0,4.1
2024-01-20,MOCK_AWS_13,0.0,22.9,8.4,69.0,3.8
2024-01-21,MOCK_AWS_13,0.0,23.3,8.7,72.0,3.4
2024-01-22,MOCK_AWS_13,0.0,25.1,10.3,67.0,3.7
2024-01-23,MOCK_AWS_13,0.0,24.5,9.7,64.0,2.8
2024-01-24,MOCK_AWS_13,13.1,16.7,9.2,59.0,3.2
2024-01-25,MOCK_AWS_13,,,,,
2024-01-26,MOCK_AWS_13,0.0,19.4,4.8,67.0,4.4
2024-01-27,MOCK_AWS_13,2.5,19.3,5.1,49.0,7.5
2024-01-28,MOCK_AWS_13,1.8,21.3,7.1,53.0,6.9
2024-01-29,MOCK_AWS_13,1.0,20.6,11.2,59.0,8.1
2024-01-30,MOCK_AWS_13,10.3,20.4,9.4,57.0,3.9
2024-01-31,MOCK_AWS_13,3.7,21.1,12.0,53.0,3.8
2024-02-01,MOCK_AWS_13,0.0,27.7,11.5,69.0,5.6
2024-02-02,MOCK_AWS_13,0.0,26.1,11.3,65.0,4.0
2024-02-03,MOCK_AWS_13,0.5,23.9,10.0,68.0,4.7
2024-02-04,MOCK_AWS_13,1.0,23.9,11.5,64.0,3.0
2024-02-05,MOCK_AWS_13,2.9,23.4,10.7,55.0,3.0
2024-02-06,MOCK_AWS_13,0.0,24.1,8.3,70.0,4.3
2024-02-07,MOCK_AWS_13,0.0,26.2,11.0,61.0,4.9
2024-02-08,MOCK_AWS_13,0.0,28.6,12.2,75.0,4.9
2024-02-09,MOCK_AWS_13,0.0,26.2,10.7,63.0,4.6
2024-02-10,MOCK_AWS_13,3.5,22.6,10.0,62.0,6.2
2024-02-11,MOCK_AWS_13,0.0,24.4,8.1,63.0,4.9
2024-02-12,MOCK_AWS_13,0.0,22.3,7.8,61.0,5.2
2024-02-13,MOCK_AWS_13,0.0,25.6,10.0,59.0,2.6
2024-02-14,MOCK_AWS_13,0.0,24.8,9.0,68.0,2.7
2024-02-15,MOCK_AWS_13,0.0,26.6,10.9,54.0,2.3
2024-02-16,MOCK_AWS_13,0.0,25.7,10.1,59.0,4.4
2024-02-17,MOCK_AWS_13,0.0,25.5,9.5,64.0,5.6
2024-02-18,MOCK_AWS_13,0.0,26.2,10.1,61.0,8.8
2024-02-19,MOCK_AWS_13,0.0,28.2,12.3,68.0,10.9
2024-02-20,MOCK_AWS_13,,,,,
2024-02-21,MOCK_AWS_13,0.0,27.0,11.5,66.0,6.7
2024-02-22,MOCK_AWS_13,0.0,26.6,11.4,54.0,8.6
2024-02-23,MOCK_AWS_13,0.0,26.6,10.9,57.0,7.5
2024-02-24,MOCK_AWS_13,0.0,23.3,8.3,64.0,3.8
2024-02-25,MOCK_AWS_13,0.0,20.1,7.2,59.0,5.9
2024-02-26,MOCK_AWS_13,0.0,24.5,8.8,55.0,6.1
2024-02-27,MOCK_AWS_13,0.0,28.4,11.5,57.0,9.9
2024-02-28,MOCK_AWS_13,3.1,25.9,12.7,46.0,4.8
2024-02-29,MOCK_AWS_13,0.0,30.3,14.3,61.0,4.0
2024-03-01,MOCK_AWS_13,0.0,24.8,9.9,52.0,6.7
2024-03-02,MOCK_AWS_13,0.0,23.1,8.1,50.0,3.2
2024-03-03,MOCK_AWS_13,0.0,21.0,5.6,51.0,8.1
2024-03-04,MOCK_AWS_13,0.0,25.5,10.4,58.0,5.1
2024-03-05,MOCK_AWS_13,0.0,27.3,11.5,55.0,7.4
2024-03-06,MOCK_AWS_13,0.0,26.9,12.0,54.0,9.4
2024-03-07,MOCK_AWS_13,0.0,30.9,12.9,53.0,7.0
2024-03-08,MOCK_AWS_13,0.0,28.4,13.3,52.0,10.0
2024-03-09,MOCK_AWS_13,0.0,30.2,16.3,55.0,8.6
2024-03-10,MOCK_AWS_13,0.0,33.9,17.9,55.0,8.0
2024-03-11,MOCK_AWS_13,0.0,29.0,13.8,55.0,8.1
2024-03-12,MOCK_AWS_13,0.0,32.1,15.0,62.0,10.2
2024-03-13,MOCK_AWS_13,2.3,29.6,15.5,49.0,5.1
2024-03-14,MOCK_AWS_13,,,,,
2024-03-15,MOCK_AWS_13,0.0,27.6,12.4,54.0,8.5
2024-03-16,MOCK_AWS_13,11.6,24.5,11.8,45.0,8.8
2024-03-17,MOCK_AWS_13,0.2,29.5,15.2,52.0,12.3
2024-03-18,MOCK_AWS_13,,,,,
2024-03-19,MOCK_AWS_13,0.0,35.0,17.6,52.0,7.4
2024-03-20,MOCK_AWS_13,0.0,33.7,17.4,56.0,6.8
2024-03-21,MOCK_AWS_13,0.0,33.9,17.1,40.0,5.5
2024-03-22,MOCK_AWS_13,0.0,37.5,21.2,52.0,7.5
2024-03-23,MOCK_AWS_13,0.0,35.9,18.6,52.0,5.5
2024-03-24,MOCK_AWS_13,0.0,34.6,17.4,43.0,6.8
2024-03-25,MOCK_AWS_13,0.0,36.1,18.3,55.0,9.1
2024-03-26,MOCK_AWS_13,0.0,33.9,18.4,43.0,8.8
2024-03-27,MOCK_AWS_13,0.0,32.7,16.7,55.0,6.6
2024-03-28,MOCK_AWS_13,0.0,32.6,14.5,49.0,8.6
2024-03-29,MOCK_AWS_13,0.0,33.1,15.5,52.0,13.0
2024-03-30,MOCK_AWS_13,0.0,35.9,18.5,44.0,10.5
2024-03-31,MOCK_AWS_13,0.0,36.2,19.1,46.0,8.9
2024-04-01,MOCK_AWS_13,0.0,36.1,20.0,42.0,7.1
2024-04-02,MOCK_AWS_13,0.0,40.0,21.6,43.0,9.3
2024-04-03,MOCK_AWS_13,0.0,39.7,22.2,49.0,8.0
2024-04-04,MOCK_AWS_13,0.0,36.0,19.6,47.0,11.1
2024-04-05,MOCK_AWS_13,0.0,34.6,18.1,44.0,13.0
2024-04-06,MOCK_AWS_13,0.0,36.1,18.6,43.0,10.3
2024-04-07,MOCK_AWS_13,0.0,35.1,19.2,43.0,7.3
2024-04-08,MOCK_AWS_13,0.0,34.0,18.5,42.0,8.5
2024-04-09,MOCK_AWS_13,0.0,35.5,19.0,47.0,5.7
2024-04-10,MOCK_AWS_13,0.0,33.0,15.4,43.0,7.5
2024-04-11,MOCK_AWS_13,0.0,35.9,18.8,42.0,6.6
2024-04-12,MOCK_AWS_13,0.0,35.5,17.2,43.0,7.2
2024-04-13,MOCK_AWS_13,0.0,32.4,16.9,40.0,7.3
2024-04-14,MOCK_AWS_13,0.0,34.4,18.0,40.0,9.3
2024-04-15,MOCK_AWS_13,0.0,35.5,19.0,42.0,8.2
2024-04-16,MOCK_AWS_13,0.0,38.0,21.3,40.0,9.5
2024-04-17,MOCK_AWS_13,0.0,41.4,24.9,36.0,13.0
2024-04-18,MOCK_AWS_13,0.0,42.2,24.5,32.0,9.3
2024-04-19,MOCK_AWS_13,0.0,43.0,25.5,46.0,9.2
2024-04-20,MOCK_AWS_13,0.0,42.0,23.6,45.0,12.9
2024-04-21,MOCK_AWS_13,0.0,44.0,27.1,35.0,9.4
2024-04-22,MOCK_AWS_13,1.2,42.5,25.6,33.0,13.9
2024-04-23,MOCK_AWS_13,0.0,40.1,23.5,39.0,16.1
2024-04-24,MOCK_AWS_13,0.0,37.5,19.7,38.0,10.1
2024-04-25,MOCK_AWS_13,0.0,38.7,22.1,40.0,10.7
2024-04-26,MOCK_AWS_13,0.0,37.9,21.8,35.0,8.1
2024-04-27,MOCK_AWS_13,0.0,38.5,21.3,40.0,7.3
2024-04-28,MOCK_AWS_13,0.0,39.0,22.8,38.0,7.6
2024-04-29,MOCK_AWS_13,0.0,39.0,22.1,47.0,11.4
2024-04-30,MOCK_AWS_13,0.0,35.8,20.7,38.0,5.9
2024-05-01,MOCK_AWS_13,0.0,35.5,19.8,37.0,7.2
2024-05-02,MOCK_AWS_13,0.0,36.5,21.3,34.0,6.3
2024-05-03,MOCK_AWS_13,0.0,38.6,22.2,36.0,5.7
2024-05-04,MOCK_AWS_13,0.0,35.4,20.0,40.0,8.8
2024-05-05,MOCK_AWS_13,0.0,42.6,25.1,40.0,6.0
2024-05-06,MOCK_AWS_13,0.0,42.1,25.1,37.0,7.6
2024-05-07,MOCK_AWS_13,0.0,41.8,25.7,44.0,11.8
2024-05-08,MOCK_AWS_13,0.0,40.9,25.0,42.0,14.0
2024-05-09,MOCK_AWS_13,0.0,41.4,23.8,40.0,14.7
2024-05-10,MOCK_AWS_13,0.0,41.3,25.8,43.0,9.6
2024-05-11,MOCK_AWS_13,0.0,42.3,26.3,40.0,14.0
2024-05-12,MOCK_AWS_13,0.0,43.3,27.7,38.0,20.9
2024-05-13,MOCK_AWS_13,0.0,46.1,28.5,36.0,16.4
2024-05-14,MOCK_AWS_13,0.0,44.2,27.9,38.0,14.9
2024-05-15,MOCK_AWS_13,0.0,43.2,26.2,47.0,16.1
2024-05-16,MOCK_AWS_13,0.0,39.6,25.5,43.0,14.5
2024-05-17,MOCK_AWS_13,0.0,40.3,24.2,42.0,13.7
2024-05-18,MOCK_AWS_13,0.0,40.8,24.9,40.0,19.4
2024-05-19,MOCK_AWS_13,0.0,40.9,25.8,38.0,14.2
2024-05-20,MOCK_AWS_13,0.0,44.1,28.4,43.0,15.1
2024-05-21,MOCK_AWS_13,0.0,43.6,27.4,38.0,8.6
2024-05-22,MOCK_AWS_13,0.0,41.7,25.9,42.0,10.3
2024-05-23,MOCK_AWS_13,0.0,38.1,24.9,41.0,10.8
2024-05-24,MOCK_AWS_13,0.0,40.0,24.7,41.0,8.7
2024-05-25,MOCK_AWS_13,0.0,40.3,25.3,41.0,9.1
2024-05-26,MOCK_AWS_13,0.0,38.1,24.3,42.0,10.5
2024-05-27,MOCK_AWS_13,0.0,39.5,24.7,48.0,8.1
2024-05-28,MOCK_AWS_13,0.0,41.6,28.1,44.0,10.6
2024-05-29,MOCK_AWS_13,0.0,40.7,26.9,44.0,7.1
2024-05-30,MOCK_AWS_13,0.0,40.5,27.5,44.0,12.9
2024-05-31,MOCK_AWS_13,0.0,42.2,28.7,44.0,13.7
2024-06-01,MOCK_AWS_13,0.0,45.0,30.2,42.0,8.7
2024-06-02,MOCK_AWS_13,0.0,45.3,30.4,47.0,8.1
2024-06-03,MOCK_AWS_13,0.0,41.7,27.6,45.0,9.5
2024-06-04,MOCK_AWS_13,0.0,44.2,29.5,42.0,11.8
2024-06-05,MOCK_AWS_13,4.5,39.3,27.0,34.0,11.3
2024-06-06,MOCK_AWS_13,0.0,40.8,26.8,46.0,6.1
2024-06-07,MOCK_AWS_13,0.0,38.4,25.1,52.0,7.6
2024-06-08,MOCK_AWS_13,0.0,37.7,23.9,45.0,10.4
2024-06-09,MOCK_AWS_13,0.0,40.0,26.5,56.0,10.9
2024-06-10,MOCK_AWS_13,0.0,37.8,24.2,50.0,13.8
2024-06-11,MOCK_AWS_13,0.0,38.2,25.2,43.0,8.7
2024-06-12,MOCK_AWS_13,0.0,36.5,23.9,49.0,8.6
2024-06-13,MOCK_AWS_13,0.0,38.9,25.2,44.0,9.5
2024-06-14,MOCK_AWS_13,0.0,37.6,26.2,44.0,9.0
2024-06-15,MOCK_AWS_13,0.0,39.3,28.0,60.0,10.7
2024-06-16,MOCK_AWS_13,0.0,38.4,26.2,49.0,11.6
2024-06-17,MOCK_AWS_13,0.0,40.8,27.3,50.0,9.9
2024-06-18,MOCK_AWS_13,0.0,37.8,25.7,49.0,8.0
2024-06-19,MOCK_AWS_13,0.0,36.7,24.7,49.0,13.1
2024-06-20,MOCK_AWS_13,0.0,37.2,26.7,55.0,14.8
2024-06-21,MOCK_AWS_13,31.2,34.0,27.3,44.0,15.5
2024-06-22,MOCK_AWS_13,4.4,35.1,25.3,48.0,6.9
2024-06-23,MOCK_AWS_13,0.0,36.0,25.0,50.0,10.5
2024-06-24,MOCK_AWS_13,0.0,38.1,26.8,58.0,9.3
2024-06-25,MOCK_AWS_13,0.0,38.5,27.3,60.0,8.5
2024-06-26,MOCK_AWS_13,0.0,40.1,27.5,65.0,13.1
2024-06-27,MOCK_AWS_13,0.0,42.5,30.2,56.0,10.7
2024-06-28,MOCK_AWS_13,3.6,37.9,28.7,49.0,7.3
2024-06-29,MOCK_AWS_13,0.0,37.9,27.1,61.0,6.1
2024-06-30,MOCK_AWS_13,0.0,35.9,25.6,59.0,5.9
2024-07-01,MOCK_AWS_13,0.0,37.6,29.1,60.0,10.0
2024-07-02,MOCK_AWS_13,0.0,35.4,24.6,64.0,10.1
2024-07-03,MOCK_AWS_13,0.0,33.4,23.6,65.0,11.7
2024-07-04,MOCK_AWS_13,37.7,28.4,26.0,56.0,7.8
2024-07-05,MOCK_AWS_13,0.0,34.0,22.9,65.0,8.4
2024-07-06,MOCK_AWS_13,10.0,29.6,22.7,57.0,11.3
2024-07-07,MOCK_AWS_13,0.0,35.5,26.8,70.0,4.7
2024-07-08,MOCK_AWS_13,0.0,33.9,25.2,59.0,3.3
2024-07-09,MOCK_AWS_13,0.0,32.2,23.9,68.0,6.0
2024-07-10,MOCK_AWS_13,0.7,31.7,24.9,63.0,5.2
2024-07-11,MOCK_AWS_13,0.0,28.6,21.3,69.0,3.7
2024-07-12,MOCK_AWS_13,0.0,34.5,25.0,87.0,6.7
2024-07-13,MOCK_AWS_13,0.0,34.3,23.7,76.0,6.6
2024-07-14,MOCK_AWS_13,,,,,
2024-07-15,MOCK_AWS_13,0.0,34.6,24.7,66.0,9.5
2024-07-16,MOCK_AWS_13,,,,,
2024-07-17,MOCK_AWS_13,0.0,33.8,26.7,82.0,12.8
2024-07-18,MOCK_AWS_13,0.0,29.8,22.3,70.0,7.8
2024-07-19,MOCK_AWS_13,0.0,31.5,22.1,81.0,14.1
2024-07-20,MOCK_AWS_13,0.0,33.2,24.0,75.0,11.1
2024-07-21,MOCK_AWS_13,0.0,31.8,23.0,76.0,7.9
2024-07-22,MOCK_AWS_13,0.0,31.5,22.8,76.0,7.1
2024-07-23,MOCK_AWS_13,0.0,31.6,24.6,76.0,8.2
2024-07-24,MOCK_AWS_13,5.8,28.8,24.4,66.0,6.3
2024-07-25,MOCK_AWS_13,0.0,35.0,25.3,81.0,5.8
2024-07-26,MOCK_AWS_13,0.0,32.1,24.9,78.0,8.4
2024-07-27,MOCK_AWS_13,0.0,35.8,27.1,82.0,7.9
2024-07-28,MOCK_AWS_13,0.0,37.7,29.3,79.0,9.2
2024-07-29,MOCK_AWS_13,0.0,36.0,27.7,72.0,6.2
2024-07-30,MOCK_AWS_13,0.0,37.7,29.6,81.0,7.1
2024-07-31,MOCK_AWS_13,0.0,37.9,28.3,79.0,9.3
2024-08-01,MOCK_AWS_13,20.6,31.9,27.9,64.0,6.9
2024-08-02,MOCK_AWS_13,0.0,37.6,29.0,81.0,11.4
2024-08-03,MOCK_AWS_13,0.0,36.7,28.3,73.0,10.1
2024-08-04,MOCK_AWS_13,1.5,35.5,28.9,74.0,6.9
2024-08-05,MOCK_AWS_13,0.0,37.5,28.0,78.0,6.2
2024-08-06,MOCK_AWS_13,0.0,36.2,28.1,76.0,9.8
2024-08-07,MOCK_AWS_13,,,,,
2024-08-08,MOCK_AWS_13,0.0,40.7,31.0,81.0,8.7
2024-08-09,MOCK_AWS_13,0.0,36.6,28.0,78.0,8.6
2024-08-10,MOCK_AWS_13,0.0,35.8,27.2,77.0,10.5
2024-08-11,MOCK_AWS_13,0.0,33.7,26.6,76.0,11.3
2024-08-12,MOCK_AWS_13,110.7,24.5,22.9,69.0,6.9
2024-08-13,MOCK_AWS_13,0.0,34.3,26.4,77.0,9.7
2024-08-14,MOCK_AWS_13,0.0,29.4,25.7,66.0,10.9
2024-08-15,MOCK_AWS_13,0.0,34.1,26.6,77.0,10.9
2024-08-16,MOCK_AWS_13,0.0,31.6,23.2,81.0,8.5
2024-08-17,MOCK_AWS_13,0.0,32.6,25.3,81.0,10.3
2024-08-18,MOCK_AWS_13,0.0,31.7,23.4,75.0,9.2
2024-08-19,MOCK_AWS_13,0.0,34.1,26.2,86.0,8.4
2024-08-20,MOCK_AWS_13,0.0,33.7,26.2,77.0,5.5
2024-08-21,MOCK_AWS_13,0.0,36.7,27.6,74.0,3.4
2024-08-22,MOCK_AWS_13,0.0,35.9,25.4,77.0,5.8
2024-08-23,MOCK_AWS_13,19.9,29.6,25.3,65.0,6.6
2024-08-24,MOCK_AWS_13,0.0,33.9,24.3,74.0,7.2
2024-08-25,MOCK_AWS_13,0.0,34.1,25.5,83.0,7.4
2024-08-26,MOCK_AWS_13,0.0,32.6,24.2,80.0,6.4
2024-08-27,MOCK_AWS_13,0.0,32.8,23.8,83.0,5.3
2024-08-28,MOCK_AWS_13,0.0,31.1,22.6,79.0,7.6
2024-08-29,MOCK_AWS_13,,,,,
2024-08-30,MOCK_AWS_13,0.0,33.2,24.9,73.0,8.5
2024-08-31,MOCK_AWS_13,0.0,34.4,23.5,77.0,7.7
2024-09-01,MOCK_AWS_13,0.0,31.4,21.0,74.0,8.3
2024-09-02,MOCK_AWS_13,0.0,32.6,23.8,75.0,6.4
2024-09-03,MOCK_AWS_13,0.0,31.9,23.7,76.0,7.0
2024-09-04,MOCK_AWS_13,0.0,35.8,26.3,78.0,3.6
2024-09-05,MOCK_AWS_13,0.0,36.6,26.2,78.0,2.1
2024-09-06,MOCK_AWS_13,35.4,34.5,26.5,63.0,5.8
2024-09-07,MOCK_AWS_13,11.1,29.0,23.0,58.0,3.0
2024-09-08,MOCK_AWS_13,8.3,29.6,22.3,63.0,3.2
2024-09-09,MOCK_AWS_13,2.8,31.8,23.6,62.0,4.1
2024-09-10,MOCK_AWS_13,0.0,34.4,24.4,74.0,2.6
2024-09-11,MOCK_AWS_13,0.0,31.4,21.3,84.0,8.7
2024-09-12,MOCK_AWS_13,0.0,31.0,20.2,80.0,5.1
2024-09-13,MOCK_AWS_13,0.0,32.9,21.7,79.0,6.0
2024-09-14,MOCK_AWS_13,0.0,32.0,21.4,73.0,8.0
2024-09-15,MOCK_AWS_13,0.0,28.8,19.3,75.0,7.0
2024-09-16,MOCK_AWS_13,,,,,
2024-09-17,MOCK_AWS_13,,,,,
2024-09-18,MOCK_AWS_13,0.0,35.7,24.9,76.0,11.8
2024-09-19,MOCK_AWS_13,0.0,37.8,25.6,73.0,9.8
2024-09-20,MOCK_AWS_13,0.0,34.7,23.4,73.0,6.4
2024-09-21,MOCK_AWS_13,0.0,36.1,23.0,61.0,11.4
2024-09-22,MOCK_AWS_13,0.0,34.4,23.0,71.0,6.6
2024-09-23,MOCK_AWS_13,0.0,34.7,23.1,69.0,5.3
2024-09-24,MOCK_AWS_13,0.0,36.8,24.9,71.0,4.5
2024-09-25,MOCK_AWS_13,0.0,35.0,20.9,63.0,4.3
2024-09-26,MOCK_AWS_13,0.0,34.4,20.0,60.0,3.8
2024-09-27,MOCK_AWS_13,0.0,31.5,18.6,78.0,5.9
2024-09-28,MOCK_AWS_13,,,,,
2024-09-29,MOCK_AWS_13,0.0,33.2,20.6,72.0,6.7
2024-09-30,MOCK_AWS_13,0.0,31.6,17.0,69.0,6.9
2024-10-01,MOCK_AWS_13,0.0,32.4,19.4,67.0,8.1
2024-10-02,MOCK_AWS_13,0.0,31.0,18.1,56.0,5.5
2024-10-03,MOCK_AWS_13,,,,,
2024-10-04,MOCK_AWS_13,0.0,31.7,18.0,66.0,8.2
2024-10-05,MOCK_AWS_13,0.0,30.9,18.3,55.0,7.6
2024-10-06,MOCK_AWS_13,0.0,33.4,18.9,54.0,6.4
2024-10-07,MOCK_AWS_13,0.0,34.5,19.1,60.0,6.1
2024-10-08,MOCK_AWS_13,0.0,32.1,17.7,58.0,5.1
2024-10-09,MOCK_AWS_13,0.0,34.7,18.9,54.0,5.3
2024-10-10,MOCK_AWS_13,,,,,
2024-10-11,MOCK_AWS_13,0.7,34.9,20.4,59.0,5.6
2024-10-12,MOCK_AWS_13,0.0,33.9,18.3,63.0,5.4
2024-10-13,MOCK_AWS_13,0.0,29.4,15.6,60.0,4.7
2024-10-14,MOCK_AWS_13,0.0,33.9,18.8,56.0,6.6
2024-10-15,MOCK_AWS_13,0.0,31.4,16.5,61.0,1.2
2024-10-16,MOCK_AWS_13,0.0,30.3,15.6,52.0,2.7
2024-10-17,MOCK_AWS_13,0.0,33.0,17.0,61.0,3.9
2024-10-18,MOCK_AWS_13,0.0,34.5,17.7,59.0,3.9
2024-10-19,MOCK_AWS_13,0.0,34.2,17.1,58.0,3.4
2024-10-20,MOCK_AWS_13,0.0,31.1,13.5,56.0,3.1
2024-10-21,MOCK_AWS_13,2.0,27.6,14.2,43.0,4.8
2024-10-22,MOCK_AWS_13,0.0,29.2,13.1,53.0,5.2
2024-10-23,MOCK_AWS_13,0.0,29.9,12.8,57.0,4.0
2024-10-24,MOCK_AWS_13,0.0,27.1,12.1,54.0,3.3
2024-10-25,MOCK_AWS_13,0.0,28.8,16.0,57.0,5.3
2024-10-26,MOCK_AWS_13,0.0,31.5,15.4,58.0,6.4
2024-10-27,MOCK_AWS_13,0.0,30.5,13.4,55.0,7.3
2024-10-28,MOCK_AWS_13,0.0,31.0,14.4,59.0,5.8
2024-10-29,MOCK_AWS_13,0.0,29.3,12.5,57.0,6.9
2024-10-30,MOCK_AWS_13,3.4,29.4,14.7,45.0,4.9
2024-10-31,MOCK_AWS_13,0.0,29.9,14.5,57.0,5.3
2024-11-01,MOCK_AWS_13,0.0,28.5,11.6,61.0,4.2
2024-11-02,MOCK_AWS_13,0.0,31.1,14.5,64.0,2.9
2024-11-03,MOCK_AWS_13,0.0,31.1,14.5,59.0,2.4
2024-11-04,MOCK_AWS_13,0.0,30.1,11.2,64.0,1.5
2024-11-05,MOCK_AWS_13,0.0,28.4,11.7,60.0,3.6
2024-11-06,MOCK_AWS_13,0.0,27.5,11.0,57.0,5.4
2024-11-07,MOCK_AWS_13,0.0,24.6,8.7,60.0,5.9
2024-11-08,MOCK_AWS_13,0.0,23.6,7.6,60.0,5.0
2024-11-09,MOCK_AWS_13,0.0,24.6,7.4,58.0,4.6
2024-11-10,MOCK_AWS_13,0.0,26.3,10.5,60.0,4.6
2024-11-11,MOCK_AWS_13,0.0,30.2,12.9,70.0,1.8
2024-11-12,MOCK_AWS_13,0.0,33.1,14.4,58.0,5.4
2024-11-13,MOCK_AWS_13,0.0,32.0,13.6,66.0,1.7
2024-11-14,MOCK_AWS_13,0.0,29.2,11.2,60.0,2.7
2024-11-15,MOCK_AWS_13,0.0,29.6,12.8,62.0,4.5
2024-11-16,MOCK_AWS_13,0.0,30.6,12.0,58.0,3.5
2024-11-17,MOCK_AWS_13,0.0,27.5,10.0,62.0,3.8
2024-11-18,MOCK_AWS_13,0.0,28.5,12.1,61.0,5.2
2024-11-19,MOCK_AWS_13,,,,,
2024-11-20,MOCK_AWS_13,0.0,29.6,11.8,60.0,3.5
2024-11-21,MOCK_AWS_13,0.0,28.5,11.6,61.0,6.1
2024-11-22,MOCK_AWS_13,0.0,27.6,10.1,61.0,4.2
2024-11-23,MOCK_AWS_13,0.0,25.4,7.6,63.0,2.0
2024-11-24,MOCK_AWS_13,0.0,22.5,5.5,62.0,4.8
2024-11-25,MOCK_AWS_13,0.0,21.8,6.2,63.0,5.6
2024-11-26,MOCK_AWS_13,0.0,26.3,9.4,68.0,8.0
2024-11-27,MOCK_AWS_13,0.0,25.6,8.8,64.0,5.8
2024-11-28,MOCK_AWS_13,2.3,22.7,7.9,45.0,2.7
2024-11-29,MOCK_AWS_13,0.0,25.6,9.0,58.0,3.4
2024-11-30,MOCK_AWS_13,0.0,27.5,10.0,68.0,2.9
2024-12-01,MOCK_AWS_13,0.0,24.7,8.7,63.0,3.7
2024-12-02,MOCK_AWS_13,0.0,25.0,10.0,76.0,3.9
2024-12-03,MOCK_AWS_13,0.0,23.3,8.4,63.0,2.5
2024-12-04,MOCK_AWS_13,0.0,23.4,6.6,72.0,3.2
2024-12-05,MOCK_AWS_13,0.0,19.8,5.1,62.0,4.1
2024-12-06,MOCK_AWS_13,0.0,22.1,6.1,62.0,2.8
2024-12-07,MOCK_AWS_13,0.0,24.5,8.2,65.0,6.0
2024-12-08,MOCK_AWS_13,0.0,20.5,5.1,63.0,4.4
2024-12-09,MOCK_AWS_13,0.0,21.9,6.9,63.0,4.0
2024-12-10,MOCK_AWS_13,0.0,25.0,8.9,70.0,12.2
2024-12-11,MOCK_AWS_13,0.0,25.6,9.6,72.0,7.8
2024-12-12,MOCK_AWS_13,0.0,22.4,6.6,68.0,11.9
2024-12-13,MOCK_AWS_13,0.0,23.4,7.7,63.0,3.4
2024-12-14,MOCK_AWS_13,0.0,23.4,8.3,63.0,4.9
2024-12-15,MOCK_AWS_13,,,,,
2024-12-16,MOCK_AWS_13,0.0,24.1,6.9,69.0,5.9
2024-12-17,MOCK_AWS_13,0.0,24.4,7.9,63.0,4.7
2024-12-18,MOCK_AWS_13,0.0,28.1,11.3,74.0,3.7
2024-12-19,MOCK_AWS_13,0.0,23.9,8.1,65.0,4.7
2024-12-20,MOCK_AWS_13,0.0,23.4,6.8,64.0,4.6
2024-12-21,MOCK_AWS_13,0.0,24.2,7.5,66.0,3.6
2024-12-22,MOCK_AWS_13,,,,,
2024-12-23,MOCK_AWS_13,0.0,19.1,6.5,71.0,1.3
2024-12-24,MOCK_AWS_13,0.0,17.7,2.9,72.0,3.0
2024-12-25,MOCK_AWS_13,0.0,16.2,1.4,77.0,2.1
2024-12-26,MOCK_AWS_13,0.7,12.7,3.5,75.0,4.8
2024-12-27,MOCK_AWS_13,0.0,20.0,5.2,71.0,5.9
2024-12-28,MOCK_AWS_13,0.2,15.3,4.1,67.0,6.2
2024-12-29,MOCK_AWS_13,7.2,11.7,5.3,54.0,2.3
2024-12-30,MOCK_AWS_13,0.0,19.7,5.0,69.0,4.9
2024-12-31,MOCK_AWS_13,0.0,23.2,7.0,74.0,5.2
2023-01-01,MOCK_AWS_14,0.0,22.1,8.2,64.0,3.1
2023-01-02,MOCK_AWS_14,0.0,21.0,4.4,66.0,4.5
2023-01-03,MOCK_AWS_14,0.0,16.0,6.4,72.0,3.9
2023-01-04,MOCK_AWS_14,0.0,14.9,5.3,68.0,4.6
2023-01-05,MOCK_AWS_14,,,,,
2023-01-06,MOCK_AWS_14,0.0,19.2,3.6,65.0,8.5
2023-01-07,MOCK_AWS_14,,,,,
2023-01-08,MOCK_AWS_14,,,,,
2023-01-09,MOCK_AWS_14,0.0,19.4,5.4,64.0,9.0
2023-01-10,MOCK_AWS_14,0.0,15.1,4.3,61.0,7.0
2023-01-11,MOCK_AWS_14,0.0,18.9,5.2,62.0,4.0
2023-01-12,MOCK_AWS_14,0.0,18.3,7.7,65.0,4.1
2023-01-13,MOCK_AWS_14,0.0,20.1,5.9,64.0,4.8
2023-01-14,MOCK_AWS_14,0.0,21.5,7.8,68.0,3.8
2023-01-15,MOCK_AWS_14,0.0,19.0,5.3,63.0,2.3
2023-01-16,MOCK_AWS_14,0.0,21.3,6.2,66.0,3.9
2023-01-17,MOCK_AWS_14,0.0,14.9,4.5,63.0,7.8
2023-01-18,MOCK_AWS_14,0.0,17.2,6.5,56.0,7.9
2023-01-19,MOCK_AWS_14,0.0,17.4,3.6,58.0,5.1
2023-01-20,MOCK_AWS_14,3.7,14.4,4.9,56.0,10.9
2023-01-21,MOCK_AWS_14,0.0,15.8,3.2,61.0,10.3
2023-01-22,MOCK_AWS_14,,,,,
2023-01-23,MOCK_AWS_14,0.0,16.3,7.0,63.0,7.8
2023-01-24,MOCK_AWS_14,0.0,20.5,6.6,68.0,9.1
2023-01-25,MOCK_AWS_14,0.0,21.9,7.0,67.0,15.0
2023-01-26,MOCK_AWS_14,0.0,18.7,8.1,66.0,10.7
2023-01-27,MOCK_AWS_14,0.0,23.2,8.7,60.0,12.2
2023-01-28,MOCK_AWS_14,0.0,20.9,6.3,63.0,5.7
2023-01-29,MOCK_AWS_14,0.0,22.2,8.3,66.0,3.6
2023-01-30,MOCK_AWS_14,0.0,22.0,7.6,67.0,6.9
2023-01-31,MOCK_AWS_14,0.0,22.3,8.1,61.0,7.1
2023-02-01,MOCK_AWS_14,0.0,23.6,7.6,68.0,7.8
2023-02-02,MOCK_AWS_14,0.0,22.9,8.7,68.0,7.6
2023-02-03,MOCK_AWS_14,0.0,23.3,8.9,60.0,7.1
2023-02-04,MOCK_AWS_14,0.0,22.2,9.5,59.0,4.6
2023-02-05,MOCK_AWS_14,0.0,23.7,10.1,59.0,5.5
2023-02-06,MOCK_AWS_14,0.0,23.9,9.3,64.0,5.7
2023-02-07,MOCK_AWS_14,0.0,23.0,9.2,69.0,3.5
2023-02-08,MOCK_AWS_14,0.0,23.1,8.7,62.0,5.2
2023-02-09,MOCK_AWS_14,0.0,24.1,8.9,57.0,7.0
2023-02-10,MOCK_AWS_14,0.0,26.1,9.7,63.0,7.5
2023-02-11,MOCK_AWS_14,0.0,22.4,6.4,62.0,5.1
2023-02-12,MOCK_AWS_14,0.0,24.6,9.4,65.0,5.4
2023-02-13,MOCK_AWS_14,0.0,23.6,9.4,58.0,11.3
2023-02-14,MOCK_AWS_14,0.0,24.1,9.2,58.0,10.0
2023-02-15,MOCK_AWS_14,0.0,25.9,11.4,60.0,6.8
2023-02-16,MOCK_AWS_14,0.0,26.5,11.9,61.0,6.8
2023-02-17,MOCK_AWS_14,0.0,25.5,10.8,65.0,7.9
2023-02-18,MOCK_AWS_14,0.0,27.5,11.9,62.0,6.6
2023-02-19,MOCK_AWS_14,0.0,27.3,12.7,71.0,7.4
2023-02-20,MOCK_AWS_14,0.0,25.8,9.5,62.0,8.1
2023-02-21,MOCK_AWS_14,0.0,24.9,9.0,55.0,9.9
2023-02-22,MOCK_AWS_14,2.7,23.5,10.7,47.0,8.2
2023-02-23,MOCK_AWS_14,0.0,25.3,11.0,66.0,7.6
2023-02-24,MOCK_AWS_14,0.0,24.4,9.3,64.0,6.0
2023-02-25,MOCK_AWS_14,0.0,26.3,11.8,61.0,9.4
2023-02-26,MOCK_AWS_14,,,,,
2023-02-27,MOCK_AWS_14,0.8,26.6,13.7,58.0,11.3
2023-02-28,MOCK_AWS_14,0.0,29.0,12.0,54.0,9.7
2023-03-01,MOCK_AWS_14,0.0,29.6,13.3,53.0,8.4
2023-03-02,MOCK_AWS_14,0.0,26.4,12.0,59.0,5.7
2023-03-03,MOCK_AWS_14,0.0,25.0,10.1,51.0,9.0
2023-03-04,MOCK_AWS_14,0.0,25.1,9.0,55.0,11.8
2023-03-05,MOCK_AWS_14,0.0,25.3,10.8,58.0,8.9
2023-03-06,MOCK_AWS_14,0.0,26.7,11.7,53.0,6.7
2023-03-07,MOCK_AWS_14,0.0,24.4,8.2,57.0,6.1
2023-03-08,MOCK_AWS_14,0.0,25.6,10.3,51.0,7.7
2023-03-09,MOCK_AWS_14,0.0,21.9,8.7,52.0,11.2
2023-03-10,MOCK_AWS_14,0.0,26.0,10.7,48.0,4.9
2023-03-11,MOCK_AWS_14,0.0,21.4,7.9,53.0,9.9
2023-03-12,MOCK_AWS_14,0.0,27.1,11.2,53.0,9.0
2023-03-13,MOCK_AWS_14,0.0,29.9,12.2,55.0,10.0
2023-03-14,MOCK_AWS_14,0.0,30.0,14.2,55.0,7.4
2023-03-15,MOCK_AWS_14,2.9,28.7,14.2,46.0,6.1
2023-03-16,MOCK_AWS_14,0.0,31.5,14.9,51.0,6.8
2023-03-17,MOCK_AWS_14,0.4,32.7,16.8,43.0,6.4
2023-03-18,MOCK_AWS_14,0.0,28.9,14.1,49.0,8.7
2023-03-19,MOCK_AWS_14,0.0,27.4,12.3,48.0,6.3
2023-03-20,MOCK_AWS_14,3.7,28.9,13.6,37.0,7.9
2023-03-21,MOCK_AWS_14,0.0,29.4,13.9,48.0,5.8
2023-03-22,MOCK_AWS_14,0.0,28.6,13.9,51.0,6.9
2023-03-23,MOCK_AWS_14,0.0,31.5,15.7,46.0,6.5
2023-03-24,MOCK_AWS_14,0.0,33.8,17.1,51.0,5.2
2023-03-25,MOCK_AWS_14,0.0,33.8,17.6,47.0,4.2
2023-03-26,MOCK_AWS_14,0.0,36.6,19.7,51.0,6.1
2023-03-27,MOCK_AWS_14,0.0,34.5,19.0,46.0,6.6
2023-03-28,MOCK_AWS_14,0.0,34.4,17.1,46.0,11.1
2023-03-29,MOCK_AWS_14,0.0,35.1,19.1,51.0,9.3
2023-03-30,MOCK_AWS_14,0.0,30.7,15.3,45.0,10.0
2023-03-31,MOCK_AWS_14,7.2,31.2,16.8,36.0,7.5
2023-04-01,MOCK_AWS_14,0.0,33.2,17.8,45.0,9.7
2023-04-02,MOCK_AWS_14,0.0,35.4,18.8,45.0,11.1
2023-04-03,MOCK_AWS_14,0.0,34.4,18.2,42.0,10.2
2023-04-04,MOCK_AWS_14,0.0,32.6,15.9,41.0,6.5
2023-04-05,MOCK_AWS_14,0.0,33.9,17.6,42.0,13.1
2023-04-06,MOCK_AWS_14,0.3,34.2,18.7,44.0,11.1
2023-04-07,MOCK_AWS_14,0.0,33.0,17.3,42.0,6.2
2023-04-08,MOCK_AWS_14,0.0,35.0,19.6,44.0,7.3
2023-04-09,MOCK_AWS_14,0.7,37.4,19.7,46.0,6.9
2023-04-10,MOCK_AWS_14,0.0,35.7,18.4,41.0,3.6
2023-04-11,MOCK_AWS_14,0.0,36.7,20.6,44.0,4.7
2023-04-12,MOCK_AWS_14,0.0,36.4,19.7,41.0,13.9
2023-04-13,MOCK_AWS_14,0.0,35.5,19.8,38.0,9.3
2023-04-14,MOCK_AWS_14,0.0,38.1,19.9,40.0,7.7
2023-04-15,MOCK_AWS_14,0.0,36.3,20.1,39.0,7.1
2023-04-16,MOCK_AWS_14,0.0,35.6,19.7,41.0,9.7
2023-04-17,MOCK_AWS_14,0.0,34.8,17.1,37.0,9.3
2023-04-18,MOCK_AWS_14,0.0,35.4,19.2,40.0,7.6
2023-04-19,MOCK_AWS_14,0.0,35.6,18.4,38.0,7.1
2023-04-20,MOCK_AWS_14,0.0,35.6,20.5,35.0,7.8
2023-04-21,MOCK_AWS_14,0.0,36.5,20.4,38.0,13.7
2023-04-22,MOCK_AWS_14,0.0,38.1,21.5,36.0,14.0
2023-04-23,MOCK_AWS_14,0.0,39.6,21.7,43.0,12.4
2023-04-24,MOCK_AWS_14,0.0,39.7,20.8,39.0,9.8
2023-04-25,MOCK_AWS_14,0.0,37.6,21.5,38.0,7.9
2023-04-26,MOCK_AWS_14,0.0,38.5,21.1,37.0,20.9
2023-04-27,MOCK_AWS_14,0.0,39.2,23.6,42.0,12.5
2023-04-28,MOCK_AWS_14,0.0,41.0,23.5,40.0,12.4
2023-04-29,MOCK_AWS_14,0.0,38.4,23.7,46.0,7.5
2023-04-30,MOCK_AWS_14,0.0,43.0,26.3,39.0,9.6
2023-05-01,MOCK_AWS_14,0.0,40.6,23.0,44.0,7.5
2023-05-02,MOCK_AWS_14,,,,,
2023-05-03,MOCK_AWS_14,0.0,39.4,23.3,46.0,12.6
2023-05-04,MOCK_AWS_14,4.4,39.9,25.0,32.0,11.4
2023-05-05,MOCK_AWS_14,0.6,41.2,24.7,47.0,16.3
2023-05-06,MOCK_AWS_14,0.0,44.9,27.8,39.0,11.8
2023-05-07,MOCK_AWS_14,0.0,44.2,27.6,42.0,20.0
2023-05-08,MOCK_AWS_14,0.0,43.2,26.9,43.0,16.0
2023-05-09,MOCK_AWS_14,0.0,44.2,27.5,38.0,22.2
2023-05-10,MOCK_AWS_14,0.0,43.2,26.3,36.0,18.9
2023-05-11,MOCK_AWS_14,0.0,38.6,23.9,41.0,18.3
2023-05-12,MOCK_AWS_14,0.0,43.4,27.0,40.0,14.0
2023-05-13,MOCK_AWS_14,0.0,43.2,25.3,40.0,6.9
2023-05-14,MOCK_AWS_14,0.0,40.6,25.1,40.0,7.9
2023-05-15,MOCK_AWS_14,0.0,43.8,27.6,44.0,6.5
2023-05-16,MOCK_AWS_14,0.0,44.7,28.3,40.0,8.0
2023-05-17,MOCK_AWS_14,0.0,44.2,28.5,41.0,5.8
2023-05-18,MOCK_AWS_14,0.0,41.4,25.1,37.0,6.3
2023-05-19,MOCK_AWS_14,0.0,44.2,25.9,40.0,17.3
2023-05-20,MOCK_AWS_14,0.0,40.9,25.1,43.0,16.7
2023-05-21,MOCK_AWS_14,0.0,42.9,27.3,36.0,16.9
2023-05-22,MOCK_AWS_14,0.0,41.1,25.0,41.0,11.2
2023-05-23,MOCK_AWS_14,0.0,37.6,24.6,40.0,9.6
2023-05-24,MOCK_AWS_14,0.0,41.7,27.5,42.0,8.2
2023-05-25,MOCK_AWS_14,0.0,38.3,24.6,38.0,15.9
2023-05-26,MOCK_AWS_14,0.0,39.7,24.6,41.0,14.6
2023-05-27,MOCK_AWS_14,0.0,39.8,24.4,47.0,11.9
2023-05-28,MOCK_AWS_14,0.0,42.8,27.6,40.0,5.2
2023-05-29,MOCK_AWS_14,0.0,40.8,26.4,51.0,9.0
2023-05-30,MOCK_AWS_14,0.0,41.7,27.1,43.0,10.6
2023-05-31,MOCK_AWS_14,0.0,37.0,24.8,44.0,9.0
2023-06-01,MOCK_AWS_14,0.0,39.0,24.7,51.0,13.2
2023-06-02,MOCK_AWS_14,0.0,43.4,26.9,46.0,12.5
2023-06-03,MOCK_AWS_14,0.0,46.7,30.3,44.0,19.4
2023-06-04,MOCK_AWS_14,0.0,46.0,32.4,50.0,11.5
2023-06-05,MOCK_AWS_14,0.0,47.5,33.4,50.0,23.0
2023-06-06,MOCK_AWS_14,0.0,46.6,30.9,50.0,7.6
2023-06-07,MOCK_AWS_14,0.0,44.2,28.9,46.0,7.9
2023-06-08,MOCK_AWS_14,0.0,42.7,28.2,45.0,6.3
2023-06-09,MOCK_AWS_14,0.0,40.5,26.2,48.0,5.6
2023-06-10,MOCK_AWS_14,0.0,41.1,27.7,44.0,11.8
2023-06-11,MOCK_AWS_14,0.0,42.3,28.8,56.0,13.0
2023-06-12,MOCK_AWS_14,0.0,42.2,29.4,51.0,9.4
2023-06-13,MOCK_AWS_14,0.0,42.8,29.3,55.0,14.2
2023-06-14,MOCK_AWS_14,0.0,39.8,27.0,48.0,12.9
2023-06-15,MOCK_AWS_14,0.0,39.7,26.6,50.0,18.2
2023-06-16,MOCK_AWS_14,0.0,42.4,29.9,50.0,14.7
2023-06-17,MOCK_AWS_14,0.0,38.4,26.6,50.0,16.4
2023-06-18,MOCK_AWS_14,0.0,38.5,25.7,51.0,9.3
2023-06-19,MOCK_AWS_14,0.0,39.8,27.8,50.0,12.4
2023-06-20,MOCK_AWS_14,0.0,38.2,27.1,55.0,11.1
2023-06-21,MOCK_AWS_14,0.0,37.8,27.2,52.0,12.5
2023-06-22,MOCK_AWS_14,0.0,35.8,24.7,47.0,12.2
2023-06-23,MOCK_AWS_14,0.0,35.5,25.3,53.0,8.1
2023-06-24,MOCK_AWS_14,0.0,41.3,29.0,62.0,8.1
2023-06-25,MOCK_AWS_14,0.0,38.8,27.0,64.0,15.4
2023-06-26,MOCK_AWS_14,0.0,39.7,28.2,50.0,6.9
2023-06-27,MOCK_AWS_14,2.2,39.1,28.3,44.0,13.4
2023-06-28,MOCK_AWS_14,0.0,34.6,27.2,53.0,12.9
2023-06-29,MOCK_AWS_14,0.0,39.7,27.4,64.0,8.7
2023-06-30,MOCK_AWS_14,0.0,35.2,24.0,63.0,8.0
2023-07-01,MOCK_AWS_14,0.8,37.5,28.0,61.0,12.4
2023-07-02,MOCK_AWS_14,0.0,37.0,27.3,68.0,13.1
2023-07-03,MOCK_AWS_14,0.0,36.2,25.0,65.0,11.0
2023-07-04,MOCK_AWS_14,0.0,34.7,24.4,67.0,13.6
2023-07-05,MOCK_AWS_14,0.0,32.8,24.1,61.0,8.3
2023-07-06,MOCK_AWS_14,0.7,32.1,23.8,71.0,5.4
2023-07-07,MOCK_AWS_14,0.0,35.5,26.0,65.0,8.7
2023-07-08,MOCK_AWS_14,0.0,34.7,25.1,72.0,8.0
2023-07-09,MOCK_AWS_14,0.0,33.2,24.5,67.0,11.5
2023-07-10,MOCK_AWS_14,0.0,37.8,29.4,75.0,17.5
2023-07-11,MOCK_AWS_14,0.0,37.5,27.1,70.0,14.7
2023-07-12,MOCK_AWS_14,0.0,37.8,27.1,69.0,8.6
2023-07-13,MOCK_AWS_14,0.0,33.6,24.3,73.0,11.1
2023-07-14,MOCK_AWS_14,0.0,34.3,26.1,69.0,10.3
2023-07-15,MOCK_AWS_14,0.0,34.6,26.7,69.0,9.3
2023-07-16,MOCK_AWS_14,0.0,34.2,26.4,76.0,16.2
2023-07-17,MOCK_AWS_14,0.0,32.5,23.7,74.0,7.6
2023-07-18,MOCK_AWS_14,0.0,34.0,25.7,78.0,6.3
2023-07-19,MOCK_AWS_14,0.0,35.4,25.8,82.0,11.2
2023-07-20,MOCK_AWS_14,0.0,35.0,27.3,73.0,5.7
2023-07-21,MOCK_AWS_14,0.6,36.2,28.1,79.0,6.5
2023-07-22,MOCK_AWS_14,0.0,34.9,25.4,71.0,8.9
2023-07-23,MOCK_AWS_14,0.0,36.1,26.2,79.0,8.1
2023-07-24,MOCK_AWS_14,0.0,33.3,24.7,70.0,6.1
2023-07-25,MOCK_AWS_14,,,,,
2023-07-26,MOCK_AWS_14,0.0,35.7,26.1,80.0,5.3
2023-07-27,MOCK_AWS_14,0.0,38.0,28.8,79.0,4.9
2023-07-28,MOCK_AWS_14,0.0,35.8,27.4,74.0,8.8
2023-07-29,MOCK_AWS_14,0.0,34.4,26.0,89.0,8.1
2023-07-30,MOCK_AWS_14,0.0,31.2,24.1,77.0,7.3
2023-07-31,MOCK_AWS_14,0.0,34.0,26.2,74.0,9.2
2023-08-01,MOCK_AWS_14,0.0,31.9,24.7,84.0,7.0
2023-08-02,MOCK_AWS_14,0.0,32.0,23.8,81.0,11.6
2023-08-03,MOCK_AWS_14,0.2,33.8,26.8,79.0,10.0
2023-08-04,MOCK_AWS_14,0.0,34.2,26.6,75.0,7.5
2023-08-05,MOCK_AWS_14,102.2,25.6,23.0,61.0,6.2
2023-08-06,MOCK_AWS_14,0.0,32.7,23.3,79.0,9.9
2023-08-07,MOCK_AWS_14,0.0,33.8,26.3,85.0,6.6
2023-08-08,MOCK_AWS_14,0.0,34.4,27.2,76.0,9.5
2023-08-09,MOCK_AWS_14,0.0,34.7,25.7,80.0,8.9
2023-08-10,MOCK_AWS_14,0.0,33.3,24.9,66.0,8.2
2023-08-11,MOCK_AWS_14,0.0,33.6,25.6,79.0,6.5
2023-08-12,MOCK_AWS_14,0.0,33.5,24.6,81.0,5.7
2023-08-13,MOCK_AWS_14,0.0,31.8,24.7,78.0,7.7
2023-08-14,MOCK_AWS_14,0.0,31.7,24.1,75.0,7.4
2023-08-15,MOCK_AWS_14,0.0,30.2,25.1,67.0,3.5
2023-08-16,MOCK_AWS_14,0.0,24.3,22.3,68.0,7.6
2023-08-17,MOCK_AWS_14,0.0,33.4,25.1,88.0,5.8
2023-08-18,MOCK_AWS_14,0.0,30.2,25.2,89.0,4.8
2023-08-19,MOCK_AWS_14,0.0,31.1,22.5,84.0,9.6
2023-08-20,MOCK_AWS_14,0.0,32.4,23.6,82.0,11.3
2023-08-21,MOCK_AWS_14,97.3,26.8,24.2,62.0,8.5
2023-08-22,MOCK_AWS_14,0.0,33.4,24.6,72.0,10.1
2023-08-23,MOCK_AWS_14,0.0,35.2,25.5,76.0,10.1
2023-08-24,MOCK_AWS_14,0.0,35.5,26.5,76.0,8.7
2023-08-25,MOCK_AWS_14,0.0,31.8,24.8,82.0,6.4
2023-08-26,MOCK_AWS_14,0.0,34.2,25.2,75.0,6.2
2023-08-27,MOCK_AWS_14,0.0,34.0,23.9,75.0,5.1
2023-08-28,MOCK_AWS_14,0.0,31.0,24.3,82.0,4.8
2023-08-29,MOCK_AWS_14,0.0,35.9,25.8,74.0,3.9
2023-08-30,MOCK_AWS_14,0.0,35.4,26.0,80.0,4.2
2023-08-31,MOCK_AWS_14,0.0,35.8,23.8,81.0,4.0
2023-09-01,MOCK_AWS_14,0.3,33.5,25.4,72.0,4.5
2023-09-02,MOCK_AWS_14,0.0,35.9,25.6,84.0,8.8
2023-09-03,MOCK_AWS_14,0.0,37.8,27.8,75.0,5.7
2023-09-04,MOCK_AWS_14,93.3,32.1,28.1,61.0,12.5
2023-09-05,MOCK_AWS_14,0.0,38.0,28.7,79.0,15.7
2023-09-06,MOCK_AWS_14,0.0,39.3,27.3,76.0,16.4
2023-09-07,MOCK_AWS_14,5.9,31.6,23.9,71.0,15.0
2023-09-08,MOCK_AWS_14,16.2,29.3,22.5,60.0,10.6
2023-09-09,MOCK_AWS_14,,,,,
2023-09-10,MOCK_AWS_14,0.0,34.4,23.6,73.0,8.5
2023-09-11,MOCK_AWS_14,0.0,33.3,22.1,80.0,9.2
2023-09-12,MOCK_AWS_14,0.0,33.0,22.5,70.0,9.7
2023-09-13,MOCK_AWS_14,0.0,31.4,21.2,75.0,11.1
2023-09-14,MOCK_AWS_14,0.0,29.4,19.8,77.0,11.7
2023-09-15,MOCK_AWS_14,,,,,
2023-09-16,MOCK_AWS_14,0.0,33.0,22.2,79.0,5.0
2023-09-17,MOCK_AWS_14,2.2,32.1,21.4,60.0,5.3
2023-09-18,MOCK_AWS_14,0.0,37.2,24.8,76.0,8.1
2023-09-19,MOCK_AWS_14,0.0,38.7,24.6,67.0,8.6
2023-09-20,MOCK_AWS_14,0.0,36.8,24.4,71.0,4.8
2023-09-21,MOCK_AWS_14,0.0,38.4,26.0,70.0,5.3
2023-09-22,MOCK_AWS_14,0.0,33.4,22.6,69.0,7.7
2023-09-23,MOCK_AWS_14,0.0,30.0,19.3,71.0,8.2
2023-09-24,MOCK_AWS_14,0.0,32.5,20.3,77.0,4.0
2023-09-25,MOCK_AWS_14,0.0,35.9,22.3,69.0,5.5
2023-09-26,MOCK_AWS_14,0.0,32.9,19.2,75.0,8.1
2023-09-27,MOCK_AWS_14,24.5,25.2,18.0,57.0,7.9
2023-09-28,MOCK_AWS_14,0.0,32.6,19.9,66.0,3.8
2023-09-29,MOCK_AWS_14,0.0,33.0,20.0,65.0,8.2
2023-09-30,MOCK_AWS_14,6.3,31.0,20.1,46.0,4.8
2023-10-01,MOCK_AWS_14,0.0,32.7,20.8,69.0,5.6
2023-10-02,MOCK_AWS_14,0.0,29.8,18.3,63.0,4.5
2023-10-03,MOCK_AWS_14,0.0,30.7,18.8,61.0,5.8
2023-10-04,MOCK_AWS_14,0.0,32.5,19.4,61.0,2.3
2023-10-05,MOCK_AWS_14,0.0,30.2,15.6,59.0,3.2
2023-10-06,MOCK_AWS_14,0.0,27.8,15.6,58.0,3.9
2023-10-07,MOCK_AWS_14,0.0,29.1,16.0,68.0,4.0
2023-10-08,MOCK_AWS_14,0.0,33.8,18.6,57.0,5.4
2023-10-09,MOCK_AWS_14,0.0,31.8,17.3,57.0,4.0
2023-10-10,MOCK_AWS_14,0.0,33.1,18.0,58.0,5.3
2023-10-11,MOCK_AWS_14,0.0,32.6,19.1,57.0,4.8
2023-10-12,MOCK_AWS_14,0.0,30.9,16.6,60.0,2.8
2023-10-13,MOCK_AWS_14,0.0,30.4,15.8,62.0,2.2
2023-10-14,MOCK_AWS_14,,,,,
2023-10-15,MOCK_AWS_14,0.0,32.9,17.4,62.0,4.3
2023-10-16,MOCK_AWS_14,0.0,31.0,16.6,62.0,4.2
2023-10-17,MOCK_AWS_14,0.0,33.9,18.5,60.0,5.3
2023-10-18,MOCK_AWS_14,0.0,33.0,16.4,55.0,2.3
2023-10-19,MOCK_AWS_14,0.0,30.5,15.6,54.0,2.3
2023-10-20,MOCK_AWS_14,0.0,35.5,18.7,61.0,2.9
2023-10-21,MOCK_AWS_14,0.0,34.8,18.3,59.0,2.9
2023-10-22,MOCK_AWS_14,0.0,31.8,15.7,62.0,6.2
2023-10-23,MOCK_AWS_14,0.0,33.4,17.8,58.0,8.0
2023-10-24,MOCK_AWS_14,0.0,30.7,14.4,58.0,7.5
2023-10-25,MOCK_AWS_14,0.0,31.6,14.8,58.0,4.4
2023-10-26,MOCK_AWS_14,0.0,26.8,12.8,55.0,3.1
2023-10-27,MOCK_AWS_14,0.0,25.3,10.2,52.0,3.3
2023-10-28,MOCK_AWS_14,0.0,26.5,11.3,58.0,3.5
2023-10-29,MOCK_AWS_14,0.0,24.1,9.9,59.0,4.1
2023-10-30,MOCK_AWS_14,0.0,28.8,14.6,55.0,6.7
2023-10-31,MOCK_AWS_14,0.0,28.4,12.8,63.0,5.8
2023-11-01,MOCK_AWS_14,0.0,29.6,12.4,55.0,2.2
2023-11-02,MOCK_AWS_14,,,,,
2023-11-03,MOCK_AWS_14,0.0,29.3,12.7,57.0,3.1
2023-11-04,MOCK_AWS_14,,,,,
2023-11-05,MOCK_AWS_14,0.0,30.2,14.3,53.0,6.7
2023-11-06,MOCK_AWS_14,0.0,33.4,15.5,62.0,7.1
2023-11-07,MOCK_AWS_14,0.0,32.7,15.2,63.0,5.5
2023-11-08,MOCK_AWS_14,,,,,
2023-11-09,MOCK_AWS_14,0.0,31.8,14.5,67.0,8.1
2023-11-10,MOCK_AWS_14,0.0,31.1,13.3,55.0,7.8
2023-11-11,MOCK_AWS_14,0.0,29.2,12.4,58.0,5.6
2023-11-12,MOCK_AWS_14,0.0,29.2,12.0,58.0,6.2
2023-11-13,MOCK_AWS_14,0.0,25.9,10.1,61.0,5.2
2023-11-14,MOCK_AWS_14,0.0,28.1,10.6,62.0,3.6
2023-11-15,MOCK_AWS_14,0.0,29.2,12.6,54.0,5.3
2023-11-16,MOCK_AWS_14,0.0,28.0,11.0,58.0,7.7
2023-11-17,MOCK_AWS_14,0.0,28.9,11.5,66.0,5.3
2023-11-18,MOCK_AWS_14,0.0,30.0,12.8,60.0,3.0
2023-11-19,MOCK_AWS_14,0.0,32.5,14.3,59.0,3.9
2023-11-20,MOCK_AWS_14,0.0,31.9,13.6,68.0,3.7
2023-11-21,MOCK_AWS_14,0.0,31.6,12.9,60.0,1.8
2023-11-22,MOCK_AWS_14,0.0,27.9,11.4,66.0,4.0
2023-11-23,MOCK_AWS_14,0.0,26.3,10.4,65.0,5.4
2023-11-24,MOCK_AWS_14,0.0,27.7,11.3,62.0,2.9
2023-11-25,MOCK_AWS_14,0.0,26.5,9.9,64.0,3.5
2023-11-26,MOCK_AWS_14,0.0,24.3,7.5,62.0,3.7
2023-11-27,MOCK_AWS_14,0.0,24.7,8.9,65.0,3.3
2023-11-28,MOCK_AWS_14,0.0,24.7,7.4,65.0,7.5
2023-11-29,MOCK_AWS_14,0.0,24.6,8.7,62.0,5.8
2023-11-30,MOCK_AWS_14,0.0,24.6,8.4,60.0,2.9
2023-12-01,MOCK_AWS_14,0.0,25.0,9.7,58.0,2.6
2023-12-02,MOCK_AWS_14,0.0,26.7,11.0,66.0,1.9
2023-12-03,MOCK_AWS_14,,,,,
2023-12-04,MOCK_AWS_14,0.0,24.6,10.1,67.0,6.0
2023-12-05,MOCK_AWS_14,0.0,24.3,10.8,62.0,3.1
2023-12-06,MOCK_AWS_14,0.0,26.3,10.1,58.0,3.3
2023-12-07,MOCK_AWS_14,0.0,23.7,8.1,71.0,9.7
2023-12-08,MOCK_AWS_14,0.0,23.5,8.6,73.0,5.9
2023-12-09,MOCK_AWS_14,,,,,
2023-12-10,MOCK_AWS_14,0.0,19.4,6.1,57.0,8.4
2023-12-11,MOCK_AWS_14,0.0,18.5,4.6,69.0,4.7
2023-12-12,MOCK_AWS_14,0.0,17.4,6.6,61.0,3.2
2023-12-13,MOCK_AWS_14,0.0,20.6,5.1,58.0,2.4
2023-12-14,MOCK_AWS_14,0.0,19.7,4.8,70.0,3.4
2023-12-15,MOCK_AWS_14,0.0,13.1,2.8,69.0,2.9
2023-12-16,MOCK_AWS_14,0.0,16.4,6.2,71.0,2.5
2023-12-17,MOCK_AWS_14,0.0,20.7,5.7,68.0,5.6
2023-12-18,MOCK_AWS_14,0.0,20.4,5.0,66.0,2.8
2023-12-19,MOCK_AWS_14,0.0,22.6,8.1,67.0,6.7
2023-12-20,MOCK_AWS_14,0.0,16.6,6.7,65.0,6.5
2023-12-21,MOCK_AWS_14,0.0,18.5,4.2,64.0,4.4
2023-12-22,MOCK_AWS_14,0.0,17.5,6.2,68.0,3.3
2023-12-23,MOCK_AWS_14,0.0,18.2,4.5,62.0,3.3
2023-12-24,MOCK_AWS_14,0.0,18.9,3.5,66.0,3.6
2023-12-25,MOCK_AWS_14,0.0,19.6,5.3,66.0,3.7
2023-12-26,MOCK_AWS_14,0.0,21.4,8.2,63.0,6.3
2023-12-27,MOCK_AWS_14,,,,,
2023-12-28,MOCK_AWS_14,0.0,25.1,10.7,69.0,3.7
2023-12-29,MOCK_AWS_14,0.0,22.2,8.0,68.0,5.4
2023-12-30,MOCK_AWS_14,0.0,23.5,8.7,65.0,4.6
2023-12-31,MOCK_AWS_14,0.0,20.5,6.4,68.0,2.2
2024-01-01,MOCK_AWS_14,0.0,19.7,6.1,70.0,5.1
2024-01-02,MOCK_AWS_14,0.0,16.7,4.8,63.0,3.9
2024-01-03,MOCK_AWS_14,0.0,20.8,7.1,75.0,7.8
2024-01-04,MOCK_AWS_14,0.0,22.8,8.7,72.0,6.2
2024-01-05,MOCK_AWS_14,0.0,23.6,12.6,70.0,6.6
2024-01-06,MOCK_AWS_14,0.0,25.8,11.0,68.0,8.8
2024-01-07,MOCK_AWS_14,0.0,25.2,9.8,64.0,4.8
2024-01-08,MOCK_AWS_14,0.0,22.6,8.3,64.0,8.7
2024-01-09,MOCK_AWS_14,0.0,23.6,9.0,65.0,5.2
2024-01-10,MOCK_AWS_14,0.0,21.8,10.8,64.0,8.7
2024-01-11,MOCK_AWS_14,0.0,20.0,6.1,72.0,7.6
2024-01-12,MOCK_AWS_14,0.0,19.8,6.2,68.0,5.0
2024-01-13,MOCK_AWS_14,0.0,18.1,4.3,68.0,4.4
2024-01-14,MOCK_AWS_14,0.0,18.4,5.7,65.0,3.8
2024-01-15,MOCK_AWS_14,0.0,20.8,5.9,72.0,3.1
2024-01-16,MOCK_AWS_14,0.0,19.6,5.5,64.0,5.1
2024-01-17,MOCK_AWS_14,0.0,19.0,5.5,66.0,3.1
2024-01-18,MOCK_AWS_14,0.0,20.2,8.5,68.0,4.6
2024-01-19,MOCK_AWS_14,0.0,20.6,8.7,71.0,5.4
2024-01-20,MOCK_AWS_14,0.0,22.9,8.8,64.0,3.6
2024-01-21,MOCK_AWS_14,0.0,23.0,8.8,72.0,2.7
2024-01-22,MOCK_AWS_14,0.0,25.4,10.8,66.0,3.4
2024-01-23,MOCK_AWS_14,0.0,24.1,10.6,58.0,2.4
2024-01-24,MOCK_AWS_14,13.1,16.6,9.5,58.0,4.7
2024-01-25,MOCK_AWS_14,0.0,18.9,5.4,68.0,3.2
2024-01-26,MOCK_AWS_14,0.0,19.5,6.1,63.0,4.0
2024-01-27,MOCK_AWS_14,2.7,18.7,6.8,47.0,6.4
2024-01-28,MOCK_AWS_14,2.3,21.1,7.0,54.0,6.7
2024-01-29,MOCK_AWS_14,1.1,20.5,11.7,51.0,7.7
2024-01-30,MOCK_AWS_14,8.3,20.9,9.8,62.0,4.4
2024-01-31,MOCK_AWS_14,3.6,21.4,12.6,54.0,5.3
2024-02-01,MOCK_AWS_14,0.0,26.8,12.2,69.0,5.3
2024-02-02,MOCK_AWS_14,0.0,26.7,11.5,64.0,4.3
2024-02-03,MOCK_AWS_14,0.6,23.7,10.6,68.0,5.9
2024-02-04,MOCK_AWS_14,0.8,23.5,11.7,64.0,4.2
2024-02-05,MOCK_AWS_14,2.4,23.8,10.8,51.0,4.3
2024-02-06,MOCK_AWS_14,0.0,24.3,9.7,67.0,3.8
2024-02-07,MOCK_AWS_14,0.0,26.9,11.2,63.0,4.8
2024-02-08,MOCK_AWS_14,0.0,27.4,12.8,74.0,4.4
2024-02-09,MOCK_AWS_14,0.0,26.2,11.1,60.0,5.0
2024-02-10,MOCK_AWS_14,3.4,22.7,10.8,56.0,7.0
2024-02-11,MOCK_AWS_14,0.0,24.2,8.2,64.0,3.2
2024-02-12,MOCK_AWS_14,0.0,22.4,8.0,60.0,5.6
2024-02-13,MOCK_AWS_14,0.0,25.8,10.4,60.0,3.1
2024-02-14,MOCK_AWS_14,0.0,24.5,9.7,66.0,2.4
2024-02-15,MOCK_AWS_14,0.0,27.8,10.9,55.0,4.3
2024-02-16,MOCK_AWS_14,0.0,25.1,9.8,60.0,4.3
2024-02-17,MOCK_AWS_14,0.0,25.6,9.8,65.0,6.3
2024-02-18,MOCK_AWS_14,0.0,26.3,11.0,66.0,10.1
2024-02-19,MOCK_AWS_14,0.0,28.1,12.8,65.0,8.7
2024-02-20,MOCK_AWS_14,0.0,24.2,9.9,57.0,7.2
2024-02-21,MOCK_AWS_14,0.0,25.8,12.0,61.0,6.2
2024-02-22,MOCK_AWS_14,0.0,26.5,11.5,55.0,6.9
2024-02-23,MOCK_AWS_14,0.0,26.4,11.8,57.0,7.3
2024-02-24,MOCK_AWS_14,0.0,23.3,8.9,64.0,3.9
2024-02-25,MOCK_AWS_14,0.0,20.1,7.2,59.0,7.2
2024-02-26,MOCK_AWS_14,0.0,24.6,9.3,54.0,5.4
2024-02-27,MOCK_AWS_14,0.0,28.4,12.0,60.0,7.9
2024-02-28,MOCK_AWS_14,4.3,25.8,13.1,43.0,4.3
2024-02-29,MOCK_AWS_14,0.0,30.3,15.2,65.0,5.5
2024-03-01,MOCK_AWS_14,0.0,25.0,9.8,57.0,5.6
2024-03-02,MOCK_AWS_14,0.0,23.0,8.9,49.0,3.8
2024-03-03,MOCK_AWS_14,0.0,20.9,6.6,60.0,7.4
2024-03-04,MOCK_AWS_14,0.0,26.0,10.3,56.0,5.8
2024-03-05,MOCK_AWS_14,0.0,26.9,11.3,50.0,7.8
2024-03-06,MOCK_AWS_14,0.0,27.0,12.4,58.0,7.0
2024-03-07,MOCK_AWS_14,0.0,30.9,13.3,57.0,6.1
2024-03-08,MOCK_AWS_14,0.0,28.2,13.4,49.0,10.1
2024-03-09,MOCK_AWS_14,0.0,30.7,16.1,51.0,7.0
2024-03-10,MOCK_AWS_14,0.0,33.6,17.7,55.0,9.6
2024-03-11,MOCK_AWS_14,0.0,29.2,13.2,55.0,8.0
2024-03-12,MOCK_AWS_14,0.0,31.9,15.2,59.0,9.6
2024-03-13,MOCK_AWS_14,2.3,29.8,15.4,47.0,4.5
2024-03-14,MOCK_AWS_14,0.0,28.6,13.8,57.0,6.8
2024-03-15,MOCK_AWS_14,0.0,27.3,12.5,56.0,7.7
2024-03-16,MOCK_AWS_14,10.2,23.8,12.1,39.0,8.3
2024-03-17,MOCK_AWS_14,0.3,29.5,14.5,52.0,11.2
2024-03-18,MOCK_AWS_14,0.0,30.7,15.3,54.0,7.0
2024-03-19,MOCK_AWS_14,0.0,35.1,18.1,51.0,6.7
2024-03-20,MOCK_AWS_14,0.0,33.5,17.3,49.0,7.0
2024-03-21,MOCK_AWS_14,,,,,
2024-03-22,MOCK_AWS_14,0.0,36.9,20.8,50.0,8.6
2024-03-23,MOCK_AWS_14,0.0,35.9,19.0,50.0,5.5
2024-03-24,MOCK_AWS_14,0.0,34.9,18.1,43.0,5.7
2024-03-25,MOCK_AWS_14,0.0,36.4,18.5,56.0,9.4
2024-03-26,MOCK_AWS_14,0.0,33.7,18.2,39.0,8.5
2024-03-27,MOCK_AWS_14,0.0,32.3,16.8,48.0,8.4
2024-03-28,MOCK_AWS_14,0.0,32.1,15.3,47.0,9.0
2024-03-29,MOCK_AWS_14,0.0,32.7,15.6,49.0,13.0
2024-03-30,MOCK_AWS_14,0.0,35.8,18.1,45.0,10.3
2024-03-31,MOCK_AWS_14,0.0,35.8,19.2,48.0,9.1
2024-04-01,MOCK_AWS_14,0.0,36.9,20.3,40.0,6.1
2024-04-02,MOCK_AWS_14,0.0,39.1,20.7,45.0,8.2
2024-04-03,MOCK_AWS_14,0.0,40.2,22.2,43.0,7.5
2024-04-04,MOCK_AWS_14,0.0,35.5,19.4,46.0,10.1
2024-04-05,MOCK_AWS_14,0.0,34.7,18.6,44.0,11.6
2024-04-06,MOCK_AWS_14,,,,,
2024-04-07,MOCK_AWS_14,0.0,35.8,19.3,41.0,7.5
2024-04-08,MOCK_AWS_14,0.0,33.8,18.4,41.0,8.5
2024-04-09,MOCK_AWS_14,0.0,35.1,19.2,48.0,5.5
2024-04-10,MOCK_AWS_14,0.0,32.8,15.7,44.0,6.9
2024-04-11,MOCK_AWS_14,0.0,35.3,18.6,46.0,5.4
2024-04-12,MOCK_AWS_14,0.0,34.1,16.8,41.0,6.8
2024-04-13,MOCK_AWS_14,0.0,32.0,16.8,36.0,7.1
2024-04-14,MOCK_AWS_14,0.0,34.5,17.6,40.0,8.6
2024-04-15,MOCK_AWS_14,0.0,34.8,18.9,44.0,7.5
2024-04-16,MOCK_AWS_14,0.0,37.5,20.6,40.0,10.1
2024-04-17,MOCK_AWS_14,0.0,41.6,23.4,41.0,13.6
2024-04-18,MOCK_AWS_14,0.0,41.6,24.1,41.0,9.7
2024-04-19,MOCK_AWS_14,0.0,42.9,25.1,46.0,10.0
2024-04-20,MOCK_AWS_14,0.0,41.7,24.4,42.0,13.1
2024-04-21,MOCK_AWS_14,1.7,43.9,26.8,33.0,9.2
2024-04-22,MOCK_AWS_14,1.3,42.6,25.6,35.0,12.8
2024-04-23,MOCK_AWS_14,,,,,
2024-04-24,MOCK_AWS_14,0.0,37.3,19.0,38.0,9.6
2024-04-25,MOCK_AWS_14,0.0,38.5,22.4,39.0,10.7
2024-04-26,MOCK_AWS_14,0.0,37.3,20.9,35.0,5.9
2024-04-27,MOCK_AWS_14,0.0,38.7,20.7,36.0,7.3
2024-04-28,MOCK_AWS_14,0.0,38.7,22.8,36.0,5.8
2024-04-29,MOCK_AWS_14,0.0,38.6,22.6,43.0,9.4
2024-04-30,MOCK_AWS_14,0.0,36.0,20.9,40.0,5.6
2024-05-01,MOCK_AWS_14,0.0,35.6,20.1,40.0,5.1
2024-05-02,MOCK_AWS_14,0.0,36.6,21.3,38.0,5.6
2024-05-03,MOCK_AWS_14,0.0,38.1,21.9,39.0,6.7
2024-05-04,MOCK_AWS_14,0.0,35.2,20.4,40.0,8.5
2024-05-05,MOCK_AWS_14,0.0,41.8,25.0,38.0,6.3
2024-05-06,MOCK_AWS_14,0.0,42.1,25.4,39.0,7.4
2024-05-07,MOCK_AWS_14,0.0,41.3,26.0,44.0,12.2
2024-05-08,MOCK_AWS_14,0.0,41.2,25.7,36.0,15.0
2024-05-09,MOCK_AWS_14,0.0,40.9,24.2,40.0,14.8
2024-05-10,MOCK_AWS_14,0.0,41.9,25.8,41.0,10.8
2024-05-11,MOCK_AWS_14,0.0,41.8,26.0,39.0,12.1
2024-05-12,MOCK_AWS_14,0.0,43.7,27.7,35.0,18.9
2024-05-13,MOCK_AWS_14,0.0,45.5,28.9,39.0,17.1
2024-05-14,MOCK_AWS_14,0.0,44.0,28.2,38.0,15.6
2024-05-15,MOCK_AWS_14,0.0,42.2,26.7,39.0,15.4
2024-05-16,MOCK_AWS_14,0.0,39.6,24.8,40.0,15.2
2024-05-17,MOCK_AWS_14,0.0,40.3,24.5,36.0,12.5
2024-05-18,MOCK_AWS_14,0.0,39.8,25.3,41.0,18.7
2024-05-19,MOCK_AWS_14,0.0,40.9,24.9,36.0,12.3
2024-05-20,MOCK_AWS_14,0.0,43.5,28.4,40.0,14.6
2024-05-21,MOCK_AWS_14,0.0,43.2,27.4,36.0,8.2
2024-05-22,MOCK_AWS_14,0.0,41.7,26.5,44.0,10.5
2024-05-23,MOCK_AWS_14,0.0,39.1,24.4,46.0,10.7
2024-05-24,MOCK_AWS_14,0.0,41.1,25.1,47.0,9.1
2024-05-25,MOCK_AWS_14,0.0,40.8,25.4,39.0,10.5
2024-05-26,MOCK_AWS_14,0.0,38.8,23.7,40.0,11.1
2024-05-27,MOCK_AWS_14,0.0,39.1,25.0,41.0,8.7
2024-05-28,MOCK_AWS_14,0.0,41.8,27.6,44.0,9.4
2024-05-29,MOCK_AWS_14,0.0,41.3,27.0,41.0,7.3
2024-05-30,MOCK_AWS_14,0.0,40.2,27.0,44.0,12.2
2024-05-31,MOCK_AWS_14,0.0,42.3,28.1,52.0,12.4
2024-06-01,MOCK_AWS_14,0.0,44.8,30.4,44.0,8.6
2024-06-02,MOCK_AWS_14,0.0,45.7,29.2,42.0,7.8
2024-06-03,MOCK_AWS_14,0.0,41.2,26.8,46.0,8.7
2024-06-04,MOCK_AWS_14,0.0,44.4,28.8,46.0,11.4
2024-06-05,MOCK_AWS_14,5.0,38.7,27.7,34.0,11.3
2024-06-06,MOCK_AWS_14,0.0,40.0,27.3,45.0,6.9
2024-06-07,MOCK_AWS_14,0.0,38.4,24.5,46.0,8.0
2024-06-08,MOCK_AWS_14,0.0,37.7,24.8,47.0,11.3
2024-06-09,MOCK_AWS_14,0.0,38.7,26.0,50.0,10.7
2024-06-10,MOCK_AWS_14,0.0,37.9,24.2,48.0,13.2
2024-06-11,MOCK_AWS_14,0.0,38.4,25.0,43.0,9.1
2024-06-12,MOCK_AWS_14,0.0,35.8,23.9,49.0,7.7
2024-06-13,MOCK_AWS_14,0.0,39.3,25.4,48.0,9.8
2024-06-14,MOCK_AWS_14,,,,,
2024-06-15,MOCK_AWS_14,0.0,38.5,27.8,55.0,11.1
2024-06-16,MOCK_AWS_14,0.0,38.3,26.0,48.0,11.5
2024-06-17,MOCK_AWS_14,0.0,40.1,27.4,49.0,10.9
2024-06-18,MOCK_AWS_14,0.0,38.2,25.5,48.0,6.5
2024-06-19,MOCK_AWS_14,0.0,36.2,24.7,55.0,12.3
2024-06-20,MOCK_AWS_14,,,,,
2024-06-21,MOCK_AWS_14,25.3,34.2,28.0,43.0,15.5
2024-06-22,MOCK_AWS_14,4.4,35.2,25.4,43.0,6.2
2024-06-23,MOCK_AWS_14,0.0,35.8,25.1,47.0,9.6
2024-06-24,MOCK_AWS_14,0.0,38.3,26.4,59.0,9.6
2024-06-25,MOCK_AWS_14,,,,,
2024-06-26,MOCK_AWS_14,0.0,39.4,27.7,59.0,12.2
2024-06-27,MOCK_AWS_14,0.0,41.9,30.0,56.0,11.2
2024-06-28,MOCK_AWS_14,3.7,37.4,28.4,52.0,7.3
2024-06-29,MOCK_AWS_14,0.0,37.7,26.9,69.0,5.8
2024-06-30,MOCK_AWS_14,0.0,36.0,25.8,64.0,6.6
2024-07-01,MOCK_AWS_14,0.0,37.3,28.3,56.0,10.7
2024-07-02,MOCK_AWS_14,0.0,35.7,24.7,68.0,9.6
2024-07-03,MOCK_AWS_14,0.0,34.3,23.7,60.0,10.3
2024-07-04,MOCK_AWS_14,24.3,27.8,26.1,50.0,7.1
2024-07-05,MOCK_AWS_14,0.0,33.2,23.3,67.0,7.6
2024-07-06,MOCK_AWS_14,9.9,28.9,23.4,50.0,12.1
2024-07-07,MOCK_AWS_14,0.0,35.9,26.8,71.0,4.7
2024-07-08,MOCK_AWS_14,0.0,34.0,25.2,63.0,1.9
2024-07-09,MOCK_AWS_14,0.0,32.7,23.8,66.0,6.5
2024-07-10,MOCK_AWS_14,0.5,31.1,25.0,61.0,4.7
2024-07-11,MOCK_AWS_14,,,,,
2024-07-12,MOCK_AWS_14,0.0,33.8,24.7,85.0,5.6
2024-07-13,MOCK_AWS_14,0.0,33.9,24.0,78.0,5.5
2024-07-14,MOCK_AWS_14,0.0,33.7,23.8,80.0,6.9
2024-07-15,MOCK_AWS_14,0.0,33.5,24.5,73.0,10.0
2024-07-16,MOCK_AWS_14,0.0,35.5,25.8,75.0,11.6
2024-07-17,MOCK_AWS_14,0.0,33.4,26.4,77.0,12.3
2024-07-18,MOCK_AWS_14,0.0,29.7,22.5,71.0,8.1
2024-07-19,MOCK_AWS_14,0.0,31.2,22.4,79.0,12.3
2024-07-20,MOCK_AWS_14,0.0,33.3,24.0,75.0,11.4
2024-07-21,MOCK_AWS_14,0.0,31.8,22.9,74.0,7.4
2024-07-22,MOCK_AWS_14,0.0,32.6,22.9,74.0,6.4
2024-07-23,MOCK_AWS_14,0.0,31.2,24.5,76.0,8.7
2024-07-24,MOCK_AWS_14,6.2,29.1,24.0,65.0,6.6
2024-07-25,MOCK_AWS_14,0.0,34.6,25.8,81.0,3.8
2024-07-26,MOCK_AWS_14,0.0,31.7,24.5,77.0,8.4
2024-07-27,MOCK_AWS_14,0.0,35.3,27.2,73.0,7.7
2024-07-28,MOCK_AWS_14,0.0,38.1,28.7,81.0,7.7
2024-07-29,MOCK_AWS_14,0.0,35.6,28.0,76.0,6.2
2024-07-30,MOCK_AWS_14,0.0,38.5,29.3,79.0,6.2
2024-07-31,MOCK_AWS_14,0.0,37.8,28.6,75.0,10.5
2024-08-01,MOCK_AWS_14,22.5,32.2,27.6,67.0,6.4
2024-08-02,MOCK_AWS_14,0.0,37.6,28.8,83.0,11.8
2024-08-03,MOCK_AWS_14,0.0,37.1,28.6,74.0,10.4
2024-08-04,MOCK_AWS_14,1.1,35.4,29.0,66.0,5.7
2024-08-05,MOCK_AWS_14,0.0,37.0,28.3,75.0,5.7
2024-08-06,MOCK_AWS_14,0.0,36.2,27.9,75.0,8.6
2024-08-07,MOCK_AWS_14,0.0,39.5,30.3,69.0,11.7
2024-08-08,MOCK_AWS_14,0.0,40.5,31.4,80.0,8.3
2024-08-09,MOCK_AWS_14,0.0,35.8,28.1,77.0,8.6
2024-08-10,MOCK_AWS_14,0.0,36.2,27.1,79.0,9.2
2024-08-11,MOCK_AWS_14,0.0,33.7,26.9,81.0,10.8
2024-08-12,MOCK_AWS_14,0.0,24.6,22.5,67.0,6.5
2024-08-13,MOCK_AWS_14,0.0,34.4,26.4,75.0,7.8
2024-08-14,MOCK_AWS_14,0.0,29.2,25.6,68.0,10.6
2024-08-15,MOCK_AWS_14,0.0,34.1,26.6,72.0,10.7
2024-08-16,MOCK_AWS_14,0.0,31.7,23.4,81.0,7.8
2024-08-17,MOCK_AWS_14,0.0,32.3,24.6,82.0,11.2
2024-08-18,MOCK_AWS_14,0.0,31.9,23.5,78.0,10.4
2024-08-19,MOCK_AWS_14,0.0,34.2,25.4,81.0,9.2
2024-08-20,MOCK_AWS_14,0.0,33.4,26.7,78.0,7.2
2024-08-21,MOCK_AWS_14,0.0,35.7,27.2,75.0,3.1
2024-08-22,MOCK_AWS_14,0.0,35.6,26.0,72.0,6.0
2024-08-23,MOCK_AWS_14,18.4,29.9,25.4,63.0,7.7
2024-08-24,MOCK_AWS_14,0.0,33.9,24.2,80.0,6.9
2024-08-25,MOCK_AWS_14,0.0,34.5,25.6,86.0,6.7
2024-08-26,MOCK_AWS_14,,,,,
2024-08-27,MOCK_AWS_14,,,,,
2024-08-28,MOCK_AWS_14,0.0,30.9,23.5,82.0,7.4
2024-08-29,MOCK_AWS_14,0.0,33.1,23.6,79.0,6.8
2024-08-30,MOCK_AWS_14,0.0,33.4,24.6,72.0,8.8
2024-08-31,MOCK_AWS_14,0.0,33.6,23.3,81.0,6.9
2024-09-01,MOCK_AWS_14,0.0,31.0,21.1,72.0,8.7
2024-09-02,MOCK_AWS_14,,,,,
2024-09-03,MOCK_AWS_14,0.0,32.2,23.4,74.0,5.5
2024-09-04,MOCK_AWS_14,0.0,35.2,26.8,69.0,3.3
2024-09-05,MOCK_AWS_14,0.0,37.0,26.3,78.0,3.2
2024-09-06,MOCK_AWS_14,32.0,34.0,26.5,61.0,5.3
2024-09-07,MOCK_AWS_14,9.4,29.1,22.6,62.0,4.5
2024-09-08,MOCK_AWS_14,8.3,30.2,23.1,57.0,4.3
2024-09-09,MOCK_AWS_14,2.8,32.3,23.4,62.0,4.3
2024-09-10,MOCK_AWS_14,0.0,34.3,23.8,74.0,3.7
2024-09-11,MOCK_AWS_14,0.0,31.7,21.8,81.0,9.3
2024-09-12,MOCK_AWS_14,0.0,30.8,19.9,82.0,6.0
2024-09-13,MOCK_AWS_14,0.0,32.5,22.2,68.0,7.3
2024-09-14,MOCK_AWS_14,0.0,31.3,21.8,76.0,5.5
2024-09-15,MOCK_AWS_14,0.0,28.3,19.4,73.0,8.3
2024-09-16,MOCK_AWS_14,0.0,34.2,23.2,74.0,14.4
2024-09-17,MOCK_AWS_14,0.0,33.6,22.7,66.0,12.8
2024-09-18,MOCK_AWS_14,0.0,36.1,24.8,79.0,11.4
2024-09-19,MOCK_AWS_14,0.0,37.9,25.2,78.0,7.2
2024-09-20,MOCK_AWS_14,0.0,34.6,23.3,72.0,7.3
2024-09-21,MOCK_AWS_14,0.0,36.3,22.9,51.0,10.1
2024-09-22,MOCK_AWS_14,0.0,34.1,23.3,66.0,6.3
2024-09-23,MOCK_AWS_14,0.0,35.1,23.1,69.0,4.5
2024-09-24,MOCK_AWS_14,,,,,
2024-09-25,MOCK_AWS_14,0.0,35.2,21.0,57.0,4.2
2024-09-26,MOCK_AWS_14,0.0,34.4,20.9,60.0,4.3
2024-09-27,MOCK_AWS_14,,,,,
2024-09-28,MOCK_AWS_14,0.0,32.9,21.0,65.0,5.8
2024-09-29,MOCK_AWS_14,0.0,32.7,20.1,67.0,6.7
2024-09-30,MOCK_AWS_14,0.0,31.5,17.5,66.0,7.1
2024-10-01,MOCK_AWS_14,0.0,32.5,19.1,67.0,7.4
2024-10-02,MOCK_AWS_14,0.0,31.5,17.7,59.0,6.2
2024-10-03,MOCK_AWS_14,0.0,29.7,16.1,60.0,6.5
2024-10-04,MOCK_AWS_14,0.0,31.9,18.6,60.0,9.4
2024-10-05,MOCK_AWS_14,0.0,30.6,18.5,54.0,7.4
2024-10-06,MOCK_AWS_14,0.0,33.7,19.3,59.0,6.5
2024-10-07,MOCK_AWS_14,0.0,34.3,18.6,61.0,5.5
2024-10-08,MOCK_AWS_14,0.0,31.7,17.5,63.0,5.8
2024-10-09,MOCK_AWS_14,0.0,34.2,19.2,57.0,5.4
2024-10-10,MOCK_AWS_14,0.0,33.5,17.9,67.0,8.9
2024-10-11,MOCK_AWS_14,0.6,33.9,19.6,55.0,6.0
2024-10-12,MOCK_AWS_14,0.0,34.1,18.2,59.0,4.3
2024-10-13,MOCK_AWS_14,0.0,29.1,15.8,61.0,4.3
2024-10-14,MOCK_AWS_14,0.0,34.1,18.7,56.0,6.7
2024-10-15,MOCK_AWS_14,0.0,30.3,16.0,59.0,0.9
2024-10-16,MOCK_AWS_14,0.0,30.4,15.4,53.0,3.2
2024-10-17,MOCK_AWS_14,0.0,32.4,16.8,63.0,4.1
2024-10-18,MOCK_AWS_14,0.0,34.0,18.1,61.0,3.1
2024-10-19,MOCK_AWS_14,0.0,33.9,17.7,56.0,3.6
2024-10-20,MOCK_AWS_14,0.0,31.1,13.7,59.0,3.4
2024-10-21,MOCK_AWS_14,2.1,27.3,14.2,49.0,3.4
2024-10-22,MOCK_AWS_14,0.0,29.6,13.7,57.0,6.0
2024-10-23,MOCK_AWS_14,,,,,
2024-10-24,MOCK_AWS_14,0.0,26.9,11.6,51.0,3.8
2024-10-25,MOCK_AWS_14,0.0,29.5,15.8,60.0,4.4
2024-10-26,MOCK_AWS_14,0.0,32.2,15.6,56.0,6.1
2024-10-27,MOCK_AWS_14,0.0,30.4,13.9,56.0,7.8
2024-10-28,MOCK_AWS_14,0.0,30.8,15.3,60.0,5.1
2024-10-29,MOCK_AWS_14,0.0,28.9,13.1,59.0,6.3
2024-10-30,MOCK_AWS_14,3.5,28.5,15.5,48.0,5.0
2024-10-31,MOCK_AWS_14,0.0,29.4,14.0,61.0,5.2
2024-11-01,MOCK_AWS_14,0.0,28.0,11.8,53.0,4.8
2024-11-02,MOCK_AWS_14,0.0,30.8,14.3,68.0,4.0
2024-11-03,MOCK_AWS_14,0.0,31.3,14.9,55.0,2.1
2024-11-04,MOCK_AWS_14,0.0,29.0,11.4,61.0,2.9
2024-11-05,MOCK_AWS_14,0.0,28.2,11.4,61.0,4.3
2024-11-06,MOCK_AWS_14,0.0,28.0,11.4,52.0,5.2
2024-11-07,MOCK_AWS_14,0.0,24.3,8.8,61.0,6.7
2024-11-08,MOCK_AWS_14,0.0,23.7,8.6,56.0,6.5
2024-11-09,MOCK_AWS_14,0.0,24.0,8.0,59.0,4.3
2024-11-10,MOCK_AWS_14,0.0,26.6,11.8,60.0,5.2
2024-11-11,MOCK_AWS_14,0.0,29.7,13.3,68.0,2.5
2024-11-12,MOCK_AWS_14,0.0,33.2,14.1,59.0,5.0
2024-11-13,MOCK_AWS_14,0.0,32.5,13.7,64.0,2.3
2024-11-14,MOCK_AWS_14,0.0,30.0,11.6,61.0,2.8
2024-11-15,MOCK_AWS_14,0.0,30.0,13.2,64.0,3.8
2024-11-16,MOCK_AWS_14,0.0,30.3,12.4,58.0,4.4
2024-11-17,MOCK_AWS_14,0.0,27.7,10.6,59.0,4.4
2024-11-18,MOCK_AWS_14,0.0,29.0,12.1,60.0,4.9
2024-11-19,MOCK_AWS_14,0.0,28.5,10.4,53.0,5.6
2024-11-20,MOCK_AWS_14,0.0,29.2,12.2,59.0,4.9
2024-11-21,MOCK_AWS_14,0.0,27.8,12.0,66.0,5.1
2024-11-22,MOCK_AWS_14,0.0,27.5,9.8,64.0,4.0
2024-11-23,MOCK_AWS_14,0.0,24.0,7.7,62.0,1.9
2024-11-24,MOCK_AWS_14,0.0,22.4,6.4,61.0,5.3
2024-11-25,MOCK_AWS_14,0.0,22.2,7.3,59.0,5.0
2024-11-26,MOCK_AWS_14,0.0,26.0,9.4,68.0,8.5
2024-11-27,MOCK_AWS_14,0.0,25.8,9.4,67.0,7.0
2024-11-28,MOCK_AWS_14,1.8,22.6,8.8,49.0,2.7
2024-11-29,MOCK_AWS_14,0.0,25.4,9.2,58.0,3.1
2024-11-30,MOCK_AWS_14,0.0,27.5,11.0,63.0,2.0
2024-12-01,MOCK_AWS_14,0.0,24.5,8.9,60.0,3.5
2024-12-02,MOCK_AWS_14,0.0,25.7,10.5,73.0,4.6
2024-12-03,MOCK_AWS_14,0.0,24.1,9.1,61.0,1.9
2024-12-04,MOCK_AWS_14,0.0,23.5,7.7,64.0,3.7
2024-12-05,MOCK_AWS_14,0.0,19.3,6.0,61.0,2.2
2024-12-06,MOCK_AWS_14,0.0,23.0,7.1,62.0,3.9
2024-12-07,MOCK_AWS_14,0.0,23.4,8.9,67.0,5.6
2024-12-08,MOCK_AWS_14,0.0,20.1,6.3,60.0,4.4
2024-12-09,MOCK_AWS_14,0.0,22.0,7.4,57.0,4.4
2024-12-10,MOCK_AWS_14,0.0,25.5,8.6,67.0,10.5
2024-12-11,MOCK_AWS_14,,,,,
2024-12-12,MOCK_AWS_14,0.0,22.2,8.1,66.0,11.6
2024-12-13,MOCK_AWS_14,0.0,23.0,7.8,67.0,3.7
2024-12-14,MOCK_AWS_14,0.0,23.2,8.9,66.0,4.2
2024-12-15,MOCK_AWS_14,0.0,20.5,5.9,65.0,5.2
2024-12-16,MOCK_AWS_14,0.0,24.3,7.9,68.0,4.6
2024-12-17,MOCK_AWS_14,0.0,24.7,8.6,65.0,4.4
2024-12-18,MOCK_AWS_14,0.0,28.1,11.4,72.0,4.9
2024-12-19,MOCK_AWS_14,0.0,23.8,8.8,68.0,5.6
2024-12-20,MOCK_AWS_14,0.0,23.4,7.4,64.0,5.2
2024-12-21,MOCK_AWS_14,0.0,24.5,8.2,59.0,3.4
2024-12-22,MOCK_AWS_14,0.0,19.8,5.8,65.0,4.3
2024-12-23,MOCK_AWS_14,0.0,18.4,7.3,69.0,1.5
2024-12-24,MOCK_AWS_14,0.0,17.5,4.1,75.0,3.5
2024-12-25,MOCK_AWS_14,0.0,15.7,2.2,70.0,3.3
2024-12-26,MOCK_AWS_14,0.7,13.0,3.9,67.0,5.2
2024-12-27,MOCK_AWS_14,0.0,20.6,6.2,67.0,5.3
2024-12-28,MOCK_AWS_14,0.2,15.8,5.7,68.0,5.7
2024-12-29,MOCK_AWS_14,7.2,12.1,5.3,52.0,3.4
2024-12-30,MOCK_AWS_14,0.0,20.0,6.4,68.0,3.6
2024-12-31,MOCK_AWS_14,0.0,23.6,7.5,78.0,6.5
2023-01-01,MOCK_ARG_15,0.0,,,,
2023-01-02,MOCK_ARG_15,0.0,,,,
2023-01-03,MOCK_ARG_15,0.0,,,,
2023-01-04,MOCK_ARG_15,0.0,,,,
2023-01-05,MOCK_ARG_15,0.0,,,,
2023-01-06,MOCK_ARG_15,0.0,,,,
2023-01-07,MOCK_ARG_15,0.0,,,,
2023-01-08,MOCK_ARG_15,0.0,,,,
2023-01-09,MOCK_ARG_15,0.0,,,,
2023-01-10,MOCK_ARG_15,0.0,,,,
2023-01-11,MOCK_ARG_15,,,,,
2023-01-12,MOCK_ARG_15,0.0,,,,
2023-01-13,MOCK_ARG_15,0.0,,,,
2023-01-14,MOCK_ARG_15,0.0,,,,
2023-01-15,MOCK_ARG_15,0.0,,,,
2023-01-16,MOCK_ARG_15,0.0,,,,
2023-01-17,MOCK_ARG_15,,,,,
2023-01-18,MOCK_ARG_15,0.0,,,,
2023-01-19,MOCK_ARG_15,0.0,,,,
2023-01-20,MOCK_ARG_15,5.5,,,,
2023-01-21,MOCK_ARG_15,0.0,,,,
2023-01-22,MOCK_ARG_15,0.0,,,,
2023-01-23,MOCK_ARG_15,0.0,,,,
2023-01-24,MOCK_ARG_15,0.0,,,,
2023-01-25,MOCK_ARG_15,0.0,,,,
2023-01-26,MOCK_ARG_15,0.0,,,,
2023-01-27,MOCK_ARG_15,0.0,,,,
2023-01-28,MOCK_ARG_15,0.0,,,,
2023-01-29,MOCK_ARG_15,0.0,,,,
2023-01-30,MOCK_ARG_15,0.0,,,,
2023-01-31,MOCK_ARG_15,0.0,,,,
2023-02-01,MOCK_ARG_15,0.0,,,,
2023-02-02,MOCK_ARG_15,0.0,,,,
2023-02-03,MOCK_ARG_15,0.0,,,,
2023-02-04,MOCK_ARG_15,0.0,,,,
2023-02-05,MOCK_ARG_15,0.0,,,,
2023-02-06,MOCK_ARG_15,0.0,,,,
2023-02-07,MOCK_ARG_15,0.0,,,,
2023-02-08,MOCK_ARG_15,0.0,,,,
2023-02-09,MOCK_ARG_15,0.0,,,,
2023-02-10,MOCK_ARG_15,0.0,,,,
2023-02-11,MOCK_ARG_15,0.0,,,,
2023-02-12,MOCK_ARG_15,0.0,,,,
2023-02-13,MOCK_ARG_15,0.0,,,,
2023-02-14,MOCK_ARG_15,0.0,,,,
2023-02-15,MOCK_ARG_15,0.0,,,,
2023-02-16,MOCK_ARG_15,0.0,,,,
2023-02-17,MOCK_ARG_15,0.0,,,,
2023-02-18,MOCK_ARG_15,0.0,,,,
2023-02-19,MOCK_ARG_15,0.0,,,,
2023-02-20,MOCK_ARG_15,0.0,,,,
2023-02-21,MOCK_ARG_15,0.0,,,,
2023-02-22,MOCK_ARG_15,3.5,,,,
2023-02-23,MOCK_ARG_15,0.0,,,,
2023-02-24,MOCK_ARG_15,0.0,,,,
2023-02-25,MOCK_ARG_15,0.0,,,,
2023-02-26,MOCK_ARG_15,0.0,,,,
2023-02-27,MOCK_ARG_15,0.5,,,,
2023-02-28,MOCK_ARG_15,0.0,,,,
2023-03-01,MOCK_ARG_15,0.0,,,,
2023-03-02,MOCK_ARG_15,0.0,,,,
2023-03-03,MOCK_ARG_15,0.0,,,,
2023-03-04,MOCK_ARG_15,0.0,,,,
2023-03-05,MOCK_ARG_15,0.0,,,,
2023-03-06,MOCK_ARG_15,0.0,,,,
2023-03-07,MOCK_ARG_15,0.0,,,,
2023-03-08,MOCK_ARG_15,0.0,,,,
2023-03-09,MOCK_ARG_15,0.0,,,,
2023-03-10,MOCK_ARG_15,0.0,,,,
2023-03-11,MOCK_ARG_15,0.0,,,,
2023-03-12,MOCK_ARG_15,0.0,,,,
2023-03-13,MOCK_ARG_15,0.0,,,,
2023-03-14,MOCK_ARG_15,0.0,,,,
2023-03-15,MOCK_ARG_15,2.5,,,,
2023-03-16,MOCK_ARG_15,0.0,,,,
2023-03-17,MOCK_ARG_15,,,,,
2023-03-18,MOCK_ARG_15,0.0,,,,
2023-03-19,MOCK_ARG_15,0.0,,,,
2023-03-20,MOCK_ARG_15,4.0,,,,
2023-03-21,MOCK_ARG_15,0.0,,,,
2023-03-22,MOCK_ARG_15,0.0,,,,
2023-03-23,MOCK_ARG_15,,,,,
2023-03-24,MOCK_ARG_15,0.0,,,,
2023-03-25,MOCK_ARG_15,0.0,,,,
2023-03-26,MOCK_ARG_15,0.0,,,,
2023-03-27,MOCK_ARG_15,0.0,,,,
2023-03-28,MOCK_ARG_15,0.0,,,,
2023-03-29,MOCK_ARG_15,0.0,,,,
2023-03-30,MOCK_ARG_15,,,,,
2023-03-31,MOCK_ARG_15,7.0,,,,
2023-04-01,MOCK_ARG_15,0.0,,,,
2023-04-02,MOCK_ARG_15,0.0,,,,
2023-04-03,MOCK_ARG_15,0.0,,,,
2023-04-04,MOCK_ARG_15,0.0,,,,
2023-04-05,MOCK_ARG_15,0.0,,,,
2023-04-06,MOCK_ARG_15,0.5,,,,
2023-04-07,MOCK_ARG_15,0.0,,,,
2023-04-08,MOCK_ARG_15,0.0,,,,
2023-04-09,MOCK_ARG_15,0.5,,,,
2023-04-10,MOCK_ARG_15,0.0,,,,
2023-04-11,MOCK_ARG_15,0.0,,,,
2023-04-12,MOCK_ARG_15,0.0,,,,
2023-04-13,MOCK_ARG_15,0.0,,,,
2023-04-14,MOCK_ARG_15,0.0,,,,
2023-04-15,MOCK_ARG_15,0.0,,,,
2023-04-16,MOCK_ARG_15,0.0,,,,
2023-04-17,MOCK_ARG_15,0.0,,,,
2023-04-18,MOCK_ARG_15,0.0,,,,
2023-04-19,MOCK_ARG_15,0.0,,,,
2023-04-20,MOCK_ARG_15,0.0,,,,
2023-04-21,MOCK_ARG_15,0.0,,,,
2023-04-22,MOCK_ARG_15,0.0,,,,
2023-04-23,MOCK_ARG_15,0.0,,,,
2023-04-24,MOCK_ARG_15,0.0,,,,
2023-04-25,MOCK_ARG_15,0.0,,,,
2023-04-26,MOCK_ARG_15,0.0,,,,
2023-04-27,MOCK_ARG_15,0.0,,,,
2023-04-28,MOCK_ARG_15,0.0,,,,
2023-04-29,MOCK_ARG_15,0.0,,,,
2023-04-30,MOCK_ARG_15,0.0,,,,
2023-05-01,MOCK_ARG_15,0.0,,,,
2023-05-02,MOCK_ARG_15,0.0,,,,
2023-05-03,MOCK_ARG_15,0.0,,,,
2023-05-04,MOCK_ARG_15,5.5,,,,
2023-05-05,MOCK_ARG_15,0.5,,,,
2023-05-06,MOCK_ARG_15,0.0,,,,
2023-05-07,MOCK_ARG_15,0.0,,,,
2023-05-08,MOCK_ARG_15,0.0,,,,
2023-05-09,MOCK_ARG_15,0.0,,,,
2023-05-10,MOCK_ARG_15,0.0,,,,
2023-05-11,MOCK_ARG_15,0.0,,,,
2023-05-12,MOCK_ARG_15,0.0,,,,
2023-05-13,MOCK_ARG_15,0.0,,,,
2023-05-14,MOCK_ARG_15,0.0,,,,
2023-05-15,MOCK_ARG_15,0.0,,,,
2023-05-16,MOCK_ARG_15,0.0,,,,
2023-05-17,MOCK_ARG_15,0.0,,,,
2023-05-18,MOCK_ARG_15,0.0,,,,
2023-05-19,MOCK_ARG_15,0.0,,,,
2023-05-20,MOCK_ARG_15,0.0,,,,
2023-05-21,MOCK_ARG_15,0.0,,,,
2023-05-22,MOCK_ARG_15,0.0,,,,
2023-05-23,MOCK_ARG_15,0.0,,,,
2023-05-24,MOCK_ARG_15,0.0,,,,
2023-05-25,MOCK_ARG_15,0.0,,,,
2023-05-26,MOCK_ARG_15,0.0,,,,
2023-05-27,MOCK_ARG_15,0.0,,,,
2023-05-28,MOCK_ARG_15,0.0,,,,
2023-05-29,MOCK_ARG_15,0.0,,,,
2023-05-30,MOCK_ARG_15,0.0,,,,
2023-05-31,MOCK_ARG_15,0.0,,,,
2023-06-01,MOCK_ARG_15,0.0,,,,
2023-06-02,MOCK_ARG_15,0.0,,,,
2023-06-03,MOCK_ARG_15,0.0,,,,
2023-06-04,MOCK_ARG_15,0.0,,,,
2023-06-05,MOCK_ARG_15,0.0,,,,
2023-06-06,MOCK_ARG_15,0.0,,,,
2023-06-07,MOCK_ARG_15,0.0,,,,
2023-06-08,MOCK_ARG_15,0.0,,,,
2023-06-09,MOCK_ARG_15,0.0,,,,
2023-06-10,MOCK_ARG_15,0.0,,,,
2023-06-11,MOCK_ARG_15,0.0,,,,
2023-06-12,MOCK_ARG_15,0.0,,,,
2023-06-13,MOCK_ARG_15,0.0,,,,
2023-06-14,MOCK_ARG_15,0.0,,,,
2023-06-15,MOCK_ARG_15,0.0,,,,
2023-06-16,MOCK_ARG_15,0.0,,,,
2023-06-17,MOCK_ARG_15,0.0,,,,
2023-06-18,MOCK_ARG_15,0.0,,,,
2023-06-19,MOCK_ARG_15,0.0,,,,
2023-06-20,MOCK_ARG_15,,,,,
2023-06-21,MOCK_ARG_15,,,,,
2023-06-22,MOCK_ARG_15,0.0,,,,
2023-06-23,MOCK_ARG_15,0.0,,,,
2023-06-24,MOCK_ARG_15,0.0,,,,
2023-06-25,MOCK_ARG_15,0.0,,,,
2023-06-26,MOCK_ARG_15,0.0,,,,
2023-06-27,MOCK_ARG_15,2.5,,,,
2023-06-28,MOCK_ARG_15,44.0,,,,
2023-06-29,MOCK_ARG_15,0.0,,,,
2023-06-30,MOCK_ARG_15,0.0,,,,
2023-07-01,MOCK_ARG_15,1.0,,,,
2023-07-02,MOCK_ARG_15,0.0,,,,
2023-07-03,MOCK_ARG_15,0.0,,,,
2023-07-04,MOCK_ARG_15,0.0,,,,
2023-07-05,MOCK_ARG_15,0.0,,,,
2023-07-06,MOCK_ARG_15,1.0,,,,
2023-07-07,MOCK_ARG_15,0.0,,,,
2023-07-08,MOCK_ARG_15,0.0,,,,
2023-07-09,MOCK_ARG_15,0.0,,,,
2023-07-10,MOCK_ARG_15,0.0,,,,
2023-07-11,MOCK_ARG_15,0.0,,,,
2023-07-12,MOCK_ARG_15,0.0,,,,
2023-07-13,MOCK_ARG_15,0.0,,,,
2023-07-14,MOCK_ARG_15,0.0,,,,
2023-07-15,MOCK_ARG_15,0.0,,,,
2023-07-16,MOCK_ARG_15,0.0,,,,
2023-07-17,MOCK_ARG_15,0.0,,,,
2023-07-18,MOCK_ARG_15,0.0,,,,
2023-07-19,MOCK_ARG_15,0.0,,,,
2023-07-20,MOCK_ARG_15,0.0,,,,
2023-07-21,MOCK_ARG_15,0.5,,,,
2023-07-22,MOCK_ARG_15,,,,,
2023-07-23,MOCK_ARG_15,0.0,,,,
2023-07-24,MOCK_ARG_15,0.0,,,,
2023-07-25,MOCK_ARG_15,1.5,,,,
2023-07-26,MOCK_ARG_15,0.0,,,,
2023-07-27,MOCK_ARG_15,0.0,,,,
2023-07-28,MOCK_ARG_15,0.0,,,,
2023-07-29,MOCK_ARG_15,0.0,,,,
2023-07-30,MOCK_ARG_15,0.0,,,,
2023-07-31,MOCK_ARG_15,0.0,,,,
2023-08-01,MOCK_ARG_15,0.0,,,,
2023-08-02,MOCK_ARG_15,0.0,,,,
2023-08-03,MOCK_ARG_15,0.5,,,,
2023-08-04,MOCK_ARG_15,0.0,,,,
2023-08-05,MOCK_ARG_15,0.0,,,,
2023-08-06,MOCK_ARG_15,0.0,,,,
2023-08-07,MOCK_ARG_15,0.0,,,,
2023-08-08,MOCK_ARG_15,0.0,,,,
2023-08-09,MOCK_ARG_15,0.0,,,,
2023-08-10,MOCK_ARG_15,0.0,,,,
2023-08-11,MOCK_ARG_15,0.0,,,,
2023-08-12,MOCK_ARG_15,0.0,,,,
2023-08-13,MOCK_ARG_15,0.0,,,,
2023-08-14,MOCK_ARG_15,0.0,,,,
2023-08-15,MOCK_ARG_15,0.0,,,,
2023-08-16,MOCK_ARG_15,,,,,
2023-08-17,MOCK_ARG_15,0.0,,,,
2023-08-18,MOCK_ARG_15,0.0,,,,
2023-08-19,MOCK_ARG_15,0.0,,,,
2023-08-20,MOCK_ARG_15,0.0,,,,
2023-08-21,MOCK_ARG_15,0.0,,,,
2023-08-22,MOCK_ARG_15,0.0,,,,
2023-08-23,MOCK_ARG_15,0.0,,,,
2023-08-24,MOCK_ARG_15,0.0,,,,
2023-08-25,MOCK_ARG_15,0.0,,,,
2023-08-26,MOCK_ARG_15,0.0,,,,
2023-08-27,MOCK_ARG_15,0.0,,,,
2023-08-28,MOCK_ARG_15,0.0,,,,
2023-08-29,MOCK_ARG_15,0.0,,,,
2023-08-30,MOCK_ARG_15,0.0,,,,
2023-08-31,MOCK_ARG_15,0.0,,,,
2023-09-01,MOCK_ARG_15,0.5,,,,
2023-09-02,MOCK_ARG_15,0.0,,,,
2023-09-03,MOCK_ARG_15,0.0,,,,
2023-09-04,MOCK_ARG_15,187.0,,,,
2023-09-05,MOCK_ARG_15,0.0,,,,
2023-09-06,MOCK_ARG_15,0.0,,,,
2023-09-07,MOCK_ARG_15,6.0,,,,
2023-09-08,MOCK_ARG_15,17.5,,,,
2023-09-09,MOCK_ARG_15,0.0,,,,
2023-09-10,MOCK_ARG_15,0.0,,,,
2023-09-11,MOCK_ARG_15,0.0,,,,
2023-09-12,MOCK_ARG_15,,,,,
2023-09-13,MOCK_ARG_15,,,,,
2023-09-14,MOCK_ARG_15,,,,,
2023-09-15,MOCK_ARG_15,,,,,
2023-09-16,MOCK_ARG_15,,,,,
2023-09-17,MOCK_ARG_15,,,,,
2023-09-18,MOCK_ARG_15,,,,,
2023-09-19,MOCK_ARG_15,,,,,
2023-09-20,MOCK_ARG_15,,,,,
2023-09-21,MOCK_ARG_15,,,,,
2023-09-22,MOCK_ARG_15,,,,,
2023-09-23,MOCK_ARG_15,,,,,
2023-09-24,MOCK_ARG_15,,,,,
2023-09-25,MOCK_ARG_15,,,,,
2023-09-26,MOCK_ARG_15,,,,,
2023-09-27,MOCK_ARG_15,,,,,
2023-09-28,MOCK_ARG_15,,,,,
2023-09-29,MOCK_ARG_15,,,,,
2023-09-30,MOCK_ARG_15,,,,,
2023-10-01,MOCK_ARG_15,,,,,
2023-10-02,MOCK_ARG_15,,,,,
2023-10-03,MOCK_ARG_15,,,,,
2023-10-04,MOCK_ARG_15,,,,,
2023-10-05,MOCK_ARG_15,,,,,
2023-10-06,MOCK_ARG_15,,,,,
2023-10-07,MOCK_ARG_15,,,,,
2023-10-08,MOCK_ARG_15,,,,,
2023-10-09,MOCK_ARG_15,,,,,
2023-10-10,MOCK_ARG_15,,,,,
2023-10-11,MOCK_ARG_15,,,,,
2023-10-12,MOCK_ARG_15,,,,,
2023-10-13,MOCK_ARG_15,,,,,
2023-10-14,MOCK_ARG_15,0.0,,,,
2023-10-15,MOCK_ARG_15,0.0,,,,
2023-10-16,MOCK_ARG_15,0.0,,,,
2023-10-17,MOCK_ARG_15,0.0,,,,
2023-10-18,MOCK_ARG_15,0.0,,,,
2023-10-19,MOCK_ARG_15,0.0,,,,
2023-10-20,MOCK_ARG_15,0.0,,,,
2023-10-21,MOCK_ARG_15,0.0,,,,
2023-10-22,MOCK_ARG_15,0.0,,,,
2023-10-23,MOCK_ARG_15,0.0,,,,
2023-10-24,MOCK_ARG_15,0.0,,,,
2023-10-25,MOCK_ARG_15,0.0,,,,
2023-10-26,MOCK_ARG_15,0.0,,,,
2023-10-27,MOCK_ARG_15,0.0,,,,
2023-10-28,MOCK_ARG_15,0.0,,,,
2023-10-29,MOCK_ARG_15,0.0,,,,
2023-10-30,MOCK_ARG_15,0.0,,,,
2023-10-31,MOCK_ARG_15,0.0,,,,
2023-11-01,MOCK_ARG_15,0.0,,,,
2023-11-02,MOCK_ARG_15,0.0,,,,
2023-11-03,MOCK_ARG_15,0.0,,,,
2023-11-04,MOCK_ARG_15,0.0,,,,
2023-11-05,MOCK_ARG_15,,,,,
2023-11-06,MOCK_ARG_15,0.0,,,,
2023-11-07,MOCK_ARG_15,0.0,,,,
2023-11-08,MOCK_ARG_15,0.0,,,,
2023-11-09,MOCK_ARG_15,0.0,,,,
2023-11-10,MOCK_ARG_15,0.0,,,,
2023-11-11,MOCK_ARG_15,0.0,,,,
2023-11-12,MOCK_ARG_15,0.0,,,,
2023-11-13,MOCK_ARG_15,0.0,,,,
2023-11-14,MOCK_ARG_15,0.0,,,,
2023-11-15,MOCK_ARG_15,0.0,,,,
2023-11-16,MOCK_ARG_15,0.0,,,,
2023-11-17,MOCK_ARG_15,0.0,,,,
2023-11-18,MOCK_ARG_15,0.0,,,,
2023-11-19,MOCK_ARG_15,0.0,,,,
2023-11-20,MOCK_ARG_15,0.0,,,,
2023-11-21,MOCK_ARG_15,0.0,,,,
2023-11-22,MOCK_ARG_15,0.0,,,,
2023-11-23,MOCK_ARG_15,0.0,,,,
2023-11-24,MOCK_ARG_15,0.0,,,,
2023-11-25,MOCK_ARG_15,0.0,,,,
2023-11-26,MOCK_ARG_15,0.0,,,,
2023-11-27,MOCK_ARG_15,0.0,,,,
2023-11-28,MOCK_ARG_15,0.0,,,,
2023-11-29,MOCK_ARG_15,0.0,,,,
2023-11-30,MOCK_ARG_15,0.0,,,,
2023-12-01,MOCK_ARG_15,0.0,,,,
2023-12-02,MOCK_ARG_15,0.0,,,,
2023-12-03,MOCK_ARG_15,0.0,,,,
2023-12-04,MOCK_ARG_15,0.0,,,,
2023-12-05,MOCK_ARG_15,0.0,,,,
2023-12-06,MOCK_ARG_15,0.0,,,,
2023-12-07,MOCK_ARG_15,0.0,,,,
2023-12-08,MOCK_ARG_15,0.0,,,,
2023-12-09,MOCK_ARG_15,,,,,
2023-12-10,MOCK_ARG_15,0.0,,,,
2023-12-11,MOCK_ARG_15,0.0,,,,
2023-12-12,MOCK_ARG_15,0.0,,,,
2023-12-13,MOCK_ARG_15,0.0,,,,
2023-12-14,MOCK_ARG_15,0.0,,,,
2023-12-15,MOCK_ARG_15,0.0,,,,
2023-12-16,MOCK_ARG_15,0.0,,,,
2023-12-17,MOCK_ARG_15,0.0,,,,
2023-12-18,MOCK_ARG_15,0.0,,,,
2023-12-19,MOCK_ARG_15,0.0,,,,
2023-12-20,MOCK_ARG_15,0.0,,,,
2023-12-21,MOCK_ARG_15,0.0,,,,
2023-12-22,MOCK_ARG_15,0.0,,,,
2023-12-23,MOCK_ARG_15,0.0,,,,
2023-12-24,MOCK_ARG_15,0.0,,,,
2023-12-25,MOCK_ARG_15,0.0,,,,
2023-12-26,MOCK_ARG_15,0.0,,,,
2023-12-27,MOCK_ARG_15,0.0,,,,
2023-12-28,MOCK_ARG_15,0.0,,,,
2023-12-29,MOCK_ARG_15,0.0,,,,
2023-12-30,MOCK_ARG_15,0.0,,,,
2023-12-31,MOCK_ARG_15,0.0,,,,
2024-01-01,MOCK_ARG_15,0.0,,,,
2024-01-02,MOCK_ARG_15,0.0,,,,
2024-01-03,MOCK_ARG_15,0.0,,,,
2024-01-04,MOCK_ARG_15,0.0,,,,
2024-01-05,MOCK_ARG_15,0.0,,,,
2024-01-06,MOCK_ARG_15,0.0,,,,
2024-01-07,MOCK_ARG_15,0.0,,,,
2024-01-08,MOCK_ARG_15,0.0,,,,
2024-01-09,MOCK_ARG_15,0.0,,,,
2024-01-10,MOCK_ARG_15,0.0,,,,
2024-01-11,MOCK_ARG_15,0.0,,,,
2024-01-12,MOCK_ARG_15,0.0,,,,
2024-01-13,MOCK_ARG_15,0.0,,,,
2024-01-14,MOCK_ARG_15,0.0,,,,
2024-01-15,MOCK_ARG_15,0.0,,,,
2024-01-16,MOCK_ARG_15,0.0,,,,
2024-01-17,MOCK_ARG_15,0.0,,,,
2024-01-18,MOCK_ARG_15,0.0,,,,
2024-01-19,MOCK_ARG_15,0.0,,,,
2024-01-20,MOCK_ARG_15,0.0,,,,
2024-01-21,MOCK_ARG_15,0.0,,,,
2024-01-22,MOCK_ARG_15,,,,,
2024-01-23,MOCK_ARG_15,0.0,,,,
2024-01-24,MOCK_ARG_15,10.5,,,,
2024-01-25,MOCK_ARG_15,0.0,,,,
2024-01-26,MOCK_ARG_15,0.0,,,,
2024-01-27,MOCK_ARG_15,3.0,,,,
2024-01-28,MOCK_ARG_15,4.0,,,,
2024-01-29,MOCK_ARG_15,1.0,,,,
2024-01-30,MOCK_ARG_15,7.5,,,,
2024-01-31,MOCK_ARG_15,6.5,,,,
2024-02-01,MOCK_ARG_15,0.0,,,,
2024-02-02,MOCK_ARG_15,,,,,
2024-02-03,MOCK_ARG_15,0.5,,,,
2024-02-04,MOCK_ARG_15,1.0,,,,
2024-02-05,MOCK_ARG_15,3.0,,,,
2024-02-06,MOCK_ARG_15,0.0,,,,
2024-02-07,MOCK_ARG_15,0.0,,,,
2024-02-08,MOCK_ARG_15,0.0,,,,
2024-02-09,MOCK_ARG_15,0.0,,,,
2024-02-10,MOCK_ARG_15,6.0,,,,
2024-02-11,MOCK_ARG_15,0.0,,,,
2024-02-12,MOCK_ARG_15,0.0,,,,
2024-02-13,MOCK_ARG_15,0.0,,,,
2024-02-14,MOCK_ARG_15,0.0,,,,
2024-02-15,MOCK_ARG_15,0.0,,,,
2024-02-16,MOCK_ARG_15,0.0,,,,
2024-02-17,MOCK_ARG_15,0.0,,,,
2024-02-18,MOCK_ARG_15,0.0,,,,
2024-02-19,MOCK_ARG_15,0.0,,,,
2024-02-20,MOCK_ARG_15,0.0,,,,
2024-02-21,MOCK_ARG_15,,,,,
2024-02-22,MOCK_ARG_15,0.0,,,,
2024-02-23,MOCK_ARG_15,0.0,,,,
2024-02-24,MOCK_ARG_15,0.0,,,,
2024-02-25,MOCK_ARG_15,0.0,,,,
2024-02-26,MOCK_ARG_15,0.0,,,,
2024-02-27,MOCK_ARG_15,0.0,,,,
2024-02-28,MOCK_ARG_15,3.5,,,,
2024-02-29,MOCK_ARG_15,0.0,,,,
2024-03-01,MOCK_ARG_15,0.0,,,,
2024-03-02,MOCK_ARG_15,0.0,,,,
2024-03-03,MOCK_ARG_15,0.0,,,,
2024-03-04,MOCK_ARG_15,0.0,,,,
2024-03-05,MOCK_ARG_15,0.0,,,,
2024-03-06,MOCK_ARG_15,0.0,,,,
2024-03-07,MOCK_ARG_15,0.0,,,,
2024-03-08,MOCK_ARG_15,0.0,,,,
2024-03-09,MOCK_ARG_15,0.0,,,,
2024-03-10,MOCK_ARG_15,0.0,,,,
2024-03-11,MOCK_ARG_15,0.0,,,,
2024-03-12,MOCK_ARG_15,0.0,,,,
2024-03-13,MOCK_ARG_15,2.5,,,,
2024-03-14,MOCK_ARG_15,0.0,,,,
2024-03-15,MOCK_ARG_15,0.0,,,,
2024-03-16,MOCK_ARG_15,18.5,,,,
2024-03-17,MOCK_ARG_15,0.5,,,,
2024-03-18,MOCK_ARG_15,0.0,,,,
2024-03-19,MOCK_ARG_15,0.0,,,,
2024-03-20,MOCK_ARG_15,0.0,,,,
2024-03-21,MOCK_ARG_15,0.0,,,,
2024-03-22,MOCK_ARG_15,0.0,,,,
2024-03-23,MOCK_ARG_15,0.0,,,,
2024-03-24,MOCK_ARG_15,0.0,,,,
2024-03-25,MOCK_ARG_15,0.0,,,,
2024-03-26,MOCK_ARG_15,0.0,,,,
2024-03-27,MOCK_ARG_15,0.0,,,,
2024-03-28,MOCK_ARG_15,0.0,,,,
2024-03-29,MOCK_ARG_15,0.0,,,,
2024-03-30,MOCK_ARG_15,0.0,,,,
2024-03-31,MOCK_ARG_15,0.0,,,,
2024-04-01,MOCK_ARG_15,0.0,,,,
2024-04-02,MOCK_ARG_15,0.0,,,,
2024-04-03,MOCK_ARG_15,,,,,
2024-04-04,MOCK_ARG_15,0.0,,,,
2024-04-05,MOCK_ARG_15,0.0,,,,
2024-04-06,MOCK_ARG_15,0.0,,,,
2024-04-07,MOCK_ARG_15,0.0,,,,
2024-04-08,MOCK_ARG_15,0.0,,,,
2024-04-09,MOCK_ARG_15,0.0,,,,
2024-04-10,MOCK_ARG_15,0.0,,,,
2024-04-11,MOCK_ARG_15,0.0,,,,
2024-04-12,MOCK_ARG_15,0.0,,,,
2024-04-13,MOCK_ARG_15,0.0,,,,
2024-04-14,MOCK_ARG_15,0.0,,,,
2024-04-15,MOCK_ARG_15,0.0,,,,
2024-04-16,MOCK_ARG_15,0.0,,,,
2024-04-17,MOCK_ARG_15,0.0,,,,
2024-04-18,MOCK_ARG_15,0.0,,,,
2024-04-19,MOCK_ARG_15,0.0,,,,
2024-04-20,MOCK_ARG_15,0.0,,,,
2024-04-21,MOCK_ARG_15,1.5,,,,
2024-04-22,MOCK_ARG_15,2.0,,,,
2024-04-23,MOCK_ARG_15,0.0,,,,
2024-04-24,MOCK_ARG_15,0.0,,,,
2024-04-25,MOCK_ARG_15,0.0,,,,
2024-04-26,MOCK_ARG_15,0.0,,,,
2024-04-27,MOCK_ARG_15,0.0,,,,
2024-04-28,MOCK_ARG_15,0.0,,,,
2024-04-29,MOCK_ARG_15,0.0,,,,
2024-04-30,MOCK_ARG_15,0.0,,,,
2024-05-01,MOCK_ARG_15,,,,,
2024-05-02,MOCK_ARG_15,0.0,,,,
2024-05-03,MOCK_ARG_15,0.0,,,,
2024-05-04,MOCK_ARG_15,0.0,,,,
2024-05-05,MOCK_ARG_15,0.0,,,,
2024-05-06,MOCK_ARG_15,0.0,,,,
2024-05-07,MOCK_ARG_15,0.0,,,,
2024-05-08,MOCK_ARG_15,0.0,,,,
2024-05-09,MOCK_ARG_15,0.0,,,,
2024-05-10,MOCK_ARG_15,0.0,,,,
2024-05-11,MOCK_ARG_15,0.0,,,,
2024-05-12,MOCK_ARG_15,0.0,,,,
2024-05-13,MOCK_ARG_15,0.0,,,,
2024-05-14,MOCK_ARG_15,0.0,,,,
2024-05-15,MOCK_ARG_15,0.0,,,,
2024-05-16,MOCK_ARG_15,0.0,,,,
2024-05-17,MOCK_ARG_15,0.0,,,,
2024-05-18,MOCK_ARG_15,0.0,,,,
2024-05-19,MOCK_ARG_15,0.0,,,,
2024-05-20,MOCK_ARG_15,0.0,,,,
2024-05-21,MOCK_ARG_15,0.0,,,,
2024-05-22,MOCK_ARG_15,0.0,,,,
2024-05-23,MOCK_ARG_15,0.0,,,,
2024-05-24,MOCK_ARG_15,0.0,,,,
2024-05-25,MOCK_ARG_15,,,,,
2024-05-26,MOCK_ARG_15,0.0,,,,
2024-05-27,MOCK_ARG_15,0.0,,,,
2024-05-28,MOCK_ARG_15,0.0,,,,
2024-05-29,MOCK_ARG_15,0.0,,,,
2024-05-30,MOCK_ARG_15,0.0,,,,
2024-05-31,MOCK_ARG_15,0.0,,,,
2024-06-01,MOCK_ARG_15,0.0,,,,
2024-06-02,MOCK_ARG_15,0.0,,,,
2024-06-03,MOCK_ARG_15,0.0,,,,
2024-06-04,MOCK_ARG_15,0.0,,,,
2024-06-05,MOCK_ARG_15,4.0,,,,
2024-06-06,MOCK_ARG_15,0.0,,,,
2024-06-07,MOCK_ARG_15,0.0,,,,
2024-06-08,MOCK_ARG_15,0.0,,,,
2024-06-09,MOCK_ARG_15,0.0,,,,
2024-06-10,MOCK_ARG_15,0.0,,,,
2024-06-11,MOCK_ARG_15,0.0,,,,
2024-06-12,MOCK_ARG_15,0.0,,,,
2024-06-13,MOCK_ARG_15,0.0,,,,
2024-06-14,MOCK_ARG_15,0.0,,,,
2024-06-15,MOCK_ARG_15,0.0,,,,
2024-06-16,MOCK_ARG_15,0.0,,,,
2024-06-17,MOCK_ARG_15,0.0,,,,
2024-06-18,MOCK_ARG_15,0.0,,,,
2024-06-19,MOCK_ARG_15,0.0,,,,
2024-06-20,MOCK_ARG_15,0.0,,,,
2024-06-21,MOCK_ARG_15,34.5,,,,
2024-06-22,MOCK_ARG_15,10.0,,,,
2024-06-23,MOCK_ARG_15,0.0,,,,
2024-06-24,MOCK_ARG_15,0.0,,,,
2024-06-25,MOCK_ARG_15,0.0,,,,
2024-06-26,MOCK_ARG_15,0.0,,,,
2024-06-27,MOCK_ARG_15,0.0,,,,
2024-06-28,MOCK_ARG_15,6.5,,,,
2024-06-29,MOCK_ARG_15,0.0,,,,
2024-06-30,MOCK_ARG_15,0.0,,,,
2024-07-01,MOCK_ARG_15,0.0,,,,
2024-07-02,MOCK_ARG_15,0.0,,,,
2024-07-03,MOCK_ARG_15,0.0,,,,
2024-07-04,MOCK_ARG_15,26.0,,,,
2024-07-05,MOCK_ARG_15,0.0,,,,
2024-07-06,MOCK_ARG_15,10.5,,,,
2024-07-07,MOCK_ARG_15,0.0,,,,
2024-07-08,MOCK_ARG_15,0.0,,,,
2024-07-09,MOCK_ARG_15,0.0,,,,
2024-07-10,MOCK_ARG_15,0.5,,,,
2024-07-11,MOCK_ARG_15,5.0,,,,
2024-07-12,MOCK_ARG_15,0.0,,,,
2024-07-13,MOCK_ARG_15,0.0,,,,
2024-07-14,MOCK_ARG_15,0.0,,,,
2024-07-15,MOCK_ARG_15,0.0,,,,
2024-07-16,MOCK_ARG_15,0.0,,,,
2024-07-17,MOCK_ARG_15,0.0,,,,
2024-07-18,MOCK_ARG_15,0.0,,,,
2024-07-19,MOCK_ARG_15,0.0,,,,
2024-07-20,MOCK_ARG_15,0.0,,,,
2024-07-21,MOCK_ARG_15,0.0,,,,
2024-07-22,MOCK_ARG_15,0.0,,,,
2024-07-23,MOCK_ARG_15,,,,,
2024-07-24,MOCK_ARG_15,6.5,,,,
2024-07-25,MOCK_ARG_15,0.0,,,,
2024-07-26,MOCK_ARG_15,,,,,
2024-07-27,MOCK_ARG_15,0.0,,,,
2024-07-28,MOCK_ARG_15,0.0,,,,
2024-07-29,MOCK_ARG_15,0.0,,,,
2024-07-30,MOCK_ARG_15,0.0,,,,
2024-07-31,MOCK_ARG_15,0.0,,,,
2024-08-01,MOCK_ARG_15,27.0,,,,
2024-08-02,MOCK_ARG_15,0.0,,,,
2024-08-03,MOCK_ARG_15,0.0,,,,
2024-08-04,MOCK_ARG_15,1.5,,,,
2024-08-05,MOCK_ARG_15,0.0,,,,
2024-08-06,MOCK_ARG_15,0.0,,,,
2024-08-07,MOCK_ARG_15,0.0,,,,
2024-08-08,MOCK_ARG_15,0.0,,,,
2024-08-09,MOCK_ARG_15,0.0,,,,
2024-08-10,MOCK_ARG_15,0.0,,,,
2024-08-11,MOCK_ARG_15,0.0,,,,
2024-08-12,MOCK_ARG_15,0.0,,,,
2024-08-13,MOCK_ARG_15,0.0,,,,
2024-08-14,MOCK_ARG_15,12.0,,,,
2024-08-15,MOCK_ARG_15,0.0,,,,
2024-08-16,MOCK_ARG_15,0.0,,,,
2024-08-17,MOCK_ARG_15,0.0,,,,
2024-08-18,MOCK_ARG_15,0.0,,,,
2024-08-19,MOCK_ARG_15,0.0,,,,
2024-08-20,MOCK_ARG_15,0.0,,,,
2024-08-21,MOCK_ARG_15,0.0,,,,
2024-08-22,MOCK_ARG_15,0.0,,,,
2024-08-23,MOCK_ARG_15,23.0,,,,
2024-08-24,MOCK_ARG_15,0.0,,,,
2024-08-25,MOCK_ARG_15,0.0,,,,
2024-08-26,MOCK_ARG_15,0.0,,,,
2024-08-27,MOCK_ARG_15,0.0,,,,
2024-08-28,MOCK_ARG_15,0.0,,,,
2024-08-29,MOCK_ARG_15,0.0,,,,
2024-08-30,MOCK_ARG_15,0.0,,,,
2024-08-31,MOCK_ARG_15,0.0,,,,
2024-09-01,MOCK_ARG_15,0.0,,,,
2024-09-02,MOCK_ARG_15,0.0,,,,
2024-09-03,MOCK_ARG_15,0.0,,,,
2024-09-04,MOCK_ARG_15,0.0,,,,
2024-09-05,MOCK_ARG_15,0.0,,,,
2024-09-06,MOCK_ARG_15,0.0,,,,
2024-09-07,MOCK_ARG_15,25.0,,,,
2024-09-08,MOCK_ARG_15,7.0,,,,
2024-09-09,MOCK_ARG_15,2.5,,,,
2024-09-10,MOCK_ARG_15,0.0,,,,
2024-09-11,MOCK_ARG_15,0.0,,,,
2024-09-12,MOCK_ARG_15,0.0,,,,
2024-09-13,MOCK_ARG_15,,,,,
2024-09-14,MOCK_ARG_15,0.0,,,,
2024-09-15,MOCK_ARG_15,0.0,,,,
2024-09-16,MOCK_ARG_15,0.0,,,,
2024-09-17,MOCK_ARG_15,0.0,,,,
2024-09-18,MOCK_ARG_15,,,,,
2024-09-19,MOCK_ARG_15,0.0,,,,
2024-09-20,MOCK_ARG_15,0.0,,,,
2024-09-21,MOCK_ARG_15,0.0,,,,
2024-09-22,MOCK_ARG_15,0.0,,,,
2024-09-23,MOCK_ARG_15,0.0,,,,
2024-09-24,MOCK_ARG_15,,,,,
2024-09-25,MOCK_ARG_15,0.0,,,,
2024-09-26,MOCK_ARG_15,,,,,
2024-09-27,MOCK_ARG_15,,,,,
2024-09-28,MOCK_ARG_15,0.0,,,,
2024-09-29,MOCK_ARG_15,0.0,,,,
2024-09-30,MOCK_ARG_15,0.0,,,,
2024-10-01,MOCK_ARG_15,0.0,,,,
2024-10-02,MOCK_ARG_15,0.0,,,,
2024-10-03,MOCK_ARG_15,0.0,,,,
2024-10-04,MOCK_ARG_15,0.0,,,,
2024-10-05,MOCK_ARG_15,0.0,,,,
2024-10-06,MOCK_ARG_15,0.0,,,,
2024-10-07,MOCK_ARG_15,0.0,,,,
2024-10-08,MOCK_ARG_15,0.0,,,,
2024-10-09,MOCK_ARG_15,0.0,,,,
2024-10-10,MOCK_ARG_15,0.0,,,,
2024-10-11,MOCK_ARG_15,1.0,,,,
2024-10-12,MOCK_ARG_15,,,,,
2024-10-13,MOCK_ARG_15,0.0,,,,
2024-10-14,MOCK_ARG_15,0.0,,,,
2024-10-15,MOCK_ARG_15,,,,,
2024-10-16,MOCK_ARG_15,0.0,,,,
2024-10-17,MOCK_ARG_15,0.0,,,,
2024-10-18,MOCK_ARG_15,0.0,,,,
2024-10-19,MOCK_ARG_15,0.0,,,,
2024-10-20,MOCK_ARG_15,,,,,
2024-10-21,MOCK_ARG_15,2.5,,,,
2024-10-22,MOCK_ARG_15,0.0,,,,
2024-10-23,MOCK_ARG_15,0.0,,,,
2024-10-24,MOCK_ARG_15,0.0,,,,
2024-10-25,MOCK_ARG_15,0.0,,,,
2024-10-26,MOCK_ARG_15,0.0,,,,
2024-10-27,MOCK_ARG_15,0.0,,,,
2024-10-28,MOCK_ARG_15,0.0,,,,
2024-10-29,MOCK_ARG_15,0.0,,,,
2024-10-30,MOCK_ARG_15,3.5,,,,
2024-10-31,MOCK_ARG_15,3.5,,,,
2024-11-01,MOCK_ARG_15,0.0,,,,
2024-11-02,MOCK_ARG_15,0.0,,,,
2024-11-03,MOCK_ARG_15,0.0,,,,
2024-11-04,MOCK_ARG_15,0.0,,,,
2024-11-05,MOCK_ARG_15,0.0,,,,
2024-11-06,MOCK_ARG_15,0.0,,,,
2024-11-07,MOCK_ARG_15,0.0,,,,
2024-11-08,MOCK_ARG_15,0.0,,,,
2024-11-09,MOCK_ARG_15,0.0,,,,
2024-11-10,MOCK_ARG_15,0.0,,,,
2024-11-11,MOCK_ARG_15,0.0,,,,
2024-11-12,MOCK_ARG_15,0.0,,,,
2024-11-13,MOCK_ARG_15,0.0,,,,
2024-11-14,MOCK_ARG_15,0.0,,,,
2024-11-15,MOCK_ARG_15,,,,,
2024-11-16,MOCK_ARG_15,0.0,,,,
2024-11-17,MOCK_ARG_15,0.0,,,,
2024-11-18,MOCK_ARG_15,0.0,,,,
2024-11-19,MOCK_ARG_15,0.0,,,,
2024-11-20,MOCK_ARG_15,0.0,,,,
2024-11-21,MOCK_ARG_15,0.0,,,,
2024-11-22,MOCK_ARG_15,0.0,,,,
2024-11-23,MOCK_ARG_15,,,,,
2024-11-24,MOCK_ARG_15,0.0,,,,
2024-11-25,MOCK_ARG_15,0.0,,,,
2024-11-26,MOCK_ARG_15,0.0,,,,
2024-11-27,MOCK_ARG_15,0.0,,,,
2024-11-28,MOCK_ARG_15,2.0,,,,
2024-11-29,MOCK_ARG_15,0.0,,,,
2024-11-30,MOCK_ARG_15,0.0,,,,
2024-12-01,MOCK_ARG_15,0.0,,,,
2024-12-02,MOCK_ARG_15,0.0,,,,
2024-12-03,MOCK_ARG_15,0.0,,,,
2024-12-04,MOCK_ARG_15,0.0,,,,
2024-12-05,MOCK_ARG_15,0.0,,,,
2024-12-06,MOCK_ARG_15,0.0,,,,
2024-12-07,MOCK_ARG_15,0.0,,,,
2024-12-08,MOCK_ARG_15,0.0,,,,
2024-12-09,MOCK_ARG_15,,,,,
2024-12-10,MOCK_ARG_15,0.0,,,,
2024-12-11,MOCK_ARG_15,0.0,,,,
2024-12-12,MOCK_ARG_15,0.0,,,,
2024-12-13,MOCK_ARG_15,0.0,,,,
2024-12-14,MOCK_ARG_15,0.0,,,,
2024-12-15,MOCK_ARG_15,0.0,,,,
2024-12-16,MOCK_ARG_15,0.0,,,,
2024-12-17,MOCK_ARG_15,0.0,,,,
2024-12-18,MOCK_ARG_15,0.0,,,,
2024-12-19,MOCK_ARG_15,0.0,,,,
2024-12-20,MOCK_ARG_15,0.0,,,,
2024-12-21,MOCK_ARG_15,0.0,,,,
2024-12-22,MOCK_ARG_15,0.0,,,,
2024-12-23,MOCK_ARG_15,0.0,,,,
2024-12-24,MOCK_ARG_15,0.0,,,,
2024-12-25,MOCK_ARG_15,0.0,,,,
2024-12-26,MOCK_ARG_15,0.5,,,,
2024-12-27,MOCK_ARG_15,0.0,,,,
2024-12-28,MOCK_ARG_15,0.5,,,,
2024-12-29,MOCK_ARG_15,9.0,,,,
2024-12-30,MOCK_ARG_15,0.0,,,,
2024-12-31,MOCK_ARG_15,0.0,,,,
2023-01-01,MOCK_ARG_16,0.0,,,,
2023-01-02,MOCK_ARG_16,0.0,,,,
2023-01-03,MOCK_ARG_16,0.0,,,,
2023-01-04,MOCK_ARG_16,0.0,,,,
2023-01-05,MOCK_ARG_16,0.0,,,,
2023-01-06,MOCK_ARG_16,0.0,,,,
2023-01-07,MOCK_ARG_16,0.0,,,,
2023-01-08,MOCK_ARG_16,0.0,,,,
2023-01-09,MOCK_ARG_16,0.0,,,,
2023-01-10,MOCK_ARG_16,0.0,,,,
2023-01-11,MOCK_ARG_16,0.0,,,,
2023-01-12,MOCK_ARG_16,0.0,,,,
2023-01-13,MOCK_ARG_16,0.0,,,,
2023-01-14,MOCK_ARG_16,0.0,,,,
2023-01-15,MOCK_ARG_16,0.0,,,,
2023-01-16,MOCK_ARG_16,0.0,,,,
2023-01-17,MOCK_ARG_16,0.0,,,,
2023-01-18,MOCK_ARG_16,0.0,,,,
2023-01-19,MOCK_ARG_16,0.0,,,,
2023-01-20,MOCK_ARG_16,4.5,,,,
2023-01-21,MOCK_ARG_16,0.0,,,,
2023-01-22,MOCK_ARG_16,0.0,,,,
2023-01-23,MOCK_ARG_16,0.0,,,,
2023-01-24,MOCK_ARG_16,0.0,,,,
2023-01-25,MOCK_ARG_16,0.0,,,,
2023-01-26,MOCK_ARG_16,0.0,,,,
2023-01-27,MOCK_ARG_16,0.0,,,,
2023-01-28,MOCK_ARG_16,0.0,,,,
2023-01-29,MOCK_ARG_16,0.0,,,,
2023-01-30,MOCK_ARG_16,0.0,,,,
2023-01-31,MOCK_ARG_16,0.0,,,,
2023-02-01,MOCK_ARG_16,0.0,,,,
2023-02-02,MOCK_ARG_16,0.0,,,,
2023-02-03,MOCK_ARG_16,0.0,,,,
2023-02-04,MOCK_ARG_16,0.0,,,,
2023-02-05,MOCK_ARG_16,0.0,,,,
2023-02-06,MOCK_ARG_16,0.0,,,,
2023-02-07,MOCK_ARG_16,0.0,,,,
2023-02-08,MOCK_ARG_16,0.0,,,,
2023-02-09,MOCK_ARG_16,0.0,,,,
2023-02-10,MOCK_ARG_16,0.0,,,,
2023-02-11,MOCK_ARG_16,0.0,,,,
2023-02-12,MOCK_ARG_16,0.0,,,,
2023-02-13,MOCK_ARG_16,0.0,,,,
2023-02-14,MOCK_ARG_16,0.0,,,,
2023-02-15,MOCK_ARG_16,0.0,,,,
2023-02-16,MOCK_ARG_16,0.0,,,,
2023-02-17,MOCK_ARG_16,0.0,,,,
2023-02-18,MOCK_ARG_16,0.0,,,,
2023-02-19,MOCK_ARG_16,0.0,,,,
2023-02-20,MOCK_ARG_16,0.0,,,,
2023-02-21,MOCK_ARG_16,0.0,,,,
2023-02-22,MOCK_ARG_16,2.5,,,,
2023-02-23,MOCK_ARG_16,0.0,,,,
2023-02-24,MOCK_ARG_16,0.0,,,,
2023-02-25,MOCK_ARG_16,0.0,,,,
2023-02-26,MOCK_ARG_16,0.0,,,,
2023-02-27,MOCK_ARG_16,1.0,,,,
2023-02-28,MOCK_ARG_16,0.0,,,,
2023-03-01,MOCK_ARG_16,0.0,,,,
2023-03-02,MOCK_ARG_16,0.0,,,,
2023-03-03,MOCK_ARG_16,0.0,,,,
2023-03-04,MOCK_ARG_16,0.0,,,,
2023-03-05,MOCK_ARG_16,0.0,,,,
2023-03-06,MOCK_ARG_16,0.0,,,,
2023-03-07,MOCK_ARG_16,0.0,,,,
2023-03-08,MOCK_ARG_16,0.0,,,,
2023-03-09,MOCK_ARG_16,0.0,,,,
2023-03-10,MOCK_ARG_16,0.0,,,,
2023-03-11,MOCK_ARG_16,,,,,
2023-03-12,MOCK_ARG_16,0.0,,,,
2023-03-13,MOCK_ARG_16,0.0,,,,
2023-03-14,MOCK_ARG_16,0.0,,,,
2023-03-15,MOCK_ARG_16,3.0,,,,
2023-03-16,MOCK_ARG_16,0.0,,,,
2023-03-17,MOCK_ARG_16,0.5,,,,
2023-03-18,MOCK_ARG_16,0.0,,,,
2023-03-19,MOCK_ARG_16,,,,,
2023-03-20,MOCK_ARG_16,3.5,,,,
2023-03-21,MOCK_ARG_16,0.0,,,,
2023-03-22,MOCK_ARG_16,0.0,,,,
2023-03-23,MOCK_ARG_16,0.0,,,,
2023-03-24,MOCK_ARG_16,0.0,,,,
2023-03-25,MOCK_ARG_16,0.0,,,,
2023-03-26,MOCK_ARG_16,0.0,,,,
2023-03-27,MOCK_ARG_16,0.0,,,,
2023-03-28,MOCK_ARG_16,0.0,,,,
2023-03-29,MOCK_ARG_16,0.0,,,,
2023-03-30,MOCK_ARG_16,0.0,,,,
2023-03-31,MOCK_ARG_16,,,,,
2023-04-01,MOCK_ARG_16,0.0,,,,
2023-04-02,MOCK_ARG_16,0.0,,,,
2023-04-03,MOCK_ARG_16,0.0,,,,
2023-04-04,MOCK_ARG_16,0.0,,,,
2023-04-05,MOCK_ARG_16,0.0,,,,
2023-04-06,MOCK_ARG_16,0.5,,,,
2023-04-07,MOCK_ARG_16,0.0,,,,
2023-04-08,MOCK_ARG_16,0.0,,,,
2023-04-09,MOCK_ARG_16,0.5,,,,
2023-04-10,MOCK_ARG_16,0.0,,,,
2023-04-11,MOCK_ARG_16,0.0,,,,
2023-04-12,MOCK_ARG_16,0.0,,,,
2023-04-13,MOCK_ARG_16,0.0,,,,
2023-04-14,MOCK_ARG_16,0.0,,,,
2023-04-15,MOCK_ARG_16,0.0,,,,
2023-04-16,MOCK_ARG_16,,,,,
2023-04-17,MOCK_ARG_16,0.0,,,,
2023-04-18,MOCK_ARG_16,0.0,,,,
2023-04-19,MOCK_ARG_16,0.0,,,,
2023-04-20,MOCK_ARG_16,0.0,,,,
2023-04-21,MOCK_ARG_16,0.0,,,,
2023-04-22,MOCK_ARG_16,0.0,,,,
2023-04-23,MOCK_ARG_16,0.0,,,,
2023-04-24,MOCK_ARG_16,0.0,,,,
2023-04-25,MOCK_ARG_16,0.0,,,,
2023-04-26,MOCK_ARG_16,0.0,,,,
2023-04-27,MOCK_ARG_16,0.0,,,,
2023-04-28,MOCK_ARG_16,0.0,,,,
2023-04-29,MOCK_ARG_16,,,,,
2023-04-30,MOCK_ARG_16,0.0,,,,
2023-05-01,MOCK_ARG_16,0.0,,,,
2023-05-02,MOCK_ARG_16,0.0,,,,
2023-05-03,MOCK_ARG_16,0.0,,,,
2023-05-04,MOCK_ARG_16,4.5,,,,
2023-05-05,MOCK_ARG_16,0.5,,,,
2023-05-06,MOCK_ARG_16,0.0,,,,
2023-05-07,MOCK_ARG_16,0.0,,,,
2023-05-08,MOCK_ARG_16,0.0,,,,
2023-05-09,MOCK_ARG_16,0.0,,,,
2023-05-10,MOCK_ARG_16,0.0,,,,
2023-05-11,MOCK_ARG_16,0.0,,,,
2023-05-12,MOCK_ARG_16,0.0,,,,
2023-05-13,MOCK_ARG_16,0.0,,,,
2023-05-14,MOCK_ARG_16,0.0,,,,
2023-05-15,MOCK_ARG_16,0.0,,,,
2023-05-16,MOCK_ARG_16,0.0,,,,
2023-05-17,MOCK_ARG_16,0.0,,,,
2023-05-18,MOCK_ARG_16,0.0,,,,
2023-05-19,MOCK_ARG_16,0.0,,,,
2023-05-20,MOCK_ARG_16,0.0,,,,
2023-05-21,MOCK_ARG_16,0.0,,,,
2023-05-22,MOCK_ARG_16,0.0,,,,
2023-05-23,MOCK_ARG_16,0.0,,,,
2023-05-24,MOCK_ARG_16,0.0,,,,
2023-05-25,MOCK_ARG_16,0.0,,,,
2023-05-26,MOCK_ARG_16,0.0,,,,
2023-05-27,MOCK_ARG_16,0.0,,,,
2023-05-28,MOCK_ARG_16,0.0,,,,
2023-05-29,MOCK_ARG_16,0.0,,,,
2023-05-30,MOCK_ARG_16,0.0,,,,
2023-05-31,MOCK_ARG_16,0.0,,,,
2023-06-01,MOCK_ARG_16,0.0,,,,
2023-06-02,MOCK_ARG_16,0.0,,,,
2023-06-03,MOCK_ARG_16,0.0,,,,
2023-06-04,MOCK_ARG_16,0.0,,,,
2023-06-05,MOCK_ARG_16,0.0,,,,
2023-06-06,MOCK_ARG_16,,,,,
2023-06-07,MOCK_ARG_16,0.0,,,,
2023-06-08,MOCK_ARG_16,0.0,,,,
2023-06-09,MOCK_ARG_16,0.0,,,,
2023-06-10,MOCK_ARG_16,0.0,,,,
2023-06-11,MOCK_ARG_16,0.0,,,,
2023-06-12,MOCK_ARG_16,0.0,,,,
2023-06-13,MOCK_ARG_16,0.0,,,,
2023-06-14,MOCK_ARG_16,0.0,,,,
2023-06-15,MOCK_ARG_16,0.0,,,,
2023-06-16,MOCK_ARG_16,0.0,,,,
2023-06-17,MOCK_ARG_16,0.0,,,,
2023-06-18,MOCK_ARG_16,0.0,,,,
2023-06-19,MOCK_ARG_16,0.0,,,,
2023-06-20,MOCK_ARG_16,0.0,,,,
2023-06-21,MOCK_ARG_16,0.0,,,,
2023-06-22,MOCK_ARG_16,0.0,,,,
2023-06-23,MOCK_ARG_16,0.0,,,,
2023-06-24,MOCK_ARG_16,0.0,,,,
2023-06-25,MOCK_ARG_16,0.0,,,,
2023-06-26,MOCK_ARG_16,0.0,,,,
2023-06-27,MOCK_ARG_16,2.0,,,,
2023-06-28,MOCK_ARG_16,0.0,,,,
2023-06-29,MOCK_ARG_16,0.0,,,,
2023-06-30,MOCK_ARG_16,0.0,,,,
2023-07-01,MOCK_ARG_16,1.0,,,,
2023-07-02,MOCK_ARG_16,0.0,,,,
2023-07-03,MOCK_ARG_16,0.0,,,,
2023-07-04,MOCK_ARG_16,0.0,,,,
2023-07-05,MOCK_ARG_16,0.0,,,,
2023-07-06,MOCK_ARG_16,1.0,,,,
2023-07-07,MOCK_ARG_16,0.0,,,,
2023-07-08,MOCK_ARG_16,0.0,,,,
2023-07-09,MOCK_ARG_16,0.0,,,,
2023-07-10,MOCK_ARG_16,0.0,,,,
2023-07-11,MOCK_ARG_16,0.0,,,,
2023-07-12,MOCK_ARG_16,0.0,,,,
2023-07-13,MOCK_ARG_16,0.0,,,,
2023-07-14,MOCK_ARG_16,0.0,,,,
2023-07-15,MOCK_ARG_16,0.0,,,,
2023-07-16,MOCK_ARG_16,0.0,,,,
2023-07-17,MOCK_ARG_16,0.0,,,,
2023-07-18,MOCK_ARG_16,0.0,,,,
2023-07-19,MOCK_ARG_16,0.0,,,,
2023-07-20,MOCK_ARG_16,0.0,,,,
2023-07-21,MOCK_ARG_16,0.5,,,,
2023-07-22,MOCK_ARG_16,0.0,,,,
2023-07-23,MOCK_ARG_16,,,,,
2023-07-24,MOCK_ARG_16,0.0,,,,
2023-07-25,MOCK_ARG_16,1.5,,,,
2023-07-26,MOCK_ARG_16,0.0,,,,
2023-07-27,MOCK_ARG_16,0.0,,,,
2023-07-28,MOCK_ARG_16,0.0,,,,
2023-07-29,MOCK_ARG_16,0.0,,,,
2023-07-30,MOCK_ARG_16,0.0,,,,
2023-07-31,MOCK_ARG_16,0.0,,,,
2023-08-01,MOCK_ARG_16,0.0,,,,
2023-08-02,MOCK_ARG_16,0.0,,,,
2023-08-03,MOCK_ARG_16,0.0,,,,
2023-08-04,MOCK_ARG_16,0.0,,,,
2023-08-05,MOCK_ARG_16,118.5,,,,
2023-08-06,MOCK_ARG_16,0.0,,,,
2023-08-07,MOCK_ARG_16,0.0,,,,
2023-08-08,MOCK_ARG_16,0.0,,,,
2023-08-09,MOCK_ARG_16,0.0,,,,
2023-08-10,MOCK_ARG_16,0.0,,,,
2023-08-11,MOCK_ARG_16,0.0,,,,
2023-08-12,MOCK_ARG_16,0.0,,,,
2023-08-13,MOCK_ARG_16,0.0,,,,
2023-08-14,MOCK_ARG_16,0.0,,,,
2023-08-15,MOCK_ARG_16,0.0,,,,
2023-08-16,MOCK_ARG_16,39.0,,,,
2023-08-17,MOCK_ARG_16,0.0,,,,
2023-08-18,MOCK_ARG_16,0.0,,,,
2023-08-19,MOCK_ARG_16,0.0,,,,
2023-08-20,MOCK_ARG_16,0.0,,,,
2023-08-21,MOCK_ARG_16,0.0,,,,
2023-08-22,MOCK_ARG_16,0.0,,,,
2023-08-23,MOCK_ARG_16,0.0,,,,
2023-08-24,MOCK_ARG_16,0.0,,,,
2023-08-25,MOCK_ARG_16,0.0,,,,
2023-08-26,MOCK_ARG_16,0.0,,,,
2023-08-27,MOCK_ARG_16,0.0,,,,
2023-08-28,MOCK_ARG_16,0.0,,,,
2023-08-29,MOCK_ARG_16,0.0,,,,
2023-08-30,MOCK_ARG_16,0.0,,,,
2023-08-31,MOCK_ARG_16,0.0,,,,
2023-09-01,MOCK_ARG_16,0.5,,,,
2023-09-02,MOCK_ARG_16,0.0,,,,
2023-09-03,MOCK_ARG_16,0.0,,,,
2023-09-04,MOCK_ARG_16,100.0,,,,
2023-09-05,MOCK_ARG_16,0.0,,,,
2023-09-06,MOCK_ARG_16,0.0,,,,
2023-09-07,MOCK_ARG_16,6.0,,,,
2023-09-08,MOCK_ARG_16,,,,,
2023-09-09,MOCK_ARG_16,0.0,,,,
2023-09-10,MOCK_ARG_16,0.0,,,,
2023-09-11,MOCK_ARG_16,0.0,,,,
2023-09-12,MOCK_ARG_16,0.0,,,,
2023-09-13,MOCK_ARG_16,0.0,,,,
2023-09-14,MOCK_ARG_16,0.0,,,,
2023-09-15,MOCK_ARG_16,0.0,,,,
2023-09-16,MOCK_ARG_16,0.0,,,,
2023-09-17,MOCK_ARG_16,2.5,,,,
2023-09-18,MOCK_ARG_16,0.0,,,,
2023-09-19,MOCK_ARG_16,0.0,,,,
2023-09-20,MOCK_ARG_16,0.0,,,,
2023-09-21,MOCK_ARG_16,0.0,,,,
2023-09-22,MOCK_ARG_16,0.0,,,,
2023-09-23,MOCK_ARG_16,0.0,,,,
2023-09-24,MOCK_ARG_16,0.0,,,,
2023-09-25,MOCK_ARG_16,0.0,,,,
2023-09-26,MOCK_ARG_16,0.0,,,,
2023-09-27,MOCK_ARG_16,23.0,,,,
2023-09-28,MOCK_ARG_16,0.0,,,,
2023-09-29,MOCK_ARG_16,0.0,,,,
2023-09-30,MOCK_ARG_16,6.5,,,,
2023-10-01,MOCK_ARG_16,0.0,,,,
2023-10-02,MOCK_ARG_16,0.0,,,,
2023-10-03,MOCK_ARG_16,0.0,,,,
2023-10-04,MOCK_ARG_16,0.0,,,,
2023-10-05,MOCK_ARG_16,,,,,
2023-10-06,MOCK_ARG_16,0.0,,,,
2023-10-07,MOCK_ARG_16,0.0,,,,
2023-10-08,MOCK_ARG_16,0.0,,,,
2023-10-09,MOCK_ARG_16,0.0,,,,
2023-10-10,MOCK_ARG_16,0.0,,,,
2023-10-11,MOCK_ARG_16,0.0,,,,
2023-10-12,MOCK_ARG_16,0.0,,,,
2023-10-13,MOCK_ARG_16,0.0,,,,
2023-10-14,MOCK_ARG_16,0.0,,,,
2023-10-15,MOCK_ARG_16,0.0,,,,
2023-10-16,MOCK_ARG_16,0.0,,,,
2023-10-17,MOCK_ARG_16,0.0,,,,
2023-10-18,MOCK_ARG_16,0.0,,,,
2023-10-19,MOCK_ARG_16,0.0,,,,
2023-10-20,MOCK_ARG_16,0.0,,,,
2023-10-21,MOCK_ARG_16,0.0,,,,
2023-10-22,MOCK_ARG_16,0.0,,,,
2023-10-23,MOCK_ARG_16,0.0,,,,
2023-10-24,MOCK_ARG_16,0.0,,,,
2023-10-25,MOCK_ARG_16,0.0,,,,
2023-10-26,MOCK_ARG_16,0.0,,,,
2023-10-27,MOCK_ARG_16,0.0,,,,
2023-10-28,MOCK_ARG_16,0.0,,,,
2023-10-29,MOCK_ARG_16,0.0,,,,
2023-10-30,MOCK_ARG_16,0.0,,,,
2023-10-31,MOCK_ARG_16,0.0,,,,
2023-11-01,MOCK_ARG_16,0.0,,,,
2023-11-02,MOCK_ARG_16,0.0,,,,
2023-11-03,MOCK_ARG_16,0.0,,,,
2023-11-04,MOCK_ARG_16,0.0,,,,
2023-11-05,MOCK_ARG_16,0.0,,,,
2023-11-06,MOCK_ARG_16,0.0,,,,
2023-11-07,MOCK_ARG_16,0.0,,,,
2023-11-08,MOCK_ARG_16,0.0,,,,
2023-11-09,MOCK_ARG_16,0.0,,,,
2023-11-10,MOCK_ARG_16,0.0,,,,
2023-11-11,MOCK_ARG_16,0.0,,,,
2023-11-12,MOCK_ARG_16,0.0,,,,
2023-11-13,MOCK_ARG_16,0.0,,,,
2023-11-14,MOCK_ARG_16,0.0,,,,
2023-11-15,MOCK_ARG_16,0.0,,,,
2023-11-16,MOCK_ARG_16,0.0,,,,
2023-11-17,MOCK_ARG_16,0.0,,,,
2023-11-18,MOCK_ARG_16,0.0,,,,
2023-11-19,MOCK_ARG_16,0.0,,,,
2023-11-20,MOCK_ARG_16,0.0,,,,
2023-11-21,MOCK_ARG_16,0.0,,,,
2023-11-22,MOCK_ARG_16,0.0,,,,
2023-11-23,MOCK_ARG_16,0.0,,,,
2023-11-24,MOCK_ARG_16,0.0,,,,
2023-11-25,MOCK_ARG_16,0.0,,,,
2023-11-26,MOCK_ARG_16,0.0,,,,
2023-11-27,MOCK_ARG_16,0.0,,,,
2023-11-28,MOCK_ARG_16,0.0,,,,
2023-11-29,MOCK_ARG_16,0.0,,,,
2023-11-30,MOCK_ARG_16,0.0,,,,
2023-12-01,MOCK_ARG_16,0.0,,,,
2023-12-02,MOCK_ARG_16,0.0,,,,
2023-12-03,MOCK_ARG_16,0.0,,,,
2023-12-04,MOCK_ARG_16,0.0,,,,
2023-12-05,MOCK_ARG_16,0.0,,,,
2023-12-06,MOCK_ARG_16,0.0,,,,
2023-12-07,MOCK_ARG_16,0.0,,,,
2023-12-08,MOCK_ARG_16,0.0,,,,
2023-12-09,MOCK_ARG_16,0.0,,,,
2023-12-10,MOCK_ARG_16,0.0,,,,
2023-12-11,MOCK_ARG_16,0.0,,,,
2023-12-12,MOCK_ARG_16,0.0,,,,
2023-12-13,MOCK_ARG_16,0.0,,,,
2023-12-14,MOCK_ARG_16,0.0,,,,
2023-12-15,MOCK_ARG_16,0.0,,,,
2023-12-16,MOCK_ARG_16,0.0,,,,
2023-12-17,MOCK_ARG_16,0.0,,,,
2023-12-18,MOCK_ARG_16,0.0,,,,
2023-12-19,MOCK_ARG_16,0.0,,,,
2023-12-20,MOCK_ARG_16,0.0,,,,
2023-12-21,MOCK_ARG_16,0.0,,,,
2023-12-22,MOCK_ARG_16,0.0,,,,
2023-12-23,MOCK_ARG_16,0.0,,,,
2023-12-24,MOCK_ARG_16,0.0,,,,
2023-12-25,MOCK_ARG_16,0.0,,,,
2023-12-26,MOCK_ARG_16,0.0,,,,
2023-12-27,MOCK_ARG_16,0.0,,,,
2023-12-28,MOCK_ARG_16,0.0,,,,
2023-12-29,MOCK_ARG_16,0.0,,,,
2023-12-30,MOCK_ARG_16,0.0,,,,
2023-12-31,MOCK_ARG_16,0.0,,,,
2024-01-01,MOCK_ARG_16,0.0,,,,
2024-01-02,MOCK_ARG_16,0.0,,,,
2024-01-03,MOCK_ARG_16,0.0,,,,
2024-01-04,MOCK_ARG_16,,,,,
2024-01-05,MOCK_ARG_16,0.0,,,,
2024-01-06,MOCK_ARG_16,0.0,,,,
2024-01-07,MOCK_ARG_16,0.0,,,,
2024-01-08,MOCK_ARG_16,0.0,,,,
2024-01-09,MOCK_ARG_16,0.0,,,,
2024-01-10,MOCK_ARG_16,0.0,,,,
2024-01-11,MOCK_ARG_16,0.0,,,,
2024-01-12,MOCK_ARG_16,0.0,,,,
2024-01-13,MOCK_ARG_16,0.0,,,,
2024-01-14,MOCK_ARG_16,0.0,,,,
2024-01-15,MOCK_ARG_16,0.0,,,,
2024-01-16,MOCK_ARG_16,0.0,,,,
2024-01-17,MOCK_ARG_16,0.0,,,,
2024-01-18,MOCK_ARG_16,0.0,,,,
2024-01-19,MOCK_ARG_16,0.0,,,,
2024-01-20,MOCK_ARG_16,0.0,,,,
2024-01-21,MOCK_ARG_16,0.0,,,,
2024-01-22,MOCK_ARG_16,0.0,,,,
2024-01-23,MOCK_ARG_16,0.0,,,,
2024-01-24,MOCK_ARG_16,11.5,,,,
2024-01-25,MOCK_ARG_16,,,,,
2024-01-26,MOCK_ARG_16,0.0,,,,
2024-01-27,MOCK_ARG_16,2.5,,,,
2024-01-28,MOCK_ARG_16,2.5,,,,
2024-01-29,MOCK_ARG_16,1.0,,,,
2024-01-30,MOCK_ARG_16,9.0,,,,
2024-01-31,MOCK_ARG_16,4.0,,,,
2024-02-01,MOCK_ARG_16,0.0,,,,
2024-02-02,MOCK_ARG_16,0.0,,,,
2024-02-03,MOCK_ARG_16,0.5,,,,
2024-02-04,MOCK_ARG_16,1.0,,,,
2024-02-05,MOCK_ARG_16,2.5,,,,
2024-02-06,MOCK_ARG_16,0.0,,,,
2024-02-07,MOCK_ARG_16,0.0,,,,
2024-02-08,MOCK_ARG_16,0.0,,,,
2024-02-09,MOCK_ARG_16,0.0,,,,
2024-02-10,MOCK_ARG_16,3.5,,,,
2024-02-11,MOCK_ARG_16,0.0,,,,
2024-02-12,MOCK_ARG_16,0.0,,,,
2024-02-13,MOCK_ARG_16,0.0,,,,
2024-02-14,MOCK_ARG_16,0.0,,,,
2024-02-15,MOCK_ARG_16,0.0,,,,
2024-02-16,MOCK_ARG_16,0.0,,,,
2024-02-17,MOCK_ARG_16,,,,,
2024-02-18,MOCK_ARG_16,0.0,,,,
2024-02-19,MOCK_ARG_16,0.0,,,,
2024-02-20,MOCK_ARG_16,0.0,,,,
2024-02-21,MOCK_ARG_16,0.0,,,,
2024-02-22,MOCK_ARG_16,0.0,,,,
2024-02-23,MOCK_ARG_16,0.0,,,,
2024-02-24,MOCK_ARG_16,0.0,,,,
2024-02-25,MOCK_ARG_16,0.0,,,,
2024-02-26,MOCK_ARG_16,0.0,,,,
2024-02-27,MOCK_ARG_16,0.0,,,,
2024-02-28,MOCK_ARG_16,3.5,,,,
2024-02-29,MOCK_ARG_16,0.0,,,,
2024-03-01,MOCK_ARG_16,0.0,,,,
2024-03-02,MOCK_ARG_16,,,,,
2024-03-03,MOCK_ARG_16,0.0,,,,
2024-03-04,MOCK_ARG_16,0.0,,,,
2024-03-05,MOCK_ARG_16,0.0,,,,
2024-03-06,MOCK_ARG_16,0.0,,,,
2024-03-07,MOCK_ARG_16,0.0,,,,
2024-03-08,MOCK_ARG_16,,,,,
2024-03-09,MOCK_ARG_16,0.0,,,,
2024-03-10,MOCK_ARG_16,0.0,,,,
2024-03-11,MOCK_ARG_16,0.0,,,,
2024-03-12,MOCK_ARG_16,0.0,,,,
2024-03-13,MOCK_ARG_16,2.5,,,,
2024-03-14,MOCK_ARG_16,0.0,,,,
2024-03-15,MOCK_ARG_16,0.0,,,,
2024-03-16,MOCK_ARG_16,11.5,,,,
2024-03-17,MOCK_ARG_16,0.5,,,,
2024-03-18,MOCK_ARG_16,0.0,,,,
2024-03-19,MOCK_ARG_16,0.0,,,,
2024-03-20,MOCK_ARG_16,0.0,,,,
2024-03-21,MOCK_ARG_16,0.0,,,,
2024-03-22,MOCK_ARG_16,0.0,,,,
2024-03-23,MOCK_ARG_16,0.0,,,,
2024-03-24,MOCK_ARG_16,0.0,,,,
2024-03-25,MOCK_ARG_16,0.0,,,,
2024-03-26,MOCK_ARG_16,0.0,,,,
2024-03-27,MOCK_ARG_16,0.0,,,,
2024-03-28,MOCK_ARG_16,0.0,,,,
2024-03-29,MOCK_ARG_16,0.0,,,,
2024-03-30,MOCK_ARG_16,0.0,,,,
2024-03-31,MOCK_ARG_16,0.0,,,,
2024-04-01,MOCK_ARG_16,0.0,,,,
2024-04-02,MOCK_ARG_16,0.0,,,,
2024-04-03,MOCK_ARG_16,0.0,,,,
2024-04-04,MOCK_ARG_16,0.0,,,,
2024-04-05,MOCK_ARG_16,0.0,,,,
2024-04-06,MOCK_ARG_16,0.0,,,,
2024-04-07,MOCK_ARG_16,0.0,,,,
2024-04-08,MOCK_ARG_16,0.0,,,,
2024-04-09,MOCK_ARG_16,0.0,,,,
2024-04-10,MOCK_ARG_16,0.0,,,,
2024-04-11,MOCK_ARG_16,0.0,,,,
2024-04-12,MOCK_ARG_16,0.0,,,,
2024-04-13,MOCK_ARG_16,0.0,,,,
2024-04-14,MOCK_ARG_16,0.0,,,,
2024-04-15,MOCK_ARG_16,0.0,,,,
2024-04-16,MOCK_ARG_16,,,,,
2024-04-17,MOCK_ARG_16,0.0,,,,
2024-04-18,MOCK_ARG_16,0.0,,,,
2024-04-19,MOCK_ARG_16,0.0,,,,
2024-04-20,MOCK_ARG_16,0.0,,,,
2024-04-21,MOCK_ARG_16,,,,,
2024-04-22,MOCK_ARG_16,1.5,,,,
2024-04-23,MOCK_ARG_16,0.0,,,,
2024-04-24,MOCK_ARG_16,0.0,,,,
2024-04-25,MOCK_ARG_16,0.0,,,,
2024-04-26,MOCK_ARG_16,0.0,,,,
2024-04-27,MOCK_ARG_16,0.0,,,,
2024-04-28,MOCK_ARG_16,0.0,,,,
2024-04-29,MOCK_ARG_16,0.0,,,,
2024-04-30,MOCK_ARG_16,0.0,,,,
2024-05-01,MOCK_ARG_16,0.0,,,,
2024-05-02,MOCK_ARG_16,0.0,,,,
2024-05-03,MOCK_ARG_16,0.0,,,,
2024-05-04,MOCK_ARG_16,0.0,,,,
2024-05-05,MOCK_ARG_16,0.0,,,,
2024-05-06,MOCK_ARG_16,0.0,,,,
2024-05-07,MOCK_ARG_16,0.0,,,,
2024-05-08,MOCK_ARG_16,0.0,,,,
2024-05-09,MOCK_ARG_16,0.0,,,,
2024-05-10,MOCK_ARG_16,0.0,,,,
2024-05-11,MOCK_ARG_16,0.0,,,,
2024-05-12,MOCK_ARG_16,0.0,,,,
2024-05-13,MOCK_ARG_16,0.0,,,,
2024-05-14,MOCK_ARG_16,0.0,,,,
2024-05-15,MOCK_ARG_16,0.0,,,,
2024-05-16,MOCK_ARG_16,0.0,,,,
2024-05-17,MOCK_ARG_16,0.0,,,,
2024-05-18,MOCK_ARG_16,0.0,,,,
2024-05-19,MOCK_ARG_16,0.0,,,,
2024-05-20,MOCK_ARG_16,0.0,,,,
2024-05-21,MOCK_ARG_16,0.0,,,,
2024-05-22,MOCK_ARG_16,0.0,,,,
2024-05-23,MOCK_ARG_16,0.0,,,,
2024-05-24,MOCK_ARG_16,0.0,,,,
2024-05-25,MOCK_ARG_16,0.0,,,,
2024-05-26,MOCK_ARG_16,0.0,,,,
2024-05-27,MOCK_ARG_16,0.0,,,,
2024-05-28,MOCK_ARG_16,0.0,,,,
2024-05-29,MOCK_ARG_16,0.0,,,,
2024-05-30,MOCK_ARG_16,0.0,,,,
2024-05-31,MOCK_ARG_16,,,,,
2024-06-01,MOCK_ARG_16,0.0,,,,
2024-06-02,MOCK_ARG_16,0.0,,,,
2024-06-03,MOCK_ARG_16,0.0,,,,
2024-06-04,MOCK_ARG_16,0.0,,,,
2024-06-05,MOCK_ARG_16,4.5,,,,
2024-06-06,MOCK_ARG_16,0.0,,,,
2024-06-07,MOCK_ARG_16,0.0,,,,
2024-06-08,MOCK_ARG_16,0.0,,,,
2024-06-09,MOCK_ARG_16,0.0,,,,
2024-06-10,MOCK_ARG_16,0.0,,,,
2024-06-11,MOCK_ARG_16,0.0,,,,
2024-06-12,MOCK_ARG_16,0.0,,,,
2024-06-13,MOCK_ARG_16,0.0,,,,
2024-06-14,MOCK_ARG_16,0.0,,,,
2024-06-15,MOCK_ARG_16,0.0,,,,
2024-06-16,MOCK_ARG_16,0.0,,,,
2024-06-17,MOCK_ARG_16,0.0,,,,
2024-06-18,MOCK_ARG_16,0.0,,,,
2024-06-19,MOCK_ARG_16,0.0,,,,
2024-06-20,MOCK_ARG_16,0.0,,,,
2024-06-21,MOCK_ARG_16,26.0,,,,
2024-06-22,MOCK_ARG_16,4.5,,,,
2024-06-23,MOCK_ARG_16,0.0,,,,
2024-06-24,MOCK_ARG_16,0.0,,,,
2024-06-25,MOCK_ARG_16,0.0,,,,
2024-06-26,MOCK_ARG_16,0.0,,,,
2024-06-27,MOCK_ARG_16,0.0,,,,
2024-06-28,MOCK_ARG_16,4.0,,,,
2024-06-29,MOCK_ARG_16,0.0,,,,
2024-06-30,MOCK_ARG_16,0.0,,,,
2024-07-01,MOCK_ARG_16,0.0,,,,
2024-07-02,MOCK_ARG_16,0.0,,,,
2024-07-03,MOCK_ARG_16,0.0,,,,
2024-07-04,MOCK_ARG_16,26.5,,,,
2024-07-05,MOCK_ARG_16,0.0,,,,
2024-07-06,MOCK_ARG_16,10.0,,,,
2024-07-07,MOCK_ARG_16,0.0,,,,
2024-07-08,MOCK_ARG_16,0.0,,,,
2024-07-09,MOCK_ARG_16,0.0,,,,
2024-07-10,MOCK_ARG_16,0.5,,,,
2024-07-11,MOCK_ARG_16,0.0,,,,
2024-07-12,MOCK_ARG_16,,,,,
2024-07-13,MOCK_ARG_16,0.0,,,,
2024-07-14,MOCK_ARG_16,0.0,,,,
2024-07-15,MOCK_ARG_16,0.0,,,,
2024-07-16,MOCK_ARG_16,0.0,,,,
2024-07-17,MOCK_ARG_16,0.0,,,,
2024-07-18,MOCK_ARG_16,0.0,,,,
2024-07-19,MOCK_ARG_16,0.0,,,,
2024-07-20,MOCK_ARG_16,0.0,,,,
2024-07-21,MOCK_ARG_16,0.0,,,,
2024-07-22,MOCK_ARG_16,0.0,,,,
2024-07-23,MOCK_ARG_16,0.0,,,,
2024-07-24,MOCK_ARG_16,6.0,,,,
2024-07-25,MOCK_ARG_16,0.0,,,,
2024-07-26,MOCK_ARG_16,0.0,,,,
2024-07-27,MOCK_ARG_16,0.0,,,,
2024-07-28,MOCK_ARG_16,0.0,,,,
2024-07-29,MOCK_ARG_16,0.0,,,,
2024-07-30,MOCK_ARG_16,0.0,,,,
2024-07-31,MOCK_ARG_16,0.0,,,,
2024-08-01,MOCK_ARG_16,22.0,,,,
2024-08-02,MOCK_ARG_16,0.0,,,,
2024-08-03,MOCK_ARG_16,0.0,,,,
2024-08-04,MOCK_ARG_16,1.5,,,,
2024-08-05,MOCK_ARG_16,0.0,,,,
2024-08-06,MOCK_ARG_16,,,,,
2024-08-07,MOCK_ARG_16,0.0,,,,
2024-08-08,MOCK_ARG_16,0.0,,,,
2024-08-09,MOCK_ARG_16,0.0,,,,
2024-08-10,MOCK_ARG_16,0.0,,,,
2024-08-11,MOCK_ARG_16,0.0,,,,
2024-08-12,MOCK_ARG_16,0.0,,,,
2024-08-13,MOCK_ARG_16,0.0,,,,
2024-08-14,MOCK_ARG_16,0.0,,,,
2024-08-15,MOCK_ARG_16,0.0,,,,
2024-08-16,MOCK_ARG_16,0.0,,,,
2024-08-17,MOCK_ARG_16,0.0,,,,
2024-08-18,MOCK_ARG_16,0.0,,,,
2024-08-19,MOCK_ARG_16,0.0,,,,
2024-08-20,MOCK_ARG_16,0.0,,,,
2024-08-21,MOCK_ARG_16,0.0,,,,
2024-08-22,MOCK_ARG_16,0.0,,,,
2024-08-23,MOCK_ARG_16,20.0,,,,
2024-08-24,MOCK_ARG_16,0.0,,,,
2024-08-25,MOCK_ARG_16,0.0,,,,
2024-08-26,MOCK_ARG_16,0.0,,,,
2024-08-27,MOCK_ARG_16,0.0,,,,
2024-08-28,MOCK_ARG_16,0.0,,,,
2024-08-29,MOCK_ARG_16,0.0,,,,
2024-08-30,MOCK_ARG_16,0.0,,,,
2024-08-31,MOCK_ARG_16,0.0,,,,
2024-09-01,MOCK_ARG_16,0.0,,,,
2024-09-02,MOCK_ARG_16,0.0,,,,
2024-09-03,MOCK_ARG_16,0.0,,,,
2024-09-04,MOCK_ARG_16,0.0,,,,
2024-09-05,MOCK_ARG_16,0.0,,,,
2024-09-06,MOCK_ARG_16,33.5,,,,
2024-09-07,MOCK_ARG_16,11.0,,,,
2024-09-08,MOCK_ARG_16,8.0,,,,
2024-09-09,MOCK_ARG_16,3.0,,,,
2024-09-10,MOCK_ARG_16,0.0,,,,
2024-09-11,MOCK_ARG_16,0.0,,,,
2024-09-12,MOCK_ARG_16,0.0,,,,
2024-09-13,MOCK_ARG_16,0.0,,,,
2024-09-14,MOCK_ARG_16,0.0,,,,
2024-09-15,MOCK_ARG_16,0.0,,,,
2024-09-16,MOCK_ARG_16,0.0,,,,
2024-09-17,MOCK_ARG_16,0.0,,,,
2024-09-18,MOCK_ARG_16,0.0,,,,
2024-09-19,MOCK_ARG_16,0.0,,,,
2024-09-20,MOCK_ARG_16,0.0,,,,
2024-09-21,MOCK_ARG_16,0.0,,,,
2024-09-22,MOCK_ARG_16,0.0,,,,
2024-09-23,MOCK_ARG_16,0.0,,,,
2024-09-24,MOCK_ARG_16,0.0,,,,
2024-09-25,MOCK_ARG_16,0.0,,,,
2024-09-26,MOCK_ARG_16,0.0,,,,
2024-09-27,MOCK_ARG_16,0.0,,,,
2024-09-28,MOCK_ARG_16,0.0,,,,
2024-09-29,MOCK_ARG_16,0.0,,,,
2024-09-30,MOCK_ARG_16,0.0,,,,
2024-10-01,MOCK_ARG_16,0.0,,,,
2024-10-02,MOCK_ARG_16,0.0,,,,
2024-10-03,MOCK_ARG_16,0.0,,,,
2024-10-04,MOCK_ARG_16,0.0,,,,
2024-10-05,MOCK_ARG_16,0.0,,,,
2024-10-06,MOCK_ARG_16,0.0,,,,
2024-10-07,MOCK_ARG_16,0.0,,,,
2024-10-08,MOCK_ARG_16,,,,,
2024-10-09,MOCK_ARG_16,0.0,,,,
2024-10-10,MOCK_ARG_16,0.0,,,,
2024-10-11,MOCK_ARG_16,0.5,,,,
2024-10-12,MOCK_ARG_16,0.0,,,,
2024-10-13,MOCK_ARG_16,0.0,,,,
2024-10-14,MOCK_ARG_16,0.0,,,,
2024-10-15,MOCK_ARG_16,0.0,,,,
2024-10-16,MOCK_ARG_16,0.0,,,,
2024-10-17,MOCK_ARG_16,0.0,,,,
2024-10-18,MOCK_ARG_16,0.0,,,,
2024-10-19,MOCK_ARG_16,0.0,,,,
2024-10-20,MOCK_ARG_16,0.0,,,,
2024-10-21,MOCK_ARG_16,2.0,,,,
2024-10-22,MOCK_ARG_16,0.0,,,,
2024-10-23,MOCK_ARG_16,0.0,,,,
2024-10-24,MOCK_ARG_16,0.0,,,,
2024-10-25,MOCK_ARG_16,0.0,,,,
2024-10-26,MOCK_ARG_16,0.0,,,,
2024-10-27,MOCK_ARG_16,,,,,
2024-10-28,MOCK_ARG_16,0.0,,,,
2024-10-29,MOCK_ARG_16,,,,,
2024-10-30,MOCK_ARG_16,3.5,,,,
2024-10-31,MOCK_ARG_16,0.0,,,,
2024-11-01,MOCK_ARG_16,0.0,,,,
2024-11-02,MOCK_ARG_16,0.0,,,,
2024-11-03,MOCK_ARG_16,0.0,,,,
2024-11-04,MOCK_ARG_16,0.0,,,,
2024-11-05,MOCK_ARG_16,0.0,,,,
2024-11-06,MOCK_ARG_16,0.0,,,,
2024-11-07,MOCK_ARG_16,0.0,,,,
2024-11-08,MOCK_ARG_16,0.0,,,,
2024-11-09,MOCK_ARG_16,0.0,,,,
2024-11-10,MOCK_ARG_16,0.0,,,,
2024-11-11,MOCK_ARG_16,0.0,,,,
2024-11-12,MOCK_ARG_16,0.0,,,,
2024-11-13,MOCK_ARG_16,0.0,,,,
2024-11-14,MOCK_ARG_16,0.0,,,,
2024-11-15,MOCK_ARG_16,,,,,
2024-11-16,MOCK_ARG_16,0.0,,,,
2024-11-17,MOCK_ARG_16,0.0,,,,
2024-11-18,MOCK_ARG_16,0.0,,,,
2024-11-19,MOCK_ARG_16,0.0,,,,
2024-11-20,MOCK_ARG_16,0.0,,,,
2024-11-21,MOCK_ARG_16,0.0,,,,
2024-11-22,MOCK_ARG_16,0.0,,,,
2024-11-23,MOCK_ARG_16,0.0,,,,
2024-11-24,MOCK_ARG_16,0.0,,,,
2024-11-25,MOCK_ARG_16,0.0,,,,
2024-11-26,MOCK_ARG_16,0.0,,,,
2024-11-27,MOCK_ARG_16,0.0,,,,
2024-11-28,MOCK_ARG_16,2.0,,,,
2024-11-29,MOCK_ARG_16,0.0,,,,
2024-11-30,MOCK_ARG_16,0.0,,,,
2024-12-01,MOCK_ARG_16,0.0,,,,
2024-12-02,MOCK_ARG_16,0.0,,,,
2024-12-03,MOCK_ARG_16,0.0,,,,
2024-12-04,MOCK_ARG_16,,,,,
2024-12-05,MOCK_ARG_16,0.0,,,,
2024-12-06,MOCK_ARG_16,0.0,,,,
2024-12-07,MOCK_ARG_16,0.0,,,,
2024-12-08,MOCK_ARG_16,0.0,,,,
2024-12-09,MOCK_ARG_16,0.0,,,,
2024-12-10,MOCK_ARG_16,0.0,,,,
2024-12-11,MOCK_ARG_16,0.0,,,,
2024-12-12,MOCK_ARG_16,0.0,,,,
2024-12-13,MOCK_ARG_16,0.0,,,,
2024-12-14,MOCK_ARG_16,0.0,,,,
2024-12-15,MOCK_ARG_16,0.0,,,,
2024-12-16,MOCK_ARG_16,0.0,,,,
2024-12-17,MOCK_ARG_16,0.0,,,,
2024-12-18,MOCK_ARG_16,0.0,,,,
2024-12-19,MOCK_ARG_16,0.0,,,,
2024-12-20,MOCK_ARG_16,0.0,,,,
2024-12-21,MOCK_ARG_16,0.0,,,,
2024-12-22,MOCK_ARG_16,0.0,,,,
2024-12-23,MOCK_ARG_16,0.0,,,,
2024-12-24,MOCK_ARG_16,0.0,,,,
2024-12-25,MOCK_ARG_16,0.0,,,,
2024-12-26,MOCK_ARG_16,0.5,,,,
2024-12-27,MOCK_ARG_16,0.0,,,,
2024-12-28,MOCK_ARG_16,0.0,,,,
2024-12-29,MOCK_ARG_16,7.0,,,,
2024-12-30,MOCK_ARG_16,0.0,,,,
2024-12-31,MOCK_ARG_16,0.0,,,,
2023-01-01,MOCK_AWS_17,0.0,21.8,7.5,73.0,3.1
2023-01-02,MOCK_AWS_17,0.0,20.1,5.9,69.0,4.9
2023-01-03,MOCK_AWS_17,0.0,16.5,5.1,68.0,3.8
2023-01-04,MOCK_AWS_17,0.0,14.9,4.5,60.0,4.3
2023-01-05,MOCK_AWS_17,0.0,14.9,4.8,70.0,3.8
2023-01-06,MOCK_AWS_17,0.0,19.2,4.9,67.0,5.9
2023-01-07,MOCK_AWS_17,0.0,18.2,4.7,72.0,10.4
2023-01-08,MOCK_AWS_17,0.0,17.9,3.8,66.0,11.3
2023-01-09,MOCK_AWS_17,0.0,19.8,4.3,64.0,8.1
2023-01-10,MOCK_AWS_17,0.0,14.6,6.3,59.0,6.9
2023-01-11,MOCK_AWS_17,0.0,19.9,5.2,63.0,3.1
2023-01-12,MOCK_AWS_17,0.0,18.0,8.2,59.0,3.8
2023-01-13,MOCK_AWS_17,0.0,19.4,5.9,71.0,4.2
2023-01-14,MOCK_AWS_17,0.0,20.6,7.1,69.0,4.3
2023-01-15,MOCK_AWS_17,0.0,20.2,6.8,64.0,3.6
2023-01-16,MOCK_AWS_17,0.0,22.5,5.9,71.0,5.4
2023-01-17,MOCK_AWS_17,0.0,15.5,5.3,63.0,7.2
2023-01-18,MOCK_AWS_17,0.0,17.0,6.8,68.0,6.4
2023-01-19,MOCK_AWS_17,0.0,17.6,3.1,67.0,6.6
2023-01-20,MOCK_AWS_17,6.3,15.6,4.2,48.0,7.7
2023-01-21,MOCK_AWS_17,0.0,17.0,5.2,66.0,11.6
2023-01-22,MOCK_AWS_17,0.0,15.8,4.9,70.0,11.9
2023-01-23,MOCK_AWS_17,0.0,16.3,6.9,70.0,8.1
2023-01-24,MOCK_AWS_17,0.0,21.7,6.8,72.0,11.2
2023-01-25,MOCK_AWS_17,0.0,22.6,8.3,68.0,11.0
2023-01-26,MOCK_AWS_17,0.0,17.9,7.6,65.0,12.0
2023-01-27,MOCK_AWS_17,0.0,25.2,9.4,67.0,6.4
2023-01-28,MOCK_AWS_17,0.0,22.0,7.1,59.0,5.8
2023-01-29,MOCK_AWS_17,0.0,21.0,7.5,67.0,3.7
2023-01-30,MOCK_AWS_17,0.0,21.7,8.0,66.0,7.1
2023-01-31,MOCK_AWS_17,0.0,22.7,8.3,57.0,4.1
2023-02-01,MOCK_AWS_17,0.0,22.8,8.9,64.0,6.4
2023-02-02,MOCK_AWS_17,0.0,23.2,8.5,60.0,6.6
2023-02-03,MOCK_AWS_17,0.0,22.9,8.0,60.0,3.4
2023-02-04,MOCK_AWS_17,0.0,23.2,8.6,63.0,5.0
2023-02-05,MOCK_AWS_17,0.0,24.4,8.5,67.0,4.0
2023-02-06,MOCK_AWS_17,0.0,22.9,9.3,76.0,3.2
2023-02-07,MOCK_AWS_17,0.0,23.1,9.5,61.0,5.1
2023-02-08,MOCK_AWS_17,0.0,21.0,7.8,54.0,5.1
2023-02-09,MOCK_AWS_17,0.0,22.7,9.3,59.0,5.2
2023-02-10,MOCK_AWS_17,0.0,25.5,11.0,66.0,7.0
2023-02-11,MOCK_AWS_17,0.0,22.5,7.7,65.0,5.0
2023-02-12,MOCK_AWS_17,0.0,24.0,10.1,58.0,5.4
2023-02-13,MOCK_AWS_17,0.0,24.7,9.3,64.0,7.2
2023-02-14,MOCK_AWS_17,0.0,23.5,9.8,65.0,6.5
2023-02-15,MOCK_AWS_17,0.0,25.6,10.4,64.0,6.6
2023-02-16,MOCK_AWS_17,0.0,28.5,12.3,75.0,4.6
2023-02-17,MOCK_AWS_17,0.0,23.9,10.9,63.0,5.9
2023-02-18,MOCK_AWS_17,,,,,
2023-02-19,MOCK_AWS_17,0.0,27.6,12.1,54.0,7.1
2023-02-20,MOCK_AWS_17,0.0,25.2,9.0,59.0,11.3
2023-02-21,MOCK_AWS_17,0.0,24.0,9.8,58.0,12.3
2023-02-22,MOCK_AWS_17,4.1,23.6,10.6,49.0,7.9
2023-02-23,MOCK_AWS_17,0.0,26.7,10.3,56.0,9.1
2023-02-24,MOCK_AWS_17,0.0,24.1,8.8,61.0,7.0
2023-02-25,MOCK_AWS_17,0.0,26.2,11.9,65.0,8.2
2023-02-26,MOCK_AWS_17,0.0,28.8,13.0,62.0,13.9
2023-02-27,MOCK_AWS_17,1.9,28.8,14.2,56.0,8.9
2023-02-28,MOCK_AWS_17,0.0,28.0,12.5,64.0,7.1
2023-03-01,MOCK_AWS_17,0.0,30.8,13.6,58.0,8.6
2023-03-02,MOCK_AWS_17,0.0,26.7,11.5,58.0,4.3
2023-03-03,MOCK_AWS_17,0.0,25.0,8.9,61.0,8.0
2023-03-04,MOCK_AWS_17,0.0,25.7,11.2,56.0,12.1
2023-03-05,MOCK_AWS_17,0.0,25.9,11.3,59.0,7.3
2023-03-06,MOCK_AWS_17,0.0,27.3,12.4,54.0,6.9
2023-03-07,MOCK_AWS_17,0.0,23.2,9.8,47.0,6.8
2023-03-08,MOCK_AWS_17,0.0,25.2,11.2,53.0,8.7
2023-03-09,MOCK_AWS_17,0.0,23.4,7.8,50.0,9.7
2023-03-10,MOCK_AWS_17,0.0,25.7,10.8,55.0,6.4
2023-03-11,MOCK_AWS_17,0.0,22.8,8.1,52.0,7.4
2023-03-12,MOCK_AWS_17,0.0,26.9,11.3,56.0,10.9
2023-03-13,MOCK_AWS_17,0.0,28.2,13.2,48.0,12.1
2023-03-14,MOCK_AWS_17,0.0,31.0,14.1,57.0,8.1
2023-03-15,MOCK_AWS_17,0.0,29.4,13.9,53.0,8.8
2023-03-16,MOCK_AWS_17,0.0,32.7,14.9,47.0,5.8
2023-03-17,MOCK_AWS_17,0.5,32.0,17.6,51.0,9.3
2023-03-18,MOCK_AWS_17,,,,,
2023-03-19,MOCK_AWS_17,0.0,27.7,10.8,41.0,5.4
2023-03-20,MOCK_AWS_17,11.6,24.7,13.6,35.0,7.2
2023-03-21,MOCK_AWS_17,0.0,29.8,14.6,51.0,6.8
2023-03-22,MOCK_AWS_17,0.0,29.9,13.7,47.0,4.3
2023-03-23,MOCK_AWS_17,0.0,31.7,15.1,54.0,9.5
2023-03-24,MOCK_AWS_17,0.0,33.6,17.4,45.0,6.4
2023-03-25,MOCK_AWS_17,0.0,35.4,17.8,42.0,4.7
2023-03-26,MOCK_AWS_17,0.0,36.4,19.9,52.0,8.5
2023-03-27,MOCK_AWS_17,,,,,
2023-03-28,MOCK_AWS_17,0.0,34.4,17.5,42.0,9.1
2023-03-29,MOCK_AWS_17,0.0,35.5,17.9,47.0,7.0
2023-03-30,MOCK_AWS_17,0.0,32.2,15.1,47.0,6.8
2023-03-31,MOCK_AWS_17,18.0,29.4,17.1,36.0,7.8
2023-04-01,MOCK_AWS_17,0.0,34.1,16.9,49.0,10.9
2023-04-02,MOCK_AWS_17,0.0,35.8,18.9,42.0,6.7
2023-04-03,MOCK_AWS_17,0.0,33.9,18.5,43.0,7.1
2023-04-04,MOCK_AWS_17,0.0,32.1,16.1,45.0,9.0
2023-04-05,MOCK_AWS_17,0.0,34.6,16.5,42.0,8.4
2023-04-06,MOCK_AWS_17,0.0,35.2,17.7,48.0,12.3
2023-04-07,MOCK_AWS_17,0.0,33.1,16.8,42.0,6.7
2023-04-08,MOCK_AWS_17,0.0,35.2,18.9,37.0,10.8
2023-04-09,MOCK_AWS_17,0.0,36.4,19.4,44.0,8.2
2023-04-10,MOCK_AWS_17,0.0,35.3,19.4,38.0,4.2
2023-04-11,MOCK_AWS_17,0.0,35.5,19.5,43.0,7.7
2023-04-12,MOCK_AWS_17,0.0,38.2,20.3,41.0,14.0
2023-04-13,MOCK_AWS_17,0.0,36.1,19.1,42.0,7.4
2023-04-14,MOCK_AWS_17,2.9,34.8,20.3,34.0,7.6
2023-04-15,MOCK_AWS_17,0.0,36.6,20.1,39.0,6.4
2023-04-16,MOCK_AWS_17,0.0,36.3,18.8,31.0,7.2
2023-04-17,MOCK_AWS_17,0.0,33.9,16.6,38.0,9.5
2023-04-18,MOCK_AWS_17,0.0,35.7,18.8,41.0,5.7
2023-04-19,MOCK_AWS_17,0.0,34.9,17.0,38.0,6.4
2023-04-20,MOCK_AWS_17,0.0,36.6,20.3,42.0,7.6
2023-04-21,MOCK_AWS_17,0.0,37.8,20.4,33.0,9.1
2023-04-22,MOCK_AWS_17,0.0,38.3,20.9,47.0,12.5
2023-04-23,MOCK_AWS_17,0.0,39.9,22.2,34.0,12.4
2023-04-24,MOCK_AWS_17,,,,,
2023-04-25,MOCK_AWS_17,0.0,38.7,21.9,41.0,7.9
2023-04-26,MOCK_AWS_17,0.0,38.0,21.6,46.0,13.6
2023-04-27,MOCK_AWS_17,0.0,40.0,23.0,41.0,11.9
2023-04-28,MOCK_AWS_17,26.9,34.6,24.2,33.0,11.9
2023-04-29,MOCK_AWS_17,0.0,40.0,22.9,48.0,9.4
2023-04-30,MOCK_AWS_17,0.0,43.8,26.5,39.0,10.1
2023-05-01,MOCK_AWS_17,0.0,42.0,23.1,37.0,8.2
2023-05-02,MOCK_AWS_17,0.0,41.2,24.3,37.0,9.8
2023-05-03,MOCK_AWS_17,,,,,
2023-05-04,MOCK_AWS_17,14.8,37.4,24.1,28.0,8.5
2023-05-05,MOCK_AWS_17,0.4,40.2,24.2,36.0,17.4
2023-05-06,MOCK_AWS_17,0.0,45.1,26.3,39.0,13.2
2023-05-07,MOCK_AWS_17,,,,,
2023-05-08,MOCK_AWS_17,0.0,43.9,26.0,40.0,23.7
2023-05-09,MOCK_AWS_17,0.0,45.4,27.9,42.0,21.9
2023-05-10,MOCK_AWS_17,0.0,44.8,25.4,44.0,19.5
2023-05-11,MOCK_AWS_17,0.0,40.1,24.7,36.0,20.4
2023-05-12,MOCK_AWS_17,0.0,43.8,27.4,37.0,16.1
2023-05-13,MOCK_AWS_17,33.2,35.8,26.6,33.0,7.1
2023-05-14,MOCK_AWS_17,0.0,41.0,24.5,36.0,12.2
2023-05-15,MOCK_AWS_17,0.0,43.8,26.7,32.0,5.9
2023-05-16,MOCK_AWS_17,0.0,44.5,27.7,46.0,9.0
2023-05-17,MOCK_AWS_17,0.0,44.7,28.3,42.0,5.2
2023-05-18,MOCK_AWS_17,0.0,41.8,24.5,33.0,10.0
2023-05-19,MOCK_AWS_17,0.0,42.9,28.0,43.0,13.7
2023-05-20,MOCK_AWS_17,0.0,39.2,24.4,40.0,14.0
2023-05-21,MOCK_AWS_17,0.0,43.2,28.3,46.0,15.0
2023-05-22,MOCK_AWS_17,0.0,42.6,26.5,43.0,13.3
2023-05-23,MOCK_AWS_17,0.0,38.8,23.8,36.0,9.3
2023-05-24,MOCK_AWS_17,0.0,42.1,27.2,37.0,8.7
2023-05-25,MOCK_AWS_17,0.0,39.1,23.3,37.0,12.4
2023-05-26,MOCK_AWS_17,0.0,39.9,24.5,38.0,8.2
2023-05-27,MOCK_AWS_17,0.0,39.9,25.2,42.0,7.8
2023-05-28,MOCK_AWS_17,0.0,43.4,27.0,42.0,7.7
2023-05-29,MOCK_AWS_17,0.0,40.1,26.6,38.0,10.1
2023-05-30,MOCK_AWS_17,0.0,39.8,26.5,40.0,6.8
2023-05-31,MOCK_AWS_17,0.0,37.0,24.5,39.0,7.5
2023-06-01,MOCK_AWS_17,0.0,39.8,26.3,44.0,8.0
2023-06-02,MOCK_AWS_17,0.0,42.2,26.8,44.0,10.5
2023-06-03,MOCK_AWS_17,0.0,46.3,31.3,41.0,17.8
2023-06-04,MOCK_AWS_17,0.0,47.0,31.0,45.0,12.9
2023-06-05,MOCK_AWS_17,0.0,48.5,33.6,48.0,15.7
2023-06-06,MOCK_AWS_17,0.0,46.9,31.4,54.0,12.3
2023-06-07,MOCK_AWS_17,0.0,44.7,31.3,52.0,9.8
2023-06-08,MOCK_AWS_17,0.0,42.4,29.4,46.0,8.7
2023-06-09,MOCK_AWS_17,0.0,41.1,26.0,50.0,7.3
2023-06-10,MOCK_AWS_17,0.0,42.7,27.6,41.0,15.3
2023-06-11,MOCK_AWS_17,0.0,41.4,28.6,49.0,15.1
2023-06-12,MOCK_AWS_17,0.0,41.8,28.8,50.0,7.5
2023-06-13,MOCK_AWS_17,0.0,43.5,30.9,52.0,11.2
2023-06-14,MOCK_AWS_17,0.0,40.7,26.5,45.0,11.6
2023-06-15,MOCK_AWS_17,0.0,41.8,26.9,45.0,16.1
2023-06-16,MOCK_AWS_17,0.0,42.4,28.5,55.0,13.1
2023-06-17,MOCK_AWS_17,0.0,39.3,27.8,55.0,14.9
2023-06-18,MOCK_AWS_17,0.0,38.4,26.6,55.0,7.2
2023-06-19,MOCK_AWS_17,0.0,40.8,28.8,52.0,9.6
2023-06-20,MOCK_AWS_17,0.0,39.4,26.9,55.0,18.9
2023-06-21,MOCK_AWS_17,0.0,38.3,27.2,52.0,15.9
2023-06-22,MOCK_AWS_17,0.0,36.8,26.0,55.0,12.3
2023-06-23,MOCK_AWS_17,0.0,36.2,25.4,59.0,8.3
2023-06-24,MOCK_AWS_17,0.0,41.5,28.8,60.0,6.7
2023-06-25,MOCK_AWS_17,0.0,39.6,27.9,56.0,10.0
2023-06-26,MOCK_AWS_17,0.0,41.0,27.8,64.0,7.6
2023-06-27,MOCK_AWS_17,1.2,39.8,29.4,51.0,14.6
2023-06-28,MOCK_AWS_17,0.0,39.2,26.8,58.0,10.2
2023-06-29,MOCK_AWS_17,0.0,39.3,28.7,60.0,10.5
2023-06-30,MOCK_AWS_17,0.0,34.9,24.3,63.0,6.7
2023-07-01,MOCK_AWS_17,0.0,39.6,28.6,60.0,10.2
2023-07-02,MOCK_AWS_17,0.0,37.5,27.8,66.0,15.9
2023-07-03,MOCK_AWS_17,0.0,35.0,26.0,68.0,13.1
2023-07-04,MOCK_AWS_17,0.0,34.5,23.9,55.0,13.1
2023-07-05,MOCK_AWS_17,0.0,33.2,23.6,64.0,9.6
2023-07-06,MOCK_AWS_17,1.2,33.2,23.6,53.0,6.6
2023-07-07,MOCK_AWS_17,0.0,35.4,25.1,62.0,7.1
2023-07-08,MOCK_AWS_17,0.0,35.6,25.6,67.0,8.2
2023-07-09,MOCK_AWS_17,0.0,34.3,24.7,68.0,12.5
2023-07-10,MOCK_AWS_17,0.0,38.0,26.9,69.0,21.2
2023-07-11,MOCK_AWS_17,0.0,36.4,26.5,69.0,10.3
2023-07-12,MOCK_AWS_17,0.0,38.0,27.6,72.0,10.6
2023-07-13,MOCK_AWS_17,0.0,33.7,25.3,77.0,6.9
2023-07-14,MOCK_AWS_17,0.0,35.2,25.8,71.0,9.6
2023-07-15,MOCK_AWS_17,3.4,32.6,26.2,54.0,9.3
2023-07-16,MOCK_AWS_17,0.0,35.4,25.7,69.0,14.9
2023-07-17,MOCK_AWS_17,0.9,31.1,23.7,75.0,10.0
2023-07-18,MOCK_AWS_17,0.0,35.0,24.9,80.0,8.4
2023-07-19,MOCK_AWS_17,0.0,34.7,25.2,76.0,9.2
2023-07-20,MOCK_AWS_17,0.0,36.2,27.7,73.0,5.1
2023-07-21,MOCK_AWS_17,0.2,37.8,29.3,76.0,8.7
2023-07-22,MOCK_AWS_17,0.0,35.2,26.5,78.0,7.6
2023-07-23,MOCK_AWS_17,0.0,34.4,26.1,78.0,9.0
2023-07-24,MOCK_AWS_17,0.0,32.9,26.9,77.0,8.5
2023-07-25,MOCK_AWS_17,0.8,36.6,27.7,79.0,13.0
2023-07-26,MOCK_AWS_17,0.0,35.5,26.7,79.0,5.9
2023-07-27,MOCK_AWS_17,0.0,38.4,29.8,71.0,5.7
2023-07-28,MOCK_AWS_17,0.0,36.0,26.9,80.0,4.7
2023-07-29,MOCK_AWS_17,0.0,34.6,25.7,73.0,8.5
2023-07-30,MOCK_AWS_17,0.0,29.6,24.1,62.0,9.9
2023-07-31,MOCK_AWS_17,0.0,34.6,26.2,74.0,10.3
2023-08-01,MOCK_AWS_17,,,,,
2023-08-02,MOCK_AWS_17,0.0,32.9,24.3,76.0,10.0
2023-08-03,MOCK_AWS_17,0.0,35.1,26.8,79.0,7.7
2023-08-04,MOCK_AWS_17,0.0,34.9,26.0,75.0,9.4
2023-08-05,MOCK_AWS_17,0.0,24.7,22.6,68.0,5.9
2023-08-06,MOCK_AWS_17,0.0,31.8,23.4,85.0,7.3
2023-08-07,MOCK_AWS_17,0.0,34.4,27.2,77.0,4.9
2023-08-08,MOCK_AWS_17,0.0,35.4,26.5,79.0,10.6
2023-08-09,MOCK_AWS_17,0.0,34.4,26.0,71.0,7.4
2023-08-10,MOCK_AWS_17,0.0,33.2,25.9,78.0,8.4
2023-08-11,MOCK_AWS_17,0.0,33.2,25.5,72.0,5.0
2023-08-12,MOCK_AWS_17,0.0,32.5,25.5,83.0,6.1
2023-08-13,MOCK_AWS_17,0.0,31.7,24.2,72.0,8.3
2023-08-14,MOCK_AWS_17,0.0,31.6,23.4,79.0,6.6
2023-08-15,MOCK_AWS_17,0.0,28.4,25.4,63.0,7.1
2023-08-16,MOCK_AWS_17,86.8,26.5,24.9,62.0,5.5
2023-08-17,MOCK_AWS_17,0.0,33.4,24.8,77.0,5.9
2023-08-18,MOCK_AWS_17,0.0,32.9,26.0,79.0,5.0
2023-08-19,MOCK_AWS_17,0.0,31.9,23.9,73.0,8.1
2023-08-20,MOCK_AWS_17,0.0,31.4,24.3,73.0,8.4
2023-08-21,MOCK_AWS_17,0.0,32.4,25.7,81.0,7.0
2023-08-22,MOCK_AWS_17,0.0,33.6,24.3,74.0,8.2
2023-08-23,MOCK_AWS_17,0.0,35.8,26.7,81.0,8.3
2023-08-24,MOCK_AWS_17,0.0,35.3,26.2,79.0,8.3
2023-08-25,MOCK_AWS_17,0.0,32.3,24.6,71.0,6.7
2023-08-26,MOCK_AWS_17,0.0,34.3,26.2,80.0,8.7
2023-08-27,MOCK_AWS_17,,,,,
2023-08-28,MOCK_AWS_17,0.0,32.5,23.9,81.0,7.0
2023-08-29,MOCK_AWS_17,0.0,36.8,27.5,79.0,6.1
2023-08-30,MOCK_AWS_17,0.0,36.9,26.6,76.0,4.6
2023-08-31,MOCK_AWS_17,0.0,33.8,25.7,71.0,4.8
2023-09-01,MOCK_AWS_17,0.0,33.4,24.0,76.0,5.3
2023-09-02,MOCK_AWS_17,0.0,37.1,25.3,75.0,11.5
2023-09-03,MOCK_AWS_17,7.1,35.5,27.0,58.0,5.4
2023-09-04,MOCK_AWS_17,24.4,34.1,28.7,70.0,12.9
2023-09-05,MOCK_AWS_17,0.0,38.7,28.5,78.0,10.6
2023-09-06,MOCK_AWS_17,0.0,38.4,28.4,75.0,16.1
2023-09-07,MOCK_AWS_17,7.4,31.3,24.4,70.0,10.2
2023-09-08,MOCK_AWS_17,9.0,30.6,23.9,60.0,11.1
2023-09-09,MOCK_AWS_17,0.0,35.0,25.3,79.0,9.6
2023-09-10,MOCK_AWS_17,0.0,34.2,23.5,81.0,7.9
2023-09-11,MOCK_AWS_17,0.0,33.4,23.0,73.0,9.7
2023-09-12,MOCK_AWS_17,0.0,34.3,21.9,79.0,9.7
2023-09-13,MOCK_AWS_17,0.0,32.7,20.3,78.0,9.1
2023-09-14,MOCK_AWS_17,0.0,30.3,19.3,69.0,13.1
2023-09-15,MOCK_AWS_17,0.0,31.1,20.1,73.0,9.7
2023-09-16,MOCK_AWS_17,0.0,33.1,22.6,71.0,5.8
2023-09-17,MOCK_AWS_17,4.6,31.6,23.6,62.0,6.9
2023-09-18,MOCK_AWS_17,0.0,37.5,25.1,78.0,6.5
2023-09-19,MOCK_AWS_17,0.0,37.8,26.5,70.0,6.7
2023-09-20,MOCK_AWS_17,0.0,38.4,24.8,78.0,4.7
2023-09-21,MOCK_AWS_17,0.0,38.7,26.2,69.0,7.4
2023-09-22,MOCK_AWS_17,0.0,34.1,21.5,67.0,7.3
2023-09-23,MOCK_AWS_17,0.0,30.9,19.1,63.0,6.8
2023-09-24,MOCK_AWS_17,0.0,33.1,19.4,72.0,3.7
2023-09-25,MOCK_AWS_17,0.0,37.2,23.0,70.0,6.8
2023-09-26,MOCK_AWS_17,0.0,32.5,19.5,69.0,7.4
2023-09-27,MOCK_AWS_17,0.0,26.7,18.1,53.0,7.1
2023-09-28,MOCK_AWS_17,0.0,32.6,19.7,60.0,4.6
2023-09-29,MOCK_AWS_17,0.0,33.5,21.1,72.0,8.5
2023-09-30,MOCK_AWS_17,0.0,33.2,20.6,72.0,4.2
2023-10-01,MOCK_AWS_17,0.0,32.1,20.4,60.0,4.5
2023-10-02,MOCK_AWS_17,0.0,31.2,18.0,62.0,3.0
2023-10-03,MOCK_AWS_17,0.0,32.0,18.3,62.0,5.4
2023-10-04,MOCK_AWS_17,0.0,32.5,17.6,60.0,5.1
2023-10-05,MOCK_AWS_17,0.0,29.5,16.4,69.0,2.4
2023-10-06,MOCK_AWS_17,0.0,29.6,15.7,61.0,4.0
2023-10-07,MOCK_AWS_17,0.0,29.8,16.6,56.0,4.9
2023-10-08,MOCK_AWS_17,0.0,32.7,19.3,54.0,4.8
2023-10-09,MOCK_AWS_17,0.0,31.8,17.9,53.0,10.1
2023-10-10,MOCK_AWS_17,0.0,33.2,18.4,54.0,4.6
2023-10-11,MOCK_AWS_17,0.0,32.3,18.7,57.0,4.0
2023-10-12,MOCK_AWS_17,0.0,31.6,16.7,61.0,3.6
2023-10-13,MOCK_AWS_17,0.0,31.6,15.4,54.0,4.5
2023-10-14,MOCK_AWS_17,0.0,31.3,17.0,50.0,5.1
2023-10-15,MOCK_AWS_17,0.0,33.1,18.0,61.0,2.7
2023-10-16,MOCK_AWS_17,0.0,32.4,16.3,56.0,5.3
2023-10-17,MOCK_AWS_17,0.0,33.9,17.7,56.0,4.2
2023-10-18,MOCK_AWS_17,0.0,33.8,17.7,61.0,2.2
2023-10-19,MOCK_AWS_17,0.0,30.3,14.5,54.0,2.8
2023-10-20,MOCK_AWS_17,0.0,34.2,19.3,60.0,3.0
2023-10-21,MOCK_AWS_17,0.0,35.0,18.8,60.0,4.1
2023-10-22,MOCK_AWS_17,0.0,31.1,15.7,60.0,7.6
2023-10-23,MOCK_AWS_17,0.0,33.1,18.4,64.0,5.7
2023-10-24,MOCK_AWS_17,0.0,32.0,14.8,58.0,6.9
2023-10-25,MOCK_AWS_17,0.0,31.6,16.0,55.0,1.2
2023-10-26,MOCK_AWS_17,0.0,28.4,12.7,52.0,3.3
2023-10-27,MOCK_AWS_17,0.0,25.9,9.7,53.0,3.6
2023-10-28,MOCK_AWS_17,0.0,26.0,10.4,58.0,4.7
2023-10-29,MOCK_AWS_17,0.0,24.8,9.5,56.0,5.9
2023-10-30,MOCK_AWS_17,0.0,30.1,13.3,63.0,6.7
2023-10-31,MOCK_AWS_17,0.0,28.7,13.2,55.0,2.7
2023-11-01,MOCK_AWS_17,0.0,27.5,13.2,52.0,3.6
2023-11-02,MOCK_AWS_17,0.0,29.1,12.6,52.0,2.8
2023-11-03,MOCK_AWS_17,0.0,29.8,13.5,60.0,2.9
2023-11-04,MOCK_AWS_17,0.0,29.7,12.5,69.0,4.8
2023-11-05,MOCK_AWS_17,0.0,31.1,13.5,59.0,5.2
2023-11-06,MOCK_AWS_17,0.0,32.8,15.5,54.0,3.7
2023-11-07,MOCK_AWS_17,0.0,31.9,12.7,58.0,3.9
2023-11-08,MOCK_AWS_17,0.0,31.1,13.7,61.0,8.5
2023-11-09,MOCK_AWS_17,0.0,33.4,14.8,60.0,7.3
2023-11-10,MOCK_AWS_17,0.0,32.4,13.5,59.0,7.0
2023-11-11,MOCK_AWS_17,0.0,27.8,12.6,56.0,4.6
2023-11-12,MOCK_AWS_17,0.0,28.1,11.9,53.0,3.7
2023-11-13,MOCK_AWS_17,0.0,26.3,11.7,62.0,2.7
2023-11-14,MOCK_AWS_17,0.0,28.6,10.8,56.0,5.2
2023-11-15,MOCK_AWS_17,0.0,29.6,12.2,64.0,4.8
2023-11-16,MOCK_AWS_17,0.0,27.6,11.4,54.0,4.9
2023-11-17,MOCK_AWS_17,0.0,28.5,12.5,59.0,6.4
2023-11-18,MOCK_AWS_17,0.0,30.6,14.0,65.0,3.7
2023-11-19,MOCK_AWS_17,0.0,30.8,14.2,61.0,6.9
2023-11-20,MOCK_AWS_17,0.0,31.3,13.7,68.0,3.3
2023-11-21,MOCK_AWS_17,0.0,30.1,13.8,59.0,2.4
2023-11-22,MOCK_AWS_17,0.0,28.1,11.7,61.0,4.7
2023-11-23,MOCK_AWS_17,0.0,26.0,9.9,64.0,4.6
2023-11-24,MOCK_AWS_17,0.0,27.3,11.2,63.0,4.5
2023-11-25,MOCK_AWS_17,0.0,27.1,11.4,61.0,4.6
2023-11-26,MOCK_AWS_17,0.0,24.2,7.3,67.0,4.2
2023-11-27,MOCK_AWS_17,0.0,24.4,9.0,67.0,3.5
2023-11-28,MOCK_AWS_17,0.0,23.8,8.0,64.0,7.7
2023-11-29,MOCK_AWS_17,,,,,
2023-11-30,MOCK_AWS_17,0.0,24.2,9.1,51.0,1.5
2023-12-01,MOCK_AWS_17,0.0,24.5,9.6,66.0,2.1
2023-12-02,MOCK_AWS_17,0.0,25.7,10.5,65.0,3.3
2023-12-03,MOCK_AWS_17,0.0,26.0,10.4,69.0,3.1
2023-12-04,MOCK_AWS_17,0.0,24.8,9.3,65.0,4.5
2023-12-05,MOCK_AWS_17,0.0,24.8,11.2,63.0,3.0
2023-12-06,MOCK_AWS_17,0.0,24.9,9.4,71.0,5.6
2023-12-07,MOCK_AWS_17,0.0,24.0,8.0,59.0,9.6
2023-12-08,MOCK_AWS_17,0.0,24.1,9.0,57.0,4.6
2023-12-09,MOCK_AWS_17,0.0,21.8,7.6,66.0,4.6
2023-12-10,MOCK_AWS_17,0.0,21.0,4.1,67.0,7.5
2023-12-11,MOCK_AWS_17,0.0,19.2,5.3,65.0,5.1
2023-12-12,MOCK_AWS_17,0.0,17.0,8.2,61.0,3.5
2023-12-13,MOCK_AWS_17,0.0,19.7,5.1,66.0,1.1
2023-12-14,MOCK_AWS_17,0.0,19.2,5.3,68.0,4.0
2023-12-15,MOCK_AWS_17,0.0,13.5,3.3,69.0,3.8
2023-12-16,MOCK_AWS_17,0.0,17.9,6.0,70.0,4.4
2023-12-17,MOCK_AWS_17,,,,,
2023-12-18,MOCK_AWS_17,0.0,18.8,5.2,64.0,5.3
2023-12-19,MOCK_AWS_17,0.0,22.6,7.8,59.0,5.9
2023-12-20,MOCK_AWS_17,0.0,17.3,7.0,67.0,5.3
2023-12-21,MOCK_AWS_17,0.0,18.7,4.1,68.0,3.6
2023-12-22,MOCK_AWS_17,0.0,18.9,4.4,65.0,4.0
2023-12-23,MOCK_AWS_17,0.0,17.8,4.5,68.0,3.3
2023-12-24,MOCK_AWS_17,0.0,18.5,4.5,67.0,1.3
2023-12-25,MOCK_AWS_17,0.0,20.1,6.7,66.0,3.3
2023-12-26,MOCK_AWS_17,0.0,23.0,7.3,65.0,4.1
2023-12-27,MOCK_AWS_17,0.0,19.2,9.0,67.0,5.0
2023-12-28,MOCK_AWS_17,0.0,25.6,10.2,70.0,2.9
2023-12-29,MOCK_AWS_17,0.0,23.2,8.3,66.0,4.4
2023-12-30,MOCK_AWS_17,0.0,23.2,8.8,63.0,3.5
2023-12-31,MOCK_AWS_17,0.0,20.6,6.8,62.0,3.1
2024-01-01,MOCK_AWS_17,0.0,20.7,5.3,66.0,4.7
2024-01-02,MOCK_AWS_17,0.0,17.2,2.9,59.0,3.4
2024-01-03,MOCK_AWS_17,0.0,21.2,6.8,61.0,7.4
2024-01-04,MOCK_AWS_17,0.0,23.0,8.2,71.0,4.9
2024-01-05,MOCK_AWS_17,0.0,24.3,11.3,64.0,4.6
2024-01-06,MOCK_AWS_17,0.0,25.9,10.8,77.0,7.5
2024-01-07,MOCK_AWS_17,0.0,25.8,9.9,60.0,3.3
2024-01-08,MOCK_AWS_17,0.0,23.9,7.6,69.0,7.6
2024-01-09,MOCK_AWS_17,0.0,24.9,8.8,60.0,3.1
2024-01-10,MOCK_AWS_17,0.0,20.0,9.3,63.0,9.5
2024-01-11,MOCK_AWS_17,0.0,20.1,5.9,59.0,9.2
2024-01-12,MOCK_AWS_17,0.0,21.9,6.9,59.0,6.7
2024-01-13,MOCK_AWS_17,0.0,18.4,3.8,61.0,5.0
2024-01-14,MOCK_AWS_17,0.0,18.3,5.6,67.0,3.9
2024-01-15,MOCK_AWS_17,0.0,20.1,7.7,64.0,5.6
2024-01-16,MOCK_AWS_17,0.0,19.9,6.3,77.0,3.7
2024-01-17,MOCK_AWS_17,0.0,18.3,6.1,69.0,4.0
2024-01-18,MOCK_AWS_17,0.0,20.3,8.9,59.0,4.8
2024-01-19,MOCK_AWS_17,0.0,19.7,8.5,67.0,3.1
2024-01-20,MOCK_AWS_17,0.0,22.7,9.4,71.0,5.8
2024-01-21,MOCK_AWS_17,0.0,23.2,8.6,58.0,3.9
2024-01-22,MOCK_AWS_17,0.0,24.7,9.6,63.0,3.7
2024-01-23,MOCK_AWS_17,0.0,25.4,10.2,69.0,3.7
2024-01-24,MOCK_AWS_17,4.1,18.3,9.4,49.0,2.2
2024-01-25,MOCK_AWS_17,0.0,20.3,6.4,61.0,2.5
2024-01-26,MOCK_AWS_17,0.0,19.4,6.3,66.0,3.5
2024-01-27,MOCK_AWS_17,1.6,19.4,7.0,52.0,7.4
2024-01-28,MOCK_AWS_17,4.7,20.4,8.3,58.0,9.2
2024-01-29,MOCK_AWS_17,1.1,22.7,10.9,49.0,8.6
2024-01-30,MOCK_AWS_17,22.1,19.9,8.9,51.0,7.0
2024-01-31,MOCK_AWS_17,2.5,21.6,11.9,52.0,4.1
2024-02-01,MOCK_AWS_17,0.0,27.8,10.7,68.0,6.4
2024-02-02,MOCK_AWS_17,0.0,26.4,11.6,62.0,5.8
2024-02-03,MOCK_AWS_17,0.6,23.5,9.6,59.0,4.3
2024-02-04,MOCK_AWS_17,1.6,25.7,10.9,49.0,4.4
2024-02-05,MOCK_AWS_17,5.8,21.7,10.8,52.0,5.1
2024-02-06,MOCK_AWS_17,0.0,24.9,10.3,54.0,3.0
2024-02-07,MOCK_AWS_17,0.0,26.3,11.7,72.0,4.1
2024-02-08,MOCK_AWS_17,0.0,27.6,11.5,56.0,3.4
2024-02-09,MOCK_AWS_17,0.0,26.6,10.4,65.0,4.6
2024-02-10,MOCK_AWS_17,4.3,23.7,10.9,50.0,5.8
2024-02-11,MOCK_AWS_17,,,,,
2024-02-12,MOCK_AWS_17,0.0,22.0,8.6,64.0,2.7
2024-02-13,MOCK_AWS_17,0.0,25.3,9.6,61.0,3.0
2024-02-14,MOCK_AWS_17,0.0,24.9,10.4,60.0,4.2
2024-02-15,MOCK_AWS_17,0.0,26.7,10.6,66.0,3.4
2024-02-16,MOCK_AWS_17,0.0,24.6,10.2,57.0,5.1
2024-02-17,MOCK_AWS_17,0.0,26.1,9.5,66.0,7.6
2024-02-18,MOCK_AWS_17,0.0,27.4,10.7,58.0,9.1
2024-02-19,MOCK_AWS_17,0.0,29.3,14.6,60.0,7.8
2024-02-20,MOCK_AWS_17,0.0,25.8,9.6,54.0,7.5
2024-02-21,MOCK_AWS_17,0.0,26.6,10.9,64.0,7.7
2024-02-22,MOCK_AWS_17,0.0,27.3,12.2,57.0,6.4
2024-02-23,MOCK_AWS_17,0.0,26.0,11.3,58.0,8.2
2024-02-24,MOCK_AWS_17,0.0,23.2,7.2,60.0,3.5
2024-02-25,MOCK_AWS_17,5.1,20.4,6.5,51.0,7.5
2024-02-26,MOCK_AWS_17,0.0,23.7,8.5,56.0,7.4
2024-02-27,MOCK_AWS_17,0.0,29.0,12.6,59.0,6.8
2024-02-28,MOCK_AWS_17,,,,,
2024-02-29,MOCK_AWS_17,0.0,30.9,14.2,55.0,4.1
2024-03-01,MOCK_AWS_17,,,,,
2024-03-02,MOCK_AWS_17,0.0,23.8,8.0,60.0,2.3
2024-03-03,MOCK_AWS_17,0.0,20.8,7.9,53.0,6.4
2024-03-04,MOCK_AWS_17,0.0,25.4,10.1,55.0,5.8
2024-03-05,MOCK_AWS_17,0.0,27.1,11.7,56.0,6.7
2024-03-06,MOCK_AWS_17,,,,,
2024-03-07,MOCK_AWS_17,0.0,30.1,13.6,53.0,7.6
2024-03-08,MOCK_AWS_17,0.0,29.0,13.5,58.0,10.0
2024-03-09,MOCK_AWS_17,0.0,32.5,16.0,53.0,7.7
2024-03-10,MOCK_AWS_17,0.0,34.8,16.5,55.0,8.7
2024-03-11,MOCK_AWS_17,,,,,
2024-03-12,MOCK_AWS_17,0.0,31.3,14.6,51.0,10.2
2024-03-13,MOCK_AWS_17,2.9,29.2,15.4,47.0,4.5
2024-03-14,MOCK_AWS_17,0.0,30.5,13.6,47.0,7.4
2024-03-15,MOCK_AWS_17,0.0,27.2,12.8,50.0,6.7
2024-03-16,MOCK_AWS_17,29.0,21.1,11.9,42.0,6.4
2024-03-17,MOCK_AWS_17,0.2,28.9,13.8,52.0,12.9
2024-03-18,MOCK_AWS_17,0.0,31.3,14.8,46.0,6.9
2024-03-19,MOCK_AWS_17,0.0,34.0,17.2,53.0,6.4
2024-03-20,MOCK_AWS_17,0.0,33.7,16.7,53.0,6.5
2024-03-21,MOCK_AWS_17,0.0,32.5,16.1,50.0,6.5
2024-03-22,MOCK_AWS_17,0.0,38.2,19.4,52.0,8.8
2024-03-23,MOCK_AWS_17,0.0,35.7,19.3,50.0,6.6
2024-03-24,MOCK_AWS_17,0.0,34.5,18.1,43.0,5.2
2024-03-25,MOCK_AWS_17,0.0,35.1,19.0,55.0,9.7
2024-03-26,MOCK_AWS_17,0.0,33.7,17.7,47.0,10.8
2024-03-27,MOCK_AWS_17,0.0,33.8,17.4,45.0,7.7
2024-03-28,MOCK_AWS_17,0.0,31.6,16.3,43.0,5.2
2024-03-29,MOCK_AWS_17,0.0,33.4,15.9,47.0,10.4
2024-03-30,MOCK_AWS_17,0.0,35.6,18.0,41.0,8.3
2024-03-31,MOCK_AWS_17,,,,,
2024-04-01,MOCK_AWS_17,0.0,37.1,19.3,44.0,7.7
2024-04-02,MOCK_AWS_17,0.0,38.5,20.5,41.0,6.3
2024-04-03,MOCK_AWS_17,4.7,37.6,21.3,37.0,9.3
2024-04-04,MOCK_AWS_17,0.0,37.3,20.4,41.0,12.3
2024-04-05,MOCK_AWS_17,0.0,35.3,19.1,42.0,13.2
2024-04-06,MOCK_AWS_17,,,,,
2024-04-07,MOCK_AWS_17,0.0,36.3,19.4,41.0,5.4
2024-04-08,MOCK_AWS_17,0.0,34.4,18.8,39.0,8.8
2024-04-09,MOCK_AWS_17,0.0,35.8,18.5,44.0,5.0
2024-04-10,MOCK_AWS_17,0.0,31.6,15.8,44.0,7.9
2024-04-11,MOCK_AWS_17,0.0,35.3,18.7,45.0,8.5
2024-04-12,MOCK_AWS_17,0.0,34.8,18.7,38.0,7.7
2024-04-13,MOCK_AWS_17,0.0,32.7,14.6,39.0,6.3
2024-04-14,MOCK_AWS_17,,,,,
2024-04-15,MOCK_AWS_17,0.0,37.1,19.8,40.0,11.9
2024-04-16,MOCK_AWS_17,0.0,38.2,20.6,41.0,10.6
2024-04-17,MOCK_AWS_17,0.0,40.7,22.8,42.0,10.1
2024-04-18,MOCK_AWS_17,0.0,42.4,23.7,35.0,10.3
2024-04-19,MOCK_AWS_17,0.0,44.7,25.7,39.0,9.6
2024-04-20,MOCK_AWS_17,0.0,42.7,23.8,35.0,6.9
2024-04-21,MOCK_AWS_17,3.3,42.0,27.2,36.0,12.2
2024-04-22,MOCK_AWS_17,0.0,44.5,25.7,40.0,14.5
2024-04-23,MOCK_AWS_17,0.0,40.7,22.5,39.0,14.0
2024-04-24,MOCK_AWS_17,0.0,37.1,20.8,38.0,10.4
2024-04-25,MOCK_AWS_17,0.0,37.7,22.3,39.0,8.9
2024-04-26,MOCK_AWS_17,0.0,37.6,21.0,41.0,10.2
2024-04-27,MOCK_AWS_17,0.0,38.0,21.5,36.0,7.4
2024-04-28,MOCK_AWS_17,0.0,39.9,23.1,43.0,5.8
2024-04-29,MOCK_AWS_17,0.0,39.4,22.7,45.0,10.5
2024-04-30,MOCK_AWS_17,0.0,37.8,20.7,35.0,6.1
2024-05-01,MOCK_AWS_17,0.0,35.3,20.3,38.0,6.1
2024-05-02,MOCK_AWS_17,0.0,37.7,21.0,39.0,4.3
2024-05-03,MOCK_AWS_17,0.0,40.3,22.7,40.0,8.2
2024-05-04,MOCK_AWS_17,0.0,36.6,21.1,38.0,6.9
2024-05-05,MOCK_AWS_17,0.0,40.6,25.4,34.0,4.5
2024-05-06,MOCK_AWS_17,0.0,42.3,25.8,36.0,8.5
2024-05-07,MOCK_AWS_17,0.0,43.7,25.0,35.0,10.6
2024-05-08,MOCK_AWS_17,0.0,41.5,25.5,42.0,16.4
2024-05-09,MOCK_AWS_17,0.0,42.6,25.3,41.0,14.6
2024-05-10,MOCK_AWS_17,0.0,41.8,25.0,39.0,14.5
2024-05-11,MOCK_AWS_17,0.0,41.4,26.9,41.0,10.4
2024-05-12,MOCK_AWS_17,0.0,44.1,27.3,40.0,21.6
2024-05-13,MOCK_AWS_17,0.0,45.6,29.0,39.0,24.1
2024-05-14,MOCK_AWS_17,0.0,44.4,27.8,39.0,20.8
2024-05-15,MOCK_AWS_17,0.0,42.6,27.1,42.0,12.9
2024-05-16,MOCK_AWS_17,,,,,
2024-05-17,MOCK_AWS_17,,,,,
2024-05-18,MOCK_AWS_17,,,,,
2024-05-19,MOCK_AWS_17,,,,,
2024-05-20,MOCK_AWS_17,,,,,
2024-05-21,MOCK_AWS_17,,,,,
2024-05-22,MOCK_AWS_17,,,,,
2024-05-23,MOCK_AWS_17,,,,,
2024-05-24,MOCK_AWS_17,,,,,
2024-05-25,MOCK_AWS_17,,,,,
2024-05-26,MOCK_AWS_17,,,,,
2024-05-27,MOCK_AWS_17,,,,,
2024-05-28,MOCK_AWS_17,,,,,
2024-05-29,MOCK_AWS_17,,,,,
2024-05-30,MOCK_AWS_17,,,,,
2024-05-31,MOCK_AWS_17,,,,,
2024-06-01,MOCK_AWS_17,,,,,
2024-06-02,MOCK_AWS_17,,,,,
2024-06-03,MOCK_AWS_17,,,,,
2024-06-04,MOCK_AWS_17,,,,,
2024-06-05,MOCK_AWS_17,,,,,
2024-06-06,MOCK_AWS_17,,,,,
2024-06-07,MOCK_AWS_17,,,,,
2024-06-08,MOCK_AWS_17,,,,,
2024-06-09,MOCK_AWS_17,,,,,
2024-06-10,MOCK_AWS_17,0.0,38.1,25.7,46.0,16.3
2024-06-11,MOCK_AWS_17,0.0,38.9,25.4,38.0,16.9
2024-06-12,MOCK_AWS_17,0.0,37.8,24.3,47.0,6.5
2024-06-13,MOCK_AWS_17,0.0,39.2,26.8,54.0,8.7
2024-06-14,MOCK_AWS_17,0.0,39.4,26.1,48.0,9.5
2024-06-15,MOCK_AWS_17,0.0,39.6,27.4,46.0,10.7
2024-06-16,MOCK_AWS_17,0.0,38.1,26.6,50.0,11.1
2024-06-17,MOCK_AWS_17,0.0,38.4,27.6,61.0,15.0
2024-06-18,MOCK_AWS_17,0.0,38.9,27.1,59.0,7.6
2024-06-19,MOCK_AWS_17,0.0,36.9,26.2,56.0,13.2
2024-06-20,MOCK_AWS_17,0.0,38.5,26.4,51.0,9.1
2024-06-21,MOCK_AWS_17,40.1,34.5,29.4,45.0,11.2
2024-06-22,MOCK_AWS_17,5.9,34.8,25.3,47.0,12.0
2024-06-23,MOCK_AWS_17,2.8,33.7,24.6,51.0,8.2
2024-06-24,MOCK_AWS_17,0.0,39.2,27.8,61.0,9.5
2024-06-25,MOCK_AWS_17,0.0,40.0,27.8,55.0,8.2
2024-06-26,MOCK_AWS_17,0.0,37.6,27.2,49.0,14.4
2024-06-27,MOCK_AWS_17,0.0,43.5,30.3,56.0,12.7
2024-06-28,MOCK_AWS_17,3.8,37.3,28.9,45.0,11.0
2024-06-29,MOCK_AWS_17,26.5,31.3,27.5,46.0,5.5
2024-06-30,MOCK_AWS_17,0.0,37.0,25.1,58.0,8.1
2024-07-01,MOCK_AWS_17,0.0,38.2,28.0,58.0,13.0
2024-07-02,MOCK_AWS_17,0.0,35.5,24.4,63.0,12.8
2024-07-03,MOCK_AWS_17,0.0,34.8,24.6,62.0,10.3
2024-07-04,MOCK_AWS_17,9.2,30.0,25.6,55.0,8.0
2024-07-05,MOCK_AWS_17,0.6,32.2,23.2,73.0,11.7
2024-07-06,MOCK_AWS_17,10.8,28.9,22.9,50.0,10.6
2024-07-07,MOCK_AWS_17,0.0,35.2,25.6,67.0,4.6
2024-07-08,MOCK_AWS_17,0.0,34.7,25.0,67.0,2.4
2024-07-09,MOCK_AWS_17,0.0,31.5,22.6,66.0,3.3
2024-07-10,MOCK_AWS_17,2.2,29.4,23.8,61.0,4.3
2024-07-11,MOCK_AWS_17,0.3,29.3,23.6,69.0,5.0
2024-07-12,MOCK_AWS_17,0.0,33.8,24.4,75.0,4.7
2024-07-13,MOCK_AWS_17,0.0,33.6,26.1,80.0,6.1
2024-07-14,MOCK_AWS_17,0.0,32.3,24.6,75.0,7.1
2024-07-15,MOCK_AWS_17,,,,,
2024-07-16,MOCK_AWS_17,0.0,34.8,27.2,79.0,11.7
2024-07-17,MOCK_AWS_17,0.0,34.3,26.2,76.0,11.3
2024-07-18,MOCK_AWS_17,0.0,30.1,24.1,80.0,8.4
2024-07-19,MOCK_AWS_17,0.0,30.4,21.9,69.0,9.4
2024-07-20,MOCK_AWS_17,0.0,32.4,25.6,76.0,11.9
2024-07-21,MOCK_AWS_17,0.0,31.4,23.8,82.0,8.1
2024-07-22,MOCK_AWS_17,,,,,
2024-07-23,MOCK_AWS_17,0.0,33.4,24.3,78.0,9.2
2024-07-24,MOCK_AWS_17,2.3,30.8,23.7,65.0,4.6
2024-07-25,MOCK_AWS_17,0.0,33.7,25.2,78.0,7.2
2024-07-26,MOCK_AWS_17,0.0,32.6,24.0,75.0,5.9
2024-07-27,MOCK_AWS_17,0.0,36.2,27.7,72.0,5.7
2024-07-28,MOCK_AWS_17,0.0,37.5,29.3,82.0,8.7
2024-07-29,MOCK_AWS_17,0.0,36.8,28.7,75.0,6.3
2024-07-30,MOCK_AWS_17,0.0,37.6,29.1,64.0,4.6
2024-07-31,MOCK_AWS_17,0.0,37.9,28.4,77.0,8.9
2024-08-01,MOCK_AWS_17,19.2,32.5,28.4,66.0,6.1
2024-08-02,MOCK_AWS_17,0.0,36.9,29.4,76.0,12.3
2024-08-03,MOCK_AWS_17,,,,,
2024-08-04,MOCK_AWS_17,1.2,37.2,28.6,63.0,5.0
2024-08-05,MOCK_AWS_17,0.0,37.8,28.0,79.0,7.2
2024-08-06,MOCK_AWS_17,0.0,37.9,28.6,83.0,5.0
2024-08-07,MOCK_AWS_17,0.0,39.2,29.7,76.0,7.6
2024-08-08,MOCK_AWS_17,0.0,41.3,31.6,74.0,8.2
2024-08-09,MOCK_AWS_17,0.0,36.5,28.5,82.0,8.7
2024-08-10,MOCK_AWS_17,0.0,36.4,26.7,80.0,6.4
2024-08-11,MOCK_AWS_17,0.0,34.5,26.3,82.0,9.6
2024-08-12,MOCK_AWS_17,0.0,24.5,22.9,65.0,6.9
2024-08-13,MOCK_AWS_17,0.0,35.2,28.0,77.0,14.8
2024-08-14,MOCK_AWS_17,0.0,33.7,24.6,85.0,9.5
2024-08-15,MOCK_AWS_17,,,,,
2024-08-16,MOCK_AWS_17,0.0,31.5,24.1,76.0,10.4
2024-08-17,MOCK_AWS_17,0.0,32.1,24.9,80.0,6.4
2024-08-18,MOCK_AWS_17,0.0,32.5,24.0,78.0,9.2
2024-08-19,MOCK_AWS_17,0.0,34.6,26.1,66.0,6.3
2024-08-20,MOCK_AWS_17,0.0,34.1,26.6,70.0,4.0
2024-08-21,MOCK_AWS_17,0.0,36.7,25.9,86.0,4.2
2024-08-22,MOCK_AWS_17,0.0,35.2,27.0,76.0,7.0
2024-08-23,MOCK_AWS_17,30.1,27.9,25.6,64.0,7.9
2024-08-24,MOCK_AWS_17,0.0,33.3,24.5,83.0,9.8
2024-08-25,MOCK_AWS_17,0.0,34.5,25.6,72.0,7.9
2024-08-26,MOCK_AWS_17,0.0,34.0,25.1,82.0,6.3
2024-08-27,MOCK_AWS_17,0.0,33.6,23.8,82.0,3.0
2024-08-28,MOCK_AWS_17,0.0,30.7,22.5,84.0,8.7
2024-08-29,MOCK_AWS_17,0.0,32.9,23.3,76.0,8.6
2024-08-30,MOCK_AWS_17,0.0,34.3,25.5,78.0,6.4
2024-08-31,MOCK_AWS_17,0.0,34.0,23.0,75.0,6.5
2024-09-01,MOCK_AWS_17,0.0,30.6,20.7,78.0,4.2
2024-09-02,MOCK_AWS_17,0.0,32.5,24.0,73.0,6.6
2024-09-03,MOCK_AWS_17,0.0,33.4,25.1,72.0,5.8
2024-09-04,MOCK_AWS_17,0.0,36.7,25.7,79.0,2.8
2024-09-05,MOCK_AWS_17,0.0,37.8,26.6,75.0,0.9
2024-09-06,MOCK_AWS_17,0.0,38.1,27.1,76.0,7.3
2024-09-07,MOCK_AWS_17,0.0,27.9,23.9,60.0,3.8
2024-09-08,MOCK_AWS_17,7.4,29.6,22.8,66.0,1.7
2024-09-09,MOCK_AWS_17,3.0,33.1,25.1,62.0,4.8
2024-09-10,MOCK_AWS_17,,,,,
2024-09-11,MOCK_AWS_17,0.0,31.3,21.5,72.0,8.4
2024-09-12,MOCK_AWS_17,0.0,30.4,20.2,72.0,6.1
2024-09-13,MOCK_AWS_17,0.0,32.1,21.1,74.0,6.0
2024-09-14,MOCK_AWS_17,0.0,32.3,21.6,75.0,8.0
2024-09-15,MOCK_AWS_17,0.0,29.7,19.8,74.0,9.0
2024-09-16,MOCK_AWS_17,0.0,32.7,22.7,77.0,12.9
2024-09-17,MOCK_AWS_17,0.0,34.0,22.6,68.0,10.4
2024-09-18,MOCK_AWS_17,0.0,36.4,22.8,71.0,9.0
2024-09-19,MOCK_AWS_17,0.0,38.0,24.7,71.0,7.4
2024-09-20,MOCK_AWS_17,0.0,35.0,22.9,81.0,6.4
2024-09-21,MOCK_AWS_17,0.0,35.6,23.0,70.0,6.7
2024-09-22,MOCK_AWS_17,0.0,34.0,23.0,70.0,6.2
2024-09-23,MOCK_AWS_17,12.9,31.7,23.4,58.0,3.1
2024-09-24,MOCK_AWS_17,0.0,37.1,23.0,64.0,4.1
2024-09-25,MOCK_AWS_17,0.0,35.0,21.6,66.0,3.1
2024-09-26,MOCK_AWS_17,0.0,32.8,21.2,61.0,5.0
2024-09-27,MOCK_AWS_17,0.0,33.2,18.5,64.0,4.3
2024-09-28,MOCK_AWS_17,0.0,35.0,22.1,59.0,4.6
2024-09-29,MOCK_AWS_17,0.0,33.6,19.9,72.0,7.0
2024-09-30,MOCK_AWS_17,0.0,31.0,18.0,61.0,6.0
2024-10-01,MOCK_AWS_17,0.0,32.7,20.8,59.0,6.2
2024-10-02,MOCK_AWS_17,0.0,30.7,18.1,67.0,6.4
2024-10-03,MOCK_AWS_17,0.0,30.5,17.5,59.0,7.7
2024-10-04,MOCK_AWS_17,,,,,
2024-10-05,MOCK_AWS_17,0.0,32.4,18.2,62.0,10.7
2024-10-06,MOCK_AWS_17,0.0,33.5,19.0,53.0,4.9
2024-10-07,MOCK_AWS_17,0.0,34.4,18.7,64.0,4.9
2024-10-08,MOCK_AWS_17,0.0,31.3,17.5,62.0,6.1
2024-10-09,MOCK_AWS_17,0.0,33.5,20.0,61.0,5.6
2024-10-10,MOCK_AWS_17,0.0,34.6,19.2,61.0,5.8
2024-10-11,MOCK_AWS_17,0.0,35.5,20.2,54.0,7.1
2024-10-12,MOCK_AWS_17,0.0,34.6,19.2,58.0,5.9
2024-10-13,MOCK_AWS_17,0.0,30.8,15.9,61.0,5.7
2024-10-14,MOCK_AWS_17,0.0,35.5,18.0,57.0,5.0
2024-10-15,MOCK_AWS_17,0.0,30.5,16.8,57.0,2.5
2024-10-16,MOCK_AWS_17,0.0,30.1,15.3,62.0,0.9
2024-10-17,MOCK_AWS_17,0.0,33.7,17.0,58.0,3.8
2024-10-18,MOCK_AWS_17,0.0,33.4,18.4,59.0,4.0
2024-10-19,MOCK_AWS_17,0.0,34.7,17.4,54.0,3.6
2024-10-20,MOCK_AWS_17,0.0,30.2,13.8,54.0,4.2
2024-10-21,MOCK_AWS_17,0.0,28.9,14.2,62.0,3.7
2024-10-22,MOCK_AWS_17,0.0,28.0,13.9,56.0,4.5
2024-10-23,MOCK_AWS_17,,,,,
2024-10-24,MOCK_AWS_17,0.0,27.7,11.6,61.0,3.9
2024-10-25,MOCK_AWS_17,0.0,31.0,14.8,59.0,4.4
2024-10-26,MOCK_AWS_17,0.0,33.4,17.3,62.0,7.5
2024-10-27,MOCK_AWS_17,0.0,29.9,15.3,56.0,7.0
2024-10-28,MOCK_AWS_17,0.0,31.6,15.4,62.0,6.6
2024-10-29,MOCK_AWS_17,0.0,28.3,14.0,64.0,5.7
2024-10-30,MOCK_AWS_17,0.0,31.3,14.9,59.0,4.0
2024-10-31,MOCK_AWS_17,0.0,30.2,14.3,54.0,4.7
2024-11-01,MOCK_AWS_17,0.0,28.9,12.2,64.0,4.2
2024-11-02,MOCK_AWS_17,0.0,30.9,15.1,48.0,3.1
2024-11-03,MOCK_AWS_17,0.0,32.5,15.3,54.0,1.0
2024-11-04,MOCK_AWS_17,0.0,28.4,11.3,56.0,3.9
2024-11-05,MOCK_AWS_17,0.0,29.2,10.9,52.0,2.9
2024-11-06,MOCK_AWS_17,0.0,27.9,11.9,57.0,4.0
2024-11-07,MOCK_AWS_17,0.0,24.1,8.8,54.0,3.7
2024-11-08,MOCK_AWS_17,0.0,24.0,6.7,57.0,3.4
2024-11-09,MOCK_AWS_17,0.0,23.7,8.5,59.0,4.1
2024-11-10,MOCK_AWS_17,0.0,28.2,10.6,61.0,4.7
2024-11-11,MOCK_AWS_17,0.0,29.9,12.1,61.0,2.0
2024-11-12,MOCK_AWS_17,0.0,32.1,14.0,66.0,3.8
2024-11-13,MOCK_AWS_17,0.0,31.6,13.7,62.0,3.8
2024-11-14,MOCK_AWS_17,0.0,29.7,12.3,66.0,2.8
2024-11-15,MOCK_AWS_17,0.0,29.9,11.6,59.0,5.5
2024-11-16,MOCK_AWS_17,0.0,29.7,12.6,63.0,5.2
2024-11-17,MOCK_AWS_17,0.0,27.1,11.3,55.0,4.2
2024-11-18,MOCK_AWS_17,0.0,27.6,10.6,62.0,4.6
2024-11-19,MOCK_AWS_17,0.0,28.0,10.7,60.0,5.3
2024-11-20,MOCK_AWS_17,0.0,29.9,12.7,62.0,4.2
2024-11-21,MOCK_AWS_17,0.0,29.3,12.2,63.0,4.5
2024-11-22,MOCK_AWS_17,,,,,
2024-11-23,MOCK_AWS_17,0.0,24.8,8.1,59.0,4.9
2024-11-24,MOCK_AWS_17,0.0,21.5,7.0,64.0,4.7
2024-11-25,MOCK_AWS_17,0.0,22.3,7.9,67.0,5.5
2024-11-26,MOCK_AWS_17,0.0,26.5,8.8,59.0,6.4
2024-11-27,MOCK_AWS_17,0.0,24.2,8.5,67.0,5.5
2024-11-28,MOCK_AWS_17,2.7,21.8,8.3,49.0,4.0
2024-11-29,MOCK_AWS_17,0.0,26.3,10.1,63.0,2.1
2024-11-30,MOCK_AWS_17,0.0,27.8,10.8,61.0,3.1
2024-12-01,MOCK_AWS_17,0.0,26.3,9.9,66.0,4.9
2024-12-02,MOCK_AWS_17,0.0,25.6,9.6,65.0,3.5
2024-12-03,MOCK_AWS_17,0.0,25.5,8.8,65.0,2.4
2024-12-04,MOCK_AWS_17,0.0,22.3,7.4,55.0,3.4
2024-12-05,MOCK_AWS_17,0.0,20.9,7.3,63.0,2.8
2024-12-06,MOCK_AWS_17,0.0,21.2,6.9,65.0,2.6
2024-12-07,MOCK_AWS_17,,,,,
2024-12-08,MOCK_AWS_17,0.0,21.8,6.5,71.0,5.7
2024-12-09,MOCK_AWS_17,0.0,21.6,6.1,64.0,3.0
2024-12-10,MOCK_AWS_17,0.0,25.0,8.6,65.0,9.8
2024-12-11,MOCK_AWS_17,,,,,
2024-12-12,MOCK_AWS_17,,,,,
2024-12-13,MOCK_AWS_17,0.0,24.0,7.8,63.0,5.9
2024-12-14,MOCK_AWS_17,0.0,22.4,8.6,72.0,3.4
2024-12-15,MOCK_AWS_17,0.0,21.4,6.4,70.0,4.4
2024-12-16,MOCK_AWS_17,0.0,24.4,7.2,70.0,4.4
2024-12-17,MOCK_AWS_17,0.0,23.6,7.9,65.0,3.9
2024-12-18,MOCK_AWS_17,0.0,27.3,11.6,70.0,3.8
2024-12-19,MOCK_AWS_17,0.0,25.4,9.1,66.0,5.6
2024-12-20,MOCK_AWS_17,0.0,23.7,8.5,74.0,3.5
2024-12-21,MOCK_AWS_17,0.0,25.1,9.8,68.0,1.9
2024-12-22,MOCK_AWS_17,0.0,20.7,6.0,61.0,3.2
2024-12-23,MOCK_AWS_17,0.0,17.7,6.5,72.0,2.8
2024-12-24,MOCK_AWS_17,0.0,18.0,3.8,70.0,3.6
2024-12-25,MOCK_AWS_17,0.0,16.0,2.6,66.0,2.1
2024-12-26,MOCK_AWS_17,0.8,12.4,4.2,71.0,3.0
2024-12-27,MOCK_AWS_17,0.8,17.6,5.4,69.0,5.1
2024-12-28,MOCK_AWS_17,0.4,16.0,5.5,63.0,5.7
2024-12-29,MOCK_AWS_17,9.8,10.4,3.7,57.0,4.4
2024-12-30,MOCK_AWS_17,0.0,18.6,5.4,68.0,4.5
2024-12-31,MOCK_AWS_17,0.0,20.5,5.6,64.0,3.4
2023-01-01,MOCK_AWS_18,0.0,22.1,7.3,71.0,3.6
2023-01-02,MOCK_AWS_18,0.0,20.5,6.4,67.0,5.9
2023-01-03,MOCK_AWS_18,0.0,16.8,5.9,63.0,3.9
2023-01-04,MOCK_AWS_18,0.0,14.5,4.6,63.0,4.9
2023-01-05,MOCK_AWS_18,,,,,
2023-01-06,MOCK_AWS_18,0.0,19.3,4.1,66.0,7.8
2023-01-07,MOCK_AWS_18,0.0,18.1,4.6,71.0,12.4
2023-01-08,MOCK_AWS_18,0.0,17.3,2.9,62.0,13.2
2023-01-09,MOCK_AWS_18,0.0,19.0,4.9,63.0,7.2
2023-01-10,MOCK_AWS_18,0.0,14.7,5.5,64.0,6.1
2023-01-11,MOCK_AWS_18,0.0,20.1,5.9,65.0,3.3
2023-01-12,MOCK_AWS_18,0.0,17.6,7.9,58.0,4.4
2023-01-13,MOCK_AWS_18,0.0,19.4,6.8,64.0,5.3
2023-01-14,MOCK_AWS_18,0.0,20.5,6.8,65.0,4.7
2023-01-15,MOCK_AWS_18,0.0,19.7,6.6,71.0,3.3
2023-01-16,MOCK_AWS_18,0.0,22.9,7.0,71.0,4.3
2023-01-17,MOCK_AWS_18,0.0,15.4,5.8,64.0,6.9
2023-01-18,MOCK_AWS_18,0.0,17.3,7.3,68.0,6.8
2023-01-19,MOCK_AWS_18,0.0,17.8,4.0,68.0,7.3
2023-01-20,MOCK_AWS_18,5.7,15.7,4.2,48.0,9.5
2023-01-21,MOCK_AWS_18,0.0,17.4,4.9,61.0,11.8
2023-01-22,MOCK_AWS_18,0.0,16.1,5.4,65.0,13.2
2023-01-23,MOCK_AWS_18,0.0,15.7,6.6,65.0,8.5
2023-01-24,MOCK_AWS_18,0.0,22.5,6.7,65.0,11.0
2023-01-25,MOCK_AWS_18,0.0,21.8,8.3,63.0,11.1
2023-01-26,MOCK_AWS_18,0.0,17.4,7.1,68.0,13.7
2023-01-27,MOCK_AWS_18,0.0,24.8,9.5,61.0,7.8
2023-01-28,MOCK_AWS_18,0.0,22.5,6.7,60.0,6.4
2023-01-29,MOCK_AWS_18,0.0,20.6,7.7,69.0,5.1
2023-01-30,MOCK_AWS_18,0.0,21.2,8.3,64.0,6.6
2023-01-31,MOCK_AWS_18,0.0,22.5,9.4,61.0,5.7
2023-02-01,MOCK_AWS_18,0.0,22.7,8.9,59.0,7.0
2023-02-02,MOCK_AWS_18,0.0,23.5,8.4,64.0,5.9
2023-02-03,MOCK_AWS_18,0.0,22.8,8.6,58.0,4.6
2023-02-04,MOCK_AWS_18,0.0,23.4,8.2,63.0,5.4
2023-02-05,MOCK_AWS_18,0.0,24.0,8.7,67.0,2.4
2023-02-06,MOCK_AWS_18,0.0,23.3,9.2,72.0,3.6
2023-02-07,MOCK_AWS_18,0.0,22.8,9.0,63.0,4.6
2023-02-08,MOCK_AWS_18,0.0,21.2,7.2,54.0,5.9
2023-02-09,MOCK_AWS_18,0.0,22.4,9.5,58.0,5.5
2023-02-10,MOCK_AWS_18,0.0,25.6,10.3,61.0,7.3
2023-02-11,MOCK_AWS_18,0.0,22.3,7.5,57.0,5.1
2023-02-12,MOCK_AWS_18,0.0,23.4,10.8,57.0,6.4
2023-02-13,MOCK_AWS_18,0.0,25.4,8.7,67.0,7.0
2023-02-14,MOCK_AWS_18,0.0,23.9,9.5,57.0,8.0
2023-02-15,MOCK_AWS_18,0.0,25.2,11.2,60.0,7.5
2023-02-16,MOCK_AWS_18,0.0,28.6,12.6,74.0,5.4
2023-02-17,MOCK_AWS_18,0.0,24.7,11.0,57.0,6.6
2023-02-18,MOCK_AWS_18,,,,,
2023-02-19,MOCK_AWS_18,0.0,27.2,11.7,62.0,8.0
2023-02-20,MOCK_AWS_18,0.0,24.5,8.8,60.0,12.1
2023-02-21,MOCK_AWS_18,0.0,23.1,9.7,58.0,14.5
2023-02-22,MOCK_AWS_18,4.5,24.2,11.4,46.0,5.8
2023-02-23,MOCK_AWS_18,0.0,27.1,11.2,61.0,9.0
2023-02-24,MOCK_AWS_18,0.0,24.4,8.8,58.0,8.0
2023-02-25,MOCK_AWS_18,,,,,
2023-02-26,MOCK_AWS_18,0.0,28.6,13.5,56.0,13.1
2023-02-27,MOCK_AWS_18,1.5,29.1,14.0,54.0,9.8
2023-02-28,MOCK_AWS_18,0.0,28.1,12.7,57.0,6.3
2023-03-01,MOCK_AWS_18,,,,,
2023-03-02,MOCK_AWS_18,0.0,26.2,11.8,53.0,6.5
2023-03-03,MOCK_AWS_18,0.0,25.2,9.3,59.0,9.2
2023-03-04,MOCK_AWS_18,0.0,25.7,11.2,54.0,14.8
2023-03-05,MOCK_AWS_18,0.0,25.7,11.0,56.0,8.4
2023-03-06,MOCK_AWS_18,,,,,
2023-03-07,MOCK_AWS_18,,,,,
2023-03-08,MOCK_AWS_18,0.0,25.0,10.9,54.0,9.5
2023-03-09,MOCK_AWS_18,0.0,23.5,8.4,49.0,9.5
2023-03-10,MOCK_AWS_18,0.0,25.7,10.9,55.0,7.7
2023-03-11,MOCK_AWS_18,0.0,23.9,8.4,51.0,10.2
2023-03-12,MOCK_AWS_18,0.0,27.1,11.5,57.0,12.2
2023-03-13,MOCK_AWS_18,0.0,27.8,13.0,51.0,13.6
2023-03-14,MOCK_AWS_18,0.0,31.1,13.7,59.0,8.0
2023-03-15,MOCK_AWS_18,,,,,
2023-03-16,MOCK_AWS_18,0.0,31.9,15.9,51.0,6.6
2023-03-17,MOCK_AWS_18,0.5,31.7,17.2,49.0,11.0
2023-03-18,MOCK_AWS_18,11.2,25.8,14.6,38.0,7.5
2023-03-19,MOCK_AWS_18,0.0,27.9,10.5,48.0,5.5
2023-03-20,MOCK_AWS_18,13.7,25.4,14.1,37.0,7.7
2023-03-21,MOCK_AWS_18,0.0,29.9,14.7,52.0,7.3
2023-03-22,MOCK_AWS_18,0.0,30.5,13.9,47.0,4.8
2023-03-23,MOCK_AWS_18,0.0,31.8,15.2,50.0,8.6
2023-03-24,MOCK_AWS_18,0.0,33.5,17.0,49.0,7.4
2023-03-25,MOCK_AWS_18,0.0,35.8,18.8,48.0,5.0
2023-03-26,MOCK_AWS_18,,,,,
2023-03-27,MOCK_AWS_18,0.0,35.0,19.5,53.0,10.8
2023-03-28,MOCK_AWS_18,0.0,34.7,18.0,44.0,9.9
2023-03-29,MOCK_AWS_18,0.0,36.2,18.1,49.0,7.6
2023-03-30,MOCK_AWS_18,0.0,32.4,15.8,43.0,7.9
2023-03-31,MOCK_AWS_18,19.3,29.5,17.8,36.0,7.7
2023-04-01,MOCK_AWS_18,,,,,
2023-04-02,MOCK_AWS_18,0.0,36.4,19.2,41.0,7.0
2023-04-03,MOCK_AWS_18,0.0,34.5,18.5,42.0,7.7
2023-04-04,MOCK_AWS_18,0.0,32.6,16.1,48.0,8.2
2023-04-05,MOCK_AWS_18,0.0,34.4,16.0,42.0,9.4
2023-04-06,MOCK_AWS_18,0.0,35.5,17.9,43.0,13.9
2023-04-07,MOCK_AWS_18,0.0,33.0,16.7,38.0,6.4
2023-04-08,MOCK_AWS_18,0.0,35.7,18.6,38.0,10.5
2023-04-09,MOCK_AWS_18,0.0,37.3,19.5,40.0,8.7
2023-04-10,MOCK_AWS_18,0.0,35.1,19.1,40.0,5.5
2023-04-11,MOCK_AWS_18,0.0,35.6,19.3,41.0,7.5
2023-04-12,MOCK_AWS_18,0.0,37.6,20.4,39.0,14.7
2023-04-13,MOCK_AWS_18,0.0,36.3,19.4,41.0,7.8
2023-04-14,MOCK_AWS_18,2.8,35.5,19.5,33.0,10.0
2023-04-15,MOCK_AWS_18,0.0,36.7,19.9,38.0,6.3
2023-04-16,MOCK_AWS_18,0.0,36.2,18.9,34.0,9.4
2023-04-17,MOCK_AWS_18,0.0,33.3,17.4,39.0,11.3
2023-04-18,MOCK_AWS_18,0.0,36.2,19.5,39.0,5.0
2023-04-19,MOCK_AWS_18,0.0,34.9,17.5,38.0,8.1
2023-04-20,MOCK_AWS_18,0.0,37.3,20.7,36.0,7.9
2023-04-21,MOCK_AWS_18,0.0,38.0,20.7,37.0,9.9
2023-04-22,MOCK_AWS_18,0.0,38.3,21.2,47.0,13.2
2023-04-23,MOCK_AWS_18,0.0,40.0,21.8,39.0,13.8
2023-04-24,MOCK_AWS_18,0.0,40.3,22.6,41.0,10.0
2023-04-25,MOCK_AWS_18,0.0,38.4,21.0,39.0,8.8
2023-04-26,MOCK_AWS_18,0.0,38.2,22.2,44.0,14.6
2023-04-27,MOCK_AWS_18,0.0,38.8,23.4,39.0,12.6
2023-04-28,MOCK_AWS_18,25.6,34.4,24.1,28.0,13.6
2023-04-29,MOCK_AWS_18,0.0,40.4,22.7,52.0,10.2
2023-04-30,MOCK_AWS_18,0.0,42.6,27.1,39.0,10.1
2023-05-01,MOCK_AWS_18,0.0,41.7,23.8,36.0,7.4
2023-05-02,MOCK_AWS_18,0.0,41.2,24.1,38.0,10.6
2023-05-03,MOCK_AWS_18,0.0,39.6,24.4,45.0,13.7
2023-05-04,MOCK_AWS_18,13.6,37.8,24.5,31.0,10.8
2023-05-05,MOCK_AWS_18,0.5,40.9,24.7,38.0,18.1
2023-05-06,MOCK_AWS_18,0.0,45.0,26.4,40.0,15.5
2023-05-07,MOCK_AWS_18,0.0,45.8,26.7,44.0,26.1
2023-05-08,MOCK_AWS_18,,,,,
2023-05-09,MOCK_AWS_18,0.0,45.2,27.5,38.0,25.2
2023-05-10,MOCK_AWS_18,0.0,44.3,25.7,45.0,19.6
2023-05-11,MOCK_AWS_18,0.0,39.5,24.6,37.0,23.1
2023-05-12,MOCK_AWS_18,,,,,
2023-05-13,MOCK_AWS_18,28.1,36.0,26.1,28.0,8.3
2023-05-14,MOCK_AWS_18,0.0,41.6,24.5,36.0,11.8
2023-05-15,MOCK_AWS_18,0.0,43.7,27.1,30.0,5.6
2023-05-16,MOCK_AWS_18,0.0,44.4,27.8,43.0,9.6
2023-05-17,MOCK_AWS_18,0.0,45.2,28.4,37.0,6.6
2023-05-18,MOCK_AWS_18,0.0,41.8,24.8,36.0,9.2
2023-05-19,MOCK_AWS_18,0.0,42.8,28.5,43.0,13.4
2023-05-20,MOCK_AWS_18,0.0,39.7,24.9,41.0,15.0
2023-05-21,MOCK_AWS_18,0.0,43.6,28.3,50.0,15.5
2023-05-22,MOCK_AWS_18,0.0,42.5,26.5,36.0,15.4
2023-05-23,MOCK_AWS_18,0.0,39.7,23.8,44.0,8.7
2023-05-24,MOCK_AWS_18,0.0,41.6,26.8,38.0,9.9
2023-05-25,MOCK_AWS_18,0.0,38.6,22.9,36.0,14.6
2023-05-26,MOCK_AWS_18,0.0,40.2,24.4,45.0,9.6
2023-05-27,MOCK_AWS_18,0.0,39.8,25.0,41.0,8.0
2023-05-28,MOCK_AWS_18,0.0,43.9,27.5,42.0,9.9
2023-05-29,MOCK_AWS_18,0.0,40.5,26.3,40.0,10.6
2023-05-30,MOCK_AWS_18,0.0,39.8,26.6,36.0,6.4
2023-05-31,MOCK_AWS_18,0.0,37.4,24.6,36.0,8.9
2023-06-01,MOCK_AWS_18,0.0,39.6,25.6,46.0,8.4
2023-06-02,MOCK_AWS_18,0.0,43.0,27.0,40.0,11.1
2023-06-03,MOCK_AWS_18,,,,,
2023-06-04,MOCK_AWS_18,0.0,47.6,31.8,51.0,13.3
2023-06-05,MOCK_AWS_18,0.0,48.5,34.1,44.0,18.4
2023-06-06,MOCK_AWS_18,0.0,47.1,31.3,48.0,12.4
2023-06-07,MOCK_AWS_18,0.0,45.5,31.2,50.0,11.0
2023-06-08,MOCK_AWS_18,0.0,42.1,29.3,43.0,9.7
2023-06-09,MOCK_AWS_18,0.0,41.3,26.1,47.0,7.1
2023-06-10,MOCK_AWS_18,0.0,43.5,28.3,45.0,14.7
2023-06-11,MOCK_AWS_18,0.0,41.2,28.6,50.0,16.8
2023-06-12,MOCK_AWS_18,0.0,42.1,28.1,51.0,9.3
2023-06-13,MOCK_AWS_18,0.0,43.9,30.6,48.0,12.0
2023-06-14,MOCK_AWS_18,0.0,41.0,27.0,49.0,10.5
2023-06-15,MOCK_AWS_18,0.0,41.6,27.6,47.0,17.5
2023-06-16,MOCK_AWS_18,0.0,42.4,29.5,48.0,13.8
2023-06-17,MOCK_AWS_18,0.0,39.8,28.2,58.0,17.2
2023-06-18,MOCK_AWS_18,0.0,38.6,26.2,57.0,8.9
2023-06-19,MOCK_AWS_18,0.0,41.4,28.3,53.0,11.0
2023-06-20,MOCK_AWS_18,0.0,39.5,27.0,54.0,20.1
2023-06-21,MOCK_AWS_18,0.0,38.3,27.8,54.0,18.0
2023-06-22,MOCK_AWS_18,0.0,37.0,25.9,56.0,11.3
2023-06-23,MOCK_AWS_18,0.0,36.6,25.6,57.0,10.3
2023-06-24,MOCK_AWS_18,0.0,41.5,29.1,56.0,7.1
2023-06-25,MOCK_AWS_18,0.0,40.1,27.0,60.0,12.2
2023-06-26,MOCK_AWS_18,0.0,40.3,27.3,63.0,8.8
2023-06-27,MOCK_AWS_18,1.5,39.8,28.9,49.0,15.0
2023-06-28,MOCK_AWS_18,0.0,38.8,26.7,55.0,11.8
2023-06-29,MOCK_AWS_18,0.0,39.5,28.4,56.0,11.7
2023-06-30,MOCK_AWS_18,,,,,
2023-07-01,MOCK_AWS_18,0.0,40.3,27.8,66.0,9.8
2023-07-02,MOCK_AWS_18,0.0,37.9,28.2,65.0,16.7
2023-07-03,MOCK_AWS_18,0.0,35.5,25.5,67.0,14.0
2023-07-04,MOCK_AWS_18,0.0,34.1,24.5,62.0,15.6
2023-07-05,MOCK_AWS_18,0.0,34.0,23.4,62.0,10.2
2023-07-06,MOCK_AWS_18,1.2,34.0,24.7,49.0,7.4
2023-07-07,MOCK_AWS_18,0.0,35.9,25.7,60.0,7.6
2023-07-08,MOCK_AWS_18,0.0,35.2,25.6,62.0,8.8
2023-07-09,MOCK_AWS_18,0.0,33.9,25.0,70.0,12.6
2023-07-10,MOCK_AWS_18,0.0,38.5,27.6,68.0,22.5
2023-07-11,MOCK_AWS_18,0.0,37.3,27.2,66.0,11.4
2023-07-12,MOCK_AWS_18,0.0,38.4,27.9,67.0,13.0
2023-07-13,MOCK_AWS_18,0.0,33.7,24.9,67.0,7.8
2023-07-14,MOCK_AWS_18,0.0,35.6,25.4,69.0,10.4
2023-07-15,MOCK_AWS_18,3.6,33.1,25.9,57.0,9.8
2023-07-16,MOCK_AWS_18,0.0,35.1,25.8,69.0,15.8
2023-07-17,MOCK_AWS_18,0.0,30.9,23.7,74.0,10.8
2023-07-18,MOCK_AWS_18,0.0,35.4,25.0,77.0,9.6
2023-07-19,MOCK_AWS_18,0.0,35.7,25.2,77.0,9.8
2023-07-20,MOCK_AWS_18,0.0,36.4,27.4,74.0,6.0
2023-07-21,MOCK_AWS_18,0.2,37.8,29.4,74.0,9.6
2023-07-22,MOCK_AWS_18,0.0,35.2,26.4,73.0,7.8
2023-07-23,MOCK_AWS_18,0.0,35.1,26.5,73.0,9.4
2023-07-24,MOCK_AWS_18,0.0,32.4,26.5,76.0,8.1
2023-07-25,MOCK_AWS_18,0.7,36.2,27.8,75.0,13.5
2023-07-26,MOCK_AWS_18,0.0,35.3,26.8,74.0,5.1
2023-07-27,MOCK_AWS_18,0.0,39.3,29.3,70.0,7.4
2023-07-28,MOCK_AWS_18,0.0,36.1,27.3,75.0,6.6
2023-07-29,MOCK_AWS_18,0.0,35.0,25.6,73.0,8.9
2023-07-30,MOCK_AWS_18,0.0,30.1,24.1,62.0,11.5
2023-07-31,MOCK_AWS_18,0.0,34.8,26.1,72.0,9.7
2023-08-01,MOCK_AWS_18,0.0,32.4,23.5,83.0,9.5
2023-08-02,MOCK_AWS_18,0.0,33.3,24.0,78.0,11.4
2023-08-03,MOCK_AWS_18,0.0,35.3,26.4,78.0,8.6
2023-08-04,MOCK_AWS_18,,,,,
2023-08-05,MOCK_AWS_18,0.0,24.6,22.8,64.0,6.3
2023-08-06,MOCK_AWS_18,0.0,31.8,22.9,84.0,6.6
2023-08-07,MOCK_AWS_18,0.0,34.7,27.1,75.0,5.3
2023-08-08,MOCK_AWS_18,0.0,36.3,26.9,80.0,10.8
2023-08-09,MOCK_AWS_18,0.0,33.7,26.5,76.0,8.3
2023-08-10,MOCK_AWS_18,0.0,33.1,25.9,76.0,10.0
2023-08-11,MOCK_AWS_18,0.0,32.6,26.0,74.0,4.9
2023-08-12,MOCK_AWS_18,0.0,32.6,25.1,76.0,7.8
2023-08-13,MOCK_AWS_18,0.0,31.3,24.2,72.0,6.7
2023-08-14,MOCK_AWS_18,0.0,31.8,22.9,73.0,7.4
2023-08-15,MOCK_AWS_18,0.0,28.5,25.6,68.0,5.8
2023-08-16,MOCK_AWS_18,84.1,26.8,25.2,65.0,6.5
2023-08-17,MOCK_AWS_18,0.0,33.6,25.0,74.0,7.9
2023-08-18,MOCK_AWS_18,0.0,33.8,25.5,81.0,2.6
2023-08-19,MOCK_AWS_18,0.0,31.8,23.8,74.0,9.1
2023-08-20,MOCK_AWS_18,0.0,31.7,24.0,79.0,10.0
2023-08-21,MOCK_AWS_18,0.0,32.2,25.5,84.0,8.0
2023-08-22,MOCK_AWS_18,0.0,35.4,23.7,77.0,9.3
2023-08-23,MOCK_AWS_18,0.0,35.4,26.7,79.0,9.7
2023-08-24,MOCK_AWS_18,0.0,35.8,26.4,77.0,8.1
2023-08-25,MOCK_AWS_18,0.0,32.8,25.1,79.0,7.5
2023-08-26,MOCK_AWS_18,0.0,34.6,26.1,78.0,8.1
2023-08-27,MOCK_AWS_18,0.0,34.8,24.0,75.0,8.1
2023-08-28,MOCK_AWS_18,0.0,32.6,24.5,85.0,6.3
2023-08-29,MOCK_AWS_18,0.0,36.3,27.6,75.0,6.3
2023-08-30,MOCK_AWS_18,0.0,37.4,27.0,76.0,3.9
2023-08-31,MOCK_AWS_18,0.0,34.7,25.4,73.0,5.3
2023-09-01,MOCK_AWS_18,3.8,33.1,24.5,77.0,4.9
2023-09-02,MOCK_AWS_18,0.0,36.9,24.9,77.0,12.3
2023-09-03,MOCK_AWS_18,6.9,36.1,27.3,57.0,4.0
2023-09-04,MOCK_AWS_18,26.8,33.7,28.8,65.0,13.4
2023-09-05,MOCK_AWS_18,0.0,38.5,28.4,79.0,11.5
2023-09-06,MOCK_AWS_18,0.0,38.5,27.8,78.0,18.7
2023-09-07,MOCK_AWS_18,6.7,32.0,24.3,67.0,10.1
2023-09-08,MOCK_AWS_18,9.5,30.5,24.4,65.0,11.4
2023-09-09,MOCK_AWS_18,0.0,34.7,25.8,79.0,9.9
2023-09-10,MOCK_AWS_18,0.0,33.8,23.7,80.0,9.6
2023-09-11,MOCK_AWS_18,0.0,33.5,22.2,69.0,10.2
2023-09-12,MOCK_AWS_18,0.0,34.5,21.8,75.0,9.0
2023-09-13,MOCK_AWS_18,0.0,32.2,20.4,79.0,10.6
2023-09-14,MOCK_AWS_18,0.0,30.7,19.4,73.0,13.7
2023-09-15,MOCK_AWS_18,0.0,31.5,20.6,75.0,9.4
2023-09-16,MOCK_AWS_18,0.0,32.8,22.6,61.0,4.9
2023-09-17,MOCK_AWS_18,5.3,31.8,23.4,65.0,6.1
2023-09-18,MOCK_AWS_18,0.0,38.2,25.6,76.0,7.0
2023-09-19,MOCK_AWS_18,0.0,38.5,26.4,70.0,7.6
2023-09-20,MOCK_AWS_18,0.0,38.0,25.5,76.0,5.8
2023-09-21,MOCK_AWS_18,0.0,39.0,26.5,68.0,8.6
2023-09-22,MOCK_AWS_18,0.0,34.7,21.1,68.0,7.2
2023-09-23,MOCK_AWS_18,0.0,31.2,19.7,70.0,7.5
2023-09-24,MOCK_AWS_18,0.0,32.3,19.7,74.0,5.1
2023-09-25,MOCK_AWS_18,0.0,37.2,23.3,64.0,8.7
2023-09-26,MOCK_AWS_18,0.0,32.6,20.5,63.0,7.0
2023-09-27,MOCK_AWS_18,,,,,
2023-09-28,MOCK_AWS_18,0.0,32.7,20.0,60.0,4.4
2023-09-29,MOCK_AWS_18,0.0,34.4,21.7,72.0,7.9
2023-09-30,MOCK_AWS_18,0.0,33.7,20.7,68.0,5.2
2023-10-01,MOCK_AWS_18,0.0,32.5,20.3,62.0,4.5
2023-10-02,MOCK_AWS_18,0.0,31.9,17.9,68.0,3.7
2023-10-03,MOCK_AWS_18,0.0,33.2,18.3,70.0,6.5
2023-10-04,MOCK_AWS_18,0.0,33.1,17.8,57.0,3.6
2023-10-05,MOCK_AWS_18,0.0,29.3,17.0,67.0,2.6
2023-10-06,MOCK_AWS_18,0.0,29.6,15.4,62.0,4.0
2023-10-07,MOCK_AWS_18,0.0,29.7,16.9,52.0,5.2
2023-10-08,MOCK_AWS_18,0.0,33.4,19.0,49.0,6.5
2023-10-09,MOCK_AWS_18,0.0,33.1,17.7,54.0,10.5
2023-10-10,MOCK_AWS_18,0.0,32.3,18.6,60.0,4.5
2023-10-11,MOCK_AWS_18,0.0,32.8,18.6,54.0,5.6
2023-10-12,MOCK_AWS_18,0.0,31.6,16.9,66.0,3.2
2023-10-13,MOCK_AWS_18,0.0,31.8,15.9,52.0,5.8
2023-10-14,MOCK_AWS_18,0.0,31.8,16.0,56.0,4.5
2023-10-15,MOCK_AWS_18,0.0,33.2,17.3,59.0,3.1
2023-10-16,MOCK_AWS_18,0.0,32.3,16.3,54.0,5.7
2023-10-17,MOCK_AWS_18,0.0,34.1,17.8,55.0,4.8
2023-10-18,MOCK_AWS_18,0.0,34.2,18.0,61.0,3.2
2023-10-19,MOCK_AWS_18,0.0,30.4,15.4,55.0,2.1
2023-10-20,MOCK_AWS_18,0.0,34.0,19.6,60.0,2.5
2023-10-21,MOCK_AWS_18,0.0,34.6,18.4,58.0,3.3
2023-10-22,MOCK_AWS_18,0.0,31.7,15.6,64.0,7.1
2023-10-23,MOCK_AWS_18,0.0,33.4,17.7,63.0,6.0
2023-10-24,MOCK_AWS_18,0.0,31.3,14.7,57.0,7.1
2023-10-25,MOCK_AWS_18,0.0,32.1,15.8,62.0,2.8
2023-10-26,MOCK_AWS_18,0.0,28.4,13.1,54.0,4.7
2023-10-27,MOCK_AWS_18,0.0,26.0,10.2,49.0,3.3
2023-10-28,MOCK_AWS_18,0.0,25.9,10.2,59.0,5.2
2023-10-29,MOCK_AWS_18,0.0,25.3,9.7,55.0,5.9
2023-10-30,MOCK_AWS_18,0.0,30.8,13.8,56.0,7.0
2023-10-31,MOCK_AWS_18,0.0,29.3,13.0,53.0,4.3
2023-11-01,MOCK_AWS_18,0.0,28.1,13.8,52.0,2.7
2023-11-02,MOCK_AWS_18,0.0,29.4,12.9,58.0,4.4
2023-11-03,MOCK_AWS_18,,,,,
2023-11-04,MOCK_AWS_18,0.0,30.2,12.7,69.0,5.1
2023-11-05,MOCK_AWS_18,0.0,31.1,13.8,57.0,4.7
2023-11-06,MOCK_AWS_18,,,,,
2023-11-07,MOCK_AWS_18,0.0,31.6,13.1,59.0,4.6
2023-11-08,MOCK_AWS_18,0.0,31.6,13.7,60.0,8.8
2023-11-09,MOCK_AWS_18,0.0,32.9,14.7,63.0,8.3
2023-11-10,MOCK_AWS_18,0.0,32.3,13.6,57.0,7.9
2023-11-11,MOCK_AWS_18,0.0,28.5,12.4,56.0,7.0
2023-11-12,MOCK_AWS_18,0.0,28.5,12.0,55.0,5.4
2023-11-13,MOCK_AWS_18,0.0,26.4,11.6,68.0,3.9
2023-11-14,MOCK_AWS_18,0.0,29.0,11.4,58.0,5.0
2023-11-15,MOCK_AWS_18,0.0,29.4,12.3,64.0,5.0
2023-11-16,MOCK_AWS_18,0.0,28.1,11.7,51.0,4.4
2023-11-17,MOCK_AWS_18,0.0,29.3,12.5,54.0,8.1
2023-11-18,MOCK_AWS_18,0.0,30.0,14.0,59.0,2.5
2023-11-19,MOCK_AWS_18,0.0,30.8,13.5,60.0,8.1
2023-11-20,MOCK_AWS_18,0.0,31.6,14.3,63.0,4.2
2023-11-21,MOCK_AWS_18,0.0,30.4,13.8,53.0,2.6
2023-11-22,MOCK_AWS_18,0.0,27.9,11.5,68.0,4.6
2023-11-23,MOCK_AWS_18,0.0,26.2,10.5,64.0,5.0
2023-11-24,MOCK_AWS_18,0.0,27.5,11.3,62.0,4.5
2023-11-25,MOCK_AWS_18,0.0,27.5,11.1,59.0,4.7
2023-11-26,MOCK_AWS_18,0.0,23.9,6.8,65.0,5.0
2023-11-27,MOCK_AWS_18,0.0,24.1,9.3,66.0,4.1
2023-11-28,MOCK_AWS_18,0.0,23.6,8.2,58.0,8.7
2023-11-29,MOCK_AWS_18,0.0,25.2,9.9,62.0,3.6
2023-11-30,MOCK_AWS_18,0.0,24.2,9.3,59.0,2.6
2023-12-01,MOCK_AWS_18,0.0,24.5,9.3,65.0,3.4
2023-12-02,MOCK_AWS_18,0.0,26.3,10.3,60.0,3.4
2023-12-03,MOCK_AWS_18,,,,,
2023-12-04,MOCK_AWS_18,0.0,25.0,9.7,59.0,4.9
2023-12-05,MOCK_AWS_18,0.0,24.7,10.9,63.0,4.0
2023-12-06,MOCK_AWS_18,0.0,25.6,8.8,62.0,6.3
2023-12-07,MOCK_AWS_18,0.0,23.8,8.3,57.0,9.8
2023-12-08,MOCK_AWS_18,0.0,24.0,9.0,59.0,5.0
2023-12-09,MOCK_AWS_18,0.0,21.8,7.3,68.0,3.8
2023-12-10,MOCK_AWS_18,0.0,20.8,4.5,61.0,7.5
2023-12-11,MOCK_AWS_18,0.0,19.1,5.7,65.0,4.8
2023-12-12,MOCK_AWS_18,0.0,17.2,7.8,60.0,4.7
2023-12-13,MOCK_AWS_18,0.0,19.5,5.0,67.0,2.3
2023-12-14,MOCK_AWS_18,0.0,18.9,4.9,67.0,3.3
2023-12-15,MOCK_AWS_18,0.0,13.6,4.1,72.0,5.1
2023-12-16,MOCK_AWS_18,0.0,17.7,6.2,67.0,3.7
2023-12-17,MOCK_AWS_18,0.0,20.7,6.6,69.0,5.6
2023-12-18,MOCK_AWS_18,0.0,19.3,4.8,59.0,2.8
2023-12-19,MOCK_AWS_18,0.0,22.6,7.7,65.0,5.3
2023-12-20,MOCK_AWS_18,0.0,17.3,6.8,67.0,5.7
2023-12-21,MOCK_AWS_18,0.0,18.7,4.1,62.0,3.0
2023-12-22,MOCK_AWS_18,0.0,18.8,5.2,64.0,5.0
2023-12-23,MOCK_AWS_18,0.0,17.9,4.6,70.0,2.2
2023-12-24,MOCK_AWS_18,0.0,19.6,4.9,65.0,3.6
2023-12-25,MOCK_AWS_18,0.0,20.6,6.5,67.0,3.0
2023-12-26,MOCK_AWS_18,0.0,22.8,6.9,68.0,4.8
2023-12-27,MOCK_AWS_18,,,,,
2023-12-28,MOCK_AWS_18,0.0,26.1,10.2,71.0,3.7
2023-12-29,MOCK_AWS_18,0.0,23.8,8.9,65.0,6.0
2023-12-30,MOCK_AWS_18,0.0,22.5,9.1,61.0,5.0
2023-12-31,MOCK_AWS_18,0.0,20.7,6.8,58.0,4.8
2024-01-01,MOCK_AWS_18,0.0,20.6,5.7,61.0,6.5
2024-01-02,MOCK_AWS_18,0.0,17.0,3.0,62.0,4.4
2024-01-03,MOCK_AWS_18,0.0,21.1,6.9,59.0,8.1
2024-01-04,MOCK_AWS_18,0.0,23.2,8.8,62.0,5.3
2024-01-05,MOCK_AWS_18,0.0,24.5,11.5,62.0,6.0
2024-01-06,MOCK_AWS_18,0.0,25.7,10.5,74.0,9.0
2024-01-07,MOCK_AWS_18,0.0,25.6,10.0,63.0,3.9
2024-01-08,MOCK_AWS_18,,,,,
2024-01-09,MOCK_AWS_18,0.0,24.8,8.8,65.0,3.5
2024-01-10,MOCK_AWS_18,0.0,20.0,9.7,66.0,8.8
2024-01-11,MOCK_AWS_18,0.0,19.2,5.6,63.0,10.9
2024-01-12,MOCK_AWS_18,0.0,22.0,6.3,63.0,4.7
2024-01-13,MOCK_AWS_18,0.0,18.3,4.0,64.0,5.4
2024-01-14,MOCK_AWS_18,0.0,18.0,5.0,65.0,4.4
2024-01-15,MOCK_AWS_18,0.0,20.0,7.7,64.0,5.3
2024-01-16,MOCK_AWS_18,0.0,20.3,7.0,69.0,3.0
2024-01-17,MOCK_AWS_18,0.0,19.0,5.7,70.0,3.7
2024-01-18,MOCK_AWS_18,0.0,20.8,8.5,62.0,4.4
2024-01-19,MOCK_AWS_18,0.0,20.2,8.4,71.0,5.7
2024-01-20,MOCK_AWS_18,0.0,22.2,9.5,70.0,5.3
2024-01-21,MOCK_AWS_18,0.0,23.2,8.7,62.0,4.6
2024-01-22,MOCK_AWS_18,0.0,25.1,9.7,66.0,3.6
2024-01-23,MOCK_AWS_18,0.0,25.0,10.2,69.0,3.6
2024-01-24,MOCK_AWS_18,4.8,18.2,9.5,47.0,2.3
2024-01-25,MOCK_AWS_18,0.0,20.4,6.4,60.0,4.2
2024-01-26,MOCK_AWS_18,0.0,19.9,5.4,69.0,3.7
2024-01-27,MOCK_AWS_18,1.9,19.1,7.0,50.0,8.2
2024-01-28,MOCK_AWS_18,6.5,20.4,8.4,60.0,9.8
2024-01-29,MOCK_AWS_18,1.1,22.9,11.0,55.0,7.9
2024-01-30,MOCK_AWS_18,20.1,19.9,8.8,52.0,8.4
2024-01-31,MOCK_AWS_18,2.6,22.0,12.1,51.0,5.6
2024-02-01,MOCK_AWS_18,0.0,27.4,11.7,64.0,5.9
2024-02-02,MOCK_AWS_18,0.0,26.0,11.3,59.0,5.6
2024-02-03,MOCK_AWS_18,0.6,23.9,9.6,62.0,5.2
2024-02-04,MOCK_AWS_18,1.5,25.7,11.3,50.0,5.5
2024-02-05,MOCK_AWS_18,6.1,22.6,11.1,57.0,5.2
2024-02-06,MOCK_AWS_18,0.0,24.8,9.8,61.0,3.4
2024-02-07,MOCK_AWS_18,0.0,26.3,11.1,69.0,4.5
2024-02-08,MOCK_AWS_18,0.0,27.7,10.7,65.0,4.3
2024-02-09,MOCK_AWS_18,0.0,26.9,10.6,65.0,5.0
2024-02-10,MOCK_AWS_18,4.7,23.5,11.1,52.0,6.2
2024-02-11,MOCK_AWS_18,0.0,23.6,8.4,60.0,4.9
2024-02-12,MOCK_AWS_18,0.0,23.4,9.4,60.0,3.0
2024-02-13,MOCK_AWS_18,0.0,25.8,9.3,65.0,2.2
2024-02-14,MOCK_AWS_18,0.0,25.5,10.8,57.0,4.3
2024-02-15,MOCK_AWS_18,0.0,26.7,11.3,70.0,3.5
2024-02-16,MOCK_AWS_18,0.0,24.9,10.1,58.0,5.2
2024-02-17,MOCK_AWS_18,0.0,26.1,9.8,59.0,7.1
2024-02-18,MOCK_AWS_18,0.0,28.0,11.5,67.0,10.5
2024-02-19,MOCK_AWS_18,0.0,29.9,14.1,56.0,7.5
2024-02-20,MOCK_AWS_18,0.0,25.5,9.5,59.0,7.4
2024-02-21,MOCK_AWS_18,0.0,27.4,12.4,62.0,8.9
2024-02-22,MOCK_AWS_18,0.0,27.1,12.1,58.0,6.3
2024-02-23,MOCK_AWS_18,0.0,26.1,11.3,61.0,7.9
2024-02-24,MOCK_AWS_18,0.0,23.0,8.4,62.0,4.0
2024-02-25,MOCK_AWS_18,6.2,19.9,7.3,43.0,7.3
2024-02-26,MOCK_AWS_18,0.0,23.9,8.5,58.0,7.1
2024-02-27,MOCK_AWS_18,0.0,28.8,12.5,59.0,7.3
2024-02-28,MOCK_AWS_18,0.0,28.0,12.2,56.0,4.2
2024-02-29,MOCK_AWS_18,0.0,31.4,14.0,50.0,4.6
2024-03-01,MOCK_AWS_18,0.0,26.4,10.5,53.0,4.1
2024-03-02,MOCK_AWS_18,0.0,23.2,8.2,54.0,3.2
2024-03-03,MOCK_AWS_18,,,,,
2024-03-04,MOCK_AWS_18,0.0,25.7,10.2,55.0,6.1
2024-03-05,MOCK_AWS_18,0.0,27.8,11.6,55.0,7.4
2024-03-06,MOCK_AWS_18,0.0,27.6,12.5,45.0,7.4
2024-03-07,MOCK_AWS_18,,,,,
2024-03-08,MOCK_AWS_18,0.0,28.8,13.6,57.0,10.0
2024-03-09,MOCK_AWS_18,0.0,32.5,15.7,52.0,8.1
2024-03-10,MOCK_AWS_18,,,,,
2024-03-11,MOCK_AWS_18,0.0,29.6,13.9,54.0,9.2
2024-03-12,MOCK_AWS_18,0.0,31.1,15.1,57.0,10.0
2024-03-13,MOCK_AWS_18,3.2,30.1,16.1,47.0,5.1
2024-03-14,MOCK_AWS_18,0.0,30.3,13.1,45.0,8.0
2024-03-15,MOCK_AWS_18,0.0,28.1,12.1,45.0,7.2
2024-03-16,MOCK_AWS_18,30.9,21.5,11.4,39.0,6.2
2024-03-17,MOCK_AWS_18,0.2,28.8,14.0,50.0,12.9
2024-03-18,MOCK_AWS_18,0.0,31.0,15.9,42.0,7.7
2024-03-19,MOCK_AWS_18,0.0,33.5,17.0,52.0,6.6
2024-03-20,MOCK_AWS_18,0.0,34.4,17.4,52.0,6.9
2024-03-21,MOCK_AWS_18,0.0,32.6,16.6,49.0,8.0
2024-03-22,MOCK_AWS_18,0.0,39.0,18.9,51.0,10.1
2024-03-23,MOCK_AWS_18,0.0,36.6,19.1,49.0,6.9
2024-03-24,MOCK_AWS_18,0.0,34.5,18.2,45.0,6.0
2024-03-25,MOCK_AWS_18,0.0,35.8,18.3,56.0,12.0
2024-03-26,MOCK_AWS_18,0.0,33.4,17.3,45.0,11.9
2024-03-27,MOCK_AWS_18,0.0,33.8,17.9,51.0,9.9
2024-03-28,MOCK_AWS_18,0.0,31.8,15.9,45.0,3.6
2024-03-29,MOCK_AWS_18,0.0,33.5,15.6,46.0,10.2
2024-03-30,MOCK_AWS_18,0.0,35.8,18.0,41.0,7.8
2024-03-31,MOCK_AWS_18,,,,,
2024-04-01,MOCK_AWS_18,0.0,37.0,19.6,46.0,7.8
2024-04-02,MOCK_AWS_18,0.0,38.0,21.0,45.0,7.6
2024-04-03,MOCK_AWS_18,3.9,38.1,21.3,38.0,10.5
2024-04-04,MOCK_AWS_18,0.0,37.8,19.7,36.0,13.1
2024-04-05,MOCK_AWS_18,0.0,36.3,18.8,44.0,14.1
2024-04-06,MOCK_AWS_18,0.0,36.4,18.4,42.0,7.6
2024-04-07,MOCK_AWS_18,0.0,36.9,18.9,40.0,6.4
2024-04-08,MOCK_AWS_18,0.0,35.4,17.9,46.0,10.6
2024-04-09,MOCK_AWS_18,,,,,
2024-04-10,MOCK_AWS_18,0.0,31.4,16.5,46.0,8.6
2024-04-11,MOCK_AWS_18,0.0,36.5,18.8,46.0,8.7
2024-04-12,MOCK_AWS_18,0.0,35.6,19.2,36.0,7.6
2024-04-13,MOCK_AWS_18,0.0,32.6,15.1,44.0,6.6
2024-04-14,MOCK_AWS_18,0.0,35.0,18.7,42.0,10.5
2024-04-15,MOCK_AWS_18,0.0,36.9,20.0,42.0,13.6
2024-04-16,MOCK_AWS_18,0.0,38.3,20.9,39.0,12.0
2024-04-17,MOCK_AWS_18,0.0,40.1,22.9,42.0,11.0
2024-04-18,MOCK_AWS_18,0.0,42.5,23.8,36.0,11.7
2024-04-19,MOCK_AWS_18,0.0,44.6,25.8,34.0,11.7
2024-04-20,MOCK_AWS_18,0.0,43.3,24.9,42.0,8.3
2024-04-21,MOCK_AWS_18,2.7,41.8,26.3,37.0,14.4
2024-04-22,MOCK_AWS_18,0.0,43.9,25.9,42.0,15.5
2024-04-23,MOCK_AWS_18,0.0,40.6,22.6,44.0,15.2
2024-04-24,MOCK_AWS_18,0.0,37.9,20.9,39.0,9.8
2024-04-25,MOCK_AWS_18,0.0,37.7,22.1,39.0,10.0
2024-04-26,MOCK_AWS_18,0.0,37.2,20.8,38.0,11.4
2024-04-27,MOCK_AWS_18,,,,,
2024-04-28,MOCK_AWS_18,0.0,40.4,23.2,37.0,6.7
2024-04-29,MOCK_AWS_18,0.0,39.1,22.2,39.0,10.7
2024-04-30,MOCK_AWS_18,0.0,38.5,21.2,39.0,6.9
2024-05-01,MOCK_AWS_18,0.0,35.8,19.4,41.0,6.4
2024-05-02,MOCK_AWS_18,0.0,38.4,21.4,37.0,3.4
2024-05-03,MOCK_AWS_18,0.0,40.5,22.3,36.0,9.7
2024-05-04,MOCK_AWS_18,0.0,37.7,20.9,41.0,8.0
2024-05-05,MOCK_AWS_18,0.0,41.0,25.5,33.0,5.3
2024-05-06,MOCK_AWS_18,0.0,42.9,25.3,31.0,8.2
2024-05-07,MOCK_AWS_18,0.0,43.5,24.8,34.0,11.0
2024-05-08,MOCK_AWS_18,0.0,42.2,25.0,35.0,18.1
2024-05-09,MOCK_AWS_18,0.0,43.4,25.1,37.0,16.3
2024-05-10,MOCK_AWS_18,0.0,42.2,25.0,38.0,15.6
2024-05-11,MOCK_AWS_18,0.0,41.8,26.8,40.0,11.7
2024-05-12,MOCK_AWS_18,0.0,43.8,27.1,41.0,22.9
2024-05-13,MOCK_AWS_18,0.0,46.1,28.8,40.0,25.5
2024-05-14,MOCK_AWS_18,0.0,45.5,28.0,34.0,24.2
2024-05-15,MOCK_AWS_18,0.0,42.5,26.7,36.0,13.7
2024-05-16,MOCK_AWS_18,0.0,42.0,25.1,39.0,21.4
2024-05-17,MOCK_AWS_18,0.0,42.0,25.3,36.0,15.1
2024-05-18,MOCK_AWS_18,0.0,40.7,24.8,38.0,17.2
2024-05-19,MOCK_AWS_18,0.0,41.8,25.8,40.0,16.0
2024-05-20,MOCK_AWS_18,0.0,45.7,29.2,38.0,13.6
2024-05-21,MOCK_AWS_18,0.0,45.6,27.9,42.0,8.0
2024-05-22,MOCK_AWS_18,0.0,43.3,27.1,44.0,18.1
2024-05-23,MOCK_AWS_18,0.0,41.2,24.3,37.0,8.6
2024-05-24,MOCK_AWS_18,0.0,40.7,25.7,39.0,9.4
2024-05-25,MOCK_AWS_18,,,,,
2024-05-26,MOCK_AWS_18,0.0,39.0,24.8,40.0,10.9
2024-05-27,MOCK_AWS_18,0.0,39.9,24.6,39.0,10.2
2024-05-28,MOCK_AWS_18,0.0,43.3,28.2,42.0,9.4
2024-05-29,MOCK_AWS_18,0.0,40.1,26.0,42.0,13.6
2024-05-30,MOCK_AWS_18,0.0,41.3,26.3,45.0,13.7
2024-05-31,MOCK_AWS_18,0.0,43.8,28.1,44.0,11.6
2024-06-01,MOCK_AWS_18,0.0,46.3,31.7,48.0,9.5
2024-06-02,MOCK_AWS_18,0.0,45.4,31.7,44.0,10.5
2024-06-03,MOCK_AWS_18,0.0,42.1,26.8,42.0,8.9
2024-06-04,MOCK_AWS_18,0.0,44.9,28.7,48.0,10.9
2024-06-05,MOCK_AWS_18,0.0,42.3,27.9,44.0,15.7
2024-06-06,MOCK_AWS_18,0.0,41.0,26.6,50.0,9.6
2024-06-07,MOCK_AWS_18,0.0,38.5,24.7,48.0,7.5
2024-06-08,MOCK_AWS_18,0.0,38.5,24.0,49.0,16.0
2024-06-09,MOCK_AWS_18,0.0,40.4,26.9,47.0,14.7
2024-06-10,MOCK_AWS_18,0.0,38.9,25.3,43.0,16.8
2024-06-11,MOCK_AWS_18,0.0,39.3,25.9,41.0,17.9
2024-06-12,MOCK_AWS_18,0.0,38.1,23.8,46.0,8.6
2024-06-13,MOCK_AWS_18,0.0,39.5,26.3,54.0,8.4
2024-06-14,MOCK_AWS_18,0.0,38.9,26.3,47.0,9.0
2024-06-15,MOCK_AWS_18,0.0,40.4,26.7,47.0,11.7
2024-06-16,MOCK_AWS_18,0.0,38.7,27.1,52.0,12.7
2024-06-17,MOCK_AWS_18,0.0,38.3,27.8,58.0,16.4
2024-06-18,MOCK_AWS_18,0.0,38.8,27.4,51.0,8.8
2024-06-19,MOCK_AWS_18,0.0,37.1,25.2,55.0,12.8
2024-06-20,MOCK_AWS_18,0.0,38.7,27.0,49.0,11.1
2024-06-21,MOCK_AWS_18,28.8,34.6,29.1,44.0,12.6
2024-06-22,MOCK_AWS_18,5.6,34.8,25.2,49.0,12.9
2024-06-23,MOCK_AWS_18,3.4,33.5,24.7,51.0,8.4
2024-06-24,MOCK_AWS_18,0.0,39.1,27.8,61.0,11.3
2024-06-25,MOCK_AWS_18,0.0,39.2,27.4,53.0,8.7
2024-06-26,MOCK_AWS_18,0.0,37.8,27.6,54.0,15.5
2024-06-27,MOCK_AWS_18,0.0,42.8,30.4,55.0,13.3
2024-06-28,MOCK_AWS_18,3.3,37.2,28.8,44.0,10.6
2024-06-29,MOCK_AWS_18,24.4,31.3,28.1,50.0,6.2
2024-06-30,MOCK_AWS_18,0.0,37.0,25.5,58.0,7.6
2024-07-01,MOCK_AWS_18,0.0,38.5,27.5,60.0,12.0
2024-07-02,MOCK_AWS_18,0.0,35.1,25.0,63.0,14.8
2024-07-03,MOCK_AWS_18,0.0,34.9,24.7,66.0,9.4
2024-07-04,MOCK_AWS_18,7.8,30.2,25.4,56.0,6.6
2024-07-05,MOCK_AWS_18,,,,,
2024-07-06,MOCK_AWS_18,11.3,29.0,23.5,51.0,11.5
2024-07-07,MOCK_AWS_18,0.0,35.5,25.9,60.0,6.2
2024-07-08,MOCK_AWS_18,0.0,34.9,24.8,68.0,3.8
2024-07-09,MOCK_AWS_18,0.0,32.5,22.3,62.0,3.9
2024-07-10,MOCK_AWS_18,2.0,29.4,23.8,59.0,5.0
2024-07-11,MOCK_AWS_18,0.3,29.2,23.4,74.0,5.6
2024-07-12,MOCK_AWS_18,0.0,33.3,24.3,70.0,5.8
2024-07-13,MOCK_AWS_18,0.0,34.0,25.6,80.0,7.0
2024-07-14,MOCK_AWS_18,0.0,32.8,24.7,74.0,7.8
2024-07-15,MOCK_AWS_18,0.0,33.8,25.4,82.0,13.1
2024-07-16,MOCK_AWS_18,0.0,35.1,26.9,79.0,11.4
2024-07-17,MOCK_AWS_18,0.0,34.6,26.5,81.0,12.7
2024-07-18,MOCK_AWS_18,0.0,30.4,23.8,83.0,7.2
2024-07-19,MOCK_AWS_18,0.0,30.1,22.1,72.0,11.5
2024-07-20,MOCK_AWS_18,0.0,33.3,26.0,74.0,13.1
2024-07-21,MOCK_AWS_18,,,,,
2024-07-22,MOCK_AWS_18,,,,,
2024-07-23,MOCK_AWS_18,0.0,34.1,24.3,78.0,9.0
2024-07-24,MOCK_AWS_18,2.4,30.7,23.4,60.0,4.0
2024-07-25,MOCK_AWS_18,0.0,33.5,25.2,77.0,7.1
2024-07-26,MOCK_AWS_18,0.0,32.5,24.0,72.0,7.1
2024-07-27,MOCK_AWS_18,0.0,36.1,28.1,72.0,4.9
2024-07-28,MOCK_AWS_18,0.0,37.9,29.6,75.0,9.8
2024-07-29,MOCK_AWS_18,0.0,37.3,28.5,75.0,6.4
2024-07-30,MOCK_AWS_18,0.0,38.2,28.6,63.0,6.3
2024-07-31,MOCK_AWS_18,0.0,37.7,29.1,76.0,9.6
2024-08-01,MOCK_AWS_18,20.9,31.6,28.8,62.0,7.4
2024-08-02,MOCK_AWS_18,0.0,37.8,30.1,79.0,10.3
2024-08-03,MOCK_AWS_18,0.0,37.8,28.7,78.0,8.6
2024-08-04,MOCK_AWS_18,1.0,37.3,29.0,61.0,4.9
2024-08-05,MOCK_AWS_18,0.0,37.8,28.0,75.0,6.8
2024-08-06,MOCK_AWS_18,0.0,37.7,28.4,84.0,6.3
2024-08-07,MOCK_AWS_18,,,,,
2024-08-08,MOCK_AWS_18,0.0,42.0,31.6,74.0,8.6
2024-08-09,MOCK_AWS_18,0.0,36.7,27.7,84.0,9.8
2024-08-10,MOCK_AWS_18,,,,,
2024-08-11,MOCK_AWS_18,,,,,
2024-08-12,MOCK_AWS_18,0.0,24.9,22.9,65.0,6.9
2024-08-13,MOCK_AWS_18,0.0,35.8,28.0,80.0,14.6
2024-08-14,MOCK_AWS_18,0.0,33.9,24.3,91.0,10.6
2024-08-15,MOCK_AWS_18,0.0,34.7,26.1,69.0,12.7
2024-08-16,MOCK_AWS_18,0.0,31.9,24.2,74.0,11.5
2024-08-17,MOCK_AWS_18,0.0,32.4,24.4,80.0,7.3
2024-08-18,MOCK_AWS_18,0.0,32.6,23.4,78.0,10.4
2024-08-19,MOCK_AWS_18,0.0,34.7,25.4,63.0,7.2
2024-08-20,MOCK_AWS_18,0.0,34.4,26.7,67.0,4.2
2024-08-21,MOCK_AWS_18,0.0,37.0,26.3,84.0,4.2
2024-08-22,MOCK_AWS_18,0.0,35.8,27.3,76.0,6.7
2024-08-23,MOCK_AWS_18,29.4,27.5,25.4,63.0,8.8
2024-08-24,MOCK_AWS_18,0.0,32.6,24.3,88.0,9.7
2024-08-25,MOCK_AWS_18,0.0,34.3,26.1,76.0,8.5
2024-08-26,MOCK_AWS_18,0.0,33.9,24.9,82.0,5.9
2024-08-27,MOCK_AWS_18,0.0,33.7,23.8,82.0,3.7
2024-08-28,MOCK_AWS_18,0.0,30.7,23.2,82.0,8.6
2024-08-29,MOCK_AWS_18,0.0,32.6,23.0,69.0,8.0
2024-08-30,MOCK_AWS_18,0.0,34.5,24.7,79.0,5.1
2024-08-31,MOCK_AWS_18,0.0,33.7,23.6,75.0,6.2
2024-09-01,MOCK_AWS_18,,,,,
2024-09-02,MOCK_AWS_18,,,,,
2024-09-03,MOCK_AWS_18,0.0,33.3,25.1,69.0,5.9
2024-09-04,MOCK_AWS_18,0.0,36.9,26.3,77.0,3.4
2024-09-05,MOCK_AWS_18,0.0,37.9,26.4,74.0,1.3
2024-09-06,MOCK_AWS_18,0.0,38.8,26.7,74.0,5.9
2024-09-07,MOCK_AWS_18,100.9,28.2,24.4,61.0,4.4
2024-09-08,MOCK_AWS_18,8.5,29.7,22.4,65.0,4.7
2024-09-09,MOCK_AWS_18,2.5,33.2,23.9,58.0,5.2
2024-09-10,MOCK_AWS_18,0.0,28.2,24.2,58.0,4.8
2024-09-11,MOCK_AWS_18,0.0,31.6,21.7,71.0,9.2
2024-09-12,MOCK_AWS_18,,,,,
2024-09-13,MOCK_AWS_18,,,,,
2024-09-14,MOCK_AWS_18,0.0,31.9,22.0,76.0,7.3
2024-09-15,MOCK_AWS_18,0.0,30.1,20.0,72.0,11.3
2024-09-16,MOCK_AWS_18,0.0,33.0,22.9,66.0,13.8
2024-09-17,MOCK_AWS_18,0.0,34.2,23.3,76.0,11.8
2024-09-18,MOCK_AWS_18,0.0,36.2,23.6,73.0,9.1
2024-09-19,MOCK_AWS_18,0.0,39.0,25.1,65.0,7.4
2024-09-20,MOCK_AWS_18,0.0,35.2,23.2,75.0,6.9
2024-09-21,MOCK_AWS_18,0.0,35.7,23.1,67.0,7.9
2024-09-22,MOCK_AWS_18,0.0,33.9,22.6,68.0,5.6
2024-09-23,MOCK_AWS_18,17.1,31.3,22.8,61.0,4.6
2024-09-24,MOCK_AWS_18,0.0,37.5,23.1,60.0,4.0
2024-09-25,MOCK_AWS_18,0.0,34.7,22.0,69.0,2.7
2024-09-26,MOCK_AWS_18,0.0,33.0,21.3,58.0,5.0
2024-09-27,MOCK_AWS_18,0.0,33.1,18.9,61.0,5.0
2024-09-28,MOCK_AWS_18,,,,,
2024-09-29,MOCK_AWS_18,0.0,33.7,19.4,74.0,8.3
2024-09-30,MOCK_AWS_18,0.0,30.4,18.1,61.0,7.4
2024-10-01,MOCK_AWS_18,0.0,32.6,20.6,66.0,7.2
2024-10-02,MOCK_AWS_18,0.0,31.1,18.4,66.0,5.8
2024-10-03,MOCK_AWS_18,0.0,31.1,17.0,64.0,7.5
2024-10-04,MOCK_AWS_18,0.0,32.0,17.2,67.0,11.8
2024-10-05,MOCK_AWS_18,0.0,32.8,18.8,57.0,11.8
2024-10-06,MOCK_AWS_18,0.0,33.4,18.7,52.0,4.6
2024-10-07,MOCK_AWS_18,,,,,
2024-10-08,MOCK_AWS_18,0.0,31.7,18.1,59.0,6.0
2024-10-09,MOCK_AWS_18,0.0,33.7,19.8,64.0,6.5
2024-10-10,MOCK_AWS_18,0.0,34.5,18.7,56.0,7.2
2024-10-11,MOCK_AWS_18,0.0,36.3,19.5,58.0,7.4
2024-10-12,MOCK_AWS_18,0.0,34.2,18.9,64.0,6.5
2024-10-13,MOCK_AWS_18,0.0,30.7,16.0,61.0,5.2
2024-10-14,MOCK_AWS_18,0.0,35.4,19.0,58.0,5.9
2024-10-15,MOCK_AWS_18,0.0,30.9,16.5,61.0,1.0
2024-10-16,MOCK_AWS_18,0.0,30.0,15.2,58.0,2.9
2024-10-17,MOCK_AWS_18,0.0,33.8,17.2,64.0,4.8
2024-10-18,MOCK_AWS_18,0.0,33.4,18.5,62.0,3.8
2024-10-19,MOCK_AWS_18,0.0,35.3,17.3,57.0,4.8
2024-10-20,MOCK_AWS_18,0.0,30.2,14.1,50.0,4.9
2024-10-21,MOCK_AWS_18,0.0,29.1,14.0,52.0,4.6
2024-10-22,MOCK_AWS_18,0.0,28.4,14.6,61.0,5.5
2024-10-23,MOCK_AWS_18,0.0,29.4,13.8,61.0,5.3
2024-10-24,MOCK_AWS_18,0.0,28.1,11.7,60.0,5.1
2024-10-25,MOCK_AWS_18,0.0,30.8,15.4,61.0,4.1
2024-10-26,MOCK_AWS_18,0.0,32.9,18.1,62.0,8.0
2024-10-27,MOCK_AWS_18,0.0,29.6,15.4,61.0,7.1
2024-10-28,MOCK_AWS_18,0.0,31.6,15.0,59.0,5.8
2024-10-29,MOCK_AWS_18,0.0,28.5,13.8,66.0,5.7
2024-10-30,MOCK_AWS_18,0.0,30.8,14.7,60.0,2.8
2024-10-31,MOCK_AWS_18,0.0,30.2,14.5,53.0,5.6
2024-11-01,MOCK_AWS_18,0.0,28.9,12.2,67.0,4.1
2024-11-02,MOCK_AWS_18,0.0,30.9,15.2,52.0,3.5
2024-11-03,MOCK_AWS_18,0.0,32.5,15.1,59.0,2.1
2024-11-04,MOCK_AWS_18,0.0,27.9,11.6,55.0,2.5
2024-11-05,MOCK_AWS_18,0.0,28.3,11.1,54.0,3.8
2024-11-06,MOCK_AWS_18,0.0,27.8,12.2,51.0,3.2
2024-11-07,MOCK_AWS_18,0.0,24.6,10.0,56.0,3.1
2024-11-08,MOCK_AWS_18,0.0,24.0,6.9,57.0,4.1
2024-11-09,MOCK_AWS_18,0.0,24.0,8.1,59.0,4.9
2024-11-10,MOCK_AWS_18,0.0,28.9,10.3,63.0,4.1
2024-11-11,MOCK_AWS_18,0.0,29.5,12.3,54.0,3.1
2024-11-12,MOCK_AWS_18,0.0,32.5,14.4,64.0,4.4
2024-11-13,MOCK_AWS_18,,,,,
2024-11-14,MOCK_AWS_18,0.0,29.6,11.9,64.0,4.3
2024-11-15,MOCK_AWS_18,0.0,29.9,11.9,56.0,4.5
2024-11-16,MOCK_AWS_18,0.0,29.4,13.2,60.0,4.3
2024-11-17,MOCK_AWS_18,0.0,26.7,11.3,59.0,4.4
2024-11-18,MOCK_AWS_18,0.0,27.9,10.9,63.0,4.2
2024-11-19,MOCK_AWS_18,0.0,28.6,10.6,61.0,5.2
2024-11-20,MOCK_AWS_18,0.0,29.5,12.5,66.0,4.7
2024-11-21,MOCK_AWS_18,0.0,27.9,12.0,61.0,4.4
2024-11-22,MOCK_AWS_18,0.0,28.0,10.8,62.0,4.6
2024-11-23,MOCK_AWS_18,0.0,25.0,8.6,59.0,4.3
2024-11-24,MOCK_AWS_18,0.0,21.9,6.7,60.0,3.7
2024-11-25,MOCK_AWS_18,0.0,23.1,7.7,58.0,7.8
2024-11-26,MOCK_AWS_18,0.0,26.8,9.1,57.0,6.3
2024-11-27,MOCK_AWS_18,0.0,25.0,9.2,62.0,5.7
2024-11-28,MOCK_AWS_18,2.1,22.2,8.9,52.0,3.4
2024-11-29,MOCK_AWS_18,0.0,26.8,10.1,61.0,4.3
2024-11-30,MOCK_AWS_18,0.0,28.3,11.9,61.0,3.8
2024-12-01,MOCK_AWS_18,0.0,27.1,9.9,63.0,4.4
2024-12-02,MOCK_AWS_18,0.0,26.2,9.5,67.0,4.1
2024-12-03,MOCK_AWS_18,0.0,25.8,8.9,63.0,2.6
2024-12-04,MOCK_AWS_18,0.0,23.0,7.0,63.0,3.4
2024-12-05,MOCK_AWS_18,0.0,20.0,6.9,60.0,3.4
2024-12-06,MOCK_AWS_18,0.0,21.1,7.2,67.0,3.2
2024-12-07,MOCK_AWS_18,0.0,24.1,10.4,65.0,3.9
2024-12-08,MOCK_AWS_18,,,,,
2024-12-09,MOCK_AWS_18,0.0,21.7,6.6,62.0,4.9
2024-12-10,MOCK_AWS_18,0.0,25.2,8.6,62.0,10.1
2024-12-11,MOCK_AWS_18,0.0,25.2,9.9,65.0,9.4
2024-12-12,MOCK_AWS_18,0.0,23.4,7.7,77.0,7.1
2024-12-13,MOCK_AWS_18,0.0,23.6,8.1,63.0,4.9
2024-12-14,MOCK_AWS_18,0.0,22.7,8.7,74.0,4.1
2024-12-15,MOCK_AWS_18,0.0,21.4,6.5,64.0,5.3
2024-12-16,MOCK_AWS_18,0.0,24.3,7.0,67.0,4.5
2024-12-17,MOCK_AWS_18,0.0,24.1,8.3,61.0,3.5
2024-12-18,MOCK_AWS_18,0.0,27.6,11.3,70.0,5.4
2024-12-19,MOCK_AWS_18,0.0,25.1,9.0,69.0,5.8
2024-12-20,MOCK_AWS_18,0.0,24.3,8.4,71.0,5.0
2024-12-21,MOCK_AWS_18,0.0,24.9,10.2,63.0,2.2
2024-12-22,MOCK_AWS_18,0.0,20.9,6.5,61.0,2.8
2024-12-23,MOCK_AWS_18,0.0,17.6,6.7,67.0,1.9
2024-12-24,MOCK_AWS_18,0.0,18.0,3.6,73.0,2.7
2024-12-25,MOCK_AWS_18,0.0,15.7,2.7,61.0,2.6
2024-12-26,MOCK_AWS_18,0.9,12.7,4.5,71.0,2.8
2024-12-27,MOCK_AWS_18,,,,,
2024-12-28,MOCK_AWS_18,0.3,15.2,6.0,61.0,5.9
2024-12-29,MOCK_AWS_18,11.2,10.3,3.6,47.0,4.5
2024-12-30,MOCK_AWS_18,0.0,18.4,6.3,69.0,4.5
2024-12-31,MOCK_AWS_18,0.0,20.7,6.2,67.0,3.9
2023-01-01,MOCK_ARG_19,0.0,,,,
2023-01-02,MOCK_ARG_19,0.0,,,,
2023-01-03,MOCK_ARG_19,0.0,,,,
2023-01-04,MOCK_ARG_19,0.0,,,,
2023-01-05,MOCK_ARG_19,0.0,,,,
2023-01-06,MOCK_ARG_19,0.0,,,,
2023-01-07,MOCK_ARG_19,0.0,,,,
2023-01-08,MOCK_ARG_19,0.0,,,,
2023-01-09,MOCK_ARG_19,0.0,,,,
2023-01-10,MOCK_ARG_19,0.0,,,,
2023-01-11,MOCK_ARG_19,0.0,,,,
2023-01-12,MOCK_ARG_19,0.0,,,,
2023-01-13,MOCK_ARG_19,0.0,,,,
2023-01-14,MOCK_ARG_19,0.0,,,,
2023-01-15,MOCK_ARG_19,0.0,,,,
2023-01-16,MOCK_ARG_19,0.0,,,,
2023-01-17,MOCK_ARG_19,0.0,,,,
2023-01-18,MOCK_ARG_19,0.0,,,,
2023-01-19,MOCK_ARG_19,0.0,,,,
2023-01-20,MOCK_ARG_19,8.0,,,,
2023-01-21,MOCK_ARG_19,0.0,,,,
2023-01-22,MOCK_ARG_19,0.0,,,,
2023-01-23,MOCK_ARG_19,0.0,,,,
2023-01-24,MOCK_ARG_19,0.0,,,,
2023-01-25,MOCK_ARG_19,0.0,,,,
2023-01-26,MOCK_ARG_19,0.0,,,,
2023-01-27,MOCK_ARG_19,0.0,,,,
2023-01-28,MOCK_ARG_19,0.0,,,,
2023-01-29,MOCK_ARG_19,0.0,,,,
2023-01-30,MOCK_ARG_19,0.0,,,,
2023-01-31,MOCK_ARG_19,0.0,,,,
2023-02-01,MOCK_ARG_19,0.0,,,,
2023-02-02,MOCK_ARG_19,0.0,,,,
2023-02-03,MOCK_ARG_19,0.0,,,,
2023-02-04,MOCK_ARG_19,0.0,,,,
2023-02-05,MOCK_ARG_19,0.0,,,,
2023-02-06,MOCK_ARG_19,0.0,,,,
2023-02-07,MOCK_ARG_19,,,,,
2023-02-08,MOCK_ARG_19,0.0,,,,
2023-02-09,MOCK_ARG_19,0.0,,,,
2023-02-10,MOCK_ARG_19,0.0,,,,
2023-02-11,MOCK_ARG_19,0.0,,,,
2023-02-12,MOCK_ARG_19,0.0,,,,
2023-02-13,MOCK_ARG_19,0.0,,,,
2023-02-14,MOCK_ARG_19,0.0,,,,
2023-02-15,MOCK_ARG_19,0.0,,,,
2023-02-16,MOCK_ARG_19,0.0,,,,
2023-02-17,MOCK_ARG_19,0.0,,,,
2023-02-18,MOCK_ARG_19,0.0,,,,
2023-02-19,MOCK_ARG_19,0.0,,,,
2023-02-20,MOCK_ARG_19,0.0,,,,
2023-02-21,MOCK_ARG_19,0.0,,,,
2023-02-22,MOCK_ARG_19,4.0,,,,
2023-02-23,MOCK_ARG_19,0.0,,,,
2023-02-24,MOCK_ARG_19,0.0,,,,
2023-02-25,MOCK_ARG_19,0.0,,,,
2023-02-26,MOCK_ARG_19,0.0,,,,
2023-02-27,MOCK_ARG_19,2.5,,,,
2023-02-28,MOCK_ARG_19,0.0,,,,
2023-03-01,MOCK_ARG_19,0.0,,,,
2023-03-02,MOCK_ARG_19,0.0,,,,
2023-03-03,MOCK_ARG_19,0.0,,,,
2023-03-04,MOCK_ARG_19,0.0,,,,
2023-03-05,MOCK_ARG_19,0.0,,,,
2023-03-06,MOCK_ARG_19,0.0,,,,
2023-03-07,MOCK_ARG_19,0.0,,,,
2023-03-08,MOCK_ARG_19,0.0,,,,
2023-03-09,MOCK_ARG_19,0.0,,,,
2023-03-10,MOCK_ARG_19,0.0,,,,
2023-03-11,MOCK_ARG_19,0.0,,,,
2023-03-12,MOCK_ARG_19,0.0,,,,
2023-03-13,MOCK_ARG_19,,,,,
2023-03-14,MOCK_ARG_19,0.0,,,,
2023-03-15,MOCK_ARG_19,0.0,,,,
2023-03-16,MOCK_ARG_19,0.0,,,,
2023-03-17,MOCK_ARG_19,0.5,,,,
2023-03-18,MOCK_ARG_19,11.0,,,,
2023-03-19,MOCK_ARG_19,0.0,,,,
2023-03-20,MOCK_ARG_19,10.0,,,,
2023-03-21,MOCK_ARG_19,0.0,,,,
2023-03-22,MOCK_ARG_19,0.0,,,,
2023-03-23,MOCK_ARG_19,0.0,,,,
2023-03-24,MOCK_ARG_19,0.0,,,,
2023-03-25,MOCK_ARG_19,0.0,,,,
2023-03-26,MOCK_ARG_19,0.0,,,,
2023-03-27,MOCK_ARG_19,0.0,,,,
2023-03-28,MOCK_ARG_19,0.0,,,,
2023-03-29,MOCK_ARG_19,0.0,,,,
2023-03-30,MOCK_ARG_19,0.0,,,,
2023-03-31,MOCK_ARG_19,21.0,,,,
2023-04-01,MOCK_ARG_19,0.0,,,,
2023-04-02,MOCK_ARG_19,0.0,,,,
2023-04-03,MOCK_ARG_19,0.0,,,,
2023-04-04,MOCK_ARG_19,0.0,,,,
2023-04-05,MOCK_ARG_19,0.0,,,,
2023-04-06,MOCK_ARG_19,0.0,,,,
2023-04-07,MOCK_ARG_19,0.0,,,,
2023-04-08,MOCK_ARG_19,0.0,,,,
2023-04-09,MOCK_ARG_19,0.0,,,,
2023-04-10,MOCK_ARG_19,0.0,,,,
2023-04-11,MOCK_ARG_19,0.0,,,,
2023-04-12,MOCK_ARG_19,0.0,,,,
2023-04-13,MOCK_ARG_19,0.0,,,,
2023-04-14,MOCK_ARG_19,3.0,,,,
2023-04-15,MOCK_ARG_19,0.0,,,,
2023-04-16,MOCK_ARG_19,,,,,
2023-04-17,MOCK_ARG_19,0.0,,,,
2023-04-18,MOCK_ARG_19,0.0,,,,
2023-04-19,MOCK_ARG_19,0.0,,,,
2023-04-20,MOCK_ARG_19,0.0,,,,
2023-04-21,MOCK_ARG_19,0.0,,,,
2023-04-22,MOCK_ARG_19,0.0,,,,
2023-04-23,MOCK_ARG_19,0.0,,,,
2023-04-24,MOCK_ARG_19,0.0,,,,
2023-04-25,MOCK_ARG_19,0.0,,,,
2023-04-26,MOCK_ARG_19,0.0,,,,
2023-04-27,MOCK_ARG_19,0.0,,,,
2023-04-28,MOCK_ARG_19,31.0,,,,
2023-04-29,MOCK_ARG_19,0.0,,,,
2023-04-30,MOCK_ARG_19,0.0,,,,
2023-05-01,MOCK_ARG_19,0.0,,,,
2023-05-02,MOCK_ARG_19,0.0,,,,
2023-05-03,MOCK_ARG_19,0.0,,,,
2023-05-04,MOCK_ARG_19,14.5,,,,
2023-05-05,MOCK_ARG_19,0.5,,,,
2023-05-06,MOCK_ARG_19,0.0,,,,
2023-05-07,MOCK_ARG_19,0.0,,,,
2023-05-08,MOCK_ARG_19,0.0,,,,
2023-05-09,MOCK_ARG_19,0.0,,,,
2023-05-10,MOCK_ARG_19,0.0,,,,
2023-05-11,MOCK_ARG_19,0.0,,,,
2023-05-12,MOCK_ARG_19,0.0,,,,
2023-05-13,MOCK_ARG_19,27.5,,,,
2023-05-14,MOCK_ARG_19,0.0,,,,
2023-05-15,MOCK_ARG_19,0.0,,,,
2023-05-16,MOCK_ARG_19,0.0,,,,
2023-05-17,MOCK_ARG_19,0.0,,,,
2023-05-18,MOCK_ARG_19,0.0,,,,
2023-05-19,MOCK_ARG_19,0.0,,,,
2023-05-20,MOCK_ARG_19,0.0,,,,
2023-05-21,MOCK_ARG_19,0.0,,,,
2023-05-22,MOCK_ARG_19,0.0,,,,
2023-05-23,MOCK_ARG_19,0.0,,,,
2023-05-24,MOCK_ARG_19,0.0,,,,
2023-05-25,MOCK_ARG_19,0.0,,,,
2023-05-26,MOCK_ARG_19,,,,,
2023-05-27,MOCK_ARG_19,0.0,,,,
2023-05-28,MOCK_ARG_19,0.0,,,,
2023-05-29,MOCK_ARG_19,0.0,,,,
2023-05-30,MOCK_ARG_19,0.0,,,,
2023-05-31,MOCK_ARG_19,0.0,,,,
2023-06-01,MOCK_ARG_19,0.0,,,,
2023-06-02,MOCK_ARG_19,0.0,,,,
2023-06-03,MOCK_ARG_19,0.0,,,,
2023-06-04,MOCK_ARG_19,0.0,,,,
2023-06-05,MOCK_ARG_19,,,,,
2023-06-06,MOCK_ARG_19,0.0,,,,
2023-06-07,MOCK_ARG_19,0.0,,,,
2023-06-08,MOCK_ARG_19,0.0,,,,
2023-06-09,MOCK_ARG_19,0.0,,,,
2023-06-10,MOCK_ARG_19,0.0,,,,
2023-06-11,MOCK_ARG_19,0.0,,,,
2023-06-12,MOCK_ARG_19,0.0,,,,
2023-06-13,MOCK_ARG_19,0.0,,,,
2023-06-14,MOCK_ARG_19,0.0,,,,
2023-06-15,MOCK_ARG_19,0.0,,,,
2023-06-16,MOCK_ARG_19,0.0,,,,
2023-06-17,MOCK_ARG_19,0.0,,,,
2023-06-18,MOCK_ARG_19,0.0,,,,
2023-06-19,MOCK_ARG_19,0.0,,,,
2023-06-20,MOCK_ARG_19,0.0,,,,
2023-06-21,MOCK_ARG_19,0.0,,,,
2023-06-22,MOCK_ARG_19,0.0,,,,
2023-06-23,MOCK_ARG_19,0.0,,,,
2023-06-24,MOCK_ARG_19,0.0,,,,
2023-06-25,MOCK_ARG_19,0.0,,,,
2023-06-26,MOCK_ARG_19,,,,,
2023-06-27,MOCK_ARG_19,1.0,,,,
2023-06-28,MOCK_ARG_19,0.0,,,,
2023-06-29,MOCK_ARG_19,0.0,,,,
2023-06-30,MOCK_ARG_19,,,,,
2023-07-01,MOCK_ARG_19,0.0,,,,
2023-07-02,MOCK_ARG_19,0.0,,,,
2023-07-03,MOCK_ARG_19,0.0,,,,
2023-07-04,MOCK_ARG_19,0.0,,,,
2023-07-05,MOCK_ARG_19,0.0,,,,
2023-07-06,MOCK_ARG_19,1.0,,,,
2023-07-07,MOCK_ARG_19,0.0,,,,
2023-07-08,MOCK_ARG_19,0.0,,,,
2023-07-09,MOCK_ARG_19,0.0,,,,
2023-07-10,MOCK_ARG_19,0.0,,,,
2023-07-11,MOCK_ARG_19,0.0,,,,
2023-07-12,MOCK_ARG_19,0.0,,,,
2023-07-13,MOCK_ARG_19,0.0,,,,
2023-07-14,MOCK_ARG_19,,,,,
2023-07-15,MOCK_ARG_19,4.0,,,,
2023-07-16,MOCK_ARG_19,0.0,,,,
2023-07-17,MOCK_ARG_19,1.0,,,,
2023-07-18,MOCK_ARG_19,0.0,,,,
2023-07-19,MOCK_ARG_19,0.0,,,,
2023-07-20,MOCK_ARG_19,0.0,,,,
2023-07-21,MOCK_ARG_19,0.5,,,,
2023-07-22,MOCK_ARG_19,0.0,,,,
2023-07-23,MOCK_ARG_19,0.0,,,,
2023-07-24,MOCK_ARG_19,0.0,,,,
2023-07-25,MOCK_ARG_19,1.0,,,,
2023-07-26,MOCK_ARG_19,0.0,,,,
2023-07-27,MOCK_ARG_19,,,,,
2023-07-28,MOCK_ARG_19,0.0,,,,
2023-07-29,MOCK_ARG_19,0.0,,,,
2023-07-30,MOCK_ARG_19,0.0,,,,
2023-07-31,MOCK_ARG_19,0.0,,,,
2023-08-01,MOCK_ARG_19,0.0,,,,
2023-08-02,MOCK_ARG_19,0.0,,,,
2023-08-03,MOCK_ARG_19,,,,,
2023-08-04,MOCK_ARG_19,0.0,,,,
2023-08-05,MOCK_ARG_19,0.0,,,,
2023-08-06,MOCK_ARG_19,0.0,,,,
2023-08-07,MOCK_ARG_19,0.0,,,,
2023-08-08,MOCK_ARG_19,0.0,,,,
2023-08-09,MOCK_ARG_19,0.0,,,,
2023-08-10,MOCK_ARG_19,0.0,,,,
2023-08-11,MOCK_ARG_19,0.0,,,,
2023-08-12,MOCK_ARG_19,0.0,,,,
2023-08-13,MOCK_ARG_19,0.0,,,,
2023-08-14,MOCK_ARG_19,0.0,,,,
2023-08-15,MOCK_ARG_19,63.5,,,,
2023-08-16,MOCK_ARG_19,107.5,,,,
2023-08-17,MOCK_ARG_19,0.0,,,,
2023-08-18,MOCK_ARG_19,0.0,,,,
2023-08-19,MOCK_ARG_19,0.0,,,,
2023-08-20,MOCK_ARG_19,0.0,,,,
2023-08-21,MOCK_ARG_19,0.0,,,,
2023-08-22,MOCK_ARG_19,0.0,,,,
2023-08-23,MOCK_ARG_19,0.0,,,,
2023-08-24,MOCK_ARG_19,0.0,,,,
2023-08-25,MOCK_ARG_19,0.0,,,,
2023-08-26,MOCK_ARG_19,0.0,,,,
2023-08-27,MOCK_ARG_19,0.0,,,,
2023-08-28,MOCK_ARG_19,0.0,,,,
2023-08-29,MOCK_ARG_19,0.0,,,,
2023-08-30,MOCK_ARG_19,,,,,
2023-08-31,MOCK_ARG_19,0.0,,,,
2023-09-01,MOCK_ARG_19,0.0,,,,
2023-09-02,MOCK_ARG_19,0.0,,,,
2023-09-03,MOCK_ARG_19,7.0,,,,
2023-09-04,MOCK_ARG_19,22.5,,,,
2023-09-05,MOCK_ARG_19,0.0,,,,
2023-09-06,MOCK_ARG_19,0.0,,,,
2023-09-07,MOCK_ARG_19,7.5,,,,
2023-09-08,MOCK_ARG_19,7.5,,,,
2023-09-09,MOCK_ARG_19,0.0,,,,
2023-09-10,MOCK_ARG_19,0.0,,,,
2023-09-11,MOCK_ARG_19,0.0,,,,
2023-09-12,MOCK_ARG_19,0.0,,,,
2023-09-13,MOCK_ARG_19,0.0,,,,
2023-09-14,MOCK_ARG_19,0.0,,,,
2023-09-15,MOCK_ARG_19,0.0,,,,
2023-09-16,MOCK_ARG_19,0.0,,,,
2023-09-17,MOCK_ARG_19,5.0,,,,
2023-09-18,MOCK_ARG_19,0.0,,,,
2023-09-19,MOCK_ARG_19,0.0,,,,
2023-09-20,MOCK_ARG_19,0.0,,,,
2023-09-21,MOCK_ARG_19,0.0,,,,
2023-09-22,MOCK_ARG_19,0.0,,,,
2023-09-23,MOCK_ARG_19,0.0,,,,
2023-09-24,MOCK_ARG_19,0.0,,,,
2023-09-25,MOCK_ARG_19,0.0,,,,
2023-09-26,MOCK_ARG_19,0.0,,,,
2023-09-27,MOCK_ARG_19,0.0,,,,
2023-09-28,MOCK_ARG_19,0.0,,,,
2023-09-29,MOCK_ARG_19,0.0,,,,
2023-09-30,MOCK_ARG_19,0.0,,,,
2023-10-01,MOCK_ARG_19,0.0,,,,
2023-10-02,MOCK_ARG_19,0.0,,,,
2023-10-03,MOCK_ARG_19,0.0,,,,
2023-10-04,MOCK_ARG_19,0.0,,,,
2023-10-05,MOCK_ARG_19,0.0,,,,
2023-10-06,MOCK_ARG_19,0.0,,,,
2023-10-07,MOCK_ARG_19,,,,,
2023-10-08,MOCK_ARG_19,0.0,,,,
2023-10-09,MOCK_ARG_19,0.0,,,,
2023-10-10,MOCK_ARG_19,0.0,,,,
2023-10-11,MOCK_ARG_19,,,,,
2023-10-12,MOCK_ARG_19,0.0,,,,
2023-10-13,MOCK_ARG_19,0.0,,,,
2023-10-14,MOCK_ARG_19,0.0,,,,
2023-10-15,MOCK_ARG_19,0.0,,,,
2023-10-16,MOCK_ARG_19,0.0,,,,
2023-10-17,MOCK_ARG_19,0.0,,,,
2023-10-18,MOCK_ARG_19,0.0,,,,
2023-10-19,MOCK_ARG_19,0.0,,,,
2023-10-20,MOCK_ARG_19,0.0,,,,
2023-10-21,MOCK_ARG_19,0.0,,,,
2023-10-22,MOCK_ARG_19,0.0,,,,
2023-10-23,MOCK_ARG_19,0.0,,,,
2023-10-24,MOCK_ARG_19,0.0,,,,
2023-10-25,MOCK_ARG_19,0.0,,,,
2023-10-26,MOCK_ARG_19,,,,,
2023-10-27,MOCK_ARG_19,0.0,,,,
2023-10-28,MOCK_ARG_19,0.0,,,,
2023-10-29,MOCK_ARG_19,0.0,,,,
2023-10-30,MOCK_ARG_19,0.0,,,,
2023-10-31,MOCK_ARG_19,0.0,,,,
2023-11-01,MOCK_ARG_19,0.0,,,,
2023-11-02,MOCK_ARG_19,0.0,,,,
2023-11-03,MOCK_ARG_19,0.0,,,,
2023-11-04,MOCK_ARG_19,0.0,,,,
2023-11-05,MOCK_ARG_19,0.0,,,,
2023-11-06,MOCK_ARG_19,0.0,,,,
2023-11-07,MOCK_ARG_19,0.0,,,,
2023-11-08,MOCK_ARG_19,0.0,,,,
2023-11-09,MOCK_ARG_19,0.0,,,,
2023-11-10,MOCK_ARG_19,0.0,,,,
2023-11-11,MOCK_ARG_19,0.0,,,,
2023-11-12,MOCK_ARG_19,0.0,,,,
2023-11-13,MOCK_ARG_19,0.0,,,,
2023-11-14,MOCK_ARG_19,0.0,,,,
2023-11-15,MOCK_ARG_19,0.0,,,,
2023-11-16,MOCK_ARG_19,0.0,,,,
2023-11-17,MOCK_ARG_19,0.0,,,,
2023-11-18,MOCK_ARG_19,0.0,,,,
2023-11-19,MOCK_ARG_19,0.0,,,,
2023-11-20,MOCK_ARG_19,0.0,,,,
2023-11-21,MOCK_ARG_19,0.0,,,,
2023-11-22,MOCK_ARG_19,0.0,,,,
2023-11-23,MOCK_ARG_19,0.0,,,,
2023-11-24,MOCK_ARG_19,0.0,,,,
2023-11-25,MOCK_ARG_19,0.0,,,,
2023-11-26,MOCK_ARG_19,0.0,,,,
2023-11-27,MOCK_ARG_19,0.0,,,,
2023-11-28,MOCK_ARG_19,0.0,,,,
2023-11-29,MOCK_ARG_19,0.0,,,,
2023-11-30,MOCK_ARG_19,0.0,,,,
2023-12-01,MOCK_ARG_19,0.0,,,,
2023-12-02,MOCK_ARG_19,,,,,
2023-12-03,MOCK_ARG_19,0.0,,,,
2023-12-04,MOCK_ARG_19,0.0,,,,
2023-12-05,MOCK_ARG_19,,,,,
2023-12-06,MOCK_ARG_19,0.0,,,,
2023-12-07,MOCK_ARG_19,0.0,,,,
2023-12-08,MOCK_ARG_19,0.0,,,,
2023-12-09,MOCK_ARG_19,0.0,,,,
2023-12-10,MOCK_ARG_19,0.0,,,,
2023-12-11,MOCK_ARG_19,0.0,,,,
2023-12-12,MOCK_ARG_19,0.0,,,,
2023-12-13,MOCK_ARG_19,0.0,,,,
2023-12-14,MOCK_ARG_19,0.0,,,,
2023-12-15,MOCK_ARG_19,0.0,,,,
2023-12-16,MOCK_ARG_19,0.0,,,,
2023-12-17,MOCK_ARG_19,0.0,,,,
2023-12-18,MOCK_ARG_19,0.0,,,,
2023-12-19,MOCK_ARG_19,0.0,,,,
2023-12-20,MOCK_ARG_19,0.0,,,,
2023-12-21,MOCK_ARG_19,0.0,,,,
2023-12-22,MOCK_ARG_19,0.0,,,,
2023-12-23,MOCK_ARG_19,0.0,,,,
2023-12-24,MOCK_ARG_19,0.0,,,,
2023-12-25,MOCK_ARG_19,0.0,,,,
2023-12-26,MOCK_ARG_19,0.0,,,,
2023-12-27,MOCK_ARG_19,0.0,,,,
2023-12-28,MOCK_ARG_19,0.0,,,,
2023-12-29,MOCK_ARG_19,0.0,,,,
2023-12-30,MOCK_ARG_19,0.0,,,,
2023-12-31,MOCK_ARG_19,0.0,,,,
2024-01-01,MOCK_ARG_19,0.0,,,,
2024-01-02,MOCK_ARG_19,0.0,,,,
2024-01-03,MOCK_ARG_19,0.0,,,,
2024-01-04,MOCK_ARG_19,0.0,,,,
2024-01-05,MOCK_ARG_19,0.0,,,,
2024-01-06,MOCK_ARG_19,0.0,,,,
2024-01-07,MOCK_ARG_19,0.0,,,,
2024-01-08,MOCK_ARG_19,0.0,,,,
2024-01-09,MOCK_ARG_19,0.0,,,,
2024-01-10,MOCK_ARG_19,0.0,,,,
2024-01-11,MOCK_ARG_19,0.0,,,,
2024-01-12,MOCK_ARG_19,0.0,,,,
2024-01-13,MOCK_ARG_19,0.0,,,,
2024-01-14,MOCK_ARG_19,0.0,,,,
2024-01-15,MOCK_ARG_19,0.0,,,,
2024-01-16,MOCK_ARG_19,0.0,,,,
2024-01-17,MOCK_ARG_19,0.0,,,,
2024-01-18,MOCK_ARG_19,0.0,,,,
2024-01-19,MOCK_ARG_19,0.0,,,,
2024-01-20,MOCK_ARG_19,0.0,,,,
2024-01-21,MOCK_ARG_19,0.0,,,,
2024-01-22,MOCK_ARG_19,0.0,,,,
2024-01-23,MOCK_ARG_19,0.0,,,,
2024-01-24,MOCK_ARG_19,4.0,,,,
2024-01-25,MOCK_ARG_19,0.0,,,,
2024-01-26,MOCK_ARG_19,0.0,,,,
2024-01-27,MOCK_ARG_19,1.5,,,,
2024-01-28,MOCK_ARG_19,3.5,,,,
2024-01-29,MOCK_ARG_19,1.0,,,,
2024-01-30,MOCK_ARG_19,25.0,,,,
2024-01-31,MOCK_ARG_19,2.0,,,,
2024-02-01,MOCK_ARG_19,0.0,,,,
2024-02-02,MOCK_ARG_19,0.0,,,,
2024-02-03,MOCK_ARG_19,0.5,,,,
2024-02-04,MOCK_ARG_19,1.5,,,,
2024-02-05,MOCK_ARG_19,6.0,,,,
2024-02-06,MOCK_ARG_19,0.0,,,,
2024-02-07,MOCK_ARG_19,0.0,,,,
2024-02-08,MOCK_ARG_19,0.0,,,,
2024-02-09,MOCK_ARG_19,0.0,,,,
2024-02-10,MOCK_ARG_19,3.5,,,,
2024-02-11,MOCK_ARG_19,0.0,,,,
2024-02-12,MOCK_ARG_19,,,,,
2024-02-13,MOCK_ARG_19,0.0,,,,
2024-02-14,MOCK_ARG_19,0.0,,,,
2024-02-15,MOCK_ARG_19,0.0,,,,
2024-02-16,MOCK_ARG_19,0.0,,,,
2024-02-17,MOCK_ARG_19,0.0,,,,
2024-02-18,MOCK_ARG_19,,,,,
2024-02-19,MOCK_ARG_19,0.0,,,,
2024-02-20,MOCK_ARG_19,0.0,,,,
2024-02-21,MOCK_ARG_19,0.0,,,,
2024-02-22,MOCK_ARG_19,0.0,,,,
2024-02-23,MOCK_ARG_19,0.0,,,,
2024-02-24,MOCK_ARG_19,0.0,,,,
2024-02-25,MOCK_ARG_19,5.0,,,,
2024-02-26,MOCK_ARG_19,0.0,,,,
2024-02-27,MOCK_ARG_19,0.0,,,,
2024-02-28,MOCK_ARG_19,0.0,,,,
2024-02-29,MOCK_ARG_19,0.0,,,,
2024-03-01,MOCK_ARG_19,0.0,,,,
2024-03-02,MOCK_ARG_19,0.0,,,,
2024-03-03,MOCK_ARG_19,0.0,,,,
2024-03-04,MOCK_ARG_19,0.0,,,,
2024-03-05,MOCK_ARG_19,0.0,,,,
2024-03-06,MOCK_ARG_19,0.0,,,,
2024-03-07,MOCK_ARG_19,0.0,,,,
2024-03-08,MOCK_ARG_19,0.0,,,,
2024-03-09,MOCK_ARG_19,0.0,,,,
2024-03-10,MOCK_ARG_19,,,,,
2024-03-11,MOCK_ARG_19,0.0,,,,
2024-03-12,MOCK_ARG_19,0.0,,,,
2024-03-13,MOCK_ARG_19,3.0,,,,
2024-03-14,MOCK_ARG_19,0.0,,,,
2024-03-15,MOCK_ARG_19,0.0,,,,
2024-03-16,MOCK_ARG_19,26.0,,,,
2024-03-17,MOCK_ARG_19,0.0,,,,
2024-03-18,MOCK_ARG_19,0.0,,,,
2024-03-19,MOCK_ARG_19,0.0,,,,
2024-03-20,MOCK_ARG_19,0.0,,,,
2024-03-21,MOCK_ARG_19,0.0,,,,
2024-03-22,MOCK_ARG_19,0.0,,,,
2024-03-23,MOCK_ARG_19,0.0,,,,
2024-03-24,MOCK_ARG_19,0.0,,,,
2024-03-25,MOCK_ARG_19,0.0,,,,
2024-03-26,MOCK_ARG_19,0.0,,,,
2024-03-27,MOCK_ARG_19,0.0,,,,
2024-03-28,MOCK_ARG_19,0.0,,,,
2024-03-29,MOCK_ARG_19,0.0,,,,
2024-03-30,MOCK_ARG_19,0.0,,,,
2024-03-31,MOCK_ARG_19,,,,,
2024-04-01,MOCK_ARG_19,0.0,,,,
2024-04-02,MOCK_ARG_19,0.0,,,,
2024-04-03,MOCK_ARG_19,5.0,,,,
2024-04-04,MOCK_ARG_19,0.0,,,,
2024-04-05,MOCK_ARG_19,0.0,,,,
2024-04-06,MOCK_ARG_19,0.0,,,,
2024-04-07,MOCK_ARG_19,0.0,,,,
2024-04-08,MOCK_ARG_19,0.0,,,,
2024-04-09,MOCK_ARG_19,0.0,,,,
2024-04-10,MOCK_ARG_19,0.0,,,,
2024-04-11,MOCK_ARG_19,0.0,,,,
2024-04-12,MOCK_ARG_19,0.0,,,,
2024-04-13,MOCK_ARG_19,0.0,,,,
2024-04-14,MOCK_ARG_19,0.0,,,,
2024-04-15,MOCK_ARG_19,0.0,,,,
2024-04-16,MOCK_ARG_19,0.0,,,,
2024-04-17,MOCK_ARG_19,0.0,,,,
2024-04-18,MOCK_ARG_19,0.0,,,,
2024-04-19,MOCK_ARG_19,0.0,,,,
2024-04-20,MOCK_ARG_19,0.0,,,,
2024-04-21,MOCK_ARG_19,3.5,,,,
2024-04-22,MOCK_ARG_19,0.0,,,,
2024-04-23,MOCK_ARG_19,0.0,,,,
2024-04-24,MOCK_ARG_19,0.0,,,,
2024-04-25,MOCK_ARG_19,0.0,,,,
2024-04-26,MOCK_ARG_19,0.0,,,,
2024-04-27,MOCK_ARG_19,0.0,,,,
2024-04-28,MOCK_ARG_19,0.0,,,,
2024-04-29,MOCK_ARG_19,0.0,,,,
2024-04-30,MOCK_ARG_19,0.0,,,,
2024-05-01,MOCK_ARG_19,0.0,,,,
2024-05-02,MOCK_ARG_19,0.0,,,,
2024-05-03,MOCK_ARG_19,0.0,,,,
2024-05-04,MOCK_ARG_19,0.0,,,,
2024-05-05,MOCK_ARG_19,0.0,,,,
2024-05-06,MOCK_ARG_19,0.0,,,,
2024-05-07,MOCK_ARG_19,0.0,,,,
2024-05-08,MOCK_ARG_19,0.0,,,,
2024-05-09,MOCK_ARG_19,0.0,,,,
2024-05-10,MOCK_ARG_19,0.0,,,,
2024-05-11,MOCK_ARG_19,0.0,,,,
2024-05-12,MOCK_ARG_19,0.0,,,,
2024-05-13,MOCK_ARG_19,0.0,,,,
2024-05-14,MOCK_ARG_19,0.0,,,,
2024-05-15,MOCK_ARG_19,0.0,,,,
2024-05-16,MOCK_ARG_19,0.0,,,,
2024-05-17,MOCK_ARG_19,0.0,,,,
2024-05-18,MOCK_ARG_19,0.0,,,,
2024-05-19,MOCK_ARG_19,0.0,,,,
2024-05-20,MOCK_ARG_19,,,,,
2024-05-21,MOCK_ARG_19,0.0,,,,
2024-05-22,MOCK_ARG_19,0.0,,,,
2024-05-23,MOCK_ARG_19,0.0,,,,
2024-05-24,MOCK_ARG_19,0.0,,,,
2024-05-25,MOCK_ARG_19,0.0,,,,
2024-05-26,MOCK_ARG_19,0.0,,,,
2024-05-27,MOCK_ARG_19,0.0,,,,
2024-05-28,MOCK_ARG_19,0.0,,,,
2024-05-29,MOCK_ARG_19,0.0,,,,
2024-05-30,MOCK_ARG_19,0.0,,,,
2024-05-31,MOCK_ARG_19,0.0,,,,
2024-06-01,MOCK_ARG_19,0.0,,,,
2024-06-02,MOCK_ARG_19,0.0,,,,
2024-06-03,MOCK_ARG_19,0.0,,,,
2024-06-04,MOCK_ARG_19,0.0,,,,
2024-06-05,MOCK_ARG_19,0.0,,,,
2024-06-06,MOCK_ARG_19,0.0,,,,
2024-06-07,MOCK_ARG_19,0.0,,,,
2024-06-08,MOCK_ARG_19,0.0,,,,
2024-06-09,MOCK_ARG_19,0.0,,,,
2024-06-10,MOCK_ARG_19,0.0,,,,
2024-06-11,MOCK_ARG_19,0.0,,,,
2024-06-12,MOCK_ARG_19,0.0,,,,
2024-06-13,MOCK_ARG_19,0.0,,,,
2024-06-14,MOCK_ARG_19,,,,,
2024-06-15,MOCK_ARG_19,0.0,,,,
2024-06-16,MOCK_ARG_19,0.0,,,,
2024-06-17,MOCK_ARG_19,0.0,,,,
2024-06-18,MOCK_ARG_19,0.0,,,,
2024-06-19,MOCK_ARG_19,0.0,,,,
2024-06-20,MOCK_ARG_19,0.0,,,,
2024-06-21,MOCK_ARG_19,38.0,,,,
2024-06-22,MOCK_ARG_19,4.5,,,,
2024-06-23,MOCK_ARG_19,2.5,,,,
2024-06-24,MOCK_ARG_19,0.0,,,,
2024-06-25,MOCK_ARG_19,0.0,,,,
2024-06-26,MOCK_ARG_19,0.0,,,,
2024-06-27,MOCK_ARG_19,0.0,,,,
2024-06-28,MOCK_ARG_19,3.5,,,,
2024-06-29,MOCK_ARG_19,33.0,,,,
2024-06-30,MOCK_ARG_19,0.0,,,,
2024-07-01,MOCK_ARG_19,0.0,,,,
2024-07-02,MOCK_ARG_19,0.0,,,,
2024-07-03,MOCK_ARG_19,0.0,,,,
2024-07-04,MOCK_ARG_19,10.0,,,,
2024-07-05,MOCK_ARG_19,0.5,,,,
2024-07-06,MOCK_ARG_19,10.0,,,,
2024-07-07,MOCK_ARG_19,0.0,,,,
2024-07-08,MOCK_ARG_19,0.0,,,,
2024-07-09,MOCK_ARG_19,0.0,,,,
2024-07-10,MOCK_ARG_19,,,,,
2024-07-11,MOCK_ARG_19,0.5,,,,
2024-07-12,MOCK_ARG_19,0.0,,,,
2024-07-13,MOCK_ARG_19,0.0,,,,
2024-07-14,MOCK_ARG_19,0.0,,,,
2024-07-15,MOCK_ARG_19,0.0,,,,
2024-07-16,MOCK_ARG_19,0.0,,,,
2024-07-17,MOCK_ARG_19,0.0,,,,
2024-07-18,MOCK_ARG_19,0.0,,,,
2024-07-19,MOCK_ARG_19,0.0,,,,
2024-07-20,MOCK_ARG_19,0.0,,,,
2024-07-21,MOCK_ARG_19,0.0,,,,
2024-07-22,MOCK_ARG_19,0.0,,,,
2024-07-23,MOCK_ARG_19,0.0,,,,
2024-07-24,MOCK_ARG_19,2.5,,,,
2024-07-25,MOCK_ARG_19,0.0,,,,
2024-07-26,MOCK_ARG_19,0.0,,,,
2024-07-27,MOCK_ARG_19,0.0,,,,
2024-07-28,MOCK_ARG_19,,,,,
2024-07-29,MOCK_ARG_19,0.0,,,,
2024-07-30,MOCK_ARG_19,0.0,,,,
2024-07-31,MOCK_ARG_19,,,,,
2024-08-01,MOCK_ARG_19,18.5,,,,
2024-08-02,MOCK_ARG_19,0.0,,,,
2024-08-03,MOCK_ARG_19,0.0,,,,
2024-08-04,MOCK_ARG_19,1.0,,,,
2024-08-05,MOCK_ARG_19,,,,,
2024-08-06,MOCK_ARG_19,0.0,,,,
2024-08-07,MOCK_ARG_19,0.0,,,,
2024-08-08,MOCK_ARG_19,0.0,,,,
2024-08-09,MOCK_ARG_19,0.0,,,,
2024-08-10,MOCK_ARG_19,0.0,,,,
2024-08-11,MOCK_ARG_19,0.0,,,,
2024-08-12,MOCK_ARG_19,121.5,,,,
2024-08-13,MOCK_ARG_19,0.0,,,,
2024-08-14,MOCK_ARG_19,0.0,,,,
2024-08-15,MOCK_ARG_19,0.0,,,,
2024-08-16,MOCK_ARG_19,0.0,,,,
2024-08-17,MOCK_ARG_19,0.0,,,,
2024-08-18,MOCK_ARG_19,0.0,,,,
2024-08-19,MOCK_ARG_19,0.0,,,,
2024-08-20,MOCK_ARG_19,0.0,,,,
2024-08-21,MOCK_ARG_19,0.0,,,,
2024-08-22,MOCK_ARG_19,0.0,,,,
2024-08-23,MOCK_ARG_19,33.0,,,,
2024-08-24,MOCK_ARG_19,0.0,,,,
2024-08-25,MOCK_ARG_19,0.0,,,,
2024-08-26,MOCK_ARG_19,0.0,,,,
2024-08-27,MOCK_ARG_19,0.0,,,,
2024-08-28,MOCK_ARG_19,0.0,,,,
2024-08-29,MOCK_ARG_19,0.0,,,,
2024-08-30,MOCK_ARG_19,0.0,,,,
2024-08-31,MOCK_ARG_19,0.0,,,,
2024-09-01,MOCK_ARG_19,0.0,,,,
2024-09-02,MOCK_ARG_19,0.0,,,,
2024-09-03,MOCK_ARG_19,0.0,,,,
2024-09-04,MOCK_ARG_19,0.0,,,,
2024-09-05,MOCK_ARG_19,0.0,,,,
2024-09-06,MOCK_ARG_19,0.0,,,,
2024-09-07,MOCK_ARG_19,0.0,,,,
2024-09-08,MOCK_ARG_19,10.0,,,,
2024-09-09,MOCK_ARG_19,3.0,,,,
2024-09-10,MOCK_ARG_19,0.0,,,,
2024-09-11,MOCK_ARG_19,0.0,,,,
2024-09-12,MOCK_ARG_19,0.0,,,,
2024-09-13,MOCK_ARG_19,0.0,,,,
2024-09-14,MOCK_ARG_19,0.0,,,,
2024-09-15,MOCK_ARG_19,0.0,,,,
2024-09-16,MOCK_ARG_19,0.0,,,,
2024-09-17,MOCK_ARG_19,0.0,,,,
2024-09-18,MOCK_ARG_19,0.0,,,,
2024-09-19,MOCK_ARG_19,0.0,,,,
2024-09-20,MOCK_ARG_19,0.0,,,,
2024-09-21,MOCK_ARG_19,0.0,,,,
2024-09-22,MOCK_ARG_19,0.0,,,,
2024-09-23,MOCK_ARG_19,13.0,,,,
2024-09-24,MOCK_ARG_19,,,,,
2024-09-25,MOCK_ARG_19,0.0,,,,
2024-09-26,MOCK_ARG_19,0.0,,,,
2024-09-27,MOCK_ARG_19,0.0,,,,
2024-09-28,MOCK_ARG_19,0.0,,,,
2024-09-29,MOCK_ARG_19,0.0,,,,
2024-09-30,MOCK_ARG_19,0.0,,,,
2024-10-01,MOCK_ARG_19,0.0,,,,
2024-10-02,MOCK_ARG_19,0.0,,,,
2024-10-03,MOCK_ARG_19,0.0,,,,
2024-10-04,MOCK_ARG_19,0.0,,,,
2024-10-05,MOCK_ARG_19,0.0,,,,
2024-10-06,MOCK_ARG_19,0.0,,,,
2024-10-07,MOCK_ARG_19,0.0,,,,
2024-10-08,MOCK_ARG_19,0.0,,,,
2024-10-09,MOCK_ARG_19,0.0,,,,
2024-10-10,MOCK_ARG_19,0.0,,,,
2024-10-11,MOCK_ARG_19,,,,,
2024-10-12,MOCK_ARG_19,0.0,,,,
2024-10-13,MOCK_ARG_19,0.0,,,,
2024-10-14,MOCK_ARG_19,0.0,,,,
2024-10-15,MOCK_ARG_19,0.0,,,,
2024-10-16,MOCK_ARG_19,0.0,,,,
2024-10-17,MOCK_ARG_19,0.0,,,,
2024-10-18,MOCK_ARG_19,0.0,,,,
2024-10-19,MOCK_ARG_19,0.0,,,,
2024-10-20,MOCK_ARG_19,0.0,,,,
2024-10-21,MOCK_ARG_19,0.0,,,,
2024-10-22,MOCK_ARG_19,0.0,,,,
2024-10-23,MOCK_ARG_19,0.0,,,,
2024-10-24,MOCK_ARG_19,0.0,,,,
2024-10-25,MOCK_ARG_19,0.0,,,,
2024-10-26,MOCK_ARG_19,0.0,,,,
2024-10-27,MOCK_ARG_19,0.0,,,,
2024-10-28,MOCK_ARG_19,0.0,,,,
2024-10-29,MOCK_ARG_19,0.0,,,,
2024-10-30,MOCK_ARG_19,0.0,,,,
2024-10-31,MOCK_ARG_19,0.0,,,,
2024-11-01,MOCK_ARG_19,0.0,,,,
2024-11-02,MOCK_ARG_19,0.0,,,,
2024-11-03,MOCK_ARG_19,0.0,,,,
2024-11-04,MOCK_ARG_19,0.0,,,,
2024-11-05,MOCK_ARG_19,0.0,,,,
2024-11-06,MOCK_ARG_19,0.0,,,,
2024-11-07,MOCK_ARG_19,0.0,,,,
2024-11-08,MOCK_ARG_19,0.0,,,,
2024-11-09,MOCK_ARG_19,0.0,,,,
2024-11-10,MOCK_ARG_19,0.0,,,,
2024-11-11,MOCK_ARG_19,0.0,,,,
2024-11-12,MOCK_ARG_19,0.0,,,,
2024-11-13,MOCK_ARG_19,0.0,,,,
2024-11-14,MOCK_ARG_19,0.0,,,,
2024-11-15,MOCK_ARG_19,0.0,,,,
2024-11-16,MOCK_ARG_19,0.0,,,,
2024-11-17,MOCK_ARG_19,0.0,,,,
2024-11-18,MOCK_ARG_19,0.0,,,,
2024-11-19,MOCK_ARG_19,0.0,,,,
2024-11-20,MOCK_ARG_19,,,,,
2024-11-21,MOCK_ARG_19,0.0,,,,
2024-11-22,MOCK_ARG_19,0.0,,,,
2024-11-23,MOCK_ARG_19,0.0,,,,
2024-11-24,MOCK_ARG_19,0.0,,,,
2024-11-25,MOCK_ARG_19,0.0,,,,
2024-11-26,MOCK_ARG_19,0.0,,,,
2024-11-27,MOCK_ARG_19,0.0,,,,
2024-11-28,MOCK_ARG_19,3.0,,,,
2024-11-29,MOCK_ARG_19,0.0,,,,
2024-11-30,MOCK_ARG_19,0.0,,,,
2024-12-01,MOCK_ARG_19,0.0,,,,
2024-12-02,MOCK_ARG_19,0.0,,,,
2024-12-03,MOCK_ARG_19,0.0,,,,
2024-12-04,MOCK_ARG_19,0.0,,,,
2024-12-05,MOCK_ARG_19,0.0,,,,
2024-12-06,MOCK_ARG_19,0.0,,,,
2024-12-07,MOCK_ARG_19,0.0,,,,
2024-12-08,MOCK_ARG_19,0.0,,,,
2024-12-09,MOCK_ARG_19,0.0,,,,
2024-12-10,MOCK_ARG_19,0.0,,,,
2024-12-11,MOCK_ARG_19,0.0,,,,
2024-12-12,MOCK_ARG_19,0.0,,,,
2024-12-13,MOCK_ARG_19,0.0,,,,
2024-12-14,MOCK_ARG_19,0.0,,,,
2024-12-15,MOCK_ARG_19,0.0,,,,
2024-12-16,MOCK_ARG_19,0.0,,,,
2024-12-17,MOCK_ARG_19,0.0,,,,
2024-12-18,MOCK_ARG_19,0.0,,,,
2024-12-19,MOCK_ARG_19,0.0,,,,
2024-12-20,MOCK_ARG_19,0.0,,,,
2024-12-21,MOCK_ARG_19,0.0,,,,
2024-12-22,MOCK_ARG_19,0.0,,,,
2024-12-23,MOCK_ARG_19,0.0,,,,
2024-12-24,MOCK_ARG_19,0.0,,,,
2024-12-25,MOCK_ARG_19,0.0,,,,
2024-12-26,MOCK_ARG_19,0.5,,,,
2024-12-27,MOCK_ARG_19,1.0,,,,
2024-12-28,MOCK_ARG_19,0.5,,,,
2024-12-29,MOCK_ARG_19,9.5,,,,
2024-12-30,MOCK_ARG_19,0.0,,,,
2024-12-31,MOCK_ARG_19,0.0,,,,
2023-01-01,MOCK_ARG_20,0.0,,,,
2023-01-02,MOCK_ARG_20,0.0,,,,
2023-01-03,MOCK_ARG_20,0.0,,,,
2023-01-04,MOCK_ARG_20,0.0,,,,
2023-01-05,MOCK_ARG_20,0.0,,,,
2023-01-06,MOCK_ARG_20,0.0,,,,
2023-01-07,MOCK_ARG_20,0.0,,,,
2023-01-08,MOCK_ARG_20,0.0,,,,
2023-01-09,MOCK_ARG_20,0.0,,,,
2023-01-10,MOCK_ARG_20,0.0,,,,
2023-01-11,MOCK_ARG_20,0.0,,,,
2023-01-12,MOCK_ARG_20,0.0,,,,
2023-01-13,MOCK_ARG_20,,,,,
2023-01-14,MOCK_ARG_20,0.0,,,,
2023-01-15,MOCK_ARG_20,,,,,
2023-01-16,MOCK_ARG_20,0.0,,,,
2023-01-17,MOCK_ARG_20,0.0,,,,
2023-01-18,MOCK_ARG_20,0.0,,,,
2023-01-19,MOCK_ARG_20,0.0,,,,
2023-01-20,MOCK_ARG_20,5.5,,,,
2023-01-21,MOCK_ARG_20,0.0,,,,
2023-01-22,MOCK_ARG_20,0.0,,,,
2023-01-23,MOCK_ARG_20,0.0,,,,
2023-01-24,MOCK_ARG_20,0.0,,,,
2023-01-25,MOCK_ARG_20,0.0,,,,
2023-01-26,MOCK_ARG_20,0.0,,,,
2023-01-27,MOCK_ARG_20,0.0,,,,
2023-01-28,MOCK_ARG_20,0.0,,,,
2023-01-29,MOCK_ARG_20,0.0,,,,
2023-01-30,MOCK_ARG_20,0.0,,,,
2023-01-31,MOCK_ARG_20,0.0,,,,
2023-02-01,MOCK_ARG_20,0.0,,,,
2023-02-02,MOCK_ARG_20,0.0,,,,
2023-02-03,MOCK_ARG_20,0.0,,,,
2023-02-04,MOCK_ARG_20,0.0,,,,
2023-02-05,MOCK_ARG_20,0.0,,,,
2023-02-06,MOCK_ARG_20,0.0,,,,
2023-02-07,MOCK_ARG_20,0.0,,,,
2023-02-08,MOCK_ARG_20,0.0,,,,
2023-02-09,MOCK_ARG_20,0.0,,,,
2023-02-10,MOCK_ARG_20,0.0,,,,
2023-02-11,MOCK_ARG_20,,,,,
2023-02-12,MOCK_ARG_20,0.0,,,,
2023-02-13,MOCK_ARG_20,0.0,,,,
2023-02-14,MOCK_ARG_20,0.0,,,,
2023-02-15,MOCK_ARG_20,0.0,,,,
2023-02-16,MOCK_ARG_20,,,,,
2023-02-17,MOCK_ARG_20,0.0,,,,
2023-02-18,MOCK_ARG_20,0.0,,,,
2023-02-19,MOCK_ARG_20,0.0,,,,
2023-02-20,MOCK_ARG_20,0.0,,,,
2023-02-21,MOCK_ARG_20,0.0,,,,
2023-02-22,MOCK_ARG_20,3.5,,,,
2023-02-23,MOCK_ARG_20,0.0,,,,
2023-02-24,MOCK_ARG_20,0.0,,,,
2023-02-25,MOCK_ARG_20,0.0,,,,
2023-02-26,MOCK_ARG_20,0.0,,,,
2023-02-27,MOCK_ARG_20,2.0,,,,
2023-02-28,MOCK_ARG_20,0.0,,,,
2023-03-01,MOCK_ARG_20,,,,,
2023-03-02,MOCK_ARG_20,0.0,,,,
2023-03-03,MOCK_ARG_20,0.0,,,,
2023-03-04,MOCK_ARG_20,0.0,,,,
2023-03-05,MOCK_ARG_20,0.0,,,,
2023-03-06,MOCK_ARG_20,0.0,,,,
2023-03-07,MOCK_ARG_20,0.0,,,,
2023-03-08,MOCK_ARG_20,0.0,,,,
2023-03-09,MOCK_ARG_20,0.0,,,,
2023-03-10,MOCK_ARG_20,0.0,,,,
2023-03-11,MOCK_ARG_20,0.0,,,,
2023-03-12,MOCK_ARG_20,0.0,,,,
2023-03-13,MOCK_ARG_20,0.0,,,,
2023-03-14,MOCK_ARG_20,0.0,,,,
2023-03-15,MOCK_ARG_20,0.0,,,,
2023-03-16,MOCK_ARG_20,0.0,,,,
2023-03-17,MOCK_ARG_20,0.5,,,,
2023-03-18,MOCK_ARG_20,10.0,,,,
2023-03-19,MOCK_ARG_20,0.0,,,,
2023-03-20,MOCK_ARG_20,11.0,,,,
2023-03-21,MOCK_ARG_20,0.0,,,,
2023-03-22,MOCK_ARG_20,0.0,,,,
2023-03-23,MOCK_ARG_20,0.0,,,,
2023-03-24,MOCK_ARG_20,0.0,,,,
2023-03-25,MOCK_ARG_20,0.0,,,,
2023-03-26,MOCK_ARG_20,0.0,,,,
2023-03-27,MOCK_ARG_20,0.0,,,,
2023-03-28,MOCK_ARG_20,0.0,,,,
2023-03-29,MOCK_ARG_20,0.0,,,,
2023-03-30,MOCK_ARG_20,0.0,,,,
2023-03-31,MOCK_ARG_20,15.5,,,,
2023-04-01,MOCK_ARG_20,0.0,,,,
2023-04-02,MOCK_ARG_20,0.0,,,,
2023-04-03,MOCK_ARG_20,0.0,,,,
2023-04-04,MOCK_ARG_20,0.0,,,,
2023-04-05,MOCK_ARG_20,0.0,,,,
2023-04-06,MOCK_ARG_20,0.0,,,,
2023-04-07,MOCK_ARG_20,0.0,,,,
2023-04-08,MOCK_ARG_20,0.0,,,,
2023-04-09,MOCK_ARG_20,0.0,,,,
2023-04-10,MOCK_ARG_20,0.0,,,,
2023-04-11,MOCK_ARG_20,0.0,,,,
2023-04-12,MOCK_ARG_20,0.0,,,,
2023-04-13,MOCK_ARG_20,0.0,,,,
2023-04-14,MOCK_ARG_20,3.5,,,,
2023-04-15,MOCK_ARG_20,0.0,,,,
2023-04-16,MOCK_ARG_20,0.0,,,,
2023-04-17,MOCK_ARG_20,0.0,,,,
2023-04-18,MOCK_ARG_20,0.0,,,,
2023-04-19,MOCK_ARG_20,0.0,,,,
2023-04-20,MOCK_ARG_20,0.0,,,,
2023-04-21,MOCK_ARG_20,0.0,,,,
2023-04-22,MOCK_ARG_20,0.0,,,,
2023-04-23,MOCK_ARG_20,0.0,,,,
2023-04-24,MOCK_ARG_20,0.0,,,,
2023-04-25,MOCK_ARG_20,0.0,,,,
2023-04-26,MOCK_ARG_20,0.0,,,,
2023-04-27,MOCK_ARG_20,0.0,,,,
2023-04-28,MOCK_ARG_20,22.0,,,,
2023-04-29,MOCK_ARG_20,0.0,,,,
2023-04-30,MOCK_ARG_20,0.0,,,,
2023-05-01,MOCK_ARG_20,0.0,,,,
2023-05-02,MOCK_ARG_20,0.0,,,,
2023-05-03,MOCK_ARG_20,0.0,,,,
2023-05-04,MOCK_ARG_20,17.0,,,,
2023-05-05,MOCK_ARG_20,0.5,,,,
2023-05-06,MOCK_ARG_20,0.0,,,,
2023-05-07,MOCK_ARG_20,0.0,,,,
2023-05-08,MOCK_ARG_20,0.0,,,,
2023-05-09,MOCK_ARG_20,0.0,,,,
2023-05-10,MOCK_ARG_20,0.0,,,,
2023-05-11,MOCK_ARG_20,0.0,,,,
2023-05-12,MOCK_ARG_20,0.0,,,,
2023-05-13,MOCK_ARG_20,30.0,,,,
2023-05-14,MOCK_ARG_20,0.0,,,,
2023-05-15,MOCK_ARG_20,0.0,,,,
2023-05-16,MOCK_ARG_20,0.0,,,,
2023-05-17,MOCK_ARG_20,0.0,,,,
2023-05-18,MOCK_ARG_20,0.0,,,,
2023-05-19,MOCK_ARG_20,0.0,,,,
2023-05-20,MOCK_ARG_20,0.0,,,,
2023-05-21,MOCK_ARG_20,,,,,
2023-05-22,MOCK_ARG_20,,,,,
2023-05-23,MOCK_ARG_20,0.0,,,,
2023-05-24,MOCK_ARG_20,0.0,,,,
2023-05-25,MOCK_ARG_20,0.0,,,,
2023-05-26,MOCK_ARG_20,0.0,,,,
2023-05-27,MOCK_ARG_20,0.0,,,,
2023-05-28,MOCK_ARG_20,0.0,,,,
2023-05-29,MOCK_ARG_20,0.0,,,,
2023-05-30,MOCK_ARG_20,0.0,,,,
2023-05-31,MOCK_ARG_20,0.0,,,,
2023-06-01,MOCK_ARG_20,0.0,,,,
2023-06-02,MOCK_ARG_20,0.0,,,,
2023-06-03,MOCK_ARG_20,0.0,,,,
2023-06-04,MOCK_ARG_20,0.0,,,,
2023-06-05,MOCK_ARG_20,0.0,,,,
2023-06-06,MOCK_ARG_20,0.0,,,,
2023-06-07,MOCK_ARG_20,0.0,,,,
2023-06-08,MOCK_ARG_20,0.0,,,,
2023-06-09,MOCK_ARG_20,0.0,,,,
2023-06-10,MOCK_ARG_20,0.0,,,,
2023-06-11,MOCK_ARG_20,0.0,,,,
2023-06-12,MOCK_ARG_20,0.0,,,,
2023-06-13,MOCK_ARG_20,0.0,,,,
2023-06-14,MOCK_ARG_20,0.0,,,,
2023-06-15,MOCK_ARG_20,0.0,,,,
2023-06-16,MOCK_ARG_20,0.0,,,,
2023-06-17,MOCK_ARG_20,,,,,
2023-06-18,MOCK_ARG_20,0.0,,,,
2023-06-19,MOCK_ARG_20,0.0,,,,
2023-06-20,MOCK_ARG_20,0.0,,,,
2023-06-21,MOCK_ARG_20,0.0,,,,
2023-06-22,MOCK_ARG_20,0.0,,,,
2023-06-23,MOCK_ARG_20,0.0,,,,
2023-06-24,MOCK_ARG_20,0.0,,,,
2023-06-25,MOCK_ARG_20,0.0,,,,
2023-06-26,MOCK_ARG_20,0.0,,,,
2023-06-27,MOCK_ARG_20,1.0,,,,
2023-06-28,MOCK_ARG_20,0.0,,,,
2023-06-29,MOCK_ARG_20,0.0,,,,
2023-06-30,MOCK_ARG_20,0.0,,,,
2023-07-01,MOCK_ARG_20,0.0,,,,
2023-07-02,MOCK_ARG_20,0.0,,,,
2023-07-03,MOCK_ARG_20,,,,,
2023-07-04,MOCK_ARG_20,0.0,,,,
2023-07-05,MOCK_ARG_20,0.0,,,,
2023-07-06,MOCK_ARG_20,1.0,,,,
2023-07-07,MOCK_ARG_20,,,,,
2023-07-08,MOCK_ARG_20,0.0,,,,
2023-07-09,MOCK_ARG_20,0.0,,,,
2023-07-10,MOCK_ARG_20,0.0,,,,
2023-07-11,MOCK_ARG_20,0.0,,,,
2023-07-12,MOCK_ARG_20,0.0,,,,
2023-07-13,MOCK_ARG_20,,,,,
2023-07-14,MOCK_ARG_20,,,,,
2023-07-15,MOCK_ARG_20,4.5,,,,
2023-07-16,MOCK_ARG_20,0.0,,,,
2023-07-17,MOCK_ARG_20,1.0,,,,
2023-07-18,MOCK_ARG_20,0.0,,,,
2023-07-19,MOCK_ARG_20,0.0,,,,
2023-07-20,MOCK_ARG_20,0.0,,,,
2023-07-21,MOCK_ARG_20,,,,,
2023-07-22,MOCK_ARG_20,0.0,,,,
2023-07-23,MOCK_ARG_20,0.0,,,,
2023-07-24,MOCK_ARG_20,0.0,,,,
2023-07-25,MOCK_ARG_20,0.5,,,,
2023-07-26,MOCK_ARG_20,0.0,,,,
2023-07-27,MOCK_ARG_20,0.0,,,,
2023-07-28,MOCK_ARG_20,,,,,
2023-07-29,MOCK_ARG_20,0.0,,,,
2023-07-30,MOCK_ARG_20,14.5,,,,
2023-07-31,MOCK_ARG_20,0.0,,,,
2023-08-01,MOCK_ARG_20,0.0,,,,
2023-08-02,MOCK_ARG_20,0.0,,,,
2023-08-03,MOCK_ARG_20,0.0,,,,
2023-08-04,MOCK_ARG_20,0.0,,,,
2023-08-05,MOCK_ARG_20,86.0,,,,
2023-08-06,MOCK_ARG_20,0.0,,,,
2023-08-07,MOCK_ARG_20,0.0,,,,
2023-08-08,MOCK_ARG_20,0.0,,,,
2023-08-09,MOCK_ARG_20,0.0,,,,
2023-08-10,MOCK_ARG_20,0.0,,,,
2023-08-11,MOCK_ARG_20,0.0,,,,
2023-08-12,MOCK_ARG_20,0.0,,,,
2023-08-13,MOCK_ARG_20,0.0,,,,
2023-08-14,MOCK_ARG_20,,,,,
2023-08-15,MOCK_ARG_20,0.0,,,,
2023-08-16,MOCK_ARG_20,123.5,,,,
2023-08-17,MOCK_ARG_20,0.0,,,,
2023-08-18,MOCK_ARG_20,0.0,,,,
2023-08-19,MOCK_ARG_20,0.0,,,,
2023-08-20,MOCK_ARG_20,0.0,,,,
2023-08-21,MOCK_ARG_20,0.0,,,,
2023-08-22,MOCK_ARG_20,0.0,,,,
2023-08-23,MOCK_ARG_20,0.0,,,,
2023-08-24,MOCK_ARG_20,0.0,,,,
2023-08-25,MOCK_ARG_20,0.0,,,,
2023-08-26,MOCK_ARG_20,0.0,,,,
2023-08-27,MOCK_ARG_20,0.0,,,,
2023-08-28,MOCK_ARG_20,0.0,,,,
2023-08-29,MOCK_ARG_20,0.0,,,,
2023-08-30,MOCK_ARG_20,0.0,,,,
2023-08-31,MOCK_ARG_20,0.0,,,,
2023-09-01,MOCK_ARG_20,0.0,,,,
2023-09-02,MOCK_ARG_20,0.0,,,,
2023-09-03,MOCK_ARG_20,0.0,,,,
2023-09-04,MOCK_ARG_20,28.5,,,,
2023-09-05,MOCK_ARG_20,0.0,,,,
2023-09-06,MOCK_ARG_20,0.0,,,,
2023-09-07,MOCK_ARG_20,6.0,,,,
2023-09-08,MOCK_ARG_20,7.5,,,,
2023-09-09,MOCK_ARG_20,0.0,,,,
2023-09-10,MOCK_ARG_20,0.0,,,,
2023-09-11,MOCK_ARG_20,0.0,,,,
2023-09-12,MOCK_ARG_20,0.0,,,,
2023-09-13,MOCK_ARG_20,,,,,
2023-09-14,MOCK_ARG_20,0.0,,,,
2023-09-15,MOCK_ARG_20,0.0,,,,
2023-09-16,MOCK_ARG_20,0.0,,,,
2023-09-17,MOCK_ARG_20,3.5,,,,
2023-09-18,MOCK_ARG_20,0.0,,,,
2023-09-19,MOCK_ARG_20,0.0,,,,
2023-09-20,MOCK_ARG_20,0.0,,,,
2023-09-21,MOCK_ARG_20,0.0,,,,
2023-09-22,MOCK_ARG_20,0.0,,,,
2023-09-23,MOCK_ARG_20,0.0,,,,
2023-09-24,MOCK_ARG_20,0.0,,,,
2023-09-25,MOCK_ARG_20,,,,,
2023-09-26,MOCK_ARG_20,0.0,,,,
2023-09-27,MOCK_ARG_20,0.0,,,,
2023-09-28,MOCK_ARG_20,0.0,,,,
2023-09-29,MOCK_ARG_20,0.0,,,,
2023-09-30,MOCK_ARG_20,0.0,,,,
2023-10-01,MOCK_ARG_20,0.0,,,,
2023-10-02,MOCK_ARG_20,0.0,,,,
2023-10-03,MOCK_ARG_20,0.0,,,,
2023-10-04,MOCK_ARG_20,0.0,,,,
2023-10-05,MOCK_ARG_20,0.0,,,,
2023-10-06,MOCK_ARG_20,0.0,,,,
2023-10-07,MOCK_ARG_20,0.0,,,,
2023-10-08,MOCK_ARG_20,0.0,,,,
2023-10-09,MOCK_ARG_20,0.0,,,,
2023-10-10,MOCK_ARG_20,0.0,,,,
2023-10-11,MOCK_ARG_20,0.0,,,,
2023-10-12,MOCK_ARG_20,0.0,,,,
2023-10-13,MOCK_ARG_20,0.0,,,,
2023-10-14,MOCK_ARG_20,0.0,,,,
2023-10-15,MOCK_ARG_20,0.0,,,,
2023-10-16,MOCK_ARG_20,0.0,,,,
2023-10-17,MOCK_ARG_20,0.0,,,,
2023-10-18,MOCK_ARG_20,0.0,,,,
2023-10-19,MOCK_ARG_20,0.0,,,,
2023-10-20,MOCK_ARG_20,0.0,,,,
2023-10-21,MOCK_ARG_20,0.0,,,,
2023-10-22,MOCK_ARG_20,0.0,,,,
2023-10-23,MOCK_ARG_20,0.0,,,,
2023-10-24,MOCK_ARG_20,0.0,,,,
2023-10-25,MOCK_ARG_20,0.0,,,,
2023-10-26,MOCK_ARG_20,0.0,,,,
2023-10-27,MOCK_ARG_20,0.0,,,,
2023-10-28,MOCK_ARG_20,0.0,,,,
2023-10-29,MOCK_ARG_20,0.0,,,,
2023-10-30,MOCK_ARG_20,0.0,,,,
2023-10-31,MOCK_ARG_20,0.0,,,,
2023-11-01,MOCK_ARG_20,0.0,,,,
2023-11-02,MOCK_ARG_20,0.0,,,,
2023-11-03,MOCK_ARG_20,0.0,,,,
2023-11-04,MOCK_ARG_20,0.0,,,,
2023-11-05,MOCK_ARG_20,0.0,,,,
2023-11-06,MOCK_ARG_20,0.0,,,,
2023-11-07,MOCK_ARG_20,0.0,,,,
2023-11-08,MOCK_ARG_20,0.0,,,,
2023-11-09,MOCK_ARG_20,0.0,,,,
2023-11-10,MOCK_ARG_20,0.0,,,,
2023-11-11,MOCK_ARG_20,0.0,,,,
2023-11-12,MOCK_ARG_20,0.0,,,,
2023-11-13,MOCK_ARG_20,0.0,,,,
2023-11-14,MOCK_ARG_20,0.0,,,,
2023-11-15,MOCK_ARG_20,0.0,,,,
2023-11-16,MOCK_ARG_20,0.0,,,,
2023-11-17,MOCK_ARG_20,0.0,,,,
2023-11-18,MOCK_ARG_20,0.0,,,,
2023-11-19,MOCK_ARG_20,0.0,,,,
2023-11-20,MOCK_ARG_20,0.0,,,,
2023-11-21,MOCK_ARG_20,0.0,,,,
2023-11-22,MOCK_ARG_20,0.0,,,,
2023-11-23,MOCK_ARG_20,0.0,,,,
2023-11-24,MOCK_ARG_20,,,,,
2023-11-25,MOCK_ARG_20,0.0,,,,
2023-11-26,MOCK_ARG_20,,,,,
2023-11-27,MOCK_ARG_20,0.0,,,,
2023-11-28,MOCK_ARG_20,0.0,,,,
2023-11-29,MOCK_ARG_20,0.0,,,,
2023-11-30,MOCK_ARG_20,0.0,,,,
2023-12-01,MOCK_ARG_20,0.0,,,,
2023-12-02,MOCK_ARG_20,0.0,,,,
2023-12-03,MOCK_ARG_20,0.0,,,,
2023-12-04,MOCK_ARG_20,0.0,,,,
2023-12-05,MOCK_ARG_20,0.0,,,,
2023-12-06,MOCK_ARG_20,0.0,,,,
2023-12-07,MOCK_ARG_20,0.0,,,,
2023-12-08,MOCK_ARG_20,0.0,,,,
2023-12-09,MOCK_ARG_20,0.0,,,,
2023-12-10,MOCK_ARG_20,0.0,,,,
2023-12-11,MOCK_ARG_20,0.0,,,,
2023-12-12,MOCK_ARG_20,0.0,,,,
2023-12-13,MOCK_ARG_20,0.0,,,,
2023-12-14,MOCK_ARG_20,0.0,,,,
2023-12-15,MOCK_ARG_20,0.0,,,,
2023-12-16,MOCK_ARG_20,0.0,,,,
2023-12-17,MOCK_ARG_20,0.0,,,,
2023-12-18,MOCK_ARG_20,0.0,,,,
2023-12-19,MOCK_ARG_20,0.0,,,,
2023-12-20,MOCK_ARG_20,0.0,,,,
2023-12-21,MOCK_ARG_20,0.0,,,,
2023-12-22,MOCK_ARG_20,0.0,,,,
2023-12-23,MOCK_ARG_20,0.0,,,,
2023-12-24,MOCK_ARG_20,0.0,,,,
2023-12-25,MOCK_ARG_20,0.0,,,,
2023-12-26,MOCK_ARG_20,0.0,,,,
2023-12-27,MOCK_ARG_20,0.0,,,,
2023-12-28,MOCK_ARG_20,0.0,,,,
2023-12-29,MOCK_ARG_20,0.0,,,,
2023-12-30,MOCK_ARG_20,0.0,,,,
2023-12-31,MOCK_ARG_20,0.0,,,,
2024-01-01,MOCK_ARG_20,0.0,,,,
2024-01-02,MOCK_ARG_20,0.0,,,,
2024-01-03,MOCK_ARG_20,0.0,,,,
2024-01-04,MOCK_ARG_20,0.0,,,,
2024-01-05,MOCK_ARG_20,0.0,,,,
2024-01-06,MOCK_ARG_20,0.0,,,,
2024-01-07,MOCK_ARG_20,0.0,,,,
2024-01-08,MOCK_ARG_20,0.0,,,,
2024-01-09,MOCK_ARG_20,0.0,,,,
2024-01-10,MOCK_ARG_20,,,,,
2024-01-11,MOCK_ARG_20,0.0,,,,
2024-01-12,MOCK_ARG_20,0.0,,,,
2024-01-13,MOCK_ARG_20,0.0,,,,
2024-01-14,MOCK_ARG_20,0.0,,,,
2024-01-15,MOCK_ARG_20,0.0,,,,
2024-01-16,MOCK_ARG_20,0.0,,,,
2024-01-17,MOCK_ARG_20,0.0,,,,
2024-01-18,MOCK_ARG_20,0.0,,,,
2024-01-19,MOCK_ARG_20,0.0,,,,
2024-01-20,MOCK_ARG_20,0.0,,,,
2024-01-21,MOCK_ARG_20,0.0,,,,
2024-01-22,MOCK_ARG_20,0.0,,,,
2024-01-23,MOCK_ARG_20,0.0,,,,
2024-01-24,MOCK_ARG_20,3.5,,,,
2024-01-25,MOCK_ARG_20,0.0,,,,
2024-01-26,MOCK_ARG_20,0.0,,,,
2024-01-27,MOCK_ARG_20,1.5,,,,
2024-01-28,MOCK_ARG_20,4.5,,,,
2024-01-29,MOCK_ARG_20,1.5,,,,
2024-01-30,MOCK_ARG_20,20.0,,,,
2024-01-31,MOCK_ARG_20,3.0,,,,
2024-02-01,MOCK_ARG_20,0.0,,,,
2024-02-02,MOCK_ARG_20,0.0,,,,
2024-02-03,MOCK_ARG_20,0.5,,,,
2024-02-04,MOCK_ARG_20,1.5,,,,
2024-02-05,MOCK_ARG_20,,,,,
2024-02-06,MOCK_ARG_20,0.0,,,,
2024-02-07,MOCK_ARG_20,0.0,,,,
2024-02-08,MOCK_ARG_20,0.0,,,,
2024-02-09,MOCK_ARG_20,0.0,,,,
2024-02-10,MOCK_ARG_20,4.5,,,,
2024-02-11,MOCK_ARG_20,0.0,,,,
2024-02-12,MOCK_ARG_20,0.0,,,,
2024-02-13,MOCK_ARG_20,0.0,,,,
2024-02-14,MOCK_ARG_20,0.0,,,,
2024-02-15,MOCK_ARG_20,0.0,,,,
2024-02-16,MOCK_ARG_20,0.0,,,,
2024-02-17,MOCK_ARG_20,0.0,,,,
2024-02-18,MOCK_ARG_20,0.0,,,,
2024-02-19,MOCK_ARG_20,0.0,,,,
2024-02-20,MOCK_ARG_20,0.0,,,,
2024-02-21,MOCK_ARG_20,0.0,,,,
2024-02-22,MOCK_ARG_20,0.0,,,,
2024-02-23,MOCK_ARG_20,0.0,,,,
2024-02-24,MOCK_ARG_20,0.0,,,,
2024-02-25,MOCK_ARG_20,4.5,,,,
2024-02-26,MOCK_ARG_20,0.0,,,,
2024-02-27,MOCK_ARG_20,0.0,,,,
2024-02-28,MOCK_ARG_20,0.0,,,,
2024-02-29,MOCK_ARG_20,0.0,,,,
2024-03-01,MOCK_ARG_20,0.0,,,,
2024-03-02,MOCK_ARG_20,0.0,,,,
2024-03-03,MOCK_ARG_20,0.0,,,,
2024-03-04,MOCK_ARG_20,0.0,,,,
2024-03-05,MOCK_ARG_20,0.0,,,,
2024-03-06,MOCK_ARG_20,0.0,,,,
2024-03-07,MOCK_ARG_20,0.0,,,,
2024-03-08,MOCK_ARG_20,0.0,,,,
2024-03-09,MOCK_ARG_20,0.0,,,,
2024-03-10,MOCK_ARG_20,0.0,,,,
2024-03-11,MOCK_ARG_20,0.0,,,,
2024-03-12,MOCK_ARG_20,0.0,,,,
2024-03-13,MOCK_ARG_20,3.0,,,,
2024-03-14,MOCK_ARG_20,0.0,,,,
2024-03-15,MOCK_ARG_20,0.0,,,,
2024-03-16,MOCK_ARG_20,28.5,,,,
2024-03-17,MOCK_ARG_20,0.0,,,,
2024-03-18,MOCK_ARG_20,0.0,,,,
2024-03-19,MOCK_ARG_20,0.0,,,,
2024-03-20,MOCK_ARG_20,0.0,,,,
2024-03-21,MOCK_ARG_20,,,,,
2024-03-22,MOCK_ARG_20,0.0,,,,
2024-03-23,MOCK_ARG_20,0.0,,,,
2024-03-24,MOCK_ARG_20,0.0,,,,
2024-03-25,MOCK_ARG_20,0.0,,,,
2024-03-26,MOCK_ARG_20,,,,,
2024-03-27,MOCK_ARG_20,0.0,,,,
2024-03-28,MOCK_ARG_20,0.0,,,,
2024-03-29,MOCK_ARG_20,0.0,,,,
2024-03-30,MOCK_ARG_20,0.0,,,,
2024-03-31,MOCK_ARG_20,0.0,,,,
2024-04-01,MOCK_ARG_20,0.0,,,,
2024-04-02,MOCK_ARG_20,0.0,,,,
2024-04-03,MOCK_ARG_20,5.0,,,,
2024-04-04,MOCK_ARG_20,0.0,,,,
2024-04-05,MOCK_ARG_20,0.0,,,,
2024-04-06,MOCK_ARG_20,0.0,,,,
2024-04-07,MOCK_ARG_20,0.0,,,,
2024-04-08,MOCK_ARG_20,0.0,,,,
2024-04-09,MOCK_ARG_20,0.0,,,,
2024-04-10,MOCK_ARG_20,0.0,,,,
2024-04-11,MOCK_ARG_20,,,,,
2024-04-12,MOCK_ARG_20,0.0,,,,
2024-04-13,MOCK_ARG_20,0.0,,,,
2024-04-14,MOCK_ARG_20,0.0,,,,
2024-04-15,MOCK_ARG_20,0.0,,,,
2024-04-16,MOCK_ARG_20,0.0,,,,
2024-04-17,MOCK_ARG_20,0.0,,,,
2024-04-18,MOCK_ARG_20,0.0,,,,
2024-04-19,MOCK_ARG_20,0.0,,,,
2024-04-20,MOCK_ARG_20,0.0,,,,
2024-04-21,MOCK_ARG_20,2.5,,,,
2024-04-22,MOCK_ARG_20,0.0,,,,
2024-04-23,MOCK_ARG_20,0.0,,,,
2024-04-24,MOCK_ARG_20,0.0,,,,
2024-04-25,MOCK_ARG_20,0.0,,,,
2024-04-26,MOCK_ARG_20,,,,,
2024-04-27,MOCK_ARG_20,0.0,,,,
2024-04-28,MOCK_ARG_20,0.0,,,,
2024-04-29,MOCK_ARG_20,0.0,,,,
2024-04-30,MOCK_ARG_20,0.0,,,,
2024-05-01,MOCK_ARG_20,0.0,,,,
2024-05-02,MOCK_ARG_20,0.0,,,,
2024-05-03,MOCK_ARG_20,0.0,,,,
2024-05-04,MOCK_ARG_20,0.0,,,,
2024-05-05,MOCK_ARG_20,0.0,,,,
2024-05-06,MOCK_ARG_20,0.0,,,,
2024-05-07,MOCK_ARG_20,0.0,,,,
2024-05-08,MOCK_ARG_20,0.0,,,,
2024-05-09,MOCK_ARG_20,0.0,,,,
2024-05-10,MOCK_ARG_20,0.0,,,,
2024-05-11,MOCK_ARG_20,0.0,,,,
2024-05-12,MOCK_ARG_20,0.0,,,,
2024-05-13,MOCK_ARG_20,0.0,,,,
2024-05-14,MOCK_ARG_20,0.0,,,,
2024-05-15,MOCK_ARG_20,,,,,
2024-05-16,MOCK_ARG_20,0.0,,,,
2024-05-17,MOCK_ARG_20,0.0,,,,
2024-05-18,MOCK_ARG_20,0.0,,,,
2024-05-19,MOCK_ARG_20,0.0,,,,
2024-05-20,MOCK_ARG_20,0.0,,,,
2024-05-21,MOCK_ARG_20,0.0,,,,
2024-05-22,MOCK_ARG_20,0.0,,,,
2024-05-23,MOCK_ARG_20,0.0,,,,
2024-05-24,MOCK_ARG_20,0.0,,,,
2024-05-25,MOCK_ARG_20,0.0,,,,
2024-05-26,MOCK_ARG_20,0.0,,,,
2024-05-27,MOCK_ARG_20,0.0,,,,
2024-05-28,MOCK_ARG_20,0.0,,,,
2024-05-29,MOCK_ARG_20,0.0,,,,
2024-05-30,MOCK_ARG_20,0.0,,,,
2024-05-31,MOCK_ARG_20,0.0,,,,
2024-06-01,MOCK_ARG_20,0.0,,,,
2024-06-02,MOCK_ARG_20,0.0,,,,
2024-06-03,MOCK_ARG_20,0.0,,,,
2024-06-04,MOCK_ARG_20,0.0,,,,
2024-06-05,MOCK_ARG_20,0.0,,,,
2024-06-06,MOCK_ARG_20,0.0,,,,
2024-06-07,MOCK_ARG_20,0.0,,,,
2024-06-08,MOCK_ARG_20,0.0,,,,
2024-06-09,MOCK_ARG_20,0.0,,,,
2024-06-10,MOCK_ARG_20,0.0,,,,
2024-06-11,MOCK_ARG_20,0.0,,,,
2024-06-12,MOCK_ARG_20,0.0,,,,
2024-06-13,MOCK_ARG_20,,,,,
2024-06-14,MOCK_ARG_20,0.0,,,,
2024-06-15,MOCK_ARG_20,0.0,,,,
2024-06-16,MOCK_ARG_20,0.0,,,,
2024-06-17,MOCK_ARG_20,0.0,,,,
2024-06-18,MOCK_ARG_20,0.0,,,,
2024-06-19,MOCK_ARG_20,0.0,,,,
2024-06-20,MOCK_ARG_20,0.0,,,,
2024-06-21,MOCK_ARG_20,42.5,,,,
2024-06-22,MOCK_ARG_20,6.0,,,,
2024-06-23,MOCK_ARG_20,2.0,,,,
2024-06-24,MOCK_ARG_20,0.0,,,,
2024-06-25,MOCK_ARG_20,0.0,,,,
2024-06-26,MOCK_ARG_20,0.0,,,,
2024-06-27,MOCK_ARG_20,0.0,,,,
2024-06-28,MOCK_ARG_20,4.5,,,,
2024-06-29,MOCK_ARG_20,33.5,,,,
2024-06-30,MOCK_ARG_20,0.0,,,,
2024-07-01,MOCK_ARG_20,0.0,,,,
2024-07-02,MOCK_ARG_20,0.0,,,,
2024-07-03,MOCK_ARG_20,0.0,,,,
2024-07-04,MOCK_ARG_20,,,,,
2024-07-05,MOCK_ARG_20,0.5,,,,
2024-07-06,MOCK_ARG_20,0.0,,,,
2024-07-07,MOCK_ARG_20,0.0,,,,
2024-07-08,MOCK_ARG_20,0.0,,,,
2024-07-09,MOCK_ARG_20,0.0,,,,
2024-07-10,MOCK_ARG_20,2.0,,,,
2024-07-11,MOCK_ARG_20,0.0,,,,
2024-07-12,MOCK_ARG_20,0.0,,,,
2024-07-13,MOCK_ARG_20,0.0,,,,
2024-07-14,MOCK_ARG_20,0.0,,,,
2024-07-15,MOCK_ARG_20,0.0,,,,
2024-07-16,MOCK_ARG_20,0.0,,,,
2024-07-17,MOCK_ARG_20,0.0,,,,
2024-07-18,MOCK_ARG_20,,,,,
2024-07-19,MOCK_ARG_20,0.0,,,,
2024-07-20,MOCK_ARG_20,0.0,,,,
2024-07-21,MOCK_ARG_20,0.0,,,,
2024-07-22,MOCK_ARG_20,0.0,,,,
2024-07-23,MOCK_ARG_20,0.0,,,,
2024-07-24,MOCK_ARG_20,2.5,,,,
2024-07-25,MOCK_ARG_20,0.0,,,,
2024-07-26,MOCK_ARG_20,0.0,,,,
2024-07-27,MOCK_ARG_20,0.0,,,,
2024-07-28,MOCK_ARG_20,0.0,,,,
2024-07-29,MOCK_ARG_20,0.0,,,,
2024-07-30,MOCK_ARG_20,0.0,,,,
2024-07-31,MOCK_ARG_20,0.0,,,,
2024-08-01,MOCK_ARG_20,23.5,,,,
2024-08-02,MOCK_ARG_20,,,,,
2024-08-03,MOCK_ARG_20,0.0,,,,
2024-08-04,MOCK_ARG_20,1.5,,,,
2024-08-05,MOCK_ARG_20,0.0,,,,
2024-08-06,MOCK_ARG_20,0.0,,,,
2024-08-07,MOCK_ARG_20,0.0,,,,
2024-08-08,MOCK_ARG_20,0.0,,,,
2024-08-09,MOCK_ARG_20,0.0,,,,
2024-08-10,MOCK_ARG_20,0.0,,,,
2024-08-11,MOCK_ARG_20,0.0,,,,
2024-08-12,MOCK_ARG_20,131.5,,,,
2024-08-13,MOCK_ARG_20,0.0,,,,
2024-08-14,MOCK_ARG_20,0.0,,,,
2024-08-15,MOCK_ARG_20,0.0,,,,
2024-08-16,MOCK_ARG_20,0.0,,,,
2024-08-17,MOCK_ARG_20,0.0,,,,
2024-08-18,MOCK_ARG_20,0.0,,,,
2024-08-19,MOCK_ARG_20,0.0,,,,
2024-08-20,MOCK_ARG_20,0.0,,,,
2024-08-21,MOCK_ARG_20,0.0,,,,
2024-08-22,MOCK_ARG_20,,,,,
2024-08-23,MOCK_ARG_20,,,,,
2024-08-24,MOCK_ARG_20,,,,,
2024-08-25,MOCK_ARG_20,,,,,
2024-08-26,MOCK_ARG_20,,,,,
2024-08-27,MOCK_ARG_20,,,,,
2024-08-28,MOCK_ARG_20,,,,,
2024-08-29,MOCK_ARG_20,,,,,
2024-08-30,MOCK_ARG_20,,,,,
2024-08-31,MOCK_ARG_20,,,,,
2024-09-01,MOCK_ARG_20,,,,,
2024-09-02,MOCK_ARG_20,,,,,
2024-09-03,MOCK_ARG_20,,,,,
2024-09-04,MOCK_ARG_20,,,,,
2024-09-05,MOCK_ARG_20,,,,,
2024-09-06,MOCK_ARG_20,,,,,
2024-09-07,MOCK_ARG_20,,,,,
2024-09-08,MOCK_ARG_20,,,,,
2024-09-09,MOCK_ARG_20,,,,,
2024-09-10,MOCK_ARG_20,,,,,
2024-09-11,MOCK_ARG_20,,,,,
2024-09-12,MOCK_ARG_20,,,,,
2024-09-13,MOCK_ARG_20,,,,,
2024-09-14,MOCK_ARG_20,0.0,,,,
2024-09-15,MOCK_ARG_20,0.0,,,,
2024-09-16,MOCK_ARG_20,0.0,,,,
2024-09-17,MOCK_ARG_20,0.0,,,,
2024-09-18,MOCK_ARG_20,0.0,,,,
2024-09-19,MOCK_ARG_20,0.0,,,,
2024-09-20,MOCK_ARG_20,0.0,,,,
2024-09-21,MOCK_ARG_20,0.0,,,,
2024-09-22,MOCK_ARG_20,0.0,,,,
2024-09-23,MOCK_ARG_20,12.5,,,,
2024-09-24,MOCK_ARG_20,0.0,,,,
2024-09-25,MOCK_ARG_20,0.0,,,,
2024-09-26,MOCK_ARG_20,0.0,,,,
2024-09-27,MOCK_ARG_20,0.0,,,,
2024-09-28,MOCK_ARG_20,0.0,,,,
2024-09-29,MOCK_ARG_20,0.0,,,,
2024-09-30,MOCK_ARG_20,0.0,,,,
2024-10-01,MOCK_ARG_20,0.0,,,,
2024-10-02,MOCK_ARG_20,0.0,,,,
2024-10-03,MOCK_ARG_20,0.0,,,,
2024-10-04,MOCK_ARG_20,0.0,,,,
2024-10-05,MOCK_ARG_20,0.0,,,,
2024-10-06,MOCK_ARG_20,0.0,,,,
2024-10-07,MOCK_ARG_20,0.0,,,,
2024-10-08,MOCK_ARG_20,0.0,,,,
2024-10-09,MOCK_ARG_20,0.0,,,,
2024-10-10,MOCK_ARG_20,0.0,,,,
2024-10-11,MOCK_ARG_20,0.0,,,,
2024-10-12,MOCK_ARG_20,0.0,,,,
2024-10-13,MOCK_ARG_20,0.0,,,,
2024-10-14,MOCK_ARG_20,0.0,,,,
2024-10-15,MOCK_ARG_20,0.0,,,,
2024-10-16,MOCK_ARG_20,0.0,,,,
2024-10-17,MOCK_ARG_20,0.0,,,,
2024-10-18,MOCK_ARG_20,0.0,,,,
2024-10-19,MOCK_ARG_20,0.0,,,,
2024-10-20,MOCK_ARG_20,0.0,,,,
2024-10-21,MOCK_ARG_20,0.0,,,,
2024-10-22,MOCK_ARG_20,0.0,,,,
2024-10-23,MOCK_ARG_20,0.0,,,,
2024-10-24,MOCK_ARG_20,0.0,,,,
2024-10-25,MOCK_ARG_20,0.0,,,,
2024-10-26,MOCK_ARG_20,0.0,,,,
2024-10-27,MOCK_ARG_20,0.0,,,,
2024-10-28,MOCK_ARG_20,0.0,,,,
2024-10-29,MOCK_ARG_20,0.0,,,,
2024-10-30,MOCK_ARG_20,0.0,,,,
2024-10-31,MOCK_ARG_20,0.0,,,,
2024-11-01,MOCK_ARG_20,0.0,,,,
2024-11-02,MOCK_ARG_20,0.0,,,,
2024-11-03,MOCK_ARG_20,0.0,,,,
2024-11-04,MOCK_ARG_20,0.0,,,,
2024-11-05,MOCK_ARG_20,0.0,,,,
2024-11-06,MOCK_ARG_20,0.0,,,,
2024-11-07,MOCK_ARG_20,0.0,,,,
2024-11-08,MOCK_ARG_20,,,,,
2024-11-09,MOCK_ARG_20,0.0,,,,
2024-11-10,MOCK_ARG_20,0.0,,,,
2024-11-11,MOCK_ARG_20,0.0,,,,
2024-11-12,MOCK_ARG_20,0.0,,,,
2024-11-13,MOCK_ARG_20,0.0,,,,
2024-11-14,MOCK_ARG_20,0.0,,,,
2024-11-15,MOCK_ARG_20,0.0,,,,
2024-11-16,MOCK_ARG_20,0.0,,,,
2024-11-17,MOCK_ARG_20,0.0,,,,
2024-11-18,MOCK_ARG_20,0.0,,,,
2024-11-19,MOCK_ARG_20,0.0,,,,
2024-11-20,MOCK_ARG_20,0.0,,,,
2024-11-21,MOCK_ARG_20,0.0,,,,
2024-11-22,MOCK_ARG_20,0.0,,,,
2024-11-23,MOCK_ARG_20,0.0,,,,
2024-11-24,MOCK_ARG_20,0.0,,,,
2024-11-25,MOCK_ARG_20,0.0,,,,
2024-11-26,MOCK_ARG_20,0.0,,,,
2024-11-27,MOCK_ARG_20,0.0,,,,
2024-11-28,MOCK_ARG_20,2.5,,,,
2024-11-29,MOCK_ARG_20,0.0,,,,
2024-11-30,MOCK_ARG_20,0.0,,,,
2024-12-01,MOCK_ARG_20,0.0,,,,
2024-12-02,MOCK_ARG_20,0.0,,,,
2024-12-03,MOCK_ARG_20,0.0,,,,
2024-12-04,MOCK_ARG_20,0.0,,,,
2024-12-05,MOCK_ARG_20,0.0,,,,
2024-12-06,MOCK_ARG_20,0.0,,,,
2024-12-07,MOCK_ARG_20,0.0,,,,
2024-12-08,MOCK_ARG_20,0.0,,,,
2024-12-09,MOCK_ARG_20,0.0,,,,
2024-12-10,MOCK_ARG_20,0.0,,,,
2024-12-11,MOCK_ARG_20,0.0,,,,
2024-12-12,MOCK_ARG_20,0.0,,,,
2024-12-13,MOCK_ARG_20,0.0,,,,
2024-12-14,MOCK_ARG_20,0.0,,,,
2024-12-15,MOCK_ARG_20,0.0,,,,
2024-12-16,MOCK_ARG_20,0.0,,,,
2024-12-17,MOCK_ARG_20,,,,,
2024-12-18,MOCK_ARG_20,0.0,,,,
2024-12-19,MOCK_ARG_20,0.0,,,,
2024-12-20,MOCK_ARG_20,0.0,,,,
2024-12-21,MOCK_ARG_20,0.0,,,,
2024-12-22,MOCK_ARG_20,0.0,,,,
2024-12-23,MOCK_ARG_20,0.0,,,,
2024-12-24,MOCK_ARG_20,0.0,,,,
2024-12-25,MOCK_ARG_20,0.0,,,,
2024-12-26,MOCK_ARG_20,0.5,,,,
2024-12-27,MOCK_ARG_20,0.5,,,,
2024-12-28,MOCK_ARG_20,0.5,,,,
2024-12-29,MOCK_ARG_20,8.5,,,,
2024-12-30,MOCK_ARG_20,,,,,
2024-12-31,MOCK_ARG_20,0.0,,,,
2023-01-01,MOCK_AWS_21,0.0,22.0,6.5,66.0,3.9
2023-01-02,MOCK_AWS_21,,,,,
2023-01-03,MOCK_AWS_21,0.0,16.1,4.1,73.0,5.7
2023-01-04,MOCK_AWS_21,0.0,14.3,5.3,66.0,5.6
2023-01-05,MOCK_AWS_21,0.0,14.6,3.2,67.0,7.8
2023-01-06,MOCK_AWS_21,0.0,18.0,4.8,69.0,6.7
2023-01-07,MOCK_AWS_21,0.0,17.9,4.8,58.0,12.9
2023-01-08,MOCK_AWS_21,0.0,17.1,2.4,71.0,13.7
2023-01-09,MOCK_AWS_21,0.0,20.1,3.7,64.0,10.2
2023-01-10,MOCK_AWS_21,0.0,14.2,4.8,72.0,6.4
2023-01-11,MOCK_AWS_21,0.0,19.0,5.0,62.0,5.3
2023-01-12,MOCK_AWS_21,0.0,18.5,6.6,70.0,3.9
2023-01-13,MOCK_AWS_21,0.0,20.1,4.8,64.0,7.1
2023-01-14,MOCK_AWS_21,0.0,21.3,7.9,67.0,4.0
2023-01-15,MOCK_AWS_21,0.0,18.9,5.2,70.0,1.6
2023-01-16,MOCK_AWS_21,0.0,21.6,5.1,70.0,5.0
2023-01-17,MOCK_AWS_21,0.0,15.4,4.7,69.0,5.7
2023-01-18,MOCK_AWS_21,0.0,16.8,6.3,61.0,6.9
2023-01-19,MOCK_AWS_21,0.0,16.7,3.3,65.0,8.5
2023-01-20,MOCK_AWS_21,1.8,15.1,4.2,52.0,10.6
2023-01-21,MOCK_AWS_21,0.0,17.1,3.2,65.0,10.8
2023-01-22,MOCK_AWS_21,0.0,15.7,5.6,69.0,14.1
2023-01-23,MOCK_AWS_21,0.0,15.7,6.3,78.0,11.2
2023-01-24,MOCK_AWS_21,0.0,20.3,7.2,68.0,13.0
2023-01-25,MOCK_AWS_21,0.0,23.7,6.8,68.0,15.1
2023-01-26,MOCK_AWS_21,0.0,18.1,7.7,76.0,13.8
2023-01-27,MOCK_AWS_21,0.0,24.8,7.9,70.0,11.3
2023-01-28,MOCK_AWS_21,0.0,21.3,6.3,65.0,7.6
2023-01-29,MOCK_AWS_21,0.0,21.6,6.5,59.0,5.2
2023-01-30,MOCK_AWS_21,0.0,22.6,7.0,73.0,8.9
2023-01-31,MOCK_AWS_21,0.0,23.3,7.9,68.0,8.4
2023-02-01,MOCK_AWS_21,0.0,24.6,7.3,71.0,8.6
2023-02-02,MOCK_AWS_21,0.0,22.7,7.2,62.0,8.8
2023-02-03,MOCK_AWS_21,0.0,23.0,8.6,66.0,5.6
2023-02-04,MOCK_AWS_21,0.0,23.5,8.8,62.0,5.1
2023-02-05,MOCK_AWS_21,0.0,24.0,8.0,69.0,5.0
2023-02-06,MOCK_AWS_21,0.0,24.2,8.8,60.0,3.5
2023-02-07,MOCK_AWS_21,0.0,22.9,8.1,61.0,3.7
2023-02-08,MOCK_AWS_21,0.0,22.6,8.3,67.0,4.0
2023-02-09,MOCK_AWS_21,0.0,23.2,7.9,64.0,5.9
2023-02-10,MOCK_AWS_21,0.0,26.5,9.6,65.0,5.6
2023-02-11,MOCK_AWS_21,0.0,22.3,6.5,63.0,5.6
2023-02-12,MOCK_AWS_21,0.0,24.8,8.6,66.0,7.0
2023-02-13,MOCK_AWS_21,0.0,24.0,9.3,67.0,9.9
2023-02-14,MOCK_AWS_21,0.0,22.6,7.3,62.0,6.7
2023-02-15,MOCK_AWS_21,0.0,24.9,9.6,62.0,6.6
2023-02-16,MOCK_AWS_21,0.0,27.2,11.9,67.0,7.0
2023-02-17,MOCK_AWS_21,0.0,24.8,9.7,61.0,9.3
2023-02-18,MOCK_AWS_21,0.0,26.6,11.8,67.0,7.0
2023-02-19,MOCK_AWS_21,0.0,26.7,11.3,61.0,8.5
2023-02-20,MOCK_AWS_21,0.0,25.2,9.1,61.0,10.5
2023-02-21,MOCK_AWS_21,0.0,24.2,8.5,65.0,10.9
2023-02-22,MOCK_AWS_21,3.6,24.2,10.3,45.0,8.2
2023-02-23,MOCK_AWS_21,0.0,26.1,10.9,63.0,11.1
2023-02-24,MOCK_AWS_21,0.0,23.9,8.5,63.0,5.9
2023-02-25,MOCK_AWS_21,0.0,27.1,11.0,67.0,8.3
2023-02-26,MOCK_AWS_21,0.0,29.0,13.0,64.0,11.6
2023-02-27,MOCK_AWS_21,0.7,27.9,13.5,66.0,8.8
2023-02-28,MOCK_AWS_21,0.0,28.1,12.3,64.0,7.1
2023-03-01,MOCK_AWS_21,0.0,27.1,12.0,57.0,7.2
2023-03-02,MOCK_AWS_21,0.0,25.0,9.6,63.0,10.6
2023-03-03,MOCK_AWS_21,0.0,25.8,8.9,53.0,9.3
2023-03-04,MOCK_AWS_21,0.0,25.6,9.8,56.0,12.9
2023-03-05,MOCK_AWS_21,0.0,26.5,10.1,52.0,9.9
2023-03-06,MOCK_AWS_21,0.0,26.8,12.0,57.0,7.5
2023-03-07,MOCK_AWS_21,0.0,23.8,8.1,52.0,9.0
2023-03-08,MOCK_AWS_21,0.0,25.1,10.1,55.0,8.6
2023-03-09,MOCK_AWS_21,0.0,22.3,7.3,58.0,9.1
2023-03-10,MOCK_AWS_21,0.0,26.2,10.2,52.0,7.3
2023-03-11,MOCK_AWS_21,0.0,22.7,8.6,52.0,9.0
2023-03-12,MOCK_AWS_21,0.0,26.1,11.5,57.0,16.7
2023-03-13,MOCK_AWS_21,0.0,27.7,12.7,54.0,11.9
2023-03-14,MOCK_AWS_21,0.0,30.3,13.6,54.0,9.5
2023-03-15,MOCK_AWS_21,0.0,29.5,14.9,63.0,10.3
2023-03-16,MOCK_AWS_21,0.0,31.2,15.4,53.0,8.9
2023-03-17,MOCK_AWS_21,0.3,31.2,17.7,55.0,8.1
2023-03-18,MOCK_AWS_21,10.0,26.4,15.3,40.0,10.7
2023-03-19,MOCK_AWS_21,0.0,27.0,10.9,49.0,5.9
2023-03-20,MOCK_AWS_21,6.0,27.3,14.5,43.0,11.8
2023-03-21,MOCK_AWS_21,0.0,30.2,14.2,52.0,7.0
2023-03-22,MOCK_AWS_21,0.0,31.0,13.8,54.0,7.4
2023-03-23,MOCK_AWS_21,0.0,31.2,14.2,54.0,8.7
2023-03-24,MOCK_AWS_21,0.0,34.2,17.1,54.0,5.0
2023-03-25,MOCK_AWS_21,0.0,32.8,17.5,52.0,4.5
2023-03-26,MOCK_AWS_21,0.0,36.1,19.8,48.0,5.7
2023-03-27,MOCK_AWS_21,0.0,35.1,19.4,51.0,6.4
2023-03-28,MOCK_AWS_21,0.0,33.7,15.7,51.0,10.4
2023-03-29,MOCK_AWS_21,0.0,34.6,18.6,45.0,7.6
2023-03-30,MOCK_AWS_21,0.0,32.0,15.4,45.0,9.2
2023-03-31,MOCK_AWS_21,12.3,28.5,18.1,37.0,6.9
2023-04-01,MOCK_AWS_21,0.0,33.1,17.0,47.0,10.2
2023-04-02,MOCK_AWS_21,0.0,34.3,18.3,46.0,6.8
2023-04-03,MOCK_AWS_21,0.0,34.3,17.5,47.0,9.0
2023-04-04,MOCK_AWS_21,0.0,31.3,15.2,41.0,8.8
2023-04-05,MOCK_AWS_21,0.0,33.9,17.1,45.0,10.3
2023-04-06,MOCK_AWS_21,0.0,34.3,18.4,43.0,12.9
2023-04-07,MOCK_AWS_21,0.0,33.9,17.8,38.0,7.1
2023-04-08,MOCK_AWS_21,0.0,34.7,19.3,45.0,10.1
2023-04-09,MOCK_AWS_21,,,,,
2023-04-10,MOCK_AWS_21,0.0,34.8,18.9,43.0,3.7
2023-04-11,MOCK_AWS_21,0.0,36.0,19.9,43.0,7.0
2023-04-12,MOCK_AWS_21,0.0,34.7,19.5,39.0,13.8
2023-04-13,MOCK_AWS_21,0.0,34.9,20.1,44.0,11.0
2023-04-14,MOCK_AWS_21,9.2,33.4,20.7,30.0,9.7
2023-04-15,MOCK_AWS_21,0.0,36.1,18.9,47.0,6.8
2023-04-16,MOCK_AWS_21,0.0,35.4,19.4,45.0,8.3
2023-04-17,MOCK_AWS_21,0.0,34.4,18.6,42.0,8.7
2023-04-18,MOCK_AWS_21,0.0,35.2,19.2,46.0,10.1
2023-04-19,MOCK_AWS_21,0.0,33.5,18.3,40.0,6.8
2023-04-20,MOCK_AWS_21,0.0,35.4,20.1,39.0,7.2
2023-04-21,MOCK_AWS_21,0.0,37.0,21.4,41.0,10.3
2023-04-22,MOCK_AWS_21,0.0,37.5,21.9,40.0,15.1
2023-04-23,MOCK_AWS_21,0.0,39.6,23.1,41.0,14.3
2023-04-24,MOCK_AWS_21,0.0,37.9,22.6,39.0,10.0
2023-04-25,MOCK_AWS_21,0.0,38.4,20.9,43.0,8.5
2023-04-26,MOCK_AWS_21,0.0,37.7,21.7,39.0,12.4
2023-04-27,MOCK_AWS_21,0.0,37.7,22.6,43.0,14.6
2023-04-28,MOCK_AWS_21,0.0,40.4,23.3,43.0,9.4
2023-04-29,MOCK_AWS_21,0.0,40.4,23.0,44.0,9.6
2023-04-30,MOCK_AWS_21,0.0,42.4,26.0,40.0,8.2
2023-05-01,MOCK_AWS_21,0.0,41.0,23.7,41.0,14.4
2023-05-02,MOCK_AWS_21,0.0,40.5,24.3,40.0,12.9
2023-05-03,MOCK_AWS_21,0.8,37.4,22.9,42.0,12.0
2023-05-04,MOCK_AWS_21,16.2,35.9,23.5,36.0,12.2
2023-05-05,MOCK_AWS_21,1.2,40.4,25.4,40.0,18.7
2023-05-06,MOCK_AWS_21,0.0,44.3,26.4,40.0,19.8
2023-05-07,MOCK_AWS_21,0.0,45.2,26.9,45.0,26.3
2023-05-08,MOCK_AWS_21,0.0,42.7,26.3,42.0,21.5
2023-05-09,MOCK_AWS_21,0.0,44.4,26.9,42.0,21.8
2023-05-10,MOCK_AWS_21,0.0,43.5,26.2,36.0,16.8
2023-05-11,MOCK_AWS_21,0.0,41.0,23.6,39.0,18.7
2023-05-12,MOCK_AWS_21,0.0,41.9,27.5,45.0,14.5
2023-05-13,MOCK_AWS_21,0.0,42.3,25.6,40.0,9.1
2023-05-14,MOCK_AWS_21,0.0,40.1,25.4,39.0,8.8
2023-05-15,MOCK_AWS_21,0.0,44.3,27.2,41.0,8.1
2023-05-16,MOCK_AWS_21,0.0,43.8,27.6,39.0,9.2
2023-05-17,MOCK_AWS_21,0.0,44.3,27.8,42.0,7.1
2023-05-18,MOCK_AWS_21,0.0,39.5,24.4,39.0,8.2
2023-05-19,MOCK_AWS_21,0.0,43.0,27.4,43.0,14.8
2023-05-20,MOCK_AWS_21,0.0,39.5,25.1,41.0,16.4
2023-05-21,MOCK_AWS_21,0.0,43.7,26.7,43.0,21.8
2023-05-22,MOCK_AWS_21,0.0,39.1,25.2,50.0,13.6
2023-05-23,MOCK_AWS_21,0.0,37.8,25.1,41.0,10.4
2023-05-24,MOCK_AWS_21,0.0,41.8,27.0,41.0,10.2
2023-05-25,MOCK_AWS_21,0.0,37.9,24.5,38.0,13.3
2023-05-26,MOCK_AWS_21,0.0,39.0,25.3,46.0,12.4
2023-05-27,MOCK_AWS_21,0.0,36.6,24.4,52.0,13.1
2023-05-28,MOCK_AWS_21,0.0,41.9,26.9,47.0,6.4
2023-05-29,MOCK_AWS_21,0.0,40.2,26.0,42.0,8.8
2023-05-30,MOCK_AWS_21,0.0,41.0,25.8,47.0,8.8
2023-05-31,MOCK_AWS_21,0.0,37.8,23.7,46.0,9.5
2023-06-01,MOCK_AWS_21,0.0,37.5,25.2,46.0,13.8
2023-06-02,MOCK_AWS_21,0.0,42.1,27.5,49.0,14.4
2023-06-03,MOCK_AWS_21,0.0,43.4,29.9,48.0,23.6
2023-06-04,MOCK_AWS_21,0.0,45.5,31.1,51.0,15.7
2023-06-05,MOCK_AWS_21,0.0,47.6,32.1,45.0,23.8
2023-06-06,MOCK_AWS_21,0.0,46.2,31.8,46.0,13.8
2023-06-07,MOCK_AWS_21,0.0,44.3,28.5,49.0,4.3
2023-06-08,MOCK_AWS_21,0.0,41.9,29.1,51.0,8.0
2023-06-09,MOCK_AWS_21,0.0,40.4,25.7,45.0,6.0
2023-06-10,MOCK_AWS_21,0.0,40.2,27.0,51.0,9.9
2023-06-11,MOCK_AWS_21,0.0,42.1,28.4,54.0,12.0
2023-06-12,MOCK_AWS_21,0.0,41.7,28.0,52.0,13.6
2023-06-13,MOCK_AWS_21,0.0,42.6,30.5,47.0,15.2
2023-06-14,MOCK_AWS_21,0.0,40.0,26.7,56.0,13.2
2023-06-15,MOCK_AWS_21,0.0,40.4,26.4,51.0,23.1
2023-06-16,MOCK_AWS_21,0.0,41.6,29.5,49.0,11.8
2023-06-17,MOCK_AWS_21,0.0,38.3,26.1,51.0,13.0
2023-06-18,MOCK_AWS_21,0.0,36.8,25.8,59.0,9.1
2023-06-19,MOCK_AWS_21,0.0,39.8,27.7,57.0,14.7
2023-06-20,MOCK_AWS_21,0.0,37.3,26.1,64.0,17.7
2023-06-21,MOCK_AWS_21,0.0,37.7,27.2,53.0,17.1
2023-06-22,MOCK_AWS_21,0.0,35.7,25.1,50.0,11.3
2023-06-23,MOCK_AWS_21,0.0,35.2,24.3,57.0,10.9
2023-06-24,MOCK_AWS_21,0.0,40.4,28.6,61.0,7.5
2023-06-25,MOCK_AWS_21,0.0,39.8,28.0,62.0,11.0
2023-06-26,MOCK_AWS_21,0.0,39.6,28.1,64.0,9.7
2023-06-27,MOCK_AWS_21,2.3,37.6,27.9,48.0,11.1
2023-06-28,MOCK_AWS_21,3.1,36.8,27.8,49.0,12.5
2023-06-29,MOCK_AWS_21,0.0,38.8,28.1,67.0,9.5
2023-06-30,MOCK_AWS_21,0.0,33.2,24.4,57.0,11.2
2023-07-01,MOCK_AWS_21,0.0,39.0,27.8,68.0,13.4
2023-07-02,MOCK_AWS_21,0.0,36.8,27.5,67.0,19.5
2023-07-03,MOCK_AWS_21,0.0,35.2,26.3,63.0,15.6
2023-07-04,MOCK_AWS_21,0.0,33.0,24.1,62.0,14.7
2023-07-05,MOCK_AWS_21,0.0,32.5,23.9,66.0,7.3
2023-07-06,MOCK_AWS_21,0.0,32.3,24.6,55.0,8.4
2023-07-07,MOCK_AWS_21,0.0,36.4,26.6,66.0,7.0
2023-07-08,MOCK_AWS_21,0.0,35.2,24.4,74.0,8.3
2023-07-09,MOCK_AWS_21,0.0,34.8,24.7,64.0,12.3
2023-07-10,MOCK_AWS_21,0.0,37.2,28.1,68.0,17.8
2023-07-11,MOCK_AWS_21,0.0,36.4,26.4,73.0,15.7
2023-07-12,MOCK_AWS_21,0.0,36.2,27.5,78.0,9.9
2023-07-13,MOCK_AWS_21,0.0,34.2,24.6,73.0,7.6
2023-07-14,MOCK_AWS_21,0.0,34.1,25.8,75.0,9.6
2023-07-15,MOCK_AWS_21,0.0,34.5,25.8,76.0,12.7
2023-07-16,MOCK_AWS_21,0.0,34.7,26.2,78.0,11.4
2023-07-17,MOCK_AWS_21,0.0,31.1,24.7,78.0,9.1
2023-07-18,MOCK_AWS_21,0.0,32.9,25.4,71.0,9.4
2023-07-19,MOCK_AWS_21,0.0,33.9,25.7,72.0,10.6
2023-07-20,MOCK_AWS_21,0.0,35.4,26.1,80.0,7.0
2023-07-21,MOCK_AWS_21,0.0,37.0,28.9,82.0,9.7
2023-07-22,MOCK_AWS_21,0.0,33.9,26.0,77.0,8.5
2023-07-23,MOCK_AWS_21,,,,,
2023-07-24,MOCK_AWS_21,0.0,33.7,25.7,78.0,8.3
2023-07-25,MOCK_AWS_21,1.5,35.9,28.1,67.0,9.3
2023-07-26,MOCK_AWS_21,0.0,36.0,28.0,80.0,7.2
2023-07-27,MOCK_AWS_21,0.0,37.6,29.3,86.0,8.7
2023-07-28,MOCK_AWS_21,0.0,35.7,27.0,81.0,9.8
2023-07-29,MOCK_AWS_21,0.0,34.0,26.8,90.0,8.1
2023-07-30,MOCK_AWS_21,0.0,31.6,24.4,79.0,10.1
2023-07-31,MOCK_AWS_21,,,,,
2023-08-01,MOCK_AWS_21,0.0,31.9,23.1,77.0,9.8
2023-08-02,MOCK_AWS_21,0.0,33.8,25.5,83.0,9.1
2023-08-03,MOCK_AWS_21,0.6,33.0,26.3,74.0,12.9
2023-08-04,MOCK_AWS_21,0.0,34.7,27.6,76.0,11.1
2023-08-05,MOCK_AWS_21,0.0,30.8,21.8,72.0,8.0
2023-08-06,MOCK_AWS_21,0.0,30.2,23.4,81.0,8.5
2023-08-07,MOCK_AWS_21,0.0,33.6,25.6,84.0,5.8
2023-08-08,MOCK_AWS_21,0.0,34.6,26.4,80.0,10.2
2023-08-09,MOCK_AWS_21,0.0,34.3,27.0,87.0,10.2
2023-08-10,MOCK_AWS_21,0.0,31.1,25.2,71.0,7.7
2023-08-11,MOCK_AWS_21,0.0,34.1,26.0,77.0,8.2
2023-08-12,MOCK_AWS_21,0.0,34.5,25.7,71.0,6.2
2023-08-13,MOCK_AWS_21,0.0,31.1,24.1,78.0,6.1
2023-08-14,MOCK_AWS_21,0.0,31.7,24.5,75.0,9.7
2023-08-15,MOCK_AWS_21,74.9,26.0,23.6,62.0,5.8
2023-08-16,MOCK_AWS_21,58.7,24.7,23.1,64.0,6.9
2023-08-17,MOCK_AWS_21,0.0,32.6,25.2,80.0,7.7
2023-08-18,MOCK_AWS_21,0.0,32.6,25.0,83.0,5.5
2023-08-19,MOCK_AWS_21,0.0,30.9,23.4,84.0,9.4
2023-08-20,MOCK_AWS_21,0.0,31.5,23.1,83.0,8.6
2023-08-21,MOCK_AWS_21,0.0,32.8,25.0,87.0,8.8
2023-08-22,MOCK_AWS_21,0.0,32.3,24.6,79.0,6.3
2023-08-23,MOCK_AWS_21,0.0,34.4,26.1,78.0,9.6
2023-08-24,MOCK_AWS_21,0.0,33.5,26.7,77.0,6.6
2023-08-25,MOCK_AWS_21,0.0,32.2,23.2,72.0,6.6
2023-08-26,MOCK_AWS_21,0.0,34.5,26.2,76.0,8.2
2023-08-27,MOCK_AWS_21,0.0,34.3,23.9,78.0,6.3
2023-08-28,MOCK_AWS_21,0.0,31.3,23.6,79.0,5.3
2023-08-29,MOCK_AWS_21,0.0,35.8,25.7,72.0,5.3
2023-08-30,MOCK_AWS_21,0.0,35.0,26.3,75.0,5.1
2023-08-31,MOCK_AWS_21,,,,,
2023-09-01,MOCK_AWS_21,0.0,32.9,25.0,78.0,6.5
2023-09-02,MOCK_AWS_21,0.0,34.9,26.7,78.0,7.3
2023-09-03,MOCK_AWS_21,0.0,37.0,27.2,79.0,5.6
2023-09-04,MOCK_AWS_21,84.1,32.5,28.6,73.0,11.6
2023-09-05,MOCK_AWS_21,0.0,38.9,27.7,92.0,12.8
2023-09-06,MOCK_AWS_21,0.0,38.5,27.4,77.0,16.9
2023-09-07,MOCK_AWS_21,0.0,33.9,23.7,91.0,11.2
2023-09-08,MOCK_AWS_21,4.6,32.0,22.8,60.0,10.0
2023-09-09,MOCK_AWS_21,0.0,33.5,24.1,78.0,11.1
2023-09-10,MOCK_AWS_21,0.0,33.6,23.6,74.0,10.6
2023-09-11,MOCK_AWS_21,0.0,33.4,22.8,73.0,10.8
2023-09-12,MOCK_AWS_21,0.0,33.3,22.4,81.0,8.7
2023-09-13,MOCK_AWS_21,0.0,30.9,21.0,68.0,14.0
2023-09-14,MOCK_AWS_21,0.0,30.5,19.6,69.0,14.9
2023-09-15,MOCK_AWS_21,0.0,31.8,21.0,80.0,8.7
2023-09-16,MOCK_AWS_21,0.0,31.8,22.7,85.0,7.1
2023-09-17,MOCK_AWS_21,0.0,31.2,22.6,57.0,5.6
2023-09-18,MOCK_AWS_21,0.0,36.1,25.2,71.0,6.4
2023-09-19,MOCK_AWS_21,0.0,37.3,25.6,73.0,8.8
2023-09-20,MOCK_AWS_21,0.0,37.3,24.3,80.0,6.1
2023-09-21,MOCK_AWS_21,0.0,37.6,25.2,75.0,7.0
2023-09-22,MOCK_AWS_21,0.0,34.2,22.4,69.0,8.2
2023-09-23,MOCK_AWS_21,,,,,
2023-09-24,MOCK_AWS_21,0.0,33.0,20.3,63.0,6.1
2023-09-25,MOCK_AWS_21,0.0,35.4,22.6,72.0,5.1
2023-09-26,MOCK_AWS_21,133.9,26.0,19.4,58.0,6.8
2023-09-27,MOCK_AWS_21,0.0,30.1,17.6,66.0,5.7
2023-09-28,MOCK_AWS_21,0.0,32.7,18.7,67.0,5.0
2023-09-29,MOCK_AWS_21,0.0,33.8,20.2,64.0,10.1
2023-09-30,MOCK_AWS_21,6.7,31.9,21.3,56.0,5.1
2023-10-01,MOCK_AWS_21,0.0,32.8,18.6,73.0,5.2
2023-10-02,MOCK_AWS_21,0.0,32.6,18.4,60.0,3.5
2023-10-03,MOCK_AWS_21,0.0,31.7,18.7,56.0,4.6
2023-10-04,MOCK_AWS_21,0.0,31.9,17.7,60.0,5.1
2023-10-05,MOCK_AWS_21,0.0,29.8,15.6,63.0,1.9
2023-10-06,MOCK_AWS_21,0.0,29.1,15.2,57.0,4.4
2023-10-07,MOCK_AWS_21,0.0,29.5,15.0,71.0,4.4
2023-10-08,MOCK_AWS_21,0.0,35.2,19.7,67.0,3.6
2023-10-09,MOCK_AWS_21,0.0,33.1,16.6,59.0,5.7
2023-10-10,MOCK_AWS_21,0.0,32.8,18.6,68.0,3.0
2023-10-11,MOCK_AWS_21,0.0,32.9,17.7,57.0,6.1
2023-10-12,MOCK_AWS_21,0.0,30.5,16.3,60.0,3.6
2023-10-13,MOCK_AWS_21,0.0,31.0,15.2,56.0,4.1
2023-10-14,MOCK_AWS_21,0.0,31.1,17.1,60.0,6.4
2023-10-15,MOCK_AWS_21,0.0,32.8,17.9,53.0,5.5
2023-10-16,MOCK_AWS_21,0.0,31.3,16.4,59.0,5.3
2023-10-17,MOCK_AWS_21,0.0,34.3,17.5,56.0,4.6
2023-10-18,MOCK_AWS_21,0.0,32.2,18.2,60.0,3.4
2023-10-19,MOCK_AWS_21,0.0,31.4,15.1,52.0,1.8
2023-10-20,MOCK_AWS_21,0.0,34.8,18.8,59.0,3.3
2023-10-21,MOCK_AWS_21,0.0,34.1,18.2,60.0,3.4
2023-10-22,MOCK_AWS_21,0.0,31.5,14.9,59.0,8.7
2023-10-23,MOCK_AWS_21,0.0,33.9,18.4,60.0,7.6
2023-10-24,MOCK_AWS_21,0.0,31.2,14.6,61.0,6.5
2023-10-25,MOCK_AWS_21,0.0,31.0,15.4,58.0,3.7
2023-10-26,MOCK_AWS_21,0.0,27.8,12.9,60.0,3.4
2023-10-27,MOCK_AWS_21,0.0,25.5,9.6,53.0,3.2
2023-10-28,MOCK_AWS_21,,,,,
2023-10-29,MOCK_AWS_21,0.0,24.2,9.8,67.0,6.9
2023-10-30,MOCK_AWS_21,0.0,30.3,13.1,54.0,6.5
2023-10-31,MOCK_AWS_21,0.0,29.5,12.2,60.0,6.6
2023-11-01,MOCK_AWS_21,0.0,28.8,13.0,60.0,3.8
2023-11-02,MOCK_AWS_21,0.0,28.6,12.8,62.0,4.7
2023-11-03,MOCK_AWS_21,0.0,29.2,11.6,58.0,3.9
2023-11-04,MOCK_AWS_21,0.0,29.1,12.9,62.0,4.8
2023-11-05,MOCK_AWS_21,0.0,29.3,13.4,65.0,4.3
2023-11-06,MOCK_AWS_21,0.0,31.7,13.4,63.0,5.5
2023-11-07,MOCK_AWS_21,0.0,30.2,13.6,56.0,5.3
2023-11-08,MOCK_AWS_21,0.0,30.3,13.0,64.0,6.3
2023-11-09,MOCK_AWS_21,0.0,32.5,13.2,61.0,7.9
2023-11-10,MOCK_AWS_21,0.0,30.4,13.2,60.0,8.8
2023-11-11,MOCK_AWS_21,0.0,29.5,12.1,60.0,5.8
2023-11-12,MOCK_AWS_21,0.0,27.5,11.0,65.0,6.4
2023-11-13,MOCK_AWS_21,,,,,
2023-11-14,MOCK_AWS_21,0.0,27.4,9.8,63.0,4.4
2023-11-15,MOCK_AWS_21,0.0,30.8,11.5,55.0,5.5
2023-11-16,MOCK_AWS_21,0.0,27.2,11.3,68.0,8.0
2023-11-17,MOCK_AWS_21,0.0,28.5,11.7,57.0,6.4
2023-11-18,MOCK_AWS_21,0.0,30.4,11.7,63.0,2.7
2023-11-19,MOCK_AWS_21,0.5,30.6,13.8,68.0,5.0
2023-11-20,MOCK_AWS_21,0.0,30.9,13.5,62.0,4.8
2023-11-21,MOCK_AWS_21,,,,,
2023-11-22,MOCK_AWS_21,0.0,28.7,11.2,60.0,3.8
2023-11-23,MOCK_AWS_21,0.0,26.6,10.1,58.0,4.1
2023-11-24,MOCK_AWS_21,0.0,25.8,10.1,59.0,3.8
2023-11-25,MOCK_AWS_21,0.0,27.2,9.5,65.0,3.5
2023-11-26,MOCK_AWS_21,0.0,23.2,5.7,65.0,5.4
2023-11-27,MOCK_AWS_21,0.0,24.5,9.0,66.0,3.3
2023-11-28,MOCK_AWS_21,0.0,24.6,6.5,67.0,6.8
2023-11-29,MOCK_AWS_21,0.0,24.8,8.9,70.0,4.9
2023-11-30,MOCK_AWS_21,0.0,25.4,8.7,61.0,3.3
2023-12-01,MOCK_AWS_21,0.0,25.1,9.4,67.0,3.4
2023-12-02,MOCK_AWS_21,0.0,24.9,10.5,67.0,3.4
2023-12-03,MOCK_AWS_21,0.0,27.4,9.9,71.0,5.2
2023-12-04,MOCK_AWS_21,0.0,24.6,9.5,69.0,5.3
2023-12-05,MOCK_AWS_21,0.0,23.7,9.8,64.0,3.5
2023-12-06,MOCK_AWS_21,0.0,25.1,9.5,59.0,7.0
2023-12-07,MOCK_AWS_21,0.0,24.0,7.8,61.0,9.4
2023-12-08,MOCK_AWS_21,0.0,22.8,8.3,60.0,6.3
2023-12-09,MOCK_AWS_21,0.0,21.8,6.0,64.0,5.1
2023-12-10,MOCK_AWS_21,0.0,19.6,5.5,62.0,7.2
2023-12-11,MOCK_AWS_21,,,,,
2023-12-12,MOCK_AWS_21,0.0,17.7,5.1,69.0,3.7
2023-12-13,MOCK_AWS_21,0.0,19.1,4.2,73.0,4.4
2023-12-14,MOCK_AWS_21,0.0,19.5,4.6,67.0,2.7
2023-12-15,MOCK_AWS_21,0.0,13.7,2.8,77.0,3.6
2023-12-16,MOCK_AWS_21,0.0,16.2,5.9,66.0,2.8
2023-12-17,MOCK_AWS_21,0.0,20.2,6.0,71.0,6.0
2023-12-18,MOCK_AWS_21,0.0,20.0,4.3,70.0,5.6
2023-12-19,MOCK_AWS_21,0.0,24.1,6.7,76.0,6.2
2023-12-20,MOCK_AWS_21,0.0,17.3,4.3,72.0,4.8
2023-12-21,MOCK_AWS_21,0.0,18.4,3.8,65.0,3.9
2023-12-22,MOCK_AWS_21,0.0,17.7,3.9,65.0,3.3
2023-12-23,MOCK_AWS_21,0.0,17.7,3.8,72.0,3.8
2023-12-24,MOCK_AWS_21,0.0,18.0,4.1,72.0,4.5
2023-12-25,MOCK_AWS_21,0.0,20.1,5.5,65.0,4.5
2023-12-26,MOCK_AWS_21,0.0,22.3,7.0,64.0,5.4
2023-12-27,MOCK_AWS_21,,,,,
2023-12-28,MOCK_AWS_21,0.0,24.6,9.6,76.0,5.0
2023-12-29,MOCK_AWS_21,0.0,23.4,8.2,70.0,5.3
2023-12-30,MOCK_AWS_21,,,,,
2023-12-31,MOCK_AWS_21,0.0,21.9,6.1,69.0,3.5
2024-01-01,MOCK_AWS_21,0.0,19.7,4.8,66.0,5.7
2024-01-02,MOCK_AWS_21,0.0,16.6,3.0,69.0,5.7
2024-01-03,MOCK_AWS_21,0.0,21.4,5.7,64.0,8.8
2024-01-04,MOCK_AWS_21,0.0,22.9,7.9,68.0,4.0
2024-01-05,MOCK_AWS_21,0.0,24.3,11.0,66.0,6.2
2024-01-06,MOCK_AWS_21,0.0,26.2,9.3,63.0,8.7
2024-01-07,MOCK_AWS_21,0.0,25.9,10.7,74.0,4.5
2024-01-08,MOCK_AWS_21,0.0,21.6,8.5,66.0,5.7
2024-01-09,MOCK_AWS_21,0.0,24.5,7.5,65.0,4.4
2024-01-10,MOCK_AWS_21,0.0,20.9,9.8,67.0,8.3
2024-01-11,MOCK_AWS_21,0.0,19.9,5.7,66.0,10.3
2024-01-12,MOCK_AWS_21,0.0,22.4,6.2,73.0,6.7
2024-01-13,MOCK_AWS_21,0.0,16.8,3.6,69.0,5.4
2024-01-14,MOCK_AWS_21,0.0,18.6,5.7,70.0,4.9
2024-01-15,MOCK_AWS_21,0.0,20.0,6.4,54.0,5.8
2024-01-16,MOCK_AWS_21,0.0,19.6,6.0,70.0,3.8
2024-01-17,MOCK_AWS_21,0.0,19.6,5.3,68.0,5.0
2024-01-18,MOCK_AWS_21,0.0,20.4,8.3,75.0,4.5
2024-01-19,MOCK_AWS_21,0.0,20.3,8.9,67.0,3.4
2024-01-20,MOCK_AWS_21,0.0,22.3,7.8,68.0,5.8
2024-01-21,MOCK_AWS_21,0.0,23.3,8.4,66.0,3.3
2024-01-22,MOCK_AWS_21,0.0,24.0,9.2,74.0,7.7
2024-01-23,MOCK_AWS_21,0.0,24.9,9.6,73.0,3.5
2024-01-24,MOCK_AWS_21,3.3,18.0,9.1,56.0,3.6
2024-01-25,MOCK_AWS_21,0.0,19.1,6.9,66.0,2.8
2024-01-26,MOCK_AWS_21,0.0,18.5,4.4,69.0,4.1
2024-01-27,MOCK_AWS_21,4.0,17.9,6.4,57.0,6.4
2024-01-28,MOCK_AWS_21,0.0,19.7,6.7,57.0,9.4
2024-01-29,MOCK_AWS_21,1.0,21.6,10.0,69.0,7.7
2024-01-30,MOCK_AWS_21,17.0,19.7,9.2,51.0,6.8
2024-01-31,MOCK_AWS_21,2.5,22.2,11.7,52.0,5.0
2024-02-01,MOCK_AWS_21,0.0,26.3,9.9,66.0,4.6
2024-02-02,MOCK_AWS_21,0.0,26.1,10.2,67.0,5.6
2024-02-03,MOCK_AWS_21,0.5,24.7,10.3,58.0,5.4
2024-02-04,MOCK_AWS_21,0.0,26.0,11.1,63.0,3.7
2024-02-05,MOCK_AWS_21,10.2,22.2,9.7,60.0,3.9
2024-02-06,MOCK_AWS_21,0.0,24.8,10.3,66.0,4.5
2024-02-07,MOCK_AWS_21,0.0,25.9,10.8,71.0,5.3
2024-02-08,MOCK_AWS_21,0.0,28.2,11.5,75.0,3.9
2024-02-09,MOCK_AWS_21,0.0,26.1,10.7,69.0,4.9
2024-02-10,MOCK_AWS_21,8.0,22.5,9.8,54.0,6.6
2024-02-11,MOCK_AWS_21,0.0,25.1,8.2,71.0,3.9
2024-02-12,MOCK_AWS_21,0.0,24.3,8.4,65.0,2.9
2024-02-13,MOCK_AWS_21,0.0,24.4,10.5,64.0,1.6
2024-02-14,MOCK_AWS_21,0.0,25.8,10.8,61.0,2.8
2024-02-15,MOCK_AWS_21,0.0,26.3,11.6,68.0,3.2
2024-02-16,MOCK_AWS_21,,,,,
2024-02-17,MOCK_AWS_21,0.0,24.7,9.6,67.0,7.1
2024-02-18,MOCK_AWS_21,0.0,26.6,10.1,60.0,10.5
2024-02-19,MOCK_AWS_21,0.0,29.8,11.7,61.0,9.0
2024-02-20,MOCK_AWS_21,0.0,24.6,7.9,65.0,10.4
2024-02-21,MOCK_AWS_21,0.0,25.2,11.0,64.0,7.4
2024-02-22,MOCK_AWS_21,0.0,27.5,10.4,64.0,6.8
2024-02-23,MOCK_AWS_21,0.0,27.4,10.9,63.0,5.9
2024-02-24,MOCK_AWS_21,0.0,23.4,8.1,58.0,4.9
2024-02-25,MOCK_AWS_21,0.0,22.2,6.7,62.0,4.9
2024-02-26,MOCK_AWS_21,0.0,24.2,8.2,65.0,4.4
2024-02-27,MOCK_AWS_21,0.0,28.9,12.1,53.0,9.2
2024-02-28,MOCK_AWS_21,0.0,27.4,12.3,59.0,5.7
2024-02-29,MOCK_AWS_21,0.0,29.7,14.8,67.0,5.7
2024-03-01,MOCK_AWS_21,0.0,25.7,9.8,62.0,5.2
2024-03-02,MOCK_AWS_21,,,,,
2024-03-03,MOCK_AWS_21,0.0,21.6,7.1,58.0,7.0
2024-03-04,MOCK_AWS_21,,,,,
2024-03-05,MOCK_AWS_21,0.0,26.9,11.6,61.0,11.2
2024-03-06,MOCK_AWS_21,0.0,26.5,11.1,59.0,8.1
2024-03-07,MOCK_AWS_21,0.0,29.2,12.9,55.0,9.0
2024-03-08,MOCK_AWS_21,0.0,29.9,13.3,62.0,9.9
2024-03-09,MOCK_AWS_21,,,,,
2024-03-10,MOCK_AWS_21,0.0,32.8,17.3,54.0,8.6
2024-03-11,MOCK_AWS_21,0.0,29.3,13.2,55.0,7.2
2024-03-12,MOCK_AWS_21,0.0,30.4,15.0,58.0,12.2
2024-03-13,MOCK_AWS_21,,,,,
2024-03-14,MOCK_AWS_21,0.0,30.9,13.5,52.0,9.2
2024-03-15,MOCK_AWS_21,0.0,27.7,12.5,55.0,10.3
2024-03-16,MOCK_AWS_21,10.1,23.6,12.1,38.0,9.6
2024-03-17,MOCK_AWS_21,0.3,28.9,13.2,50.0,14.2
2024-03-18,MOCK_AWS_21,0.0,32.2,15.5,48.0,7.1
2024-03-19,MOCK_AWS_21,0.0,33.7,17.0,52.0,8.4
2024-03-20,MOCK_AWS_21,0.0,31.8,16.8,47.0,7.6
2024-03-21,MOCK_AWS_21,0.0,33.8,16.8,54.0,7.6
2024-03-22,MOCK_AWS_21,0.0,37.7,18.9,52.0,6.7
2024-03-23,MOCK_AWS_21,0.0,35.3,19.3,56.0,7.4
2024-03-24,MOCK_AWS_21,0.0,33.6,17.6,52.0,10.9
2024-03-25,MOCK_AWS_21,0.0,34.6,18.7,49.0,11.7
2024-03-26,MOCK_AWS_21,,,,,
2024-03-27,MOCK_AWS_21,0.0,32.3,16.3,44.0,6.8
2024-03-28,MOCK_AWS_21,0.0,30.0,15.2,44.0,5.0
2024-03-29,MOCK_AWS_21,0.0,31.9,15.9,42.0,12.4
2024-03-30,MOCK_AWS_21,0.0,35.0,18.4,47.0,6.2
2024-03-31,MOCK_AWS_21,0.0,34.0,18.1,42.0,10.7
2024-04-01,MOCK_AWS_21,0.0,35.3,20.3,46.0,8.7
2024-04-02,MOCK_AWS_21,0.0,36.7,20.8,45.0,8.0
2024-04-03,MOCK_AWS_21,3.0,38.0,21.1,39.0,6.7
2024-04-04,MOCK_AWS_21,0.0,37.1,18.8,50.0,15.3
2024-04-05,MOCK_AWS_21,0.0,35.3,17.9,39.0,12.6
2024-04-06,MOCK_AWS_21,0.0,35.3,19.1,42.0,12.5
2024-04-07,MOCK_AWS_21,0.0,35.6,19.7,37.0,7.2
2024-04-08,MOCK_AWS_21,0.0,34.4,18.7,50.0,10.7
2024-04-09,MOCK_AWS_21,0.0,35.6,18.5,43.0,9.9
2024-04-10,MOCK_AWS_21,0.0,32.4,15.9,38.0,8.0
2024-04-11,MOCK_AWS_21,0.0,34.8,18.9,46.0,7.9
2024-04-12,MOCK_AWS_21,0.0,34.1,17.9,45.0,5.7
2024-04-13,MOCK_AWS_21,0.0,31.9,15.5,38.0,5.6
2024-04-14,MOCK_AWS_21,0.0,35.3,18.9,40.0,9.6
2024-04-15,MOCK_AWS_21,0.0,34.3,19.0,38.0,11.4
2024-04-16,MOCK_AWS_21,0.0,37.1,20.0,42.0,7.8
2024-04-17,MOCK_AWS_21,0.0,40.3,21.9,40.0,18.1
2024-04-18,MOCK_AWS_21,0.0,40.7,22.7,45.0,10.7
2024-04-19,MOCK_AWS_21,0.0,40.7,25.3,41.0,10.4
2024-04-20,MOCK_AWS_21,0.0,41.1,24.9,40.0,9.0
2024-04-21,MOCK_AWS_21,1.8,42.2,27.9,34.0,10.3
2024-04-22,MOCK_AWS_21,1.8,41.5,26.0,36.0,12.7
2024-04-23,MOCK_AWS_21,0.0,41.1,22.5,35.0,14.1
2024-04-24,MOCK_AWS_21,0.0,35.8,19.8,43.0,9.7
2024-04-25,MOCK_AWS_21,0.0,39.3,21.9,40.0,8.3
2024-04-26,MOCK_AWS_21,0.0,37.6,21.7,44.0,6.9
2024-04-27,MOCK_AWS_21,0.0,38.1,22.2,37.0,11.8
2024-04-28,MOCK_AWS_21,0.0,38.7,22.5,43.0,6.5
2024-04-29,MOCK_AWS_21,0.0,38.9,21.8,39.0,10.9
2024-04-30,MOCK_AWS_21,0.0,35.6,21.2,40.0,5.8
2024-05-01,MOCK_AWS_21,0.0,37.0,20.3,37.0,6.8
2024-05-02,MOCK_AWS_21,0.0,34.7,21.5,41.0,4.0
2024-05-03,MOCK_AWS_21,0.0,38.8,22.7,39.0,6.5
2024-05-04,MOCK_AWS_21,0.0,35.0,21.5,39.0,5.2
2024-05-05,MOCK_AWS_21,,,,,
2024-05-06,MOCK_AWS_21,0.0,41.6,26.4,35.0,6.8
2024-05-07,MOCK_AWS_21,0.0,41.9,25.6,44.0,11.9
2024-05-08,MOCK_AWS_21,0.0,40.0,25.0,36.0,16.1
2024-05-09,MOCK_AWS_21,0.0,41.4,25.5,43.0,20.9
2024-05-10,MOCK_AWS_21,0.0,41.4,26.0,44.0,10.6
2024-05-11,MOCK_AWS_21,,,,,
2024-05-12,MOCK_AWS_21,0.0,44.4,27.5,45.0,19.6
2024-05-13,MOCK_AWS_21,0.0,45.5,29.3,40.0,15.6
2024-05-14,MOCK_AWS_21,0.0,44.3,26.7,39.0,17.5
2024-05-15,MOCK_AWS_21,0.0,42.4,26.3,46.0,13.2
2024-05-16,MOCK_AWS_21,0.0,39.2,24.3,36.0,17.6
2024-05-17,MOCK_AWS_21,0.0,41.4,25.1,40.0,8.8
2024-05-18,MOCK_AWS_21,0.0,40.9,24.8,44.0,19.0
2024-05-19,MOCK_AWS_21,0.0,41.6,25.9,42.0,11.4
2024-05-20,MOCK_AWS_21,0.0,43.2,29.4,41.0,18.5
2024-05-21,MOCK_AWS_21,0.0,43.2,27.1,40.0,12.4
2024-05-22,MOCK_AWS_21,0.0,41.7,26.7,47.0,10.5
2024-05-23,MOCK_AWS_21,0.0,38.7,25.2,40.0,13.3
2024-05-24,MOCK_AWS_21,0.0,40.1,25.1,47.0,9.6
2024-05-25,MOCK_AWS_21,0.0,39.6,26.5,53.0,10.3
2024-05-26,MOCK_AWS_21,0.0,39.3,24.1,44.0,14.1
2024-05-27,MOCK_AWS_21,0.0,39.3,25.4,46.0,8.1
2024-05-28,MOCK_AWS_21,0.0,41.4,27.3,46.0,8.1
2024-05-29,MOCK_AWS_21,0.0,41.4,26.3,49.0,11.2
2024-05-30,MOCK_AWS_21,0.0,40.1,26.3,44.0,12.2
2024-05-31,MOCK_AWS_21,0.0,41.5,27.6,47.0,12.9
2024-06-01,MOCK_AWS_21,0.0,43.9,31.2,52.0,8.9
2024-06-02,MOCK_AWS_21,0.0,44.1,29.8,39.0,11.6
2024-06-03,MOCK_AWS_21,0.0,40.0,26.6,44.0,7.0
2024-06-04,MOCK_AWS_21,0.0,43.4,29.0,47.0,12.4
2024-06-05,MOCK_AWS_21,0.0,41.6,28.3,49.0,12.7
2024-06-06,MOCK_AWS_21,0.0,40.1,26.8,47.0,10.9
2024-06-07,MOCK_AWS_21,0.0,39.0,25.1,48.0,9.6
2024-06-08,MOCK_AWS_21,0.0,39.1,24.9,47.0,9.2
2024-06-09,MOCK_AWS_21,0.0,39.6,26.7,51.0,14.2
2024-06-10,MOCK_AWS_21,0.0,37.3,25.0,48.0,16.7
2024-06-11,MOCK_AWS_21,0.0,37.2,25.0,47.0,13.5
2024-06-12,MOCK_AWS_21,7.8,31.9,23.9,30.0,10.3
2024-06-13,MOCK_AWS_21,1.8,37.9,25.4,48.0,8.4
2024-06-14,MOCK_AWS_21,0.0,38.2,27.3,45.0,10.7
2024-06-15,MOCK_AWS_21,0.0,38.7,26.8,49.0,14.2
2024-06-16,MOCK_AWS_21,0.0,37.6,26.8,55.0,15.1
2024-06-17,MOCK_AWS_21,0.0,38.8,27.0,58.0,10.1
2024-06-18,MOCK_AWS_21,0.0,36.8,25.4,51.0,12.4
2024-06-19,MOCK_AWS_21,0.0,36.2,24.1,51.0,16.4
2024-06-20,MOCK_AWS_21,0.0,37.8,26.5,55.0,12.2
2024-06-21,MOCK_AWS_21,70.4,33.3,28.4,46.0,9.7
2024-06-22,MOCK_AWS_21,10.3,34.3,24.9,43.0,11.2
2024-06-23,MOCK_AWS_21,4.9,33.4,24.2,51.0,7.3
2024-06-24,MOCK_AWS_21,0.0,38.5,27.4,59.0,7.2
2024-06-25,MOCK_AWS_21,0.0,38.6,26.6,59.0,9.8
2024-06-26,MOCK_AWS_21,0.0,37.9,27.5,66.0,13.9
2024-06-27,MOCK_AWS_21,0.0,41.7,29.6,62.0,10.3
2024-06-28,MOCK_AWS_21,3.6,39.4,28.8,46.0,10.1
2024-06-29,MOCK_AWS_21,16.2,33.0,27.3,54.0,8.6
2024-06-30,MOCK_AWS_21,0.0,36.6,26.8,58.0,9.9
2024-07-01,MOCK_AWS_21,0.0,38.5,26.9,73.0,10.4
2024-07-02,MOCK_AWS_21,0.0,35.2,25.5,63.0,8.2
2024-07-03,MOCK_AWS_21,0.0,33.7,24.4,68.0,10.3
2024-07-04,MOCK_AWS_21,0.0,27.0,23.9,60.0,7.6
2024-07-05,MOCK_AWS_21,2.1,31.1,23.7,56.0,10.6
2024-07-06,MOCK_AWS_21,,,,,
2024-07-07,MOCK_AWS_21,0.0,34.7,26.5,63.0,3.9
2024-07-08,MOCK_AWS_21,0.0,32.6,24.3,73.0,3.2
2024-07-09,MOCK_AWS_21,0.0,31.0,23.1,66.0,3.1
2024-07-10,MOCK_AWS_21,1.8,30.5,25.1,70.0,5.8
2024-07-11,MOCK_AWS_21,0.4,28.9,22.5,71.0,4.1
2024-07-12,MOCK_AWS_21,0.0,33.8,24.8,73.0,6.4
2024-07-13,MOCK_AWS_21,0.0,31.7,25.5,77.0,6.7
2024-07-14,MOCK_AWS_21,0.0,32.2,24.9,70.0,6.4
2024-07-15,MOCK_AWS_21,0.0,32.7,25.3,82.0,11.5
2024-07-16,MOCK_AWS_21,0.0,35.0,27.0,85.0,11.8
2024-07-17,MOCK_AWS_21,0.0,33.6,25.2,82.0,10.8
2024-07-18,MOCK_AWS_21,0.0,29.9,22.6,76.0,8.4
2024-07-19,MOCK_AWS_21,0.0,30.4,22.4,75.0,9.3
2024-07-20,MOCK_AWS_21,0.0,32.1,24.5,79.0,15.6
2024-07-21,MOCK_AWS_21,0.0,31.0,23.1,80.0,7.7
2024-07-22,MOCK_AWS_21,0.0,32.2,24.2,75.0,5.5
2024-07-23,MOCK_AWS_21,0.0,32.7,23.8,81.0,9.1
2024-07-24,MOCK_AWS_21,0.0,29.4,22.5,81.0,5.9
2024-07-25,MOCK_AWS_21,0.0,34.5,25.1,81.0,6.1
2024-07-26,MOCK_AWS_21,0.0,33.4,24.5,72.0,8.3
2024-07-27,MOCK_AWS_21,,,,,
2024-07-28,MOCK_AWS_21,0.0,37.3,28.3,73.0,9.1
2024-07-29,MOCK_AWS_21,0.0,35.2,27.7,81.0,4.5
2024-07-30,MOCK_AWS_21,2.5,35.9,28.6,62.0,7.5
2024-07-31,MOCK_AWS_21,4.6,34.6,29.7,69.0,11.0
2024-08-01,MOCK_AWS_21,21.6,32.4,29.4,68.0,6.1
2024-08-02,MOCK_AWS_21,0.0,36.8,29.3,80.0,10.5
2024-08-03,MOCK_AWS_21,0.0,37.2,27.8,86.0,9.6
2024-08-04,MOCK_AWS_21,0.0,36.0,28.7,83.0,8.2
2024-08-05,MOCK_AWS_21,0.0,36.6,27.8,82.0,9.0
2024-08-06,MOCK_AWS_21,0.0,34.9,28.1,74.0,7.6
2024-08-07,MOCK_AWS_21,0.0,39.0,29.3,80.0,8.3
2024-08-08,MOCK_AWS_21,0.0,40.1,30.9,84.0,6.6
2024-08-09,MOCK_AWS_21,0.0,35.6,27.3,91.0,7.4
2024-08-10,MOCK_AWS_21,0.0,35.4,26.4,80.0,7.0
2024-08-11,MOCK_AWS_21,1.1,34.0,25.9,75.0,14.6
2024-08-12,MOCK_AWS_21,68.7,25.2,22.5,59.0,10.3
2024-08-13,MOCK_AWS_21,0.0,34.7,27.3,81.0,13.0
2024-08-14,MOCK_AWS_21,0.0,31.6,25.3,73.0,9.6
2024-08-15,MOCK_AWS_21,0.0,34.9,26.7,81.0,14.1
2024-08-16,MOCK_AWS_21,0.0,30.5,24.6,78.0,12.8
2024-08-17,MOCK_AWS_21,0.0,30.5,24.0,83.0,11.4
2024-08-18,MOCK_AWS_21,0.0,31.2,23.7,74.0,13.9
2024-08-19,MOCK_AWS_21,0.0,33.6,25.1,88.0,8.3
2024-08-20,MOCK_AWS_21,0.0,33.3,25.9,68.0,6.0
2024-08-21,MOCK_AWS_21,0.0,35.7,26.6,76.0,5.2
2024-08-22,MOCK_AWS_21,0.0,34.7,26.1,83.0,7.7
2024-08-23,MOCK_AWS_21,18.0,27.5,24.8,66.0,7.8
2024-08-24,MOCK_AWS_21,0.0,31.8,24.2,74.0,7.3
2024-08-25,MOCK_AWS_21,0.0,33.3,26.9,81.0,9.0
2024-08-26,MOCK_AWS_21,0.0,33.1,24.3,85.0,5.2
2024-08-27,MOCK_AWS_21,0.0,33.0,24.0,75.0,6.0
2024-08-28,MOCK_AWS_21,0.0,29.2,22.0,73.0,5.8
2024-08-29,MOCK_AWS_21,0.0,33.2,24.9,84.0,7.9
2024-08-30,MOCK_AWS_21,0.0,33.9,24.2,78.0,7.2
2024-08-31,MOCK_AWS_21,0.0,32.8,24.3,94.0,8.9
2024-09-01,MOCK_AWS_21,0.0,30.5,20.5,86.0,8.4
2024-09-02,MOCK_AWS_21,0.0,31.8,22.7,75.0,7.2
2024-09-03,MOCK_AWS_21,0.0,32.0,23.1,80.0,6.8
2024-09-04,MOCK_AWS_21,0.0,35.9,27.0,78.0,3.4
2024-09-05,MOCK_AWS_21,0.0,35.1,26.5,74.0,4.2
2024-09-06,MOCK_AWS_21,0.0,37.2,27.7,83.0,2.9
2024-09-07,MOCK_AWS_21,0.0,32.1,23.6,72.0,3.3
2024-09-08,MOCK_AWS_21,0.0,31.5,22.7,76.0,3.6
2024-09-09,MOCK_AWS_21,0.0,32.9,24.0,62.0,6.1
2024-09-10,MOCK_AWS_21,0.0,34.1,24.8,74.0,4.8
2024-09-11,MOCK_AWS_21,0.0,31.5,21.2,78.0,12.4
2024-09-12,MOCK_AWS_21,0.0,30.9,20.3,70.0,9.3
2024-09-13,MOCK_AWS_21,0.0,32.0,21.3,71.0,7.9
2024-09-14,MOCK_AWS_21,0.0,33.4,22.5,78.0,8.5
2024-09-15,MOCK_AWS_21,0.0,30.7,20.5,70.0,10.1
2024-09-16,MOCK_AWS_21,0.0,33.4,22.5,81.0,16.6
2024-09-17,MOCK_AWS_21,0.0,33.6,22.9,74.0,13.4
2024-09-18,MOCK_AWS_21,0.0,36.8,23.8,73.0,10.1
2024-09-19,MOCK_AWS_21,0.0,38.3,25.4,71.0,9.0
2024-09-20,MOCK_AWS_21,0.0,34.9,22.8,71.0,7.0
2024-09-21,MOCK_AWS_21,0.0,35.3,22.2,68.0,7.7
2024-09-22,MOCK_AWS_21,0.0,33.5,23.4,68.0,4.7
2024-09-23,MOCK_AWS_21,0.0,35.5,22.5,74.0,5.9
2024-09-24,MOCK_AWS_21,0.0,36.9,23.5,67.0,5.1
2024-09-25,MOCK_AWS_21,0.0,34.7,21.5,73.0,4.1
2024-09-26,MOCK_AWS_21,0.0,33.7,21.3,58.0,3.9
2024-09-27,MOCK_AWS_21,0.0,31.9,19.0,67.0,4.0
2024-09-28,MOCK_AWS_21,1.6,32.0,20.5,57.0,4.6
2024-09-29,MOCK_AWS_21,0.0,32.8,20.5,67.0,6.3
2024-09-30,MOCK_AWS_21,0.0,30.7,17.8,70.0,5.0
2024-10-01,MOCK_AWS_21,0.0,33.2,19.0,63.0,6.0
2024-10-02,MOCK_AWS_21,0.0,31.5,17.4,69.0,9.8
2024-10-03,MOCK_AWS_21,0.0,29.0,17.0,59.0,8.4
2024-10-04,MOCK_AWS_21,0.0,30.4,17.2,63.0,8.0
2024-10-05,MOCK_AWS_21,0.0,31.3,18.3,70.0,10.0
2024-10-06,MOCK_AWS_21,0.0,32.4,17.8,59.0,8.7
2024-10-07,MOCK_AWS_21,0.0,33.7,18.7,68.0,6.3
2024-10-08,MOCK_AWS_21,0.0,32.5,18.5,60.0,7.1
2024-10-09,MOCK_AWS_21,0.0,33.5,19.2,62.0,5.6
2024-10-10,MOCK_AWS_21,0.0,33.0,18.8,66.0,10.8
2024-10-11,MOCK_AWS_21,0.0,35.7,20.6,65.0,4.5
2024-10-12,MOCK_AWS_21,,,,,
2024-10-13,MOCK_AWS_21,0.0,30.0,14.7,55.0,6.0
2024-10-14,MOCK_AWS_21,0.0,33.9,17.9,53.0,5.1
2024-10-15,MOCK_AWS_21,0.0,30.8,16.1,57.0,2.4
2024-10-16,MOCK_AWS_21,0.0,30.3,14.9,55.0,2.2
2024-10-17,MOCK_AWS_21,0.0,31.9,17.2,63.0,4.4
2024-10-18,MOCK_AWS_21,0.0,33.4,18.8,58.0,4.0
2024-10-19,MOCK_AWS_21,0.0,32.9,18.1,63.0,4.6
2024-10-20,MOCK_AWS_21,0.0,31.0,14.0,57.0,2.9
2024-10-21,MOCK_AWS_21,0.0,29.6,14.5,58.0,5.0
2024-10-22,MOCK_AWS_21,,,,,
2024-10-23,MOCK_AWS_21,,,,,
2024-10-24,MOCK_AWS_21,0.0,28.2,12.3,61.0,3.2
2024-10-25,MOCK_AWS_21,,,,,
2024-10-26,MOCK_AWS_21,0.0,31.9,15.1,63.0,6.3
2024-10-27,MOCK_AWS_21,0.0,30.5,13.9,61.0,8.7
2024-10-28,MOCK_AWS_21,0.0,30.1,14.8,65.0,9.4
2024-10-29,MOCK_AWS_21,0.3,27.5,12.8,57.0,5.4
2024-10-30,MOCK_AWS_21,0.0,30.5,14.3,64.0,3.7
2024-10-31,MOCK_AWS_21,0.6,28.2,12.7,61.0,6.3
2024-11-01,MOCK_AWS_21,0.0,27.1,11.3,63.0,4.8
2024-11-02,MOCK_AWS_21,0.0,29.9,15.4,68.0,1.9
2024-11-03,MOCK_AWS_21,1.3,30.2,15.0,48.0,2.4
2024-11-04,MOCK_AWS_21,0.0,28.9,11.7,64.0,3.1
2024-11-05,MOCK_AWS_21,0.0,27.4,12.2,59.0,2.8
2024-11-06,MOCK_AWS_21,0.0,28.5,11.7,59.0,3.8
2024-11-07,MOCK_AWS_21,0.0,25.3,9.6,57.0,6.5
2024-11-08,MOCK_AWS_21,0.0,22.7,7.1,63.0,3.9
2024-11-09,MOCK_AWS_21,0.0,23.9,8.0,58.0,4.7
2024-11-10,MOCK_AWS_21,0.0,27.4,9.5,59.0,5.2
2024-11-11,MOCK_AWS_21,0.0,28.7,12.7,60.0,3.3
2024-11-12,MOCK_AWS_21,0.0,32.5,13.6,65.0,5.0
2024-11-13,MOCK_AWS_21,0.0,30.6,13.4,67.0,4.8
2024-11-14,MOCK_AWS_21,0.0,28.9,12.7,64.0,3.5
2024-11-15,MOCK_AWS_21,0.0,30.2,12.0,59.0,5.3
2024-11-16,MOCK_AWS_21,0.0,28.9,12.3,59.0,5.1
2024-11-17,MOCK_AWS_21,0.0,27.1,11.8,63.0,3.8
2024-11-18,MOCK_AWS_21,0.0,27.4,10.0,54.0,6.4
2024-11-19,MOCK_AWS_21,0.0,27.5,10.3,64.0,4.4
2024-11-20,MOCK_AWS_21,0.0,30.4,11.8,62.0,5.0
2024-11-21,MOCK_AWS_21,,,,,
2024-11-22,MOCK_AWS_21,0.0,27.2,10.4,60.0,4.3
2024-11-23,MOCK_AWS_21,0.0,24.8,7.4,69.0,4.1
2024-11-24,MOCK_AWS_21,0.0,22.3,6.2,61.0,4.5
2024-11-25,MOCK_AWS_21,0.0,21.0,6.4,61.0,6.2
2024-11-26,MOCK_AWS_21,0.0,26.0,9.0,69.0,9.7
2024-11-27,MOCK_AWS_21,0.0,24.9,9.3,59.0,7.8
2024-11-28,MOCK_AWS_21,3.9,22.8,7.2,51.0,5.4
2024-11-29,MOCK_AWS_21,0.0,26.0,9.7,64.0,3.6
2024-11-30,MOCK_AWS_21,0.0,27.1,11.2,72.0,5.9
2024-12-01,MOCK_AWS_21,0.0,25.6,9.2,66.0,4.3
2024-12-02,MOCK_AWS_21,0.0,25.8,9.5,57.0,4.5
2024-12-03,MOCK_AWS_21,0.0,23.7,8.2,59.0,2.8
2024-12-04,MOCK_AWS_21,0.0,21.4,6.4,68.0,4.6
2024-12-05,MOCK_AWS_21,,,,,
2024-12-06,MOCK_AWS_21,0.0,21.6,5.4,71.0,2.1
2024-12-07,MOCK_AWS_21,0.0,24.3,8.4,76.0,4.8
2024-12-08,MOCK_AWS_21,0.0,21.4,5.2,53.0,6.4
2024-12-09,MOCK_AWS_21,0.0,22.3,6.5,64.0,5.5
2024-12-10,MOCK_AWS_21,0.0,24.9,7.6,69.0,9.4
2024-12-11,MOCK_AWS_21,0.0,25.4,9.5,63.0,7.1
2024-12-12,MOCK_AWS_21,0.0,21.8,6.6,72.0,9.0
2024-12-13,MOCK_AWS_21,0.0,22.5,6.8,74.0,5.2
2024-12-14,MOCK_AWS_21,0.0,23.4,6.7,69.0,3.3
2024-12-15,MOCK_AWS_21,0.0,20.9,5.7,65.0,5.3
2024-12-16,MOCK_AWS_21,0.0,23.4,8.1,65.0,5.5
2024-12-17,MOCK_AWS_21,0.0,23.2,8.0,64.0,3.4
2024-12-18,MOCK_AWS_21,,,,,
2024-12-19,MOCK_AWS_21,0.0,24.1,8.3,63.0,5.3
2024-12-20,MOCK_AWS_21,0.0,23.3,7.7,72.0,4.8
2024-12-21,MOCK_AWS_21,0.0,25.5,7.6,74.0,3.0
2024-12-22,MOCK_AWS_21,0.0,19.3,4.8,68.0,2.0
2024-12-23,MOCK_AWS_21,0.0,17.1,5.7,70.0,1.8
2024-12-24,MOCK_AWS_21,0.0,17.8,3.9,72.0,4.6
2024-12-25,MOCK_AWS_21,0.0,15.8,1.6,68.0,2.0
2024-12-26,MOCK_AWS_21,0.8,12.1,3.0,69.0,3.3
2024-12-27,MOCK_AWS_21,0.2,19.8,4.3,74.0,8.6
2024-12-28,MOCK_AWS_21,0.3,15.9,4.6,63.0,5.3
2024-12-29,MOCK_AWS_21,6.7,12.1,4.0,49.0,2.8
2024-12-30,MOCK_AWS_21,0.0,18.2,4.9,76.0,4.8
2024-12-31,MOCK_AWS_21,0.0,20.6,5.0,85.0,3.8
2023-01-01,MOCK_AWS_22,0.0,21.8,7.0,68.0,3.4
2023-01-02,MOCK_AWS_22,,,,,
2023-01-03,MOCK_AWS_22,0.0,15.2,4.2,72.0,5.4
2023-01-04,MOCK_AWS_22,0.0,15.1,5.7,59.0,5.2
2023-01-05,MOCK_AWS_22,,,,,
2023-01-06,MOCK_AWS_22,0.0,17.7,4.8,69.0,6.5
2023-01-07,MOCK_AWS_22,0.0,18.3,5.7,63.0,12.8
2023-01-08,MOCK_AWS_22,0.0,16.8,2.9,66.0,14.2
2023-01-09,MOCK_AWS_22,0.0,19.7,5.3,66.0,8.7
2023-01-10,MOCK_AWS_22,0.0,14.9,4.9,70.0,5.4
2023-01-11,MOCK_AWS_22,0.0,19.0,5.1,68.0,5.1
2023-01-12,MOCK_AWS_22,0.0,18.6,7.3,71.0,3.2
2023-01-13,MOCK_AWS_22,0.0,20.0,5.3,59.0,6.7
2023-01-14,MOCK_AWS_22,0.0,21.5,7.8,64.0,4.7
2023-01-15,MOCK_AWS_22,0.0,19.6,5.8,72.0,3.5
2023-01-16,MOCK_AWS_22,0.0,22.2,6.4,67.0,3.3
2023-01-17,MOCK_AWS_22,0.0,15.1,5.3,64.0,5.5
2023-01-18,MOCK_AWS_22,0.0,17.2,7.4,66.0,7.1
2023-01-19,MOCK_AWS_22,0.0,16.7,4.1,65.0,8.1
2023-01-20,MOCK_AWS_22,2.7,15.2,4.7,55.0,11.8
2023-01-21,MOCK_AWS_22,0.0,17.7,3.1,64.0,11.9
2023-01-22,MOCK_AWS_22,0.0,15.4,5.0,70.0,12.3
2023-01-23,MOCK_AWS_22,0.0,15.7,6.2,78.0,10.5
2023-01-24,MOCK_AWS_22,0.0,21.2,7.7,68.0,15.0
2023-01-25,MOCK_AWS_22,0.0,22.9,7.6,67.0,14.8
2023-01-26,MOCK_AWS_22,0.0,18.0,8.4,70.0,15.8
2023-01-27,MOCK_AWS_22,0.0,24.9,8.4,60.0,12.4
2023-01-28,MOCK_AWS_22,0.0,21.4,6.6,65.0,7.1
2023-01-29,MOCK_AWS_22,0.0,21.6,7.0,57.0,5.4
2023-01-30,MOCK_AWS_22,0.0,23.1,7.8,71.0,7.2
2023-01-31,MOCK_AWS_22,0.0,23.4,8.7,67.0,7.0
2023-02-01,MOCK_AWS_22,0.0,24.4,7.6,68.0,8.4
2023-02-02,MOCK_AWS_22,0.0,22.7,7.8,64.0,7.0
2023-02-03,MOCK_AWS_22,0.0,22.6,8.8,67.0,5.5
2023-02-04,MOCK_AWS_22,0.0,24.2,8.9,56.0,3.7
2023-02-05,MOCK_AWS_22,0.0,22.7,8.0,67.0,5.3
2023-02-06,MOCK_AWS_22,0.0,24.5,9.5,62.0,4.7
2023-02-07,MOCK_AWS_22,0.0,22.6,9.0,60.0,3.2
2023-02-08,MOCK_AWS_22,0.0,22.7,8.1,69.0,3.6
2023-02-09,MOCK_AWS_22,0.0,23.4,8.3,61.0,5.6
2023-02-10,MOCK_AWS_22,0.0,26.4,9.8,66.0,6.2
2023-02-11,MOCK_AWS_22,0.0,22.0,7.5,62.0,6.9
2023-02-12,MOCK_AWS_22,0.0,24.4,8.1,69.0,8.0
2023-02-13,MOCK_AWS_22,0.0,25.0,10.3,62.0,8.7
2023-02-14,MOCK_AWS_22,0.0,23.0,8.8,63.0,7.4
2023-02-15,MOCK_AWS_22,0.0,24.9,10.2,61.0,5.6
2023-02-16,MOCK_AWS_22,0.0,28.0,12.4,69.0,8.0
2023-02-17,MOCK_AWS_22,,,,,
2023-02-18,MOCK_AWS_22,0.0,27.3,12.4,65.0,6.6
2023-02-19,MOCK_AWS_22,0.0,26.7,12.0,62.0,9.5
2023-02-20,MOCK_AWS_22,0.0,25.6,9.8,62.0,11.7
2023-02-21,MOCK_AWS_22,0.0,24.4,9.4,67.0,10.5
2023-02-22,MOCK_AWS_22,3.1,24.1,10.3,49.0,7.8
2023-02-23,MOCK_AWS_22,0.0,26.3,11.3,62.0,9.5
2023-02-24,MOCK_AWS_22,0.0,23.3,9.0,65.0,5.1
2023-02-25,MOCK_AWS_22,0.0,26.5,11.6,67.0,7.9
2023-02-26,MOCK_AWS_22,0.0,29.7,12.7,63.0,11.5
2023-02-27,MOCK_AWS_22,0.8,28.4,14.5,60.0,8.4
2023-02-28,MOCK_AWS_22,0.0,28.0,12.7,66.0,7.5
2023-03-01,MOCK_AWS_22,0.0,27.7,13.5,60.0,6.8
2023-03-02,MOCK_AWS_22,0.0,25.6,10.3,57.0,11.1
2023-03-03,MOCK_AWS_22,0.0,25.9,9.8,51.0,10.4
2023-03-04,MOCK_AWS_22,0.0,25.5,10.2,52.0,13.2
2023-03-05,MOCK_AWS_22,0.0,26.3,10.6,57.0,11.0
2023-03-06,MOCK_AWS_22,0.0,26.6,12.7,56.0,7.3
2023-03-07,MOCK_AWS_22,0.0,24.2,8.9,53.0,8.6
2023-03-08,MOCK_AWS_22,0.0,25.2,10.5,56.0,7.2
2023-03-09,MOCK_AWS_22,0.0,21.9,8.3,58.0,8.5
2023-03-10,MOCK_AWS_22,0.0,26.0,10.4,54.0,7.1
2023-03-11,MOCK_AWS_22,0.0,22.9,8.3,54.0,10.8
2023-03-12,MOCK_AWS_22,0.0,26.9,11.6,53.0,18.6
2023-03-13,MOCK_AWS_22,0.0,28.3,13.3,55.0,11.5
2023-03-14,MOCK_AWS_22,0.0,31.3,14.2,54.0,10.2
2023-03-15,MOCK_AWS_22,0.0,29.9,14.9,57.0,9.9
2023-03-16,MOCK_AWS_22,0.0,31.3,15.3,54.0,8.2
2023-03-17,MOCK_AWS_22,0.3,31.9,17.5,58.0,9.3
2023-03-18,MOCK_AWS_22,,,,,
2023-03-19,MOCK_AWS_22,0.0,26.6,11.2,47.0,7.0
2023-03-20,MOCK_AWS_22,4.8,27.6,14.3,34.0,10.5
2023-03-21,MOCK_AWS_22,0.0,30.7,15.1,49.0,7.5
2023-03-22,MOCK_AWS_22,0.0,30.6,14.4,55.0,6.3
2023-03-23,MOCK_AWS_22,0.0,30.3,15.0,44.0,9.6
2023-03-24,MOCK_AWS_22,0.0,34.6,17.0,52.0,5.6
2023-03-25,MOCK_AWS_22,0.0,33.9,17.7,58.0,5.4
2023-03-26,MOCK_AWS_22,0.0,36.5,20.5,43.0,7.5
2023-03-27,MOCK_AWS_22,0.0,35.3,19.8,47.0,7.7
2023-03-28,MOCK_AWS_22,0.0,34.2,16.7,48.0,9.5
2023-03-29,MOCK_AWS_22,0.0,35.2,18.8,47.0,8.7
2023-03-30,MOCK_AWS_22,0.0,32.1,15.8,45.0,8.6
2023-03-31,MOCK_AWS_22,13.7,28.8,18.2,40.0,6.7
2023-04-01,MOCK_AWS_22,0.0,33.0,17.7,46.0,9.1
2023-04-02,MOCK_AWS_22,0.0,34.9,17.9,46.0,7.6
2023-04-03,MOCK_AWS_22,0.0,35.1,18.2,44.0,7.3
2023-04-04,MOCK_AWS_22,0.0,31.8,15.6,40.0,9.5
2023-04-05,MOCK_AWS_22,0.0,33.6,17.7,48.0,10.4
2023-04-06,MOCK_AWS_22,0.0,34.2,18.6,43.0,12.8
2023-04-07,MOCK_AWS_22,0.0,34.4,17.6,40.0,7.3
2023-04-08,MOCK_AWS_22,0.0,34.8,18.8,43.0,9.4
2023-04-09,MOCK_AWS_22,0.0,36.6,19.1,41.0,8.2
2023-04-10,MOCK_AWS_22,0.0,35.2,19.3,48.0,4.1
2023-04-11,MOCK_AWS_22,0.0,36.7,19.4,40.0,7.0
2023-04-12,MOCK_AWS_22,0.0,34.8,19.2,47.0,13.1
2023-04-13,MOCK_AWS_22,0.0,35.5,20.2,48.0,9.2
2023-04-14,MOCK_AWS_22,6.8,33.3,20.6,31.0,9.8
2023-04-15,MOCK_AWS_22,0.0,36.0,19.2,43.0,7.3
2023-04-16,MOCK_AWS_22,0.0,35.9,20.0,44.0,9.1
2023-04-17,MOCK_AWS_22,0.0,34.1,18.7,39.0,8.8
2023-04-18,MOCK_AWS_22,0.0,35.5,19.8,42.0,9.0
2023-04-19,MOCK_AWS_22,0.0,34.2,18.7,38.0,8.0
2023-04-20,MOCK_AWS_22,0.0,35.6,20.5,40.0,6.7
2023-04-21,MOCK_AWS_22,0.0,36.2,21.0,44.0,10.6
2023-04-22,MOCK_AWS_22,0.0,37.8,22.2,43.0,14.3
2023-04-23,MOCK_AWS_22,0.0,40.5,23.0,39.0,13.5
2023-04-24,MOCK_AWS_22,0.0,37.6,22.5,37.0,11.3
2023-04-25,MOCK_AWS_22,0.0,38.9,20.7,38.0,8.4
2023-04-26,MOCK_AWS_22,0.0,38.2,21.9,40.0,14.0
2023-04-27,MOCK_AWS_22,0.0,38.2,22.5,40.0,15.0
2023-04-28,MOCK_AWS_22,0.0,40.1,23.1,45.0,9.0
2023-04-29,MOCK_AWS_22,0.0,40.2,23.7,40.0,9.3
2023-04-30,MOCK_AWS_22,0.0,42.3,26.4,40.0,8.3
2023-05-01,MOCK_AWS_22,0.0,41.6,24.7,40.0,14.1
2023-05-02,MOCK_AWS_22,0.0,40.9,24.6,39.0,12.9
2023-05-03,MOCK_AWS_22,0.7,37.7,23.5,41.0,11.7
2023-05-04,MOCK_AWS_22,17.9,35.8,23.8,29.0,11.7
2023-05-05,MOCK_AWS_22,0.8,41.0,26.0,37.0,18.0
2023-05-06,MOCK_AWS_22,0.0,44.5,27.0,47.0,19.2
2023-05-07,MOCK_AWS_22,0.0,45.4,27.2,46.0,26.0
2023-05-08,MOCK_AWS_22,,,,,
2023-05-09,MOCK_AWS_22,0.0,44.4,28.0,36.0,20.4
2023-05-10,MOCK_AWS_22,0.0,43.6,27.7,40.0,15.9
2023-05-11,MOCK_AWS_22,0.0,41.4,24.1,40.0,18.4
2023-05-12,MOCK_AWS_22,0.0,42.1,27.3,39.0,14.5
2023-05-13,MOCK_AWS_22,0.0,42.4,25.7,39.0,9.1
2023-05-14,MOCK_AWS_22,0.0,40.2,25.8,39.0,10.2
2023-05-15,MOCK_AWS_22,0.0,44.2,27.5,40.0,7.9
2023-05-16,MOCK_AWS_22,0.0,44.3,28.7,42.0,9.4
2023-05-17,MOCK_AWS_22,0.0,43.3,28.2,44.0,7.7
2023-05-18,MOCK_AWS_22,0.0,39.7,25.0,39.0,9.5
2023-05-19,MOCK_AWS_22,0.0,43.2,28.5,43.0,16.4
2023-05-20,MOCK_AWS_22,0.0,40.6,25.0,39.0,16.0
2023-05-21,MOCK_AWS_22,0.0,43.3,27.2,41.0,20.5
2023-05-22,MOCK_AWS_22,0.0,39.9,24.9,53.0,14.3
2023-05-23,MOCK_AWS_22,0.0,38.0,25.9,43.0,11.1
2023-05-24,MOCK_AWS_22,0.0,42.2,27.4,46.0,10.6
2023-05-25,MOCK_AWS_22,0.0,38.9,25.4,39.0,12.0
2023-05-26,MOCK_AWS_22,0.0,39.9,25.4,45.0,12.5
2023-05-27,MOCK_AWS_22,0.0,36.7,25.1,45.0,12.0
2023-05-28,MOCK_AWS_22,0.0,41.9,27.4,45.0,5.6
2023-05-29,MOCK_AWS_22,0.0,41.8,26.4,42.0,9.3
2023-05-30,MOCK_AWS_22,0.0,40.7,26.2,47.0,8.0
2023-05-31,MOCK_AWS_22,0.0,37.7,23.4,44.0,8.2
2023-06-01,MOCK_AWS_22,0.0,38.5,25.5,46.0,14.0
2023-06-02,MOCK_AWS_22,0.0,42.7,27.5,46.0,15.4
2023-06-03,MOCK_AWS_22,0.0,45.1,31.1,51.0,23.9
2023-06-04,MOCK_AWS_22,0.0,46.0,31.5,46.0,15.8
2023-06-05,MOCK_AWS_22,0.0,48.0,32.1,45.0,23.4
2023-06-06,MOCK_AWS_22,0.0,45.9,31.6,48.0,13.0
2023-06-07,MOCK_AWS_22,0.0,44.0,29.3,48.0,6.3
2023-06-08,MOCK_AWS_22,0.0,42.9,29.6,47.0,8.6
2023-06-09,MOCK_AWS_22,0.0,40.7,26.6,47.0,6.8
2023-06-10,MOCK_AWS_22,0.0,40.4,28.0,51.0,8.8
2023-06-11,MOCK_AWS_22,0.0,42.4,28.3,49.0,11.2
2023-06-12,MOCK_AWS_22,0.0,42.0,27.5,52.0,12.2
2023-06-13,MOCK_AWS_22,0.0,42.5,30.8,57.0,15.6
2023-06-14,MOCK_AWS_22,0.0,40.2,27.4,62.0,14.2
2023-06-15,MOCK_AWS_22,0.0,40.4,26.5,56.0,25.5
2023-06-16,MOCK_AWS_22,0.0,41.0,29.5,53.0,12.1
2023-06-17,MOCK_AWS_22,0.0,39.0,26.1,51.0,14.3
2023-06-18,MOCK_AWS_22,0.0,37.1,26.3,52.0,10.5
2023-06-19,MOCK_AWS_22,0.0,41.5,28.2,58.0,15.0
2023-06-20,MOCK_AWS_22,0.0,38.6,26.7,59.0,19.4
2023-06-21,MOCK_AWS_22,0.0,38.1,27.7,50.0,17.3
2023-06-22,MOCK_AWS_22,0.0,36.3,25.1,53.0,12.5
2023-06-23,MOCK_AWS_22,0.0,36.1,24.9,57.0,10.9
2023-06-24,MOCK_AWS_22,0.0,41.0,29.7,59.0,7.4
2023-06-25,MOCK_AWS_22,0.0,40.7,28.2,62.0,10.6
2023-06-26,MOCK_AWS_22,0.0,40.2,28.3,58.0,10.2
2023-06-27,MOCK_AWS_22,1.5,37.5,28.0,47.0,12.0
2023-06-28,MOCK_AWS_22,2.8,36.7,28.1,48.0,12.6
2023-06-29,MOCK_AWS_22,,,,,
2023-06-30,MOCK_AWS_22,0.0,33.0,25.2,58.0,11.4
2023-07-01,MOCK_AWS_22,0.0,39.1,28.8,64.0,14.0
2023-07-02,MOCK_AWS_22,0.0,36.7,27.1,64.0,18.6
2023-07-03,MOCK_AWS_22,,,,,
2023-07-04,MOCK_AWS_22,0.0,32.8,24.8,64.0,13.9
2023-07-05,MOCK_AWS_22,0.0,32.3,24.0,65.0,8.6
2023-07-06,MOCK_AWS_22,1.6,32.7,25.4,52.0,9.8
2023-07-07,MOCK_AWS_22,0.0,37.0,26.5,64.0,6.4
2023-07-08,MOCK_AWS_22,0.0,34.9,25.3,71.0,8.8
2023-07-09,MOCK_AWS_22,0.0,35.0,24.9,67.0,11.6
2023-07-10,MOCK_AWS_22,0.0,38.1,27.8,68.0,18.1
2023-07-11,MOCK_AWS_22,0.0,36.4,26.8,68.0,14.4
2023-07-12,MOCK_AWS_22,0.0,37.5,27.2,71.0,9.3
2023-07-13,MOCK_AWS_22,0.0,34.6,25.1,66.0,8.4
2023-07-14,MOCK_AWS_22,0.0,33.9,26.3,69.0,8.9
2023-07-15,MOCK_AWS_22,0.0,34.5,26.3,79.0,12.6
2023-07-16,MOCK_AWS_22,0.0,34.6,26.5,79.0,10.6
2023-07-17,MOCK_AWS_22,0.0,31.7,24.8,78.0,8.2
2023-07-18,MOCK_AWS_22,0.0,32.9,26.1,72.0,9.4
2023-07-19,MOCK_AWS_22,0.0,34.2,26.3,75.0,11.3
2023-07-20,MOCK_AWS_22,0.0,35.8,27.0,80.0,7.2
2023-07-21,MOCK_AWS_22,0.0,37.4,28.9,78.0,9.1
2023-07-22,MOCK_AWS_22,0.0,34.3,26.5,72.0,7.7
2023-07-23,MOCK_AWS_22,0.0,35.8,26.0,66.0,6.8
2023-07-24,MOCK_AWS_22,0.0,33.9,25.9,68.0,9.3
2023-07-25,MOCK_AWS_22,1.7,36.6,28.7,59.0,8.6
2023-07-26,MOCK_AWS_22,0.0,35.5,27.9,84.0,6.1
2023-07-27,MOCK_AWS_22,0.0,37.3,29.3,82.0,9.1
2023-07-28,MOCK_AWS_22,0.0,35.4,26.8,78.0,9.5
2023-07-29,MOCK_AWS_22,0.0,35.6,27.1,89.0,9.1
2023-07-30,MOCK_AWS_22,0.0,31.5,25.0,84.0,10.1
2023-07-31,MOCK_AWS_22,0.0,33.6,26.5,77.0,10.9
2023-08-01,MOCK_AWS_22,0.0,31.9,23.5,77.0,10.0
2023-08-02,MOCK_AWS_22,0.0,33.7,25.7,76.0,10.1
2023-08-03,MOCK_AWS_22,0.0,33.5,26.2,81.0,12.8
2023-08-04,MOCK_AWS_22,0.0,34.8,27.0,77.0,12.3
2023-08-05,MOCK_AWS_22,0.0,31.0,23.1,72.0,8.7
2023-08-06,MOCK_AWS_22,0.0,30.3,23.7,77.0,8.3
2023-08-07,MOCK_AWS_22,0.0,34.0,25.5,75.0,5.5
2023-08-08,MOCK_AWS_22,0.0,34.6,26.0,76.0,11.0
2023-08-09,MOCK_AWS_22,0.0,34.2,27.2,81.0,10.0
2023-08-10,MOCK_AWS_22,0.0,31.5,25.7,73.0,8.1
2023-08-11,MOCK_AWS_22,0.0,34.9,26.3,80.0,7.2
2023-08-12,MOCK_AWS_22,0.0,34.3,25.1,83.0,5.7
2023-08-13,MOCK_AWS_22,0.0,31.6,24.8,80.0,5.8
2023-08-14,MOCK_AWS_22,0.0,31.8,24.9,78.0,9.0
2023-08-15,MOCK_AWS_22,0.0,25.9,23.7,64.0,5.9
2023-08-16,MOCK_AWS_22,,,,,
2023-08-17,MOCK_AWS_22,0.0,33.3,25.9,81.0,7.2
2023-08-18,MOCK_AWS_22,0.0,33.2,25.4,83.0,4.1
2023-08-19,MOCK_AWS_22,0.0,30.1,23.7,81.0,10.3
2023-08-20,MOCK_AWS_22,0.0,31.9,23.7,84.0,8.3
2023-08-21,MOCK_AWS_22,0.0,32.5,25.5,85.0,8.5
2023-08-22,MOCK_AWS_22,0.0,32.2,25.0,75.0,8.4
2023-08-23,MOCK_AWS_22,0.0,34.3,26.1,73.0,7.9
2023-08-24,MOCK_AWS_22,,,,,
2023-08-25,MOCK_AWS_22,0.0,32.2,23.9,76.0,6.7
2023-08-26,MOCK_AWS_22,,,,,
2023-08-27,MOCK_AWS_22,0.0,33.9,24.6,78.0,6.8
2023-08-28,MOCK_AWS_22,0.0,32.1,23.7,76.0,4.7
2023-08-29,MOCK_AWS_22,0.0,36.0,26.1,76.0,6.0
2023-08-30,MOCK_AWS_22,0.0,35.3,26.2,78.0,4.3
2023-08-31,MOCK_AWS_22,,,,,
2023-09-01,MOCK_AWS_22,3.7,33.1,25.9,77.0,6.7
2023-09-02,MOCK_AWS_22,0.0,35.0,27.0,76.0,7.4
2023-09-03,MOCK_AWS_22,0.0,37.9,27.8,73.0,5.0
2023-09-04,MOCK_AWS_22,,,,,
2023-09-05,MOCK_AWS_22,0.0,39.3,28.3,87.0,12.9
2023-09-06,MOCK_AWS_22,0.0,39.3,27.8,79.0,17.7
2023-09-07,MOCK_AWS_22,0.0,34.3,23.5,85.0,12.0
2023-09-08,MOCK_AWS_22,4.8,32.9,22.9,65.0,10.4
2023-09-09,MOCK_AWS_22,0.0,33.8,25.3,77.0,10.5
2023-09-10,MOCK_AWS_22,0.0,34.7,24.4,71.0,11.3
2023-09-11,MOCK_AWS_22,0.0,33.6,23.6,75.0,11.3
2023-09-12,MOCK_AWS_22,0.0,33.1,23.0,81.0,10.1
2023-09-13,MOCK_AWS_22,0.0,31.2,21.1,71.0,14.5
2023-09-14,MOCK_AWS_22,0.0,29.9,19.7,69.0,14.6
2023-09-15,MOCK_AWS_22,0.0,32.0,20.6,82.0,9.5
2023-09-16,MOCK_AWS_22,0.0,32.3,22.6,82.0,5.4
2023-09-17,MOCK_AWS_22,0.0,31.1,23.0,54.0,6.9
2023-09-18,MOCK_AWS_22,0.0,36.7,25.4,68.0,6.1
2023-09-19,MOCK_AWS_22,0.0,37.5,26.2,75.0,9.2
2023-09-20,MOCK_AWS_22,0.0,37.8,24.8,77.0,5.1
2023-09-21,MOCK_AWS_22,0.0,37.1,25.5,78.0,7.9
2023-09-22,MOCK_AWS_22,0.0,34.6,22.1,68.0,6.2
2023-09-23,MOCK_AWS_22,0.0,30.4,17.9,66.0,5.6
2023-09-24,MOCK_AWS_22,0.0,32.9,20.6,64.0,6.1
2023-09-25,MOCK_AWS_22,0.0,36.2,23.3,78.0,6.4
2023-09-26,MOCK_AWS_22,143.2,26.4,19.8,51.0,7.0
2023-09-27,MOCK_AWS_22,0.0,29.9,18.0,63.0,6.8
2023-09-28,MOCK_AWS_22,0.0,33.2,19.8,61.0,6.7
2023-09-29,MOCK_AWS_22,0.0,33.5,20.7,66.0,10.8
2023-09-30,MOCK_AWS_22,0.0,32.0,21.4,55.0,4.9
2023-10-01,MOCK_AWS_22,0.0,33.2,19.8,76.0,5.0
2023-10-02,MOCK_AWS_22,0.0,33.0,18.7,63.0,4.3
2023-10-03,MOCK_AWS_22,0.0,31.3,18.4,60.0,3.6
2023-10-04,MOCK_AWS_22,0.0,32.0,18.7,57.0,4.2
2023-10-05,MOCK_AWS_22,0.0,29.8,16.6,67.0,0.9
2023-10-06,MOCK_AWS_22,,,,,
2023-10-07,MOCK_AWS_22,0.0,30.5,15.2,63.0,3.9
2023-10-08,MOCK_AWS_22,0.0,35.4,19.7,66.0,4.0
2023-10-09,MOCK_AWS_22,0.0,33.9,17.0,55.0,6.2
2023-10-10,MOCK_AWS_22,0.0,33.0,19.2,63.0,3.5
2023-10-11,MOCK_AWS_22,0.0,33.4,18.1,61.0,7.1
2023-10-12,MOCK_AWS_22,0.0,30.8,16.6,64.0,4.2
2023-10-13,MOCK_AWS_22,0.0,30.7,15.6,56.0,5.2
2023-10-14,MOCK_AWS_22,0.0,31.4,17.3,57.0,5.5
2023-10-15,MOCK_AWS_22,0.0,33.4,17.6,53.0,4.3
2023-10-16,MOCK_AWS_22,0.0,31.6,17.0,65.0,6.0
2023-10-17,MOCK_AWS_22,0.0,34.3,17.5,54.0,3.8
2023-10-18,MOCK_AWS_22,0.0,32.0,18.0,59.0,2.7
2023-10-19,MOCK_AWS_22,0.0,30.5,15.4,53.0,3.0
2023-10-20,MOCK_AWS_22,0.0,34.5,19.3,60.0,2.6
2023-10-21,MOCK_AWS_22,0.0,34.8,18.2,61.0,4.7
2023-10-22,MOCK_AWS_22,0.0,31.7,15.4,56.0,9.1
2023-10-23,MOCK_AWS_22,0.0,34.0,18.5,65.0,5.0
2023-10-24,MOCK_AWS_22,0.0,30.7,14.6,61.0,6.2
2023-10-25,MOCK_AWS_22,0.0,31.4,15.2,56.0,2.6
2023-10-26,MOCK_AWS_22,0.0,28.4,13.1,59.0,4.9
2023-10-27,MOCK_AWS_22,0.0,25.6,10.2,54.0,3.8
2023-10-28,MOCK_AWS_22,0.0,24.4,11.1,55.0,4.0
2023-10-29,MOCK_AWS_22,0.0,24.4,10.1,66.0,6.0
2023-10-30,MOCK_AWS_22,0.0,29.6,14.3,58.0,6.8
2023-10-31,MOCK_AWS_22,0.0,30.0,12.6,63.0,5.9
2023-11-01,MOCK_AWS_22,0.0,28.3,13.5,63.0,3.5
2023-11-02,MOCK_AWS_22,0.0,29.5,12.7,63.0,3.9
2023-11-03,MOCK_AWS_22,0.0,30.1,11.8,62.0,4.6
2023-11-04,MOCK_AWS_22,0.0,29.0,13.8,54.0,3.9
2023-11-05,MOCK_AWS_22,0.0,29.9,13.2,56.0,5.1
2023-11-06,MOCK_AWS_22,0.0,31.1,13.9,61.0,5.5
2023-11-07,MOCK_AWS_22,0.0,30.7,14.4,55.0,6.2
2023-11-08,MOCK_AWS_22,0.0,30.5,13.3,63.0,5.3
2023-11-09,MOCK_AWS_22,0.0,32.9,13.8,61.0,9.9
2023-11-10,MOCK_AWS_22,0.0,30.1,14.1,59.0,8.3
2023-11-11,MOCK_AWS_22,0.0,30.0,12.2,61.0,6.6
2023-11-12,MOCK_AWS_22,0.0,28.4,11.8,58.0,5.1
2023-11-13,MOCK_AWS_22,0.0,26.6,10.2,62.0,3.4
2023-11-14,MOCK_AWS_22,0.0,27.6,10.3,57.0,5.7
2023-11-15,MOCK_AWS_22,0.0,30.7,11.5,58.0,5.8
2023-11-16,MOCK_AWS_22,0.0,28.0,12.2,68.0,6.6
2023-11-17,MOCK_AWS_22,0.0,28.9,11.6,56.0,4.4
2023-11-18,MOCK_AWS_22,0.0,30.2,12.1,57.0,3.3
2023-11-19,MOCK_AWS_22,0.6,31.0,14.5,64.0,5.9
2023-11-20,MOCK_AWS_22,0.0,31.1,13.9,64.0,3.5
2023-11-21,MOCK_AWS_22,0.0,30.9,13.2,61.0,2.6
2023-11-22,MOCK_AWS_22,0.0,28.3,11.5,60.0,4.5
2023-11-23,MOCK_AWS_22,0.0,27.3,9.9,58.0,4.8
2023-11-24,MOCK_AWS_22,,,,,
2023-11-25,MOCK_AWS_22,0.0,27.7,10.7,60.0,3.3
2023-11-26,MOCK_AWS_22,0.0,22.8,6.7,67.0,6.0
2023-11-27,MOCK_AWS_22,0.0,24.5,9.0,69.0,3.8
2023-11-28,MOCK_AWS_22,0.0,24.4,7.6,67.0,7.2
2023-11-29,MOCK_AWS_22,0.0,24.9,9.3,69.0,5.8
2023-11-30,MOCK_AWS_22,0.0,25.5,9.2,65.0,2.5
2023-12-01,MOCK_AWS_22,0.0,24.8,9.4,66.0,2.8
2023-12-02,MOCK_AWS_22,0.0,25.2,11.2,65.0,2.0
2023-12-03,MOCK_AWS_22,0.0,27.0,9.9,66.0,6.2
2023-12-04,MOCK_AWS_22,0.0,24.9,9.6,64.0,5.1
2023-12-05,MOCK_AWS_22,0.0,24.1,10.7,61.0,4.5
2023-12-06,MOCK_AWS_22,0.0,24.6,10.0,59.0,7.6
2023-12-07,MOCK_AWS_22,0.0,23.7,7.8,59.0,11.0
2023-12-08,MOCK_AWS_22,0.0,22.7,8.5,61.0,5.6
2023-12-09,MOCK_AWS_22,0.0,22.5,6.8,65.0,5.2
2023-12-10,MOCK_AWS_22,0.0,19.9,6.0,66.0,6.6
2023-12-11,MOCK_AWS_22,0.0,19.6,5.7,70.0,5.4
2023-12-12,MOCK_AWS_22,0.0,18.4,6.0,69.0,4.7
2023-12-13,MOCK_AWS_22,0.0,19.6,4.4,67.0,3.6
2023-12-14,MOCK_AWS_22,0.0,19.3,5.3,60.0,4.3
2023-12-15,MOCK_AWS_22,,,,,
2023-12-16,MOCK_AWS_22,0.0,16.4,6.2,64.0,2.1
2023-12-17,MOCK_AWS_22,0.0,20.6,6.8,72.0,4.6
2023-12-18,MOCK_AWS_22,0.0,19.6,5.0,67.0,5.0
2023-12-19,MOCK_AWS_22,0.0,23.9,7.1,74.0,6.9
2023-12-20,MOCK_AWS_22,0.0,17.0,5.4,69.0,5.1
2023-12-21,MOCK_AWS_22,0.0,19.0,3.6,71.0,4.5
2023-12-22,MOCK_AWS_22,0.0,17.6,4.4,69.0,4.2
2023-12-23,MOCK_AWS_22,0.0,18.3,4.4,71.0,3.3
2023-12-24,MOCK_AWS_22,,,,,
2023-12-25,MOCK_AWS_22,0.0,20.0,4.9,68.0,5.3
2023-12-26,MOCK_AWS_22,0.0,22.1,7.8,68.0,5.0
2023-12-27,MOCK_AWS_22,0.0,20.9,8.9,72.0,4.9
2023-12-28,MOCK_AWS_22,0.0,23.9,9.5,69.0,4.6
2023-12-29,MOCK_AWS_22,0.0,23.0,8.5,69.0,4.6
2023-12-30,MOCK_AWS_22,0.0,22.6,8.1,69.0,5.2
2023-12-31,MOCK_AWS_22,0.0,21.5,7.1,74.0,3.2
2024-01-01,MOCK_AWS_22,0.0,19.2,5.1,69.0,4.7
2024-01-02,MOCK_AWS_22,0.0,16.9,3.2,68.0,4.9
2024-01-03,MOCK_AWS_22,0.0,21.6,5.4,67.0,6.2
2024-01-04,MOCK_AWS_22,0.0,22.8,8.3,74.0,3.8
2024-01-05,MOCK_AWS_22,0.0,23.5,12.0,71.0,6.6
2024-01-06,MOCK_AWS_22,0.0,25.8,9.9,68.0,7.6
2024-01-07,MOCK_AWS_22,0.0,25.3,10.9,71.0,3.3
2024-01-08,MOCK_AWS_22,0.0,21.5,8.4,62.0,7.3
2024-01-09,MOCK_AWS_22,0.0,24.5,7.8,58.0,4.7
2024-01-10,MOCK_AWS_22,0.0,20.5,9.8,66.0,7.1
2024-01-11,MOCK_AWS_22,0.0,19.8,5.4,68.0,9.7
2024-01-12,MOCK_AWS_22,0.0,22.2,7.0,70.0,6.6
2024-01-13,MOCK_AWS_22,0.0,16.8,4.3,71.0,4.8
2024-01-14,MOCK_AWS_22,0.0,18.1,6.5,68.0,5.3
2024-01-15,MOCK_AWS_22,0.0,19.4,6.6,55.0,4.9
2024-01-16,MOCK_AWS_22,0.0,20.0,7.1,76.0,3.0
2024-01-17,MOCK_AWS_22,0.0,19.5,4.9,66.0,5.8
2024-01-18,MOCK_AWS_22,0.0,20.7,8.5,78.0,5.5
2024-01-19,MOCK_AWS_22,0.0,20.5,9.2,66.0,4.1
2024-01-20,MOCK_AWS_22,0.0,22.4,9.0,68.0,6.3
2024-01-21,MOCK_AWS_22,0.0,22.8,9.1,73.0,3.9
2024-01-22,MOCK_AWS_22,0.0,24.4,9.5,75.0,7.9
2024-01-23,MOCK_AWS_22,0.0,25.2,9.9,66.0,4.8
2024-01-24,MOCK_AWS_22,2.6,17.8,10.1,57.0,2.8
2024-01-25,MOCK_AWS_22,0.0,18.8,7.6,65.0,3.5
2024-01-26,MOCK_AWS_22,0.0,19.1,5.5,69.0,4.7
2024-01-27,MOCK_AWS_22,2.5,18.3,7.0,57.0,7.9
2024-01-28,MOCK_AWS_22,0.0,20.0,7.8,49.0,9.1
2024-01-29,MOCK_AWS_22,1.1,21.5,10.0,67.0,7.4
2024-01-30,MOCK_AWS_22,19.0,19.3,10.0,48.0,8.1
2024-01-31,MOCK_AWS_22,2.1,21.9,12.7,50.0,5.3
2024-02-01,MOCK_AWS_22,0.0,26.2,10.9,63.0,4.9
2024-02-02,MOCK_AWS_22,0.0,26.1,10.4,62.0,4.4
2024-02-03,MOCK_AWS_22,0.6,25.1,10.0,61.0,5.0
2024-02-04,MOCK_AWS_22,0.0,26.4,11.3,64.0,2.9
2024-02-05,MOCK_AWS_22,11.0,21.7,10.7,55.0,3.3
2024-02-06,MOCK_AWS_22,0.0,25.2,10.6,69.0,5.2
2024-02-07,MOCK_AWS_22,0.0,25.6,10.9,73.0,5.1
2024-02-08,MOCK_AWS_22,0.0,28.8,12.1,71.0,4.5
2024-02-09,MOCK_AWS_22,0.0,26.8,11.0,69.0,4.0
2024-02-10,MOCK_AWS_22,6.4,22.5,10.2,48.0,5.7
2024-02-11,MOCK_AWS_22,0.0,23.7,8.9,66.0,5.4
2024-02-12,MOCK_AWS_22,0.0,23.8,8.5,64.0,2.3
2024-02-13,MOCK_AWS_22,0.0,24.3,10.7,59.0,2.8
2024-02-14,MOCK_AWS_22,0.0,25.1,11.1,65.0,2.3
2024-02-15,MOCK_AWS_22,0.0,26.3,11.9,65.0,4.9
2024-02-16,MOCK_AWS_22,0.0,25.7,10.9,65.0,6.9
2024-02-17,MOCK_AWS_22,0.0,25.1,10.6,65.0,7.5
2024-02-18,MOCK_AWS_22,0.0,27.3,10.4,54.0,9.8
2024-02-19,MOCK_AWS_22,0.0,30.4,12.7,61.0,9.3
2024-02-20,MOCK_AWS_22,0.0,24.7,8.2,64.0,8.8
2024-02-21,MOCK_AWS_22,0.0,25.1,11.0,59.0,6.9
2024-02-22,MOCK_AWS_22,0.0,27.6,10.5,68.0,7.2
2024-02-23,MOCK_AWS_22,0.0,27.4,11.9,63.0,6.0
2024-02-24,MOCK_AWS_22,0.0,23.6,8.3,59.0,6.2
2024-02-25,MOCK_AWS_22,0.0,22.3,6.8,56.0,5.3
2024-02-26,MOCK_AWS_22,0.0,24.6,8.4,61.0,5.2
2024-02-27,MOCK_AWS_22,0.0,28.9,12.3,53.0,9.4
2024-02-28,MOCK_AWS_22,0.0,27.5,12.5,57.0,5.1
2024-02-29,MOCK_AWS_22,0.0,30.2,14.5,61.0,4.4
2024-03-01,MOCK_AWS_22,0.0,26.3,10.4,56.0,5.6
2024-03-02,MOCK_AWS_22,0.0,23.7,8.5,59.0,3.5
2024-03-03,MOCK_AWS_22,0.0,21.4,8.0,56.0,7.7
2024-03-04,MOCK_AWS_22,0.0,25.7,9.7,62.0,6.6
2024-03-05,MOCK_AWS_22,0.0,27.1,12.0,62.0,10.4
2024-03-06,MOCK_AWS_22,0.0,26.9,11.8,58.0,8.5
2024-03-07,MOCK_AWS_22,0.0,28.8,12.9,57.0,8.6
2024-03-08,MOCK_AWS_22,0.0,29.9,13.3,57.0,10.0
2024-03-09,MOCK_AWS_22,0.0,30.7,14.9,56.0,10.4
2024-03-10,MOCK_AWS_22,0.0,32.7,17.7,52.0,8.6
2024-03-11,MOCK_AWS_22,0.0,29.8,14.3,58.0,8.9
2024-03-12,MOCK_AWS_22,0.0,30.5,15.5,51.0,11.5
2024-03-13,MOCK_AWS_22,4.1,30.5,14.9,44.0,5.5
2024-03-14,MOCK_AWS_22,,,,,
2024-03-15,MOCK_AWS_22,0.0,28.3,12.5,55.0,11.4
2024-03-16,MOCK_AWS_22,8.2,23.6,13.3,37.0,10.0
2024-03-17,MOCK_AWS_22,0.2,29.2,13.7,52.0,14.6
2024-03-18,MOCK_AWS_22,0.0,32.1,15.5,47.0,8.5
2024-03-19,MOCK_AWS_22,0.0,33.4,17.6,57.0,6.9
2024-03-20,MOCK_AWS_22,0.0,32.5,17.3,48.0,6.7
2024-03-21,MOCK_AWS_22,0.0,33.0,17.3,51.0,10.0
2024-03-22,MOCK_AWS_22,0.0,37.9,19.9,53.0,7.5
2024-03-23,MOCK_AWS_22,0.0,35.3,19.7,49.0,7.6
2024-03-24,MOCK_AWS_22,0.0,33.8,17.6,51.0,9.8
2024-03-25,MOCK_AWS_22,0.0,35.4,18.9,53.0,11.5
2024-03-26,MOCK_AWS_22,0.0,32.9,17.3,47.0,13.1
2024-03-27,MOCK_AWS_22,,,,,
2024-03-28,MOCK_AWS_22,0.0,31.0,15.3,47.0,6.4
2024-03-29,MOCK_AWS_22,0.0,32.0,16.9,46.0,11.9
2024-03-30,MOCK_AWS_22,0.0,35.2,18.8,45.0,6.5
2024-03-31,MOCK_AWS_22,0.0,34.5,18.5,42.0,11.5
2024-04-01,MOCK_AWS_22,0.0,36.2,19.8,48.0,7.9
2024-04-02,MOCK_AWS_22,0.0,37.2,19.9,42.0,6.7
2024-04-03,MOCK_AWS_22,2.9,37.9,21.5,41.0,6.3
2024-04-04,MOCK_AWS_22,0.0,36.7,19.2,44.0,17.0
2024-04-05,MOCK_AWS_22,0.0,35.1,18.4,40.0,13.7
2024-04-06,MOCK_AWS_22,0.0,36.7,19.5,41.0,12.8
2024-04-07,MOCK_AWS_22,0.0,35.4,20.1,38.0,7.7
2024-04-08,MOCK_AWS_22,0.0,34.4,18.5,47.0,9.9
2024-04-09,MOCK_AWS_22,0.0,35.3,19.0,38.0,10.2
2024-04-10,MOCK_AWS_22,0.0,32.1,16.9,42.0,6.5
2024-04-11,MOCK_AWS_22,0.0,35.7,18.9,41.0,7.3
2024-04-12,MOCK_AWS_22,0.0,34.4,18.6,38.0,5.1
2024-04-13,MOCK_AWS_22,0.0,32.7,15.9,40.0,6.4
2024-04-14,MOCK_AWS_22,0.0,34.7,19.4,37.0,9.9
2024-04-15,MOCK_AWS_22,0.0,34.8,19.7,37.0,12.0
2024-04-16,MOCK_AWS_22,0.0,37.5,20.9,42.0,7.4
2024-04-17,MOCK_AWS_22,0.0,40.7,22.2,41.0,18.4
2024-04-18,MOCK_AWS_22,0.0,41.9,23.6,39.0,11.8
2024-04-19,MOCK_AWS_22,0.0,42.1,25.5,41.0,10.6
2024-04-20,MOCK_AWS_22,0.0,42.1,24.9,42.0,10.4
2024-04-21,MOCK_AWS_22,2.0,42.4,28.5,28.0,10.5
2024-04-22,MOCK_AWS_22,2.0,41.6,27.2,34.0,15.9
2024-04-23,MOCK_AWS_22,0.0,41.2,23.2,43.0,12.2
2024-04-24,MOCK_AWS_22,,,,,
2024-04-25,MOCK_AWS_22,0.0,39.6,22.3,38.0,8.9
2024-04-26,MOCK_AWS_22,0.0,37.9,21.9,38.0,7.0
2024-04-27,MOCK_AWS_22,0.0,38.1,22.4,35.0,11.2
2024-04-28,MOCK_AWS_22,0.0,39.6,23.3,42.0,5.5
2024-04-29,MOCK_AWS_22,0.0,39.4,22.1,39.0,11.3
2024-04-30,MOCK_AWS_22,0.0,36.5,21.7,45.0,5.6
2024-05-01,MOCK_AWS_22,0.0,36.8,20.5,39.0,7.4
2024-05-02,MOCK_AWS_22,0.0,34.9,22.2,34.0,4.8
2024-05-03,MOCK_AWS_22,0.0,38.9,23.0,39.0,6.2
2024-05-04,MOCK_AWS_22,0.0,35.7,21.4,47.0,6.4
2024-05-05,MOCK_AWS_22,0.0,39.6,25.9,42.0,5.9
2024-05-06,MOCK_AWS_22,0.0,41.8,26.2,34.0,6.0
2024-05-07,MOCK_AWS_22,0.0,42.3,25.5,45.0,11.0
2024-05-08,MOCK_AWS_22,0.0,40.8,25.3,41.0,16.8
2024-05-09,MOCK_AWS_22,0.0,42.3,25.7,39.0,20.5
2024-05-10,MOCK_AWS_22,0.0,41.4,25.9,40.0,12.0
2024-05-11,MOCK_AWS_22,0.0,42.1,24.8,33.0,10.5
2024-05-12,MOCK_AWS_22,0.0,44.4,27.9,43.0,18.9
2024-05-13,MOCK_AWS_22,0.0,46.4,29.4,42.0,17.3
2024-05-14,MOCK_AWS_22,0.0,44.8,27.3,34.0,17.8
2024-05-15,MOCK_AWS_22,0.0,43.3,26.0,42.0,12.9
2024-05-16,MOCK_AWS_22,0.0,40.1,24.3,36.0,18.5
2024-05-17,MOCK_AWS_22,0.0,41.0,25.0,43.0,8.4
2024-05-18,MOCK_AWS_22,0.0,41.5,24.9,45.0,18.4
2024-05-19,MOCK_AWS_22,0.0,41.6,25.7,40.0,9.9
2024-05-20,MOCK_AWS_22,0.0,43.9,29.8,42.0,20.2
2024-05-21,MOCK_AWS_22,0.0,43.7,27.7,48.0,12.6
2024-05-22,MOCK_AWS_22,0.0,42.4,26.9,46.0,11.9
2024-05-23,MOCK_AWS_22,0.0,38.7,25.8,40.0,12.6
2024-05-24,MOCK_AWS_22,0.0,40.3,25.3,45.0,9.5
2024-05-25,MOCK_AWS_22,0.0,39.3,27.0,47.0,11.5
2024-05-26,MOCK_AWS_22,0.0,39.1,24.3,44.0,13.3
2024-05-27,MOCK_AWS_22,0.0,39.7,25.7,46.0,8.2
2024-05-28,MOCK_AWS_22,0.0,41.5,27.4,39.0,7.1
2024-05-29,MOCK_AWS_22,0.0,41.9,26.6,44.0,11.4
2024-05-30,MOCK_AWS_22,0.0,41.7,27.1,40.0,10.7
2024-05-31,MOCK_AWS_22,0.0,40.6,28.1,51.0,12.4
2024-06-01,MOCK_AWS_22,0.0,44.0,31.5,48.0,8.4
2024-06-02,MOCK_AWS_22,0.0,45.6,30.7,42.0,13.1
2024-06-03,MOCK_AWS_22,0.0,40.1,26.8,45.0,6.5
2024-06-04,MOCK_AWS_22,0.0,43.6,28.9,45.0,11.9
2024-06-05,MOCK_AWS_22,0.0,42.4,28.6,42.0,11.1
2024-06-06,MOCK_AWS_22,0.0,40.4,26.5,47.0,9.9
2024-06-07,MOCK_AWS_22,0.0,39.1,26.5,42.0,9.8
2024-06-08,MOCK_AWS_22,0.0,40.1,24.8,43.0,10.5
2024-06-09,MOCK_AWS_22,0.0,39.8,26.5,46.0,14.4
2024-06-10,MOCK_AWS_22,0.0,38.6,24.9,48.0,16.7
2024-06-11,MOCK_AWS_22,0.0,38.2,25.7,45.0,13.5
2024-06-12,MOCK_AWS_22,8.0,32.1,24.3,33.0,9.6
2024-06-13,MOCK_AWS_22,0.0,38.2,26.4,42.0,8.6
2024-06-14,MOCK_AWS_22,0.0,38.6,28.4,50.0,10.5
2024-06-15,MOCK_AWS_22,0.0,38.9,28.1,50.0,14.3
2024-06-16,MOCK_AWS_22,0.0,38.2,26.7,53.0,13.6
2024-06-17,MOCK_AWS_22,0.0,39.0,27.1,58.0,10.7
2024-06-18,MOCK_AWS_22,0.0,37.4,25.1,54.0,10.2
2024-06-19,MOCK_AWS_22,0.0,37.2,25.0,48.0,15.9
2024-06-20,MOCK_AWS_22,0.0,38.5,26.8,59.0,13.3
2024-06-21,MOCK_AWS_22,68.8,33.2,28.9,46.0,9.3
2024-06-22,MOCK_AWS_22,8.6,34.2,24.9,45.0,10.9
2024-06-23,MOCK_AWS_22,4.7,33.5,24.6,48.0,8.1
2024-06-24,MOCK_AWS_22,0.0,38.8,27.7,56.0,7.9
2024-06-25,MOCK_AWS_22,0.0,39.2,27.0,58.0,9.2
2024-06-26,MOCK_AWS_22,0.0,38.0,27.6,58.0,12.6
2024-06-27,MOCK_AWS_22,0.0,42.3,29.8,59.0,10.3
2024-06-28,MOCK_AWS_22,4.1,39.2,29.1,47.0,10.9
2024-06-29,MOCK_AWS_22,21.6,33.0,26.9,58.0,7.6
2024-06-30,MOCK_AWS_22,0.0,36.7,26.5,58.0,9.9
2024-07-01,MOCK_AWS_22,0.0,38.5,27.2,71.0,12.6
2024-07-02,MOCK_AWS_22,0.0,35.8,25.8,63.0,7.4
2024-07-03,MOCK_AWS_22,0.0,33.7,24.8,59.0,11.5
2024-07-04,MOCK_AWS_22,50.8,26.9,24.4,63.0,7.0
2024-07-05,MOCK_AWS_22,1.7,31.0,23.6,56.0,9.4
2024-07-06,MOCK_AWS_22,0.0,31.9,23.8,71.0,8.3
2024-07-07,MOCK_AWS_22,0.0,35.2,26.5,61.0,4.6
2024-07-08,MOCK_AWS_22,0.0,32.2,24.4,74.0,3.0
2024-07-09,MOCK_AWS_22,0.0,31.3,23.1,70.0,4.4
2024-07-10,MOCK_AWS_22,1.7,31.0,24.6,63.0,5.8
2024-07-11,MOCK_AWS_22,0.4,29.1,22.3,65.0,4.9
2024-07-12,MOCK_AWS_22,0.0,34.1,25.5,75.0,7.0
2024-07-13,MOCK_AWS_22,0.0,32.0,26.3,74.0,7.7
2024-07-14,MOCK_AWS_22,0.0,32.6,24.9,75.0,6.3
2024-07-15,MOCK_AWS_22,0.0,33.2,25.5,77.0,11.2
2024-07-16,MOCK_AWS_22,0.0,35.5,26.5,83.0,13.0
2024-07-17,MOCK_AWS_22,0.0,34.4,26.2,72.0,10.7
2024-07-18,MOCK_AWS_22,0.0,30.5,23.4,79.0,7.9
2024-07-19,MOCK_AWS_22,0.0,30.5,22.7,81.0,9.0
2024-07-20,MOCK_AWS_22,0.0,32.8,24.6,71.0,16.4
2024-07-21,MOCK_AWS_22,0.0,30.9,23.5,82.0,8.8
2024-07-22,MOCK_AWS_22,0.0,31.4,24.6,73.0,4.4
2024-07-23,MOCK_AWS_22,0.0,32.9,24.8,80.0,8.7
2024-07-24,MOCK_AWS_22,2.7,29.9,23.1,82.0,4.7
2024-07-25,MOCK_AWS_22,0.0,34.9,25.9,77.0,7.4
2024-07-26,MOCK_AWS_22,0.0,32.3,25.2,67.0,7.2
2024-07-27,MOCK_AWS_22,0.0,34.8,27.6,78.0,6.6
2024-07-28,MOCK_AWS_22,0.0,37.5,28.6,71.0,10.7
2024-07-29,MOCK_AWS_22,0.0,35.9,27.8,79.0,4.9
2024-07-30,MOCK_AWS_22,0.0,36.6,29.4,58.0,8.1
2024-07-31,MOCK_AWS_22,4.8,35.2,29.8,68.0,10.3
2024-08-01,MOCK_AWS_22,20.6,32.8,28.8,64.0,7.1
2024-08-02,MOCK_AWS_22,0.0,37.7,30.0,80.0,12.5
2024-08-03,MOCK_AWS_22,0.0,37.1,28.0,82.0,10.5
2024-08-04,MOCK_AWS_22,0.0,36.4,28.3,77.0,8.9
2024-08-05,MOCK_AWS_22,0.0,36.5,28.4,81.0,8.2
2024-08-06,MOCK_AWS_22,0.0,34.8,29.0,76.0,6.0
2024-08-07,MOCK_AWS_22,0.0,39.0,29.8,77.0,6.8
2024-08-08,MOCK_AWS_22,0.0,40.6,31.3,75.0,8.3
2024-08-09,MOCK_AWS_22,0.0,35.6,28.0,90.0,7.9
2024-08-10,MOCK_AWS_22,0.0,35.3,26.9,75.0,7.8
2024-08-11,MOCK_AWS_22,1.3,33.7,26.4,71.0,14.7
2024-08-12,MOCK_AWS_22,87.5,25.4,22.5,66.0,8.9
2024-08-13,MOCK_AWS_22,0.0,35.0,27.7,78.0,12.5
2024-08-14,MOCK_AWS_22,0.0,31.9,25.3,75.0,11.2
2024-08-15,MOCK_AWS_22,0.0,34.4,27.3,82.0,13.8
2024-08-16,MOCK_AWS_22,0.0,30.4,25.0,76.0,12.2
2024-08-17,MOCK_AWS_22,0.0,30.4,24.3,82.0,9.6
2024-08-18,MOCK_AWS_22,0.0,30.6,23.9,77.0,14.0
2024-08-19,MOCK_AWS_22,0.0,34.0,25.5,85.0,9.9
2024-08-20,MOCK_AWS_22,0.0,34.3,26.6,75.0,5.9
2024-08-21,MOCK_AWS_22,,,,,
2024-08-22,MOCK_AWS_22,0.0,34.3,26.5,84.0,6.7
2024-08-23,MOCK_AWS_22,22.3,26.9,25.1,67.0,8.1
2024-08-24,MOCK_AWS_22,0.0,32.0,24.2,71.0,7.1
2024-08-25,MOCK_AWS_22,0.0,33.5,26.6,82.0,8.5
2024-08-26,MOCK_AWS_22,0.0,33.4,23.4,87.0,4.9
2024-08-27,MOCK_AWS_22,0.0,32.7,25.3,80.0,5.6
2024-08-28,MOCK_AWS_22,0.0,29.7,22.0,68.0,6.9
2024-08-29,MOCK_AWS_22,0.0,33.5,24.6,79.0,8.8
2024-08-30,MOCK_AWS_22,0.0,33.6,24.9,78.0,7.2
2024-08-31,MOCK_AWS_22,0.0,33.9,25.1,88.0,9.7
2024-09-01,MOCK_AWS_22,0.0,30.4,21.2,86.0,8.3
2024-09-02,MOCK_AWS_22,0.0,32.0,23.5,82.0,9.5
2024-09-03,MOCK_AWS_22,0.0,31.5,23.0,84.0,6.6
2024-09-04,MOCK_AWS_22,0.0,36.0,27.8,82.0,3.1
2024-09-05,MOCK_AWS_22,0.0,35.4,26.7,72.0,3.3
2024-09-06,MOCK_AWS_22,0.0,37.2,28.1,84.0,2.8
2024-09-07,MOCK_AWS_22,0.0,32.2,23.7,69.0,4.0
2024-09-08,MOCK_AWS_22,0.0,32.0,23.3,82.0,3.4
2024-09-09,MOCK_AWS_22,15.5,32.9,24.5,59.0,5.1
2024-09-10,MOCK_AWS_22,0.0,34.5,24.7,79.0,6.2
2024-09-11,MOCK_AWS_22,0.0,31.7,21.7,74.0,12.1
2024-09-12,MOCK_AWS_22,0.0,31.4,20.3,72.0,8.4
2024-09-13,MOCK_AWS_22,0.0,31.8,20.8,73.0,6.2
2024-09-14,MOCK_AWS_22,0.0,33.1,22.6,83.0,7.1
2024-09-15,MOCK_AWS_22,0.0,31.6,21.0,76.0,11.0
2024-09-16,MOCK_AWS_22,0.0,34.2,22.7,81.0,16.6
2024-09-17,MOCK_AWS_22,0.0,34.3,24.0,67.0,12.7
2024-09-18,MOCK_AWS_22,0.0,37.2,24.1,69.0,11.2
2024-09-19,MOCK_AWS_22,0.0,38.3,26.3,70.0,8.4
2024-09-20,MOCK_AWS_22,0.0,36.1,23.2,73.0,6.5
2024-09-21,MOCK_AWS_22,0.0,36.2,22.7,65.0,7.0
2024-09-22,MOCK_AWS_22,0.0,33.9,23.9,68.0,5.2
2024-09-23,MOCK_AWS_22,0.0,36.0,23.3,72.0,5.4
2024-09-24,MOCK_AWS_22,0.0,36.7,24.0,65.0,5.5
2024-09-25,MOCK_AWS_22,0.0,34.1,22.2,73.0,4.4
2024-09-26,MOCK_AWS_22,,,,,
2024-09-27,MOCK_AWS_22,0.0,31.8,18.9,65.0,5.1
2024-09-28,MOCK_AWS_22,1.6,32.1,20.8,56.0,4.0
2024-09-29,MOCK_AWS_22,0.0,33.5,20.7,65.0,6.7
2024-09-30,MOCK_AWS_22,0.0,31.4,18.4,64.0,6.2
2024-10-01,MOCK_AWS_22,0.0,33.1,19.4,58.0,7.2
2024-10-02,MOCK_AWS_22,0.0,31.3,18.5,69.0,8.7
2024-10-03,MOCK_AWS_22,0.0,30.2,16.9,64.0,7.9
2024-10-04,MOCK_AWS_22,0.0,30.6,17.3,57.0,7.4
2024-10-05,MOCK_AWS_22,0.0,31.3,18.5,69.0,12.7
2024-10-06,MOCK_AWS_22,0.0,32.8,18.3,59.0,7.4
2024-10-07,MOCK_AWS_22,0.0,33.6,19.1,63.0,8.0
2024-10-08,MOCK_AWS_22,0.0,32.0,18.5,60.0,5.5
2024-10-09,MOCK_AWS_22,0.0,34.9,19.9,63.0,5.8
2024-10-10,MOCK_AWS_22,0.0,33.5,19.0,61.0,11.1
2024-10-11,MOCK_AWS_22,0.0,35.5,20.5,60.0,5.2
2024-10-12,MOCK_AWS_22,0.0,33.8,18.2,61.0,4.1
2024-10-13,MOCK_AWS_22,0.0,29.8,15.0,59.0,5.5
2024-10-14,MOCK_AWS_22,0.0,34.6,18.9,55.0,5.4
2024-10-15,MOCK_AWS_22,0.0,31.4,16.1,62.0,1.2
2024-10-16,MOCK_AWS_22,0.0,30.8,14.4,54.0,3.2
2024-10-17,MOCK_AWS_22,0.0,32.6,18.1,60.0,4.1
2024-10-18,MOCK_AWS_22,0.0,33.7,18.7,53.0,3.4
2024-10-19,MOCK_AWS_22,0.0,33.1,18.4,53.0,4.7
2024-10-20,MOCK_AWS_22,0.0,30.9,13.9,57.0,4.4
2024-10-21,MOCK_AWS_22,,,,,
2024-10-22,MOCK_AWS_22,0.0,30.0,13.8,63.0,5.5
2024-10-23,MOCK_AWS_22,0.0,29.3,13.4,58.0,4.4
2024-10-24,MOCK_AWS_22,0.0,28.8,12.9,63.0,4.3
2024-10-25,MOCK_AWS_22,0.0,30.5,14.8,58.0,5.3
2024-10-26,MOCK_AWS_22,0.0,32.1,16.2,65.0,6.8
2024-10-27,MOCK_AWS_22,0.0,31.2,14.2,62.0,8.7
2024-10-28,MOCK_AWS_22,,,,,
2024-10-29,MOCK_AWS_22,0.2,28.0,12.7,59.0,4.4
2024-10-30,MOCK_AWS_22,0.0,31.3,14.4,61.0,5.0
2024-10-31,MOCK_AWS_22,0.6,28.8,13.3,63.0,5.2
2024-11-01,MOCK_AWS_22,0.0,27.3,11.4,60.0,5.7
2024-11-02,MOCK_AWS_22,0.0,30.1,15.7,63.0,3.5
2024-11-03,MOCK_AWS_22,1.5,30.1,16.0,41.0,3.7
2024-11-04,MOCK_AWS_22,0.0,29.0,11.7,60.0,3.4
2024-11-05,MOCK_AWS_22,0.0,27.3,11.7,59.0,3.1
2024-11-06,MOCK_AWS_22,0.0,28.7,12.0,61.0,3.3
2024-11-07,MOCK_AWS_22,0.0,24.9,10.8,59.0,7.8
2024-11-08,MOCK_AWS_22,0.0,22.7,7.0,64.0,3.9
2024-11-09,MOCK_AWS_22,0.0,24.1,8.5,57.0,4.7
2024-11-10,MOCK_AWS_22,0.0,27.9,10.7,56.0,4.2
2024-11-11,MOCK_AWS_22,0.0,29.0,13.3,62.0,2.4
2024-11-12,MOCK_AWS_22,,,,,
2024-11-13,MOCK_AWS_22,0.0,31.1,13.9,65.0,3.3
2024-11-14,MOCK_AWS_22,0.0,28.4,13.2,65.0,3.5
2024-11-15,MOCK_AWS_22,0.0,30.4,13.0,58.0,5.2
2024-11-16,MOCK_AWS_22,0.0,28.7,12.5,58.0,6.4
2024-11-17,MOCK_AWS_22,0.0,27.4,12.1,62.0,5.2
2024-11-18,MOCK_AWS_22,0.0,27.2,10.8,59.0,6.4
2024-11-19,MOCK_AWS_22,0.0,27.4,9.9,57.0,4.2
2024-11-20,MOCK_AWS_22,0.0,30.5,13.2,61.0,5.6
2024-11-21,MOCK_AWS_22,0.0,28.3,12.0,61.0,5.1
2024-11-22,MOCK_AWS_22,0.0,26.7,10.7,58.0,4.5
2024-11-23,MOCK_AWS_22,0.0,24.8,7.7,68.0,4.0
2024-11-24,MOCK_AWS_22,0.0,22.5,6.2,65.0,2.9
2024-11-25,MOCK_AWS_22,0.0,21.9,7.3,59.0,6.6
2024-11-26,MOCK_AWS_22,0.0,25.7,9.7,63.0,8.1
2024-11-27,MOCK_AWS_22,0.0,24.5,9.1,59.0,8.1
2024-11-28,MOCK_AWS_22,6.6,22.6,8.5,55.0,4.6
2024-11-29,MOCK_AWS_22,0.0,25.6,9.4,62.0,3.7
2024-11-30,MOCK_AWS_22,0.0,26.8,11.1,73.0,4.8
2024-12-01,MOCK_AWS_22,0.0,25.4,10.0,68.0,3.3
2024-12-02,MOCK_AWS_22,0.0,25.9,9.8,59.0,4.9
2024-12-03,MOCK_AWS_22,0.0,23.5,8.4,59.0,4.1
2024-12-04,MOCK_AWS_22,0.0,21.6,6.9,66.0,4.0
2024-12-05,MOCK_AWS_22,0.0,20.1,5.7,60.0,6.0
2024-12-06,MOCK_AWS_22,0.0,22.0,6.5,69.0,2.9
2024-12-07,MOCK_AWS_22,0.0,24.9,8.6,72.0,4.3
2024-12-08,MOCK_AWS_22,0.0,21.7,5.7,59.0,5.9
2024-12-09,MOCK_AWS_22,0.0,22.2,7.1,61.0,4.7
2024-12-10,MOCK_AWS_22,0.0,25.8,7.9,65.0,8.6
2024-12-11,MOCK_AWS_22,0.0,25.6,10.0,71.0,5.6
2024-12-12,MOCK_AWS_22,0.0,21.8,7.7,68.0,11.8
2024-12-13,MOCK_AWS_22,0.0,23.2,8.0,66.0,5.6
2024-12-14,MOCK_AWS_22,0.0,23.0,8.1,71.0,4.6
2024-12-15,MOCK_AWS_22,0.0,21.2,6.6,65.0,5.6
2024-12-16,MOCK_AWS_22,0.0,23.7,9.0,66.0,5.6
2024-12-17,MOCK_AWS_22,0.0,23.5,8.5,62.0,4.3
2024-12-18,MOCK_AWS_22,0.0,26.7,10.5,74.0,5.3
2024-12-19,MOCK_AWS_22,0.0,23.5,9.2,67.0,5.2
2024-12-20,MOCK_AWS_22,0.0,23.0,7.5,69.0,4.4
2024-12-21,MOCK_AWS_22,0.0,24.9,8.0,76.0,3.1
2024-12-22,MOCK_AWS_22,0.0,19.9,5.6,71.0,1.6
2024-12-23,MOCK_AWS_22,0.0,17.1,5.9,64.0,1.8
2024-12-24,MOCK_AWS_22,0.0,17.1,4.5,77.0,4.0
2024-12-25,MOCK_AWS_22,0.0,15.6,2.4,66.0,1.0
2024-12-26,MOCK_AWS_22,0.5,11.6,3.4,70.0,4.0
2024-12-27,MOCK_AWS_22,0.3,20.0,5.2,75.0,8.6
2024-12-28,MOCK_AWS_22,0.3,16.1,5.1,60.0,4.5
2024-12-29,MOCK_AWS_22,6.2,11.8,4.7,47.0,3.0
2024-12-30,MOCK_AWS_22,0.0,18.5,5.3,74.0,3.4
2024-12-31,MOCK_AWS_22,,,,,
2023-01-01,MOCK_ARG_23,0.0,,,,
2023-01-02,MOCK_ARG_23,0.0,,,,
2023-01-03,MOCK_ARG_23,0.0,,,,
2023-01-04,MOCK_ARG_23,0.0,,,,
2023-01-05,MOCK_ARG_23,0.0,,,,
2023-01-06,MOCK_ARG_23,0.0,,,,
2023-01-07,MOCK_ARG_23,0.0,,,,
2023-01-08,MOCK_ARG_23,0.0,,,,
2023-01-09,MOCK_ARG_23,0.0,,,,
2023-01-10,MOCK_ARG_23,0.0,,,,
2023-01-11,MOCK_ARG_23,0.0,,,,
2023-01-12,MOCK_ARG_23,0.0,,,,
2023-01-13,MOCK_ARG_23,0.0,,,,
2023-01-14,MOCK_ARG_23,0.0,,,,
2023-01-15,MOCK_ARG_23,0.0,,,,
2023-01-16,MOCK_ARG_23,0.0,,,,
2023-01-17,MOCK_ARG_23,0.0,,,,
2023-01-18,MOCK_ARG_23,0.0,,,,
2023-01-19,MOCK_ARG_23,0.0,,,,
2023-01-20,MOCK_ARG_23,,,,,
2023-01-21,MOCK_ARG_23,0.0,,,,
2023-01-22,MOCK_ARG_23,0.0,,,,
2023-01-23,MOCK_ARG_23,0.0,,,,
2023-01-24,MOCK_ARG_23,0.0,,,,
2023-01-25,MOCK_ARG_23,0.0,,,,
2023-01-26,MOCK_ARG_23,0.0,,,,
2023-01-27,MOCK_ARG_23,0.0,,,,
2023-01-28,MOCK_ARG_23,0.0,,,,
2023-01-29,MOCK_ARG_23,0.0,,,,
2023-01-30,MOCK_ARG_23,0.0,,,,
2023-01-31,MOCK_ARG_23,,,,,
2023-02-01,MOCK_ARG_23,0.0,,,,
2023-02-02,MOCK_ARG_23,0.0,,,,
2023-02-03,MOCK_ARG_23,0.0,,,,
2023-02-04,MOCK_ARG_23,0.0,,,,
2023-02-05,MOCK_ARG_23,0.0,,,,
2023-02-06,MOCK_ARG_23,0.0,,,,
2023-02-07,MOCK_ARG_23,0.0,,,,
2023-02-08,MOCK_ARG_23,0.0,,,,
2023-02-09,MOCK_ARG_23,0.0,,,,
2023-02-10,MOCK_ARG_23,0.0,,,,
2023-02-11,MOCK_ARG_23,0.0,,,,
2023-02-12,MOCK_ARG_23,0.0,,,,
2023-02-13,MOCK_ARG_23,0.0,,,,
2023-02-14,MOCK_ARG_23,0.0,,,,
2023-02-15,MOCK_ARG_23,0.0,,,,
2023-02-16,MOCK_ARG_23,0.0,,,,
2023-02-17,MOCK_ARG_23,0.0,,,,
2023-02-18,MOCK_ARG_23,0.0,,,,
2023-02-19,MOCK_ARG_23,0.0,,,,
2023-02-20,MOCK_ARG_23,,,,,
2023-02-21,MOCK_ARG_23,0.0,,,,
2023-02-22,MOCK_ARG_23,3.0,,,,
2023-02-23,MOCK_ARG_23,0.0,,,,
2023-02-24,MOCK_ARG_23,0.0,,,,
2023-02-25,MOCK_ARG_23,0.0,,,,
2023-02-26,MOCK_ARG_23,,,,,
2023-02-27,MOCK_ARG_23,0.5,,,,
2023-02-28,MOCK_ARG_23,0.0,,,,
2023-03-01,MOCK_ARG_23,0.0,,,,
2023-03-02,MOCK_ARG_23,0.0,,,,
2023-03-03,MOCK_ARG_23,0.0,,,,
2023-03-04,MOCK_ARG_23,0.0,,,,
2023-03-05,MOCK_ARG_23,0.0,,,,
2023-03-06,MOCK_ARG_23,0.0,,,,
2023-03-07,MOCK_ARG_23,0.0,,,,
2023-03-08,MOCK_ARG_23,0.0,,,,
2023-03-09,MOCK_ARG_23,0.0,,,,
2023-03-10,MOCK_ARG_23,0.0,,,,
2023-03-11,MOCK_ARG_23,0.0,,,,
2023-03-12,MOCK_ARG_23,0.0,,,,
2023-03-13,MOCK_ARG_23,0.0,,,,
2023-03-14,MOCK_ARG_23,0.0,,,,
2023-03-15,MOCK_ARG_23,0.0,,,,
2023-03-16,MOCK_ARG_23,0.0,,,,
2023-03-17,MOCK_ARG_23,0.5,,,,
2023-03-18,MOCK_ARG_23,,,,,
2023-03-19,MOCK_ARG_23,0.0,,,,
2023-03-20,MOCK_ARG_23,4.5,,,,
2023-03-21,MOCK_ARG_23,0.0,,,,
2023-03-22,MOCK_ARG_23,0.0,,,,
2023-03-23,MOCK_ARG_23,0.0,,,,
2023-03-24,MOCK_ARG_23,0.0,,,,
2023-03-25,MOCK_ARG_23,0.0,,,,
2023-03-26,MOCK_ARG_23,0.0,,,,
2023-03-27,MOCK_ARG_23,0.0,,,,
2023-03-28,MOCK_ARG_23,0.0,,,,
2023-03-29,MOCK_ARG_23,0.0,,,,
2023-03-30,MOCK_ARG_23,0.0,,,,
2023-03-31,MOCK_ARG_23,14.5,,,,
2023-04-01,MOCK_ARG_23,0.0,,,,
2023-04-02,MOCK_ARG_23,,,,,
2023-04-03,MOCK_ARG_23,0.0,,,,
2023-04-04,MOCK_ARG_23,0.0,,,,
2023-04-05,MOCK_ARG_23,0.0,,,,
2023-04-06,MOCK_ARG_23,0.0,,,,
2023-04-07,MOCK_ARG_23,0.0,,,,
2023-04-08,MOCK_ARG_23,0.0,,,,
2023-04-09,MOCK_ARG_23,0.0,,,,
2023-04-10,MOCK_ARG_23,0.0,,,,
2023-04-11,MOCK_ARG_23,0.0,,,,
2023-04-12,MOCK_ARG_23,0.0,,,,
2023-04-13,MOCK_ARG_23,0.0,,,,
2023-04-14,MOCK_ARG_23,6.5,,,,
2023-04-15,MOCK_ARG_23,,,,,
2023-04-16,MOCK_ARG_23,0.0,,,,
2023-04-17,MOCK_ARG_23,0.0,,,,
2023-04-18,MOCK_ARG_23,0.0,,,,
2023-04-19,MOCK_ARG_23,0.0,,,,
2023-04-20,MOCK_ARG_23,0.0,,,,
2023-04-21,MOCK_ARG_23,0.0,,,,
2023-04-22,MOCK_ARG_23,0.0,,,,
2023-04-23,MOCK_ARG_23,0.0,,,,
2023-04-24,MOCK_ARG_23,,,,,
2023-04-25,MOCK_ARG_23,0.0,,,,
2023-04-26,MOCK_ARG_23,0.0,,,,
2023-04-27,MOCK_ARG_23,0.0,,,,
2023-04-28,MOCK_ARG_23,0.0,,,,
2023-04-29,MOCK_ARG_23,0.0,,,,
2023-04-30,MOCK_ARG_23,0.0,,,,
2023-05-01,MOCK_ARG_23,0.0,,,,
2023-05-02,MOCK_ARG_23,0.0,,,,
2023-05-03,MOCK_ARG_23,0.5,,,,
2023-05-04,MOCK_ARG_23,15.5,,,,
2023-05-05,MOCK_ARG_23,1.0,,,,
2023-05-06,MOCK_ARG_23,0.0,,,,
2023-05-07,MOCK_ARG_23,0.0,,,,
2023-05-08,MOCK_ARG_23,0.0,,,,
2023-05-09,MOCK_ARG_23,0.0,,,,
2023-05-10,MOCK_ARG_23,0.0,,,,
2023-05-11,MOCK_ARG_23,0.0,,,,
2023-05-12,MOCK_ARG_23,,,,,
2023-05-13,MOCK_ARG_23,0.0,,,,
2023-05-14,MOCK_ARG_23,0.0,,,,
2023-05-15,MOCK_ARG_23,0.0,,,,
2023-05-16,MOCK_ARG_23,0.0,,,,
2023-05-17,MOCK_ARG_23,0.0,,,,
2023-05-18,MOCK_ARG_23,0.0,,,,
2023-05-19,MOCK_ARG_23,0.0,,,,
2023-05-20,MOCK_ARG_23,0.0,,,,
2023-05-21,MOCK_ARG_23,0.0,,,,
2023-05-22,MOCK_ARG_23,0.0,,,,
2023-05-23,MOCK_ARG_23,0.0,,,,
2023-05-24,MOCK_ARG_23,0.0,,,,
2023-05-25,MOCK_ARG_23,0.0,,,,
2023-05-26,MOCK_ARG_23,0.0,,,,
2023-05-27,MOCK_ARG_23,0.0,,,,
2023-05-28,MOCK_ARG_23,0.0,,,,
2023-05-29,MOCK_ARG_23,0.0,,,,
2023-05-30,MOCK_ARG_23,0.0,,,,
2023-05-31,MOCK_ARG_23,,,,,
2023-06-01,MOCK_ARG_23,0.0,,,,
2023-06-02,MOCK_ARG_23,0.0,,,,
2023-06-03,MOCK_ARG_23,0.0,,,,
2023-06-04,MOCK_ARG_23,0.0,,,,
2023-06-05,MOCK_ARG_23,0.0,,,,
2023-06-06,MOCK_ARG_23,0.0,,,,
2023-06-07,MOCK_ARG_23,0.0,,,,
2023-06-08,MOCK_ARG_23,0.0,,,,
2023-06-09,MOCK_ARG_23,0.0,,,,
2023-06-10,MOCK_ARG_23,0.0,,,,
2023-06-11,MOCK_ARG_23,0.0,,,,
2023-06-12,MOCK_ARG_23,0.0,,,,
2023-06-13,MOCK_ARG_23,0.0,,,,
2023-06-14,MOCK_ARG_23,0.0,,,,
2023-06-15,MOCK_ARG_23,0.0,,,,
2023-06-16,MOCK_ARG_23,0.0,,,,
2023-06-17,MOCK_ARG_23,0.0,,,,
2023-06-18,MOCK_ARG_23,0.0,,,,
2023-06-19,MOCK_ARG_23,0.0,,,,
2023-06-20,MOCK_ARG_23,0.0,,,,
2023-06-21,MOCK_ARG_23,0.0,,,,
2023-06-22,MOCK_ARG_23,0.0,,,,
2023-06-23,MOCK_ARG_23,0.0,,,,
2023-06-24,MOCK_ARG_23,0.0,,,,
2023-06-25,MOCK_ARG_23,0.0,,,,
2023-06-26,MOCK_ARG_23,0.0,,,,
2023-06-27,MOCK_ARG_23,1.5,,,,
2023-06-28,MOCK_ARG_23,2.5,,,,
2023-06-29,MOCK_ARG_23,0.0,,,,
2023-06-30,MOCK_ARG_23,0.0,,,,
2023-07-01,MOCK_ARG_23,0.0,,,,
2023-07-02,MOCK_ARG_23,0.0,,,,
2023-07-03,MOCK_ARG_23,0.0,,,,
2023-07-04,MOCK_ARG_23,0.0,,,,
2023-07-05,MOCK_ARG_23,0.0,,,,
2023-07-06,MOCK_ARG_23,1.5,,,,
2023-07-07,MOCK_ARG_23,0.0,,,,
2023-07-08,MOCK_ARG_23,0.0,,,,
2023-07-09,MOCK_ARG_23,0.0,,,,
2023-07-10,MOCK_ARG_23,0.0,,,,
2023-07-11,MOCK_ARG_23,,,,,
2023-07-12,MOCK_ARG_23,0.0,,,,
2023-07-13,MOCK_ARG_23,0.0,,,,
2023-07-14,MOCK_ARG_23,0.0,,,,
2023-07-15,MOCK_ARG_23,0.0,,,,
2023-07-16,MOCK_ARG_23,0.0,,,,
2023-07-17,MOCK_ARG_23,0.0,,,,
2023-07-18,MOCK_ARG_23,0.0,,,,
2023-07-19,MOCK_ARG_23,0.0,,,,
2023-07-20,MOCK_ARG_23,0.0,,,,
2023-07-21,MOCK_ARG_23,0.0,,,,
2023-07-22,MOCK_ARG_23,0.0,,,,
2023-07-23,MOCK_ARG_23,0.0,,,,
2023-07-24,MOCK_ARG_23,0.0,,,,
2023-07-25,MOCK_ARG_23,1.5,,,,
2023-07-26,MOCK_ARG_23,,,,,
2023-07-27,MOCK_ARG_23,0.0,,,,
2023-07-28,MOCK_ARG_23,0.0,,,,
2023-07-29,MOCK_ARG_23,0.0,,,,
2023-07-30,MOCK_ARG_23,0.0,,,,
2023-07-31,MOCK_ARG_23,0.0,,,,
2023-08-01,MOCK_ARG_23,0.0,,,,
2023-08-02,MOCK_ARG_23,0.0,,,,
2023-08-03,MOCK_ARG_23,,,,,
2023-08-04,MOCK_ARG_23,0.0,,,,
2023-08-05,MOCK_ARG_23,0.0,,,,
2023-08-06,MOCK_ARG_23,0.0,,,,
2023-08-07,MOCK_ARG_23,0.0,,,,
2023-08-08,MOCK_ARG_23,0.0,,,,
2023-08-09,MOCK_ARG_23,0.0,,,,
2023-08-10,MOCK_ARG_23,0.0,,,,
2023-08-11,MOCK_ARG_23,0.0,,,,
2023-08-12,MOCK_ARG_23,0.0,,,,
2023-08-13,MOCK_ARG_23,0.0,,,,
2023-08-14,MOCK_ARG_23,0.0,,,,
2023-08-15,MOCK_ARG_23,,,,,
2023-08-16,MOCK_ARG_23,59.0,,,,
2023-08-17,MOCK_ARG_23,0.0,,,,
2023-08-18,MOCK_ARG_23,0.0,,,,
2023-08-19,MOCK_ARG_23,0.0,,,,
2023-08-20,MOCK_ARG_23,0.0,,,,
2023-08-21,MOCK_ARG_23,0.0,,,,
2023-08-22,MOCK_ARG_23,0.0,,,,
2023-08-23,MOCK_ARG_23,0.0,,,,
2023-08-24,MOCK_ARG_23,0.0,,,,
2023-08-25,MOCK_ARG_23,0.0,,,,
2023-08-26,MOCK_ARG_23,0.0,,,,
2023-08-27,MOCK_ARG_23,0.0,,,,
2023-08-28,MOCK_ARG_23,0.0,,,,
2023-08-29,MOCK_ARG_23,0.0,,,,
2023-08-30,MOCK_ARG_23,0.0,,,,
2023-08-31,MOCK_ARG_23,0.0,,,,
2023-09-01,MOCK_ARG_23,0.0,,,,
2023-09-02,MOCK_ARG_23,0.0,,,,
2023-09-03,MOCK_ARG_23,0.0,,,,
2023-09-04,MOCK_ARG_23,115.5,,,,
2023-09-05,MOCK_ARG_23,0.0,,,,
2023-09-06,MOCK_ARG_23,0.0,,,,
2023-09-07,MOCK_ARG_23,0.0,,,,
2023-09-08,MOCK_ARG_23,4.5,,,,
2023-09-09,MOCK_ARG_23,0.0,,,,
2023-09-10,MOCK_ARG_23,0.0,,,,
2023-09-11,MOCK_ARG_23,0.0,,,,
2023-09-12,MOCK_ARG_23,0.0,,,,
2023-09-13,MOCK_ARG_23,0.0,,,,
2023-09-14,MOCK_ARG_23,,,,,
2023-09-15,MOCK_ARG_23,0.0,,,,
2023-09-16,MOCK_ARG_23,0.0,,,,
2023-09-17,MOCK_ARG_23,0.0,,,,
2023-09-18,MOCK_ARG_23,0.0,,,,
2023-09-19,MOCK_ARG_23,0.0,,,,
2023-09-20,MOCK_ARG_23,0.0,,,,
2023-09-21,MOCK_ARG_23,0.0,,,,
2023-09-22,MOCK_ARG_23,0.0,,,,
2023-09-23,MOCK_ARG_23,0.0,,,,
2023-09-24,MOCK_ARG_23,0.0,,,,
2023-09-25,MOCK_ARG_23,0.0,,,,
2023-09-26,MOCK_ARG_23,,,,,
2023-09-27,MOCK_ARG_23,0.0,,,,
2023-09-28,MOCK_ARG_23,0.0,,,,
2023-09-29,MOCK_ARG_23,0.0,,,,
2023-09-30,MOCK_ARG_23,0.0,,,,
2023-10-01,MOCK_ARG_23,0.0,,,,
2023-10-02,MOCK_ARG_23,0.0,,,,
2023-10-03,MOCK_ARG_23,0.0,,,,
2023-10-04,MOCK_ARG_23,0.0,,,,
2023-10-05,MOCK_ARG_23,0.0,,,,
2023-10-06,MOCK_ARG_23,,,,,
2023-10-07,MOCK_ARG_23,0.0,,,,
2023-10-08,MOCK_ARG_23,0.0,,,,
2023-10-09,MOCK_ARG_23,0.0,,,,
2023-10-10,MOCK_ARG_23,0.0,,,,
2023-10-11,MOCK_ARG_23,0.0,,,,
2023-10-12,MOCK_ARG_23,0.0,,,,
2023-10-13,MOCK_ARG_23,0.0,,,,
2023-10-14,MOCK_ARG_23,0.0,,,,
2023-10-15,MOCK_ARG_23,0.0,,,,
2023-10-16,MOCK_ARG_23,0.0,,,,
2023-10-17,MOCK_ARG_23,0.0,,,,
2023-10-18,MOCK_ARG_23,0.0,,,,
2023-10-19,MOCK_ARG_23,0.0,,,,
2023-10-20,MOCK_ARG_23,0.0,,,,
2023-10-21,MOCK_ARG_23,0.0,,,,
2023-10-22,MOCK_ARG_23,0.0,,,,
2023-10-23,MOCK_ARG_23,0.0,,,,
2023-10-24,MOCK_ARG_23,0.0,,,,
2023-10-25,MOCK_ARG_23,0.0,,,,
2023-10-26,MOCK_ARG_23,0.0,,,,
2023-10-27,MOCK_ARG_23,0.0,,,,
2023-10-28,MOCK_ARG_23,0.0,,,,
2023-10-29,MOCK_ARG_23,0.0,,,,
2023-10-30,MOCK_ARG_23,0.0,,,,
2023-10-31,MOCK_ARG_23,0.0,,,,
2023-11-01,MOCK_ARG_23,0.0,,,,
2023-11-02,MOCK_ARG_23,0.0,,,,
2023-11-03,MOCK_ARG_23,0.0,,,,
2023-11-04,MOCK_ARG_23,0.0,,,,
2023-11-05,MOCK_ARG_23,0.0,,,,
2023-11-06,MOCK_ARG_23,0.0,,,,
2023-11-07,MOCK_ARG_23,0.0,,,,
2023-11-08,MOCK_ARG_23,0.0,,,,
2023-11-09,MOCK_ARG_23,0.0,,,,
2023-11-10,MOCK_ARG_23,0.0,,,,
2023-11-11,MOCK_ARG_23,0.0,,,,
2023-11-12,MOCK_ARG_23,0.0,,,,
2023-11-13,MOCK_ARG_23,0.0,,,,
2023-11-14,MOCK_ARG_23,0.0,,,,
2023-11-15,MOCK_ARG_23,0.0,,,,
2023-11-16,MOCK_ARG_23,0.0,,,,
2023-11-17,MOCK_ARG_23,0.0,,,,
2023-11-18,MOCK_ARG_23,0.0,,,,
2023-11-19,MOCK_ARG_23,,,,,
2023-11-20,MOCK_ARG_23,0.0,,,,
2023-11-21,MOCK_ARG_23,0.0,,,,
2023-11-22,MOCK_ARG_23,0.0,,,,
2023-11-23,MOCK_ARG_23,0.0,,,,
2023-11-24,MOCK_ARG_23,,,,,
2023-11-25,MOCK_ARG_23,,,,,
2023-11-26,MOCK_ARG_23,,,,,
2023-11-27,MOCK_ARG_23,,,,,
2023-11-28,MOCK_ARG_23,,,,,
2023-11-29,MOCK_ARG_23,,,,,
2023-11-30,MOCK_ARG_23,,,,,
2023-12-01,MOCK_ARG_23,,,,,
2023-12-02,MOCK_ARG_23,,,,,
2023-12-03,MOCK_ARG_23,,,,,
2023-12-04,MOCK_ARG_23,,,,,
2023-12-05,MOCK_ARG_23,,,,,
2023-12-06,MOCK_ARG_23,,,,,
2023-12-07,MOCK_ARG_23,,,,,
2023-12-08,MOCK_ARG_23,,,,,
2023-12-09,MOCK_ARG_23,,,,,
2023-12-10,MOCK_ARG_23,,,,,
2023-12-11,MOCK_ARG_23,,,,,
2023-12-12,MOCK_ARG_23,,,,,
2023-12-13,MOCK_ARG_23,,,,,
2023-12-14,MOCK_ARG_23,,,,,
2023-12-15,MOCK_ARG_23,,,,,
2023-12-16,MOCK_ARG_23,,,,,
2023-12-17,MOCK_ARG_23,,,,,
2023-12-18,MOCK_ARG_23,,,,,
2023-12-19,MOCK_ARG_23,,,,,
2023-12-20,MOCK_ARG_23,,,,,
2023-12-21,MOCK_ARG_23,,,,,
2023-12-22,MOCK_ARG_23,,,,,
2023-12-23,MOCK_ARG_23,,,,,
2023-12-24,MOCK_ARG_23,,,,,
2023-12-25,MOCK_ARG_23,,,,,
2023-12-26,MOCK_ARG_23,,,,,
2023-12-27,MOCK_ARG_23,,,,,
2023-12-28,MOCK_ARG_23,,,,,
2023-12-29,MOCK_ARG_23,0.0,,,,
2023-12-30,MOCK_ARG_23,0.0,,,,
2023-12-31,MOCK_ARG_23,0.0,,,,
2024-01-01,MOCK_ARG_23,0.0,,,,
2024-01-02,MOCK_ARG_23,0.0,,,,
2024-01-03,MOCK_ARG_23,0.0,,,,
2024-01-04,MOCK_ARG_23,0.0,,,,
2024-01-05,MOCK_ARG_23,0.0,,,,
2024-01-06,MOCK_ARG_23,0.0,,,,
2024-01-07,MOCK_ARG_23,0.0,,,,
2024-01-08,MOCK_ARG_23,0.0,,,,
2024-01-09,MOCK_ARG_23,0.0,,,,
2024-01-10,MOCK_ARG_23,0.0,,,,
2024-01-11,MOCK_ARG_23,0.0,,,,
2024-01-12,MOCK_ARG_23,0.0,,,,
2024-01-13,MOCK_ARG_23,0.0,,,,
2024-01-14,MOCK_ARG_23,0.0,,,,
2024-01-15,MOCK_ARG_23,0.0,,,,
2024-01-16,MOCK_ARG_23,0.0,,,,
2024-01-17,MOCK_ARG_23,0.0,,,,
2024-01-18,MOCK_ARG_23,0.0,,,,
2024-01-19,MOCK_ARG_23,0.0,,,,
2024-01-20,MOCK_ARG_23,0.0,,,,
2024-01-21,MOCK_ARG_23,0.0,,,,
2024-01-22,MOCK_ARG_23,0.0,,,,
2024-01-23,MOCK_ARG_23,0.0,,,,
2024-01-24,MOCK_ARG_23,2.5,,,,
2024-01-25,MOCK_ARG_23,0.0,,,,
2024-01-26,MOCK_ARG_23,0.0,,,,
2024-01-27,MOCK_ARG_23,3.0,,,,
2024-01-28,MOCK_ARG_23,0.0,,,,
2024-01-29,MOCK_ARG_23,1.0,,,,
2024-01-30,MOCK_ARG_23,18.0,,,,
2024-01-31,MOCK_ARG_23,2.0,,,,
2024-02-01,MOCK_ARG_23,0.0,,,,
2024-02-02,MOCK_ARG_23,0.0,,,,
2024-02-03,MOCK_ARG_23,0.5,,,,
2024-02-04,MOCK_ARG_23,0.0,,,,
2024-02-05,MOCK_ARG_23,9.5,,,,
2024-02-06,MOCK_ARG_23,0.0,,,,
2024-02-07,MOCK_ARG_23,0.0,,,,
2024-02-08,MOCK_ARG_23,,,,,
2024-02-09,MOCK_ARG_23,0.0,,,,
2024-02-10,MOCK_ARG_23,7.0,,,,
2024-02-11,MOCK_ARG_23,0.0,,,,
2024-02-12,MOCK_ARG_23,0.0,,,,
2024-02-13,MOCK_ARG_23,0.0,,,,
2024-02-14,MOCK_ARG_23,,,,,
2024-02-15,MOCK_ARG_23,0.0,,,,
2024-02-16,MOCK_ARG_23,0.0,,,,
2024-02-17,MOCK_ARG_23,0.0,,,,
2024-02-18,MOCK_ARG_23,0.0,,,,
2024-02-19,MOCK_ARG_23,0.0,,,,
2024-02-20,MOCK_ARG_23,0.0,,,,
2024-02-21,MOCK_ARG_23,0.0,,,,
2024-02-22,MOCK_ARG_23,0.0,,,,
2024-02-23,MOCK_ARG_23,,,,,
2024-02-24,MOCK_ARG_23,0.0,,,,
2024-02-25,MOCK_ARG_23,0.0,,,,
2024-02-26,MOCK_ARG_23,0.0,,,,
2024-02-27,MOCK_ARG_23,0.0,,,,
2024-02-28,MOCK_ARG_23,0.0,,,,
2024-02-29,MOCK_ARG_23,0.0,,,,
2024-03-01,MOCK_ARG_23,0.0,,,,
2024-03-02,MOCK_ARG_23,0.0,,,,
2024-03-03,MOCK_ARG_23,0.0,,,,
2024-03-04,MOCK_ARG_23,0.0,,,,
2024-03-05,MOCK_ARG_23,0.0,,,,
2024-03-06,MOCK_ARG_23,0.0,,,,
2024-03-07,MOCK_ARG_23,0.0,,,,
2024-03-08,MOCK_ARG_23,0.0,,,,
2024-03-09,MOCK_ARG_23,0.0,,,,
2024-03-10,MOCK_ARG_23,,,,,
2024-03-11,MOCK_ARG_23,0.0,,,,
2024-03-12,MOCK_ARG_23,0.0,,,,
2024-03-13,MOCK_ARG_23,3.5,,,,
2024-03-14,MOCK_ARG_23,0.0,,,,
2024-03-15,MOCK_ARG_23,0.0,,,,
2024-03-16,MOCK_ARG_23,9.0,,,,
2024-03-17,MOCK_ARG_23,,,,,
2024-03-18,MOCK_ARG_23,0.0,,,,
2024-03-19,MOCK_ARG_23,0.0,,,,
2024-03-20,MOCK_ARG_23,0.0,,,,
2024-03-21,MOCK_ARG_23,0.0,,,,
2024-03-22,MOCK_ARG_23,0.0,,,,
2024-03-23,MOCK_ARG_23,0.0,,,,
2024-03-24,MOCK_ARG_23,0.0,,,,
2024-03-25,MOCK_ARG_23,0.0,,,,
2024-03-26,MOCK_ARG_23,0.0,,,,
2024-03-27,MOCK_ARG_23,0.0,,,,
2024-03-28,MOCK_ARG_23,0.0,,,,
2024-03-29,MOCK_ARG_23,0.0,,,,
2024-03-30,MOCK_ARG_23,0.0,,,,
2024-03-31,MOCK_ARG_23,0.0,,,,
2024-04-01,MOCK_ARG_23,0.0,,,,
2024-04-02,MOCK_ARG_23,0.0,,,,
2024-04-03,MOCK_ARG_23,3.0,,,,
2024-04-04,MOCK_ARG_23,0.0,,,,
2024-04-05,MOCK_ARG_23,0.0,,,,
2024-04-06,MOCK_ARG_23,0.0,,,,
2024-04-07,MOCK_ARG_23,0.0,,,,
2024-04-08,MOCK_ARG_23,0.0,,,,
2024-04-09,MOCK_ARG_23,0.0,,,,
2024-04-10,MOCK_ARG_23,0.0,,,,
2024-04-11,MOCK_ARG_23,0.0,,,,
2024-04-12,MOCK_ARG_23,0.0,,,,
2024-04-13,MOCK_ARG_23,0.0,,,,
2024-04-14,MOCK_ARG_23,0.0,,,,
2024-04-15,MOCK_ARG_23,0.0,,,,
2024-04-16,MOCK_ARG_23,0.0,,,,
2024-04-17,MOCK_ARG_23,0.0,,,,
2024-04-18,MOCK_ARG_23,0.0,,,,
2024-04-19,MOCK_ARG_23,0.0,,,,
2024-04-20,MOCK_ARG_23,0.0,,,,
2024-04-21,MOCK_ARG_23,1.5,,,,
2024-04-22,MOCK_ARG_23,1.5,,,,
2024-04-23,MOCK_ARG_23,0.0,,,,
2024-04-24,MOCK_ARG_23,0.0,,,,
2024-04-25,MOCK_ARG_23,0.0,,,,
2024-04-26,MOCK_ARG_23,0.0,,,,
2024-04-27,MOCK_ARG_23,0.0,,,,
2024-04-28,MOCK_ARG_23,0.0,,,,
2024-04-29,MOCK_ARG_23,0.0,,,,
2024-04-30,MOCK_ARG_23,0.0,,,,
2024-05-01,MOCK_ARG_23,0.0,,,,
2024-05-02,MOCK_ARG_23,0.0,,,,
2024-05-03,MOCK_ARG_23,0.0,,,,
2024-05-04,MOCK_ARG_23,0.0,,,,
2024-05-05,MOCK_ARG_23,0.0,,,,
2024-05-06,MOCK_ARG_23,0.0,,,,
2024-05-07,MOCK_ARG_23,0.0,,,,
2024-05-08,MOCK_ARG_23,0.0,,,,
2024-05-09,MOCK_ARG_23,0.0,,,,
2024-05-10,MOCK_ARG_23,0.0,,,,
2024-05-11,MOCK_ARG_23,0.0,,,,
2024-05-12,MOCK_ARG_23,0.0,,,,
2024-05-13,MOCK_ARG_23,0.0,,,,
2024-05-14,MOCK_ARG_23,0.0,,,,
2024-05-15,MOCK_ARG_23,,,,,
2024-05-16,MOCK_ARG_23,0.0,,,,
2024-05-17,MOCK_ARG_23,0.0,,,,
2024-05-18,MOCK_ARG_23,0.0,,,,
2024-05-19,MOCK_ARG_23,,,,,
2024-05-20,MOCK_ARG_23,0.0,,,,
2024-05-21,MOCK_ARG_23,0.0,,,,
2024-05-22,MOCK_ARG_23,0.0,,,,
2024-05-23,MOCK_ARG_23,0.0,,,,
2024-05-24,MOCK_ARG_23,0.0,,,,
2024-05-25,MOCK_ARG_23,0.0,,,,
2024-05-26,MOCK_ARG_23,0.0,,,,
2024-05-27,MOCK_ARG_23,0.0,,,,
2024-05-28,MOCK_ARG_23,0.0,,,,
2024-05-29,MOCK_ARG_23,0.0,,,,
2024-05-30,MOCK_ARG_23,0.0,,,,
2024-05-31,MOCK_ARG_23,0.0,,,,
2024-06-01,MOCK_ARG_23,0.0,,,,
2024-06-02,MOCK_ARG_23,0.0,,,,
2024-06-03,MOCK_ARG_23,0.0,,,,
2024-06-04,MOCK_ARG_23,0.0,,,,
2024-06-05,MOCK_ARG_23,0.0,,,,
2024-06-06,MOCK_ARG_23,0.0,,,,
2024-06-07,MOCK_ARG_23,0.0,,,,
2024-06-08,MOCK_ARG_23,0.0,,,,
2024-06-09,MOCK_ARG_23,0.0,,,,
2024-06-10,MOCK_ARG_23,0.0,,,,
2024-06-11,MOCK_ARG_23,0.0,,,,
2024-06-12,MOCK_ARG_23,7.5,,,,
2024-06-13,MOCK_ARG_23,0.0,,,,
2024-06-14,MOCK_ARG_23,0.0,,,,
2024-06-15,MOCK_ARG_23,0.0,,,,
2024-06-16,MOCK_ARG_23,0.0,,,,
2024-06-17,MOCK_ARG_23,0.0,,,,
2024-06-18,MOCK_ARG_23,0.0,,,,
2024-06-19,MOCK_ARG_23,0.0,,,,
2024-06-20,MOCK_ARG_23,0.0,,,,
2024-06-21,MOCK_ARG_23,65.0,,,,
2024-06-22,MOCK_ARG_23,8.5,,,,
2024-06-23,MOCK_ARG_23,4.0,,,,
2024-06-24,MOCK_ARG_23,0.0,,,,
2024-06-25,MOCK_ARG_23,0.0,,,,
2024-06-26,MOCK_ARG_23,0.0,,,,
2024-06-27,MOCK_ARG_23,0.0,,,,
2024-06-28,MOCK_ARG_23,4.0,,,,
2024-06-29,MOCK_ARG_23,18.0,,,,
2024-06-30,MOCK_ARG_23,0.0,,,,
2024-07-01,MOCK_ARG_23,0.0,,,,
2024-07-02,MOCK_ARG_23,0.0,,,,
2024-07-03,MOCK_ARG_23,0.0,,,,
2024-07-04,MOCK_ARG_23,49.5,,,,
2024-07-05,MOCK_ARG_23,1.5,,,,
2024-07-06,MOCK_ARG_23,0.0,,,,
2024-07-07,MOCK_ARG_23,0.0,,,,
2024-07-08,MOCK_ARG_23,0.0,,,,
2024-07-09,MOCK_ARG_23,0.0,,,,
2024-07-10,MOCK_ARG_23,1.5,,,,
2024-07-11,MOCK_ARG_23,0.5,,,,
2024-07-12,MOCK_ARG_23,0.0,,,,
2024-07-13,MOCK_ARG_23,,,,,
2024-07-14,MOCK_ARG_23,0.0,,,,
2024-07-15,MOCK_ARG_23,0.0,,,,
2024-07-16,MOCK_ARG_23,0.0,,,,
2024-07-17,MOCK_ARG_23,0.0,,,,
2024-07-18,MOCK_ARG_23,0.0,,,,
2024-07-19,MOCK_ARG_23,0.0,,,,
2024-07-20,MOCK_ARG_23,0.0,,,,
2024-07-21,MOCK_ARG_23,0.0,,,,
2024-07-22,MOCK_ARG_23,0.0,,,,
2024-07-23,MOCK_ARG_23,0.0,,,,
2024-07-24,MOCK_ARG_23,2.0,,,,
2024-07-25,MOCK_ARG_23,,,,,
2024-07-26,MOCK_ARG_23,0.0,,,,
2024-07-27,MOCK_ARG_23,0.0,,,,
2024-07-28,MOCK_ARG_23,,,,,
2024-07-29,MOCK_ARG_23,0.0,,,,
2024-07-30,MOCK_ARG_23,0.0,,,,
2024-07-31,MOCK_ARG_23,5.0,,,,
2024-08-01,MOCK_ARG_23,18.5,,,,
2024-08-02,MOCK_ARG_23,0.0,,,,
2024-08-03,MOCK_ARG_23,,,,,
2024-08-04,MOCK_ARG_23,0.0,,,,
2024-08-05,MOCK_ARG_23,0.0,,,,
2024-08-06,MOCK_ARG_23,0.0,,,,
2024-08-07,MOCK_ARG_23,0.0,,,,
2024-08-08,MOCK_ARG_23,0.0,,,,
2024-08-09,MOCK_ARG_23,0.0,,,,
2024-08-10,MOCK_ARG_23,0.0,,,,
2024-08-11,MOCK_ARG_23,1.0,,,,
2024-08-12,MOCK_ARG_23,82.5,,,,
2024-08-13,MOCK_ARG_23,0.0,,,,
2024-08-14,MOCK_ARG_23,0.0,,,,
2024-08-15,MOCK_ARG_23,0.0,,,,
2024-08-16,MOCK_ARG_23,0.0,,,,
2024-08-17,MOCK_ARG_23,0.0,,,,
2024-08-18,MOCK_ARG_23,0.0,,,,
2024-08-19,MOCK_ARG_23,0.0,,,,
2024-08-20,MOCK_ARG_23,0.0,,,,
2024-08-21,MOCK_ARG_23,0.0,,,,
2024-08-22,MOCK_ARG_23,,,,,
2024-08-23,MOCK_ARG_23,20.0,,,,
2024-08-24,MOCK_ARG_23,0.0,,,,
2024-08-25,MOCK_ARG_23,0.0,,,,
2024-08-26,MOCK_ARG_23,0.0,,,,
2024-08-27,MOCK_ARG_23,0.0,,,,
2024-08-28,MOCK_ARG_23,0.0,,,,
2024-08-29,MOCK_ARG_23,0.0,,,,
2024-08-30,MOCK_ARG_23,0.0,,,,
2024-08-31,MOCK_ARG_23,0.0,,,,
2024-09-01,MOCK_ARG_23,0.0,,,,
2024-09-02,MOCK_ARG_23,0.0,,,,
2024-09-03,MOCK_ARG_23,0.0,,,,
2024-09-04,MOCK_ARG_23,0.0,,,,
2024-09-05,MOCK_ARG_23,0.0,,,,
2024-09-06,MOCK_ARG_23,0.0,,,,
2024-09-07,MOCK_ARG_23,0.0,,,,
2024-09-08,MOCK_ARG_23,0.0,,,,
2024-09-09,MOCK_ARG_23,0.0,,,,
2024-09-10,MOCK_ARG_23,0.0,,,,
2024-09-11,MOCK_ARG_23,0.0,,,,
2024-09-12,MOCK_ARG_23,0.0,,,,
2024-09-13,MOCK_ARG_23,0.0,,,,
2024-09-14,MOCK_ARG_23,0.0,,,,
2024-09-15,MOCK_ARG_23,0.0,,,,
2024-09-16,MOCK_ARG_23,0.0,,,,
2024-09-17,MOCK_ARG_23,0.0,,,,
2024-09-18,MOCK_ARG_23,0.0,,,,
2024-09-19,MOCK_ARG_23,0.0,,,,
2024-09-20,MOCK_ARG_23,0.0,,,,
2024-09-21,MOCK_ARG_23,0.0,,,,
2024-09-22,MOCK_ARG_23,0.0,,,,
2024-09-23,MOCK_ARG_23,0.0,,,,
2024-09-24,MOCK_ARG_23,0.0,,,,
2024-09-25,MOCK_ARG_23,0.0,,,,
2024-09-26,MOCK_ARG_23,0.0,,,,
2024-09-27,MOCK_ARG_23,0.0,,,,
2024-09-28,MOCK_ARG_23,1.5,,,,
2024-09-29,MOCK_ARG_23,0.0,,,,
2024-09-30,MOCK_ARG_23,0.0,,,,
2024-10-01,MOCK_ARG_23,0.0,,,,
2024-10-02,MOCK_ARG_23,0.0,,,,
2024-10-03,MOCK_ARG_23,0.0,,,,
2024-10-04,MOCK_ARG_23,0.0,,,,
2024-10-05,MOCK_ARG_23,0.0,,,,
2024-10-06,MOCK_ARG_23,0.0,,,,
2024-10-07,MOCK_ARG_23,0.0,,,,
2024-10-08,MOCK_ARG_23,0.0,,,,
2024-10-09,MOCK_ARG_23,0.0,,,,
2024-10-10,MOCK_ARG_23,0.0,,,,
2024-10-11,MOCK_ARG_23,0.0,,,,
2024-10-12,MOCK_ARG_23,0.0,,,,
2024-10-13,MOCK_ARG_23,0.0,,,,
2024-10-14,MOCK_ARG_23,0.0,,,,
2024-10-15,MOCK_ARG_23,0.0,,,,
2024-10-16,MOCK_ARG_23,0.0,,,,
2024-10-17,MOCK_ARG_23,0.0,,,,
2024-10-18,MOCK_ARG_23,0.0,,,,
2024-10-19,MOCK_ARG_23,0.0,,,,
2024-10-20,MOCK_ARG_23,0.0,,,,
2024-10-21,MOCK_ARG_23,0.0,,,,
2024-10-22,MOCK_ARG_23,0.0,,,,
2024-10-23,MOCK_ARG_23,0.0,,,,
2024-10-24,MOCK_ARG_23,0.0,,,,
2024-10-25,MOCK_ARG_23,0.0,,,,
2024-10-26,MOCK_ARG_23,0.0,,,,
2024-10-27,MOCK_ARG_23,0.0,,,,
2024-10-28,MOCK_ARG_23,0.0,,,,
2024-10-29,MOCK_ARG_23,0.5,,,,
2024-10-30,MOCK_ARG_23,0.0,,,,
2024-10-31,MOCK_ARG_23,0.5,,,,
2024-11-01,MOCK_ARG_23,0.0,,,,
2024-11-02,MOCK_ARG_23,0.0,,,,
2024-11-03,MOCK_ARG_23,1.5,,,,
2024-11-04,MOCK_ARG_23,0.0,,,,
2024-11-05,MOCK_ARG_23,0.0,,,,
2024-11-06,MOCK_ARG_23,0.0,,,,
2024-11-07,MOCK_ARG_23,0.0,,,,
2024-11-08,MOCK_ARG_23,0.0,,,,
2024-11-09,MOCK_ARG_23,0.0,,,,
2024-11-10,MOCK_ARG_23,0.0,,,,
2024-11-11,MOCK_ARG_23,0.0,,,,
2024-11-12,MOCK_ARG_23,0.0,,,,
2024-11-13,MOCK_ARG_23,0.0,,,,
2024-11-14,MOCK_ARG_23,0.0,,,,
2024-11-15,MOCK_ARG_23,0.0,,,,
2024-11-16,MOCK_ARG_23,0.0,,,,
2024-11-17,MOCK_ARG_23,0.0,,,,
2024-11-18,MOCK_ARG_23,0.0,,,,
2024-11-19,MOCK_ARG_23,0.0,,,,
2024-11-20,MOCK_ARG_23,0.0,,,,
2024-11-21,MOCK_ARG_23,0.0,,,,
2024-11-22,MOCK_ARG_23,0.0,,,,
2024-11-23,MOCK_ARG_23,0.0,,,,
2024-11-24,MOCK_ARG_23,0.0,,,,
2024-11-25,MOCK_ARG_23,0.0,,,,
2024-11-26,MOCK_ARG_23,0.0,,,,
2024-11-27,MOCK_ARG_23,,,,,
2024-11-28,MOCK_ARG_23,5.0,,,,
2024-11-29,MOCK_ARG_23,0.0,,,,
2024-11-30,MOCK_ARG_23,0.0,,,,
2024-12-01,MOCK_ARG_23,0.0,,,,
2024-12-02,MOCK_ARG_23,0.0,,,,
2024-12-03,MOCK_ARG_23,0.0,,,,
2024-12-04,MOCK_ARG_23,0.0,,,,
2024-12-05,MOCK_ARG_23,0.0,,,,
2024-12-06,MOCK_ARG_23,0.0,,,,
2024-12-07,MOCK_ARG_23,0.0,,,,
2024-12-08,MOCK_ARG_23,0.0,,,,
2024-12-09,MOCK_ARG_23,0.0,,,,
2024-12-10,MOCK_ARG_23,0.0,,,,
2024-12-11,MOCK_ARG_23,0.0,,,,
2024-12-12,MOCK_ARG_23,0.0,,,,
2024-12-13,MOCK_ARG_23,0.0,,,,
2024-12-14,MOCK_ARG_23,0.0,,,,
2024-12-15,MOCK_ARG_23,0.0,,,,
2024-12-16,MOCK_ARG_23,0.0,,,,
2024-12-17,MOCK_ARG_23,0.0,,,,
2024-12-18,MOCK_ARG_23,0.0,,,,
2024-12-19,MOCK_ARG_23,0.0,,,,
2024-12-20,MOCK_ARG_23,0.0,,,,
2024-12-21,MOCK_ARG_23,0.0,,,,
2024-12-22,MOCK_ARG_23,0.0,,,,
2024-12-23,MOCK_ARG_23,0.0,,,,
2024-12-24,MOCK_ARG_23,0.0,,,,
2024-12-25,MOCK_ARG_23,0.0,,,,
2024-12-26,MOCK_ARG_23,0.5,,,,
2024-12-27,MOCK_ARG_23,0.0,,,,
2024-12-28,MOCK_ARG_23,0.5,,,,
2024-12-29,MOCK_ARG_23,,,,,
2024-12-30,MOCK_ARG_23,0.0,,,,
2024-12-31,MOCK_ARG_23,0.0,,,,
2023-01-01,MOCK_ARG_24,0.0,,,,
2023-01-02,MOCK_ARG_24,0.0,,,,
2023-01-03,MOCK_ARG_24,0.0,,,,
2023-01-04,MOCK_ARG_24,0.0,,,,
2023-01-05,MOCK_ARG_24,0.0,,,,
2023-01-06,MOCK_ARG_24,0.0,,,,
2023-01-07,MOCK_ARG_24,0.0,,,,
2023-01-08,MOCK_ARG_24,0.0,,,,
2023-01-09,MOCK_ARG_24,0.0,,,,
2023-01-10,MOCK_ARG_24,0.0,,,,
2023-01-11,MOCK_ARG_24,0.0,,,,
2023-01-12,MOCK_ARG_24,0.0,,,,
2023-01-13,MOCK_ARG_24,0.0,,,,
2023-01-14,MOCK_ARG_24,,,,,
2023-01-15,MOCK_ARG_24,0.0,,,,
2023-01-16,MOCK_ARG_24,0.0,,,,
2023-01-17,MOCK_ARG_24,0.0,,,,
2023-01-18,MOCK_ARG_24,0.0,,,,
2023-01-19,MOCK_ARG_24,0.0,,,,
2023-01-20,MOCK_ARG_24,1.5,,,,
2023-01-21,MOCK_ARG_24,0.0,,,,
2023-01-22,MOCK_ARG_24,0.0,,,,
2023-01-23,MOCK_ARG_24,0.0,,,,
2023-01-24,MOCK_ARG_24,0.0,,,,
2023-01-25,MOCK_ARG_24,0.0,,,,
2023-01-26,MOCK_ARG_24,0.0,,,,
2023-01-27,MOCK_ARG_24,0.0,,,,
2023-01-28,MOCK_ARG_24,0.0,,,,
2023-01-29,MOCK_ARG_24,0.0,,,,
2023-01-30,MOCK_ARG_24,0.0,,,,
2023-01-31,MOCK_ARG_24,0.0,,,,
2023-02-01,MOCK_ARG_24,0.0,,,,
2023-02-02,MOCK_ARG_24,0.0,,,,
2023-02-03,MOCK_ARG_24,0.0,,,,
2023-02-04,MOCK_ARG_24,0.0,,,,
2023-02-05,MOCK_ARG_24,0.0,,,,
2023-02-06,MOCK_ARG_24,0.0,,,,
2023-02-07,MOCK_ARG_24,0.0,,,,
2023-02-08,MOCK_ARG_24,0.0,,,,
2023-02-09,MOCK_ARG_24,,,,,
2023-02-10,MOCK_ARG_24,0.0,,,,
2023-02-11,MOCK_ARG_24,0.0,,,,
2023-02-12,MOCK_ARG_24,0.0,,,,
2023-02-13,MOCK_ARG_24,0.0,,,,
2023-02-14,MOCK_ARG_24,0.0,,,,
2023-02-15,MOCK_ARG_24,0.0,,,,
2023-02-16,MOCK_ARG_24,0.0,,,,
2023-02-17,MOCK_ARG_24,0.0,,,,
2023-02-18,MOCK_ARG_24,0.0,,,,
2023-02-19,MOCK_ARG_24,0.0,,,,
2023-02-20,MOCK_ARG_24,0.0,,,,
2023-02-21,MOCK_ARG_24,0.0,,,,
2023-02-22,MOCK_ARG_24,3.5,,,,
2023-02-23,MOCK_ARG_24,0.0,,,,
2023-02-24,MOCK_ARG_24,0.0,,,,
2023-02-25,MOCK_ARG_24,0.0,,,,
2023-02-26,MOCK_ARG_24,0.0,,,,
2023-02-27,MOCK_ARG_24,1.0,,,,
2023-02-28,MOCK_ARG_24,,,,,
2023-03-01,MOCK_ARG_24,0.0,,,,
2023-03-02,MOCK_ARG_24,0.0,,,,
2023-03-03,MOCK_ARG_24,0.0,,,,
2023-03-04,MOCK_ARG_24,0.0,,,,
2023-03-05,MOCK_ARG_24,0.0,,,,
2023-03-06,MOCK_ARG_24,0.0,,,,
2023-03-07,MOCK_ARG_24,0.0,,,,
2023-03-08,MOCK_ARG_24,0.0,,,,
2023-03-09,MOCK_ARG_24,0.0,,,,
2023-03-10,MOCK_ARG_24,0.0,,,,
2023-03-11,MOCK_ARG_24,0.0,,,,
2023-03-12,MOCK_ARG_24,0.0,,,,
2023-03-13,MOCK_ARG_24,0.0,,,,
2023-03-14,MOCK_ARG_24,0.0,,,,
2023-03-15,MOCK_ARG_24,0.0,,,,
2023-03-16,MOCK_ARG_24,0.0,,,,
2023-03-17,MOCK_ARG_24,0.0,,,,
2023-03-18,MOCK_ARG_24,9.0,,,,
2023-03-19,MOCK_ARG_24,0.0,,,,
2023-03-20,MOCK_ARG_24,6.0,,,,
2023-03-21,MOCK_ARG_24,0.0,,,,
2023-03-22,MOCK_ARG_24,0.0,,,,
2023-03-23,MOCK_ARG_24,0.0,,,,
2023-03-24,MOCK_ARG_24,0.0,,,,
2023-03-25,MOCK_ARG_24,0.0,,,,
2023-03-26,MOCK_ARG_24,0.0,,,,
2023-03-27,MOCK_ARG_24,0.0,,,,
2023-03-28,MOCK_ARG_24,0.0,,,,
2023-03-29,MOCK_ARG_24,0.0,,,,
2023-03-30,MOCK_ARG_24,0.0,,,,
2023-03-31,MOCK_ARG_24,13.5,,,,
2023-04-01,MOCK_ARG_24,0.0,,,,
2023-04-02,MOCK_ARG_24,0.0,,,,
2023-04-03,MOCK_ARG_24,0.0,,,,
2023-04-04,MOCK_ARG_24,0.0,,,,
2023-04-05,MOCK_ARG_24,0.0,,,,
2023-04-06,MOCK_ARG_24,0.0,,,,
2023-04-07,MOCK_ARG_24,0.0,,,,
2023-04-08,MOCK_ARG_24,0.0,,,,
2023-04-09,MOCK_ARG_24,0.0,,,,
2023-04-10,MOCK_ARG_24,0.0,,,,
2023-04-11,MOCK_ARG_24,0.0,,,,
2023-04-12,MOCK_ARG_24,0.0,,,,
2023-04-13,MOCK_ARG_24,0.0,,,,
2023-04-14,MOCK_ARG_24,10.0,,,,
2023-04-15,MOCK_ARG_24,0.0,,,,
2023-04-16,MOCK_ARG_24,0.0,,,,
2023-04-17,MOCK_ARG_24,0.0,,,,
2023-04-18,MOCK_ARG_24,0.0,,,,
2023-04-19,MOCK_ARG_24,0.0,,,,
2023-04-20,MOCK_ARG_24,0.0,,,,
2023-04-21,MOCK_ARG_24,0.0,,,,
2023-04-22,MOCK_ARG_24,,,,,
2023-04-23,MOCK_ARG_24,0.0,,,,
2023-04-24,MOCK_ARG_24,0.0,,,,
2023-04-25,MOCK_ARG_24,0.0,,,,
2023-04-26,MOCK_ARG_24,0.0,,,,
2023-04-27,MOCK_ARG_24,0.0,,,,
2023-04-28,MOCK_ARG_24,0.0,,,,
2023-04-29,MOCK_ARG_24,0.0,,,,
2023-04-30,MOCK_ARG_24,0.0,,,,
2023-05-01,MOCK_ARG_24,0.0,,,,
2023-05-02,MOCK_ARG_24,0.0,,,,
2023-05-03,MOCK_ARG_24,1.0,,,,
2023-05-04,MOCK_ARG_24,13.0,,,,
2023-05-05,MOCK_ARG_24,1.5,,,,
2023-05-06,MOCK_ARG_24,0.0,,,,
2023-05-07,MOCK_ARG_24,0.0,,,,
2023-05-08,MOCK_ARG_24,0.0,,,,
2023-05-09,MOCK_ARG_24,0.0,,,,
2023-05-10,MOCK_ARG_24,0.0,,,,
2023-05-11,MOCK_ARG_24,0.0,,,,
2023-05-12,MOCK_ARG_24,0.0,,,,
2023-05-13,MOCK_ARG_24,0.0,,,,
2023-05-14,MOCK_ARG_24,0.0,,,,
2023-05-15,MOCK_ARG_24,0.0,,,,
2023-05-16,MOCK_ARG_24,0.0,,,,
2023-05-17,MOCK_ARG_24,0.0,,,,
2023-05-18,MOCK_ARG_24,0.0,,,,
2023-05-19,MOCK_ARG_24,,,,,
2023-05-20,MOCK_ARG_24,0.0,,,,
2023-05-21,MOCK_ARG_24,0.0,,,,
2023-05-22,MOCK_ARG_24,0.0,,,,
2023-05-23,MOCK_ARG_24,0.0,,,,
2023-05-24,MOCK_ARG_24,0.0,,,,
2023-05-25,MOCK_ARG_24,0.0,,,,
2023-05-26,MOCK_ARG_24,0.0,,,,
2023-05-27,MOCK_ARG_24,0.0,,,,
2023-05-28,MOCK_ARG_24,0.0,,,,
2023-05-29,MOCK_ARG_24,0.0,,,,
2023-05-30,MOCK_ARG_24,0.0,,,,
2023-05-31,MOCK_ARG_24,0.0,,,,
2023-06-01,MOCK_ARG_24,0.0,,,,
2023-06-02,MOCK_ARG_24,0.0,,,,
2023-06-03,MOCK_ARG_24,0.0,,,,
2023-06-04,MOCK_ARG_24,0.0,,,,
2023-06-05,MOCK_ARG_24,0.0,,,,
2023-06-06,MOCK_ARG_24,0.0,,,,
2023-06-07,MOCK_ARG_24,0.0,,,,
2023-06-08,MOCK_ARG_24,0.0,,,,
2023-06-09,MOCK_ARG_24,0.0,,,,
2023-06-10,MOCK_ARG_24,0.0,,,,
2023-06-11,MOCK_ARG_24,0.0,,,,
2023-06-12,MOCK_ARG_24,,,,,
2023-06-13,MOCK_ARG_24,0.0,,,,
2023-06-14,MOCK_ARG_24,0.0,,,,
2023-06-15,MOCK_ARG_24,0.0,,,,
2023-06-16,MOCK_ARG_24,0.0,,,,
2023-06-17,MOCK_ARG_24,0.0,,,,
2023-06-18,MOCK_ARG_24,0.0,,,,
2023-06-19,MOCK_ARG_24,0.0,,,,
2023-06-20,MOCK_ARG_24,0.0,,,,
2023-06-21,MOCK_ARG_24,0.0,,,,
2023-06-22,MOCK_ARG_24,0.0,,,,
2023-06-23,MOCK_ARG_24,0.0,,,,
2023-06-24,MOCK_ARG_24,0.0,,,,
2023-06-25,MOCK_ARG_24,0.0,,,,
2023-06-26,MOCK_ARG_24,0.0,,,,
2023-06-27,MOCK_ARG_24,0.0,,,,
2023-06-28,MOCK_ARG_24,3.0,,,,
2023-06-29,MOCK_ARG_24,0.0,,,,
2023-06-30,MOCK_ARG_24,0.0,,,,
2023-07-01,MOCK_ARG_24,0.0,,,,
2023-07-02,MOCK_ARG_24,0.0,,,,
2023-07-03,MOCK_ARG_24,0.0,,,,
2023-07-04,MOCK_ARG_24,0.0,,,,
2023-07-05,MOCK_ARG_24,0.0,,,,
2023-07-06,MOCK_ARG_24,0.0,,,,
2023-07-07,MOCK_ARG_24,0.0,,,,
2023-07-08,MOCK_ARG_24,0.0,,,,
2023-07-09,MOCK_ARG_24,0.0,,,,
2023-07-10,MOCK_ARG_24,0.0,,,,
2023-07-11,MOCK_ARG_24,0.0,,,,
2023-07-12,MOCK_ARG_24,0.0,,,,
2023-07-13,MOCK_ARG_24,0.0,,,,
2023-07-14,MOCK_ARG_24,0.0,,,,
2023-07-15,MOCK_ARG_24,0.0,,,,
2023-07-16,MOCK_ARG_24,0.0,,,,
2023-07-17,MOCK_ARG_24,0.0,,,,
2023-07-18,MOCK_ARG_24,0.0,,,,
2023-07-19,MOCK_ARG_24,0.0,,,,
2023-07-20,MOCK_ARG_24,0.0,,,,
2023-07-21,MOCK_ARG_24,0.0,,,,
2023-07-22,MOCK_ARG_24,0.0,,,,
2023-07-23,MOCK_ARG_24,0.0,,,,
2023-07-24,MOCK_ARG_24,0.0,,,,
2023-07-25,MOCK_ARG_24,1.5,,,,
2023-07-26,MOCK_ARG_24,0.0,,,,
2023-07-27,MOCK_ARG_24,0.0,,,,
2023-07-28,MOCK_ARG_24,0.0,,,,
2023-07-29,MOCK_ARG_24,0.0,,,,
2023-07-30,MOCK_ARG_24,0.0,,,,
2023-07-31,MOCK_ARG_24,0.0,,,,
2023-08-01,MOCK_ARG_24,0.0,,,,
2023-08-02,MOCK_ARG_24,0.0,,,,
2023-08-03,MOCK_ARG_24,0.5,,,,
2023-08-04,MOCK_ARG_24,0.0,,,,
2023-08-05,MOCK_ARG_24,0.0,,,,
2023-08-06,MOCK_ARG_24,0.0,,,,
2023-08-07,MOCK_ARG_24,0.0,,,,
2023-08-08,MOCK_ARG_24,0.0,,,,
2023-08-09,MOCK_ARG_24,0.0,,,,
2023-08-10,MOCK_ARG_24,0.0,,,,
2023-08-11,MOCK_ARG_24,0.0,,,,
2023-08-12,MOCK_ARG_24,0.0,,,,
2023-08-13,MOCK_ARG_24,0.0,,,,
2023-08-14,MOCK_ARG_24,,,,,
2023-08-15,MOCK_ARG_24,87.5,,,,
2023-08-16,MOCK_ARG_24,52.0,,,,
2023-08-17,MOCK_ARG_24,0.0,,,,
2023-08-18,MOCK_ARG_24,0.0,,,,
2023-08-19,MOCK_ARG_24,0.0,,,,
2023-08-20,MOCK_ARG_24,0.0,,,,
2023-08-21,MOCK_ARG_24,0.0,,,,
2023-08-22,MOCK_ARG_24,,,,,
2023-08-23,MOCK_ARG_24,0.0,,,,
2023-08-24,MOCK_ARG_24,0.0,,,,
2023-08-25,MOCK_ARG_24,0.0,,,,
2023-08-26,MOCK_ARG_24,0.0,,,,
2023-08-27,MOCK_ARG_24,0.0,,,,
2023-08-28,MOCK_ARG_24,0.0,,,,
2023-08-29,MOCK_ARG_24,0.0,,,,
2023-08-30,MOCK_ARG_24,0.0,,,,
2023-08-31,MOCK_ARG_24,0.0,,,,
2023-09-01,MOCK_ARG_24,0.0,,,,
2023-09-02,MOCK_ARG_24,0.0,,,,
2023-09-03,MOCK_ARG_24,0.0,,,,
2023-09-04,MOCK_ARG_24,77.5,,,,
2023-09-05,MOCK_ARG_24,0.0,,,,
2023-09-06,MOCK_ARG_24,0.0,,,,
2023-09-07,MOCK_ARG_24,0.0,,,,
2023-09-08,MOCK_ARG_24,5.0,,,,
2023-09-09,MOCK_ARG_24,,,,,
2023-09-10,MOCK_ARG_24,0.0,,,,
2023-09-11,MOCK_ARG_24,0.0,,,,
2023-09-12,MOCK_ARG_24,0.0,,,,
2023-09-13,MOCK_ARG_24,0.0,,,,
2023-09-14,MOCK_ARG_24,0.0,,,,
2023-09-15,MOCK_ARG_24,0.0,,,,
2023-09-16,MOCK_ARG_24,0.0,,,,
2023-09-17,MOCK_ARG_24,0.0,,,,
2023-09-18,MOCK_ARG_24,0.0,,,,
2023-09-19,MOCK_ARG_24,0.0,,,,
2023-09-20,MOCK_ARG_24,,,,,
2023-09-21,MOCK_ARG_24,0.0,,,,
2023-09-22,MOCK_ARG_24,0.0,,,,
2023-09-23,MOCK_ARG_24,0.0,,,,
2023-09-24,MOCK_ARG_24,0.0,,,,
2023-09-25,MOCK_ARG_24,0.0,,,,
2023-09-26,MOCK_ARG_24,127.0,,,,
2023-09-27,MOCK_ARG_24,0.0,,,,
2023-09-28,MOCK_ARG_24,0.0,,,,
2023-09-29,MOCK_ARG_24,0.0,,,,
2023-09-30,MOCK_ARG_24,8.0,,,,
2023-10-01,MOCK_ARG_24,0.0,,,,
2023-10-02,MOCK_ARG_24,0.0,,,,
2023-10-03,MOCK_ARG_24,0.0,,,,
2023-10-04,MOCK_ARG_24,0.0,,,,
2023-10-05,MOCK_ARG_24,0.0,,,,
2023-10-06,MOCK_ARG_24,0.0,,,,
2023-10-07,MOCK_ARG_24,0.0,,,,
2023-10-08,MOCK_ARG_24,0.0,,,,
2023-10-09,MOCK_ARG_24,0.0,,,,
2023-10-10,MOCK_ARG_24,0.0,,,,
2023-10-11,MOCK_ARG_24,0.0,,,,
2023-10-12,MOCK_ARG_24,0.0,,,,
2023-10-13,MOCK_ARG_24,0.0,,,,
2023-10-14,MOCK_ARG_24,0.0,,,,
2023-10-15,MOCK_ARG_24,0.0,,,,
2023-10-16,MOCK_ARG_24,0.0,,,,
2023-10-17,MOCK_ARG_24,0.0,,,,
2023-10-18,MOCK_ARG_24,0.0,,,,
2023-10-19,MOCK_ARG_24,0.0,,,,
2023-10-20,MOCK_ARG_24,0.0,,,,
2023-10-21,MOCK_ARG_24,0.0,,,,
2023-10-22,MOCK_ARG_24,0.0,,,,
2023-10-23,MOCK_ARG_24,0.0,,,,
2023-10-24,MOCK_ARG_24,0.0,,,,
2023-10-25,MOCK_ARG_24,0.0,,,,
2023-10-26,MOCK_ARG_24,0.0,,,,
2023-10-27,MOCK_ARG_24,0.0,,,,
2023-10-28,MOCK_ARG_24,0.0,,,,
2023-10-29,MOCK_ARG_24,0.0,,,,
2023-10-30,MOCK_ARG_24,0.0,,,,
2023-10-31,MOCK_ARG_24,0.0,,,,
2023-11-01,MOCK_ARG_24,0.0,,,,
2023-11-02,MOCK_ARG_24,0.0,,,,
2023-11-03,MOCK_ARG_24,0.0,,,,
2023-11-04,MOCK_ARG_24,0.0,,,,
2023-11-05,MOCK_ARG_24,0.0,,,,
2023-11-06,MOCK_ARG_24,0.0,,,,
2023-11-07,MOCK_ARG_24,0.0,,,,
2023-11-08,MOCK_ARG_24,0.0,,,,
2023-11-09,MOCK_ARG_24,0.0,,,,
2023-11-10,MOCK_ARG_24,0.0,,,,
2023-11-11,MOCK_ARG_24,0.0,,,,
2023-11-12,MOCK_ARG_24,0.0,,,,
2023-11-13,MOCK_ARG_24,0.0,,,,
2023-11-14,MOCK_ARG_24,0.0,,,,
2023-11-15,MOCK_ARG_24,0.0,,,,
2023-11-16,MOCK_ARG_24,0.0,,,,
2023-11-17,MOCK_ARG_24,0.0,,,,
2023-11-18,MOCK_ARG_24,0.0,,,,
2023-11-19,MOCK_ARG_24,0.5,,,,
2023-11-20,MOCK_ARG_24,0.0,,,,
2023-11-21,MOCK_ARG_24,0.0,,,,
2023-11-22,MOCK_ARG_24,0.0,,,,
2023-11-23,MOCK_ARG_24,0.0,,,,
2023-11-24,MOCK_ARG_24,0.0,,,,
2023-11-25,MOCK_ARG_24,0.0,,,,
2023-11-26,MOCK_ARG_24,,,,,
2023-11-27,MOCK_ARG_24,0.0,,,,
2023-11-28,MOCK_ARG_24,0.0,,,,
2023-11-29,MOCK_ARG_24,0.0,,,,
2023-11-30,MOCK_ARG_24,0.0,,,,
2023-12-01,MOCK_ARG_24,0.0,,,,
2023-12-02,MOCK_ARG_24,0.0,,,,
2023-12-03,MOCK_ARG_24,,,,,
2023-12-04,MOCK_ARG_24,0.0,,,,
2023-12-05,MOCK_ARG_24,,,,,
2023-12-06,MOCK_ARG_24,0.0,,,,
2023-12-07,MOCK_ARG_24,0.0,,,,
2023-12-08,MOCK_ARG_24,0.0,,,,
2023-12-09,MOCK_ARG_24,0.0,,,,
2023-12-10,MOCK_ARG_24,0.0,,,,
2023-12-11,MOCK_ARG_24,0.0,,,,
2023-12-12,MOCK_ARG_24,0.0,,,,
2023-12-13,MOCK_ARG_24,0.0,,,,
2023-12-14,MOCK_ARG_24,0.0,,,,
2023-12-15,MOCK_ARG_24,0.0,,,,
2023-12-16,MOCK_ARG_24,0.0,,,,
2023-12-17,MOCK_ARG_24,0.0,,,,
2023-12-18,MOCK_ARG_24,,,,,
2023-12-19,MOCK_ARG_24,0.0,,,,
2023-12-20,MOCK_ARG_24,0.0,,,,
2023-12-21,MOCK_ARG_24,0.0,,,,
2023-12-22,MOCK_ARG_24,0.0,,,,
2023-12-23,MOCK_ARG_24,0.0,,,,
2023-12-24,MOCK_ARG_24,0.0,,,,
2023-12-25,MOCK_ARG_24,0.0,,,,
2023-12-26,MOCK_ARG_24,0.0,,,,
2023-12-27,MOCK_ARG_24,0.0,,,,
2023-12-28,MOCK_ARG_24,0.0,,,,
2023-12-29,MOCK_ARG_24,0.0,,,,
2023-12-30,MOCK_ARG_24,0.0,,,,
2023-12-31,MOCK_ARG_24,0.0,,,,
2024-01-01,MOCK_ARG_24,0.0,,,,
2024-01-02,MOCK_ARG_24,0.0,,,,
2024-01-03,MOCK_ARG_24,0.0,,,,
2024-01-04,MOCK_ARG_24,0.0,,,,
2024-01-05,MOCK_ARG_24,0.0,,,,
2024-01-06,MOCK_ARG_24,0.0,,,,
2024-01-07,MOCK_ARG_24,0.0,,,,
2024-01-08,MOCK_ARG_24,0.0,,,,
2024-01-09,MOCK_ARG_24,0.0,,,,
2024-01-10,MOCK_ARG_24,0.0,,,,
2024-01-11,MOCK_ARG_24,0.0,,,,
2024-01-12,MOCK_ARG_24,0.0,,,,
2024-01-13,MOCK_ARG_24,0.0,,,,
2024-01-14,MOCK_ARG_24,0.0,,,,
2024-01-15,MOCK_ARG_24,2.0,,,,
2024-01-16,MOCK_ARG_24,0.0,,,,
2024-01-17,MOCK_ARG_24,0.0,,,,
2024-01-18,MOCK_ARG_24,0.0,,,,
2024-01-19,MOCK_ARG_24,0.0,,,,
2024-01-20,MOCK_ARG_24,0.0,,,,
2024-01-21,MOCK_ARG_24,0.0,,,,
2024-01-22,MOCK_ARG_24,0.0,,,,
2024-01-23,MOCK_ARG_24,0.0,,,,
2024-01-24,MOCK_ARG_24,3.5,,,,
2024-01-25,MOCK_ARG_24,0.0,,,,
2024-01-26,MOCK_ARG_24,0.0,,,,
2024-01-27,MOCK_ARG_24,5.0,,,,
2024-01-28,MOCK_ARG_24,5.0,,,,
2024-01-29,MOCK_ARG_24,1.0,,,,
2024-01-30,MOCK_ARG_24,17.5,,,,
2024-01-31,MOCK_ARG_24,2.5,,,,
2024-02-01,MOCK_ARG_24,0.0,,,,
2024-02-02,MOCK_ARG_24,0.0,,,,
2024-02-03,MOCK_ARG_24,0.5,,,,
2024-02-04,MOCK_ARG_24,0.0,,,,
2024-02-05,MOCK_ARG_24,11.0,,,,
2024-02-06,MOCK_ARG_24,0.0,,,,
2024-02-07,MOCK_ARG_24,0.0,,,,
2024-02-08,MOCK_ARG_24,0.0,,,,
2024-02-09,MOCK_ARG_24,0.0,,,,
2024-02-10,MOCK_ARG_24,9.0,,,,
2024-02-11,MOCK_ARG_24,0.0,,,,
2024-02-12,MOCK_ARG_24,0.0,,,,
2024-02-13,MOCK_ARG_24,0.0,,,,
2024-02-14,MOCK_ARG_24,0.0,,,,
2024-02-15,MOCK_ARG_24,0.0,,,,
2024-02-16,MOCK_ARG_24,,,,,
2024-02-17,MOCK_ARG_24,0.0,,,,
2024-02-18,MOCK_ARG_24,0.0,,,,
2024-02-19,MOCK_ARG_24,0.0,,,,
2024-02-20,MOCK_ARG_24,0.0,,,,
2024-02-21,MOCK_ARG_24,0.0,,,,
2024-02-22,MOCK_ARG_24,0.0,,,,
2024-02-23,MOCK_ARG_24,0.0,,,,
2024-02-24,MOCK_ARG_24,0.0,,,,
2024-02-25,MOCK_ARG_24,,,,,
2024-02-26,MOCK_ARG_24,0.0,,,,
2024-02-27,MOCK_ARG_24,0.0,,,,
2024-02-28,MOCK_ARG_24,0.0,,,,
2024-02-29,MOCK_ARG_24,0.0,,,,
2024-03-01,MOCK_ARG_24,0.0,,,,
2024-03-02,MOCK_ARG_24,0.0,,,,
2024-03-03,MOCK_ARG_24,0.0,,,,
2024-03-04,MOCK_ARG_24,0.0,,,,
2024-03-05,MOCK_ARG_24,0.0,,,,
2024-03-06,MOCK_ARG_24,0.0,,,,
2024-03-07,MOCK_ARG_24,0.0,,,,
2024-03-08,MOCK_ARG_24,0.0,,,,
2024-03-09,MOCK_ARG_24,0.0,,,,
2024-03-10,MOCK_ARG_24,0.0,,,,
2024-03-11,MOCK_ARG_24,0.0,,,,
2024-03-12,MOCK_ARG_24,0.0,,,,
2024-03-13,MOCK_ARG_24,3.0,,,,
2024-03-14,MOCK_ARG_24,0.0,,,,
2024-03-15,MOCK_ARG_24,0.0,,,,
2024-03-16,MOCK_ARG_24,10.0,,,,
2024-03-17,MOCK_ARG_24,0.5,,,,
2024-03-18,MOCK_ARG_24,0.0,,,,
2024-03-19,MOCK_ARG_24,0.0,,,,
2024-03-20,MOCK_ARG_24,0.0,,,,
2024-03-21,MOCK_ARG_24,0.0,,,,
2024-03-22,MOCK_ARG_24,0.0,,,,
2024-03-23,MOCK_ARG_24,0.0,,,,
2024-03-24,MOCK_ARG_24,0.0,,,,
2024-03-25,MOCK_ARG_24,0.0,,,,
2024-03-26,MOCK_ARG_24,0.0,,,,
2024-03-27,MOCK_ARG_24,0.0,,,,
2024-03-28,MOCK_ARG_24,0.0,,,,
2024-03-29,MOCK_ARG_24,0.0,,,,
2024-03-30,MOCK_ARG_24,0.0,,,,
2024-03-31,MOCK_ARG_24,0.0,,,,
2024-04-01,MOCK_ARG_24,0.0,,,,
2024-04-02,MOCK_ARG_24,0.0,,,,
2024-04-03,MOCK_ARG_24,2.5,,,,
2024-04-04,MOCK_ARG_24,0.0,,,,
2024-04-05,MOCK_ARG_24,0.0,,,,
2024-04-06,MOCK_ARG_24,,,,,
2024-04-07,MOCK_ARG_24,0.0,,,,
2024-04-08,MOCK_ARG_24,0.0,,,,
2024-04-09,MOCK_ARG_24,0.0,,,,
2024-04-10,MOCK_ARG_24,0.0,,,,
2024-04-11,MOCK_ARG_24,0.0,,,,
2024-04-12,MOCK_ARG_24,0.0,,,,
2024-04-13,MOCK_ARG_24,0.0,,,,
2024-04-14,MOCK_ARG_24,0.0,,,,
2024-04-15,MOCK_ARG_24,0.0,,,,
2024-04-16,MOCK_ARG_24,0.0,,,,
2024-04-17,MOCK_ARG_24,0.0,,,,
2024-04-18,MOCK_ARG_24,0.0,,,,
2024-04-19,MOCK_ARG_24,0.0,,,,
2024-04-20,MOCK_ARG_24,0.0,,,,
2024-04-21,MOCK_ARG_24,1.5,,,,
2024-04-22,MOCK_ARG_24,,,,,
2024-04-23,MOCK_ARG_24,0.0,,,,
2024-04-24,MOCK_ARG_24,0.0,,,,
2024-04-25,MOCK_ARG_24,0.0,,,,
2024-04-26,MOCK_ARG_24,0.0,,,,
2024-04-27,MOCK_ARG_24,0.0,,,,
2024-04-28,MOCK_ARG_24,0.0,,,,
2024-04-29,MOCK_ARG_24,0.0,,,,
2024-04-30,MOCK_ARG_24,0.0,,,,
2024-05-01,MOCK_ARG_24,0.0,,,,
2024-05-02,MOCK_ARG_24,0.0,,,,
2024-05-03,MOCK_ARG_24,0.0,,,,
2024-05-04,MOCK_ARG_24,0.0,,,,
2024-05-05,MOCK_ARG_24,0.0,,,,
2024-05-06,MOCK_ARG_24,0.0,,,,
2024-05-07,MOCK_ARG_24,0.0,,,,
2024-05-08,MOCK_ARG_24,0.0,,,,
2024-05-09,MOCK_ARG_24,0.0,,,,
2024-05-10,MOCK_ARG_24,0.0,,,,
2024-05-11,MOCK_ARG_24,0.0,,,,
2024-05-12,MOCK_ARG_24,0.0,,,,
2024-05-13,MOCK_ARG_24,0.0,,,,
2024-05-14,MOCK_ARG_24,0.0,,,,
2024-05-15,MOCK_ARG_24,0.0,,,,
2024-05-16,MOCK_ARG_24,0.0,,,,
2024-05-17,MOCK_ARG_24,0.0,,,,
2024-05-18,MOCK_ARG_24,0.0,,,,
2024-05-19,MOCK_ARG_24,0.0,,,,
2024-05-20,MOCK_ARG_24,0.0,,,,
2024-05-21,MOCK_ARG_24,0.0,,,,
2024-05-22,MOCK_ARG_24,0.0,,,,
2024-05-23,MOCK_ARG_24,0.0,,,,
2024-05-24,MOCK_ARG_24,0.0,,,,
2024-05-25,MOCK_ARG_24,0.0,,,,
2024-05-26,MOCK_ARG_24,0.0,,,,
2024-05-27,MOCK_ARG_24,0.0,,,,
2024-05-28,MOCK_ARG_24,,,,,
2024-05-29,MOCK_ARG_24,0.0,,,,
2024-05-30,MOCK_ARG_24,,,,,
2024-05-31,MOCK_ARG_24,0.0,,,,
2024-06-01,MOCK_ARG_24,0.0,,,,
2024-06-02,MOCK_ARG_24,0.0,,,,
2024-06-03,MOCK_ARG_24,0.0,,,,
2024-06-04,MOCK_ARG_24,0.0,,,,
2024-06-05,MOCK_ARG_24,0.0,,,,
2024-06-06,MOCK_ARG_24,0.0,,,,
2024-06-07,MOCK_ARG_24,0.0,,,,
2024-06-08,MOCK_ARG_24,0.0,,,,
2024-06-09,MOCK_ARG_24,0.0,,,,
2024-06-10,MOCK_ARG_24,0.0,,,,
2024-06-11,MOCK_ARG_24,0.0,,,,
2024-06-12,MOCK_ARG_24,9.5,,,,
2024-06-13,MOCK_ARG_24,1.5,,,,
2024-06-14,MOCK_ARG_24,0.0,,,,
2024-06-15,MOCK_ARG_24,0.0,,,,
2024-06-16,MOCK_ARG_24,0.0,,,,
2024-06-17,MOCK_ARG_24,0.0,,,,
2024-06-18,MOCK_ARG_24,0.0,,,,
2024-06-19,MOCK_ARG_24,0.0,,,,
2024-06-20,MOCK_ARG_24,0.0,,,,
2024-06-21,MOCK_ARG_24,75.0,,,,
2024-06-22,MOCK_ARG_24,0.0,,,,
2024-06-23,MOCK_ARG_24,5.5,,,,
2024-06-24,MOCK_ARG_24,0.0,,,,
2024-06-25,MOCK_ARG_24,0.0,,,,
2024-06-26,MOCK_ARG_24,0.0,,,,
2024-06-27,MOCK_ARG_24,0.0,,,,
2024-06-28,MOCK_ARG_24,3.0,,,,
2024-06-29,MOCK_ARG_24,13.5,,,,
2024-06-30,MOCK_ARG_24,0.0,,,,
2024-07-01,MOCK_ARG_24,0.0,,,,
2024-07-02,MOCK_ARG_24,0.0,,,,
2024-07-03,MOCK_ARG_24,0.0,,,,
2024-07-04,MOCK_ARG_24,0.0,,,,
2024-07-05,MOCK_ARG_24,2.0,,,,
2024-07-06,MOCK_ARG_24,0.0,,,,
2024-07-07,MOCK_ARG_24,0.0,,,,
2024-07-08,MOCK_ARG_24,0.0,,,,
2024-07-09,MOCK_ARG_24,0.0,,,,
2024-07-10,MOCK_ARG_24,2.0,,,,
2024-07-11,MOCK_ARG_24,0.5,,,,
2024-07-12,MOCK_ARG_24,0.0,,,,
2024-07-13,MOCK_ARG_24,0.0,,,,
2024-07-14,MOCK_ARG_24,0.0,,,,
2024-07-15,MOCK_ARG_24,0.0,,,,
2024-07-16,MOCK_ARG_24,0.0,,,,
2024-07-17,MOCK_ARG_24,0.0,,,,
2024-07-18,MOCK_ARG_24,0.0,,,,
2024-07-19,MOCK_ARG_24,0.0,,,,
2024-07-20,MOCK_ARG_24,0.0,,,,
2024-07-21,MOCK_ARG_24,0.0,,,,
2024-07-22,MOCK_ARG_24,0.0,,,,
2024-07-23,MOCK_ARG_24,0.0,,,,
2024-07-24,MOCK_ARG_24,0.0,,,,
2024-07-25,MOCK_ARG_24,0.0,,,,
2024-07-26,MOCK_ARG_24,0.0,,,,
2024-07-27,MOCK_ARG_24,0.0,,,,
2024-07-28,MOCK_ARG_24,0.0,,,,
2024-07-29,MOCK_ARG_24,0.0,,,,
2024-07-30,MOCK_ARG_24,3.0,,,,
2024-07-31,MOCK_ARG_24,4.5,,,,
2024-08-01,MOCK_ARG_24,21.0,,,,
2024-08-02,MOCK_ARG_24,0.0,,,,
2024-08-03,MOCK_ARG_24,0.0,,,,
2024-08-04,MOCK_ARG_24,0.0,,,,
2024-08-05,MOCK_ARG_24,0.0,,,,
2024-08-06,MOCK_ARG_24,0.0,,,,
2024-08-07,MOCK_ARG_24,0.0,,,,
2024-08-08,MOCK_ARG_24,,,,,
2024-08-09,MOCK_ARG_24,0.0,,,,
2024-08-10,MOCK_ARG_24,0.0,,,,
2024-08-11,MOCK_ARG_24,1.0,,,,
2024-08-12,MOCK_ARG_24,0.0,,,,
2024-08-13,MOCK_ARG_24,0.0,,,,
2024-08-14,MOCK_ARG_24,0.0,,,,
2024-08-15,MOCK_ARG_24,0.0,,,,
2024-08-16,MOCK_ARG_24,0.0,,,,
2024-08-17,MOCK_ARG_24,,,,,
2024-08-18,MOCK_ARG_24,0.0,,,,
2024-08-19,MOCK_ARG_24,0.0,,,,
2024-08-20,MOCK_ARG_24,0.0,,,,
2024-08-21,MOCK_ARG_24,0.0,,,,
2024-08-22,MOCK_ARG_24,0.0,,,,
2024-08-23,MOCK_ARG_24,22.0,,,,
2024-08-24,MOCK_ARG_24,0.0,,,,
2024-08-25,MOCK_ARG_24,0.0,,,,
2024-08-26,MOCK_ARG_24,0.0,,,,
2024-08-27,MOCK_ARG_24,0.0,,,,
2024-08-28,MOCK_ARG_24,0.0,,,,
2024-08-29,MOCK_ARG_24,0.0,,,,
2024-08-30,MOCK_ARG_24,0.0,,,,
2024-08-31,MOCK_ARG_24,0.0,,,,
2024-09-01,MOCK_ARG_24,0.0,,,,
2024-09-02,MOCK_ARG_24,0.0,,,,
2024-09-03,MOCK_ARG_24,,,,,
2024-09-04,MOCK_ARG_24,0.0,,,,
2024-09-05,MOCK_ARG_24,0.0,,,,
2024-09-06,MOCK_ARG_24,0.0,,,,
2024-09-07,MOCK_ARG_24,0.0,,,,
2024-09-08,MOCK_ARG_24,0.0,,,,
2024-09-09,MOCK_ARG_24,0.0,,,,
2024-09-10,MOCK_ARG_24,0.0,,,,
2024-09-11,MOCK_ARG_24,0.0,,,,
2024-09-12,MOCK_ARG_24,0.0,,,,
2024-09-13,MOCK_ARG_24,0.0,,,,
2024-09-14,MOCK_ARG_24,0.0,,,,
2024-09-15,MOCK_ARG_24,0.0,,,,
2024-09-16,MOCK_ARG_24,0.0,,,,
2024-09-17,MOCK_ARG_24,0.0,,,,
2024-09-18,MOCK_ARG_24,0.0,,,,
2024-09-19,MOCK_ARG_24,0.0,,,,
2024-09-20,MOCK_ARG_24,0.0,,,,
2024-09-21,MOCK_ARG_24,0.0,,,,
2024-09-22,MOCK_ARG_24,0.0,,,,
2024-09-23,MOCK_ARG_24,0.0,,,,
2024-09-24,MOCK_ARG_24,0.0,,,,
2024-09-25,MOCK_ARG_24,0.0,,,,
2024-09-26,MOCK_ARG_24,0.0,,,,
2024-09-27,MOCK_ARG_24,0.0,,,,
2024-09-28,MOCK_ARG_24,1.5,,,,
2024-09-29,MOCK_ARG_24,0.0,,,,
2024-09-30,MOCK_ARG_24,0.0,,,,
2024-10-01,MOCK_ARG_24,,,,,
2024-10-02,MOCK_ARG_24,0.0,,,,
2024-10-03,MOCK_ARG_24,0.0,,,,
2024-10-04,MOCK_ARG_24,0.0,,,,
2024-10-05,MOCK_ARG_24,0.0,,,,
2024-10-06,MOCK_ARG_24,0.0,,,,
2024-10-07,MOCK_ARG_24,0.0,,,,
2024-10-08,MOCK_ARG_24,,,,,
2024-10-09,MOCK_ARG_24,0.0,,,,
2024-10-10,MOCK_ARG_24,0.0,,,,
2024-10-11,MOCK_ARG_24,0.0,,,,
2024-10-12,MOCK_ARG_24,0.0,,,,
2024-10-13,MOCK_ARG_24,0.0,,,,
2024-10-14,MOCK_ARG_24,0.0,,,,
2024-10-15,MOCK_ARG_24,0.0,,,,
2024-10-16,MOCK_ARG_24,0.0,,,,
2024-10-17,MOCK_ARG_24,,,,,
2024-10-18,MOCK_ARG_24,0.0,,,,
2024-10-19,MOCK_ARG_24,0.0,,,,
2024-10-20,MOCK_ARG_24,0.0,,,,
2024-10-21,MOCK_ARG_24,0.0,,,,
2024-10-22,MOCK_ARG_24,0.0,,,,
2024-10-23,MOCK_ARG_24,0.0,,,,
2024-10-24,MOCK_ARG_24,0.0,,,,
2024-10-25,MOCK_ARG_24,0.0,,,,
2024-10-26,MOCK_ARG_24,0.0,,,,
2024-10-27,MOCK_ARG_24,0.0,,,,
2024-10-28,MOCK_ARG_24,0.0,,,,
2024-10-29,MOCK_ARG_24,0.5,,,,
2024-10-30,MOCK_ARG_24,0.0,,,,
2024-10-31,MOCK_ARG_24,0.5,,,,
2024-11-01,MOCK_ARG_24,0.0,,,,
2024-11-02,MOCK_ARG_24,0.0,,,,
2024-11-03,MOCK_ARG_24,1.5,,,,
2024-11-04,MOCK_ARG_24,0.0,,,,
2024-11-05,MOCK_ARG_24,0.0,,,,
2024-11-06,MOCK_ARG_24,0.0,,,,
2024-11-07,MOCK_ARG_24,0.0,,,,
2024-11-08,MOCK_ARG_24,0.0,,,,
2024-11-09,MOCK_ARG_24,0.0,,,,
2024-11-10,MOCK_ARG_24,0.0,,,,
2024-11-11,MOCK_ARG_24,0.0,,,,
2024-11-12,MOCK_ARG_24,0.0,,,,
2024-11-13,MOCK_ARG_24,,,,,
2024-11-14,MOCK_ARG_24,0.0,,,,
2024-11-15,MOCK_ARG_24,,,,,
2024-11-16,MOCK_ARG_24,0.0,,,,
2024-11-17,MOCK_ARG_24,0.0,,,,
2024-11-18,MOCK_ARG_24,0.0,,,,
2024-11-19,MOCK_ARG_24,0.0,,,,
2024-11-20,MOCK_ARG_24,0.0,,,,
2024-11-21,MOCK_ARG_24,0.0,,,,
2024-11-22,MOCK_ARG_24,0.0,,,,
2024-11-23,MOCK_ARG_24,0.0,,,,
2024-11-24,MOCK_ARG_24,0.0,,,,
2024-11-25,MOCK_ARG_24,0.0,,,,
2024-11-26,MOCK_ARG_24,0.0,,,,
2024-11-27,MOCK_ARG_24,0.0,,,,
2024-11-28,MOCK_ARG_24,3.5,,,,
2024-11-29,MOCK_ARG_24,0.0,,,,
2024-11-30,MOCK_ARG_24,0.0,,,,
2024-12-01,MOCK_ARG_24,0.0,,,,
2024-12-02,MOCK_ARG_24,0.0,,,,
2024-12-03,MOCK_ARG_24,0.0,,,,
2024-12-04,MOCK_ARG_24,0.0,,,,
2024-12-05,MOCK_ARG_24,0.0,,,,
2024-12-06,MOCK_ARG_24,0.0,,,,
2024-12-07,MOCK_ARG_24,0.0,,,,
2024-12-08,MOCK_ARG_24,0.0,,,,
2024-12-09,MOCK_ARG_24,0.0,,,,
2024-12-10,MOCK_ARG_24,0.0,,,,
2024-12-11,MOCK_ARG_24,0.0,,,,
2024-12-12,MOCK_ARG_24,0.0,,,,
2024-12-13,MOCK_ARG_24,0.0,,,,
2024-12-14,MOCK_ARG_24,0.0,,,,
2024-12-15,MOCK_ARG_24,0.0,,,,
2024-12-16,MOCK_ARG_24,0.0,,,,
2024-12-17,MOCK_ARG_24,0.0,,,,
2024-12-18,MOCK_ARG_24,0.0,,,,
2024-12-19,MOCK_ARG_24,0.0,,,,
2024-12-20,MOCK_ARG_24,0.0,,,,
2024-12-21,MOCK_ARG_24,0.0,,,,
2024-12-22,MOCK_ARG_24,0.0,,,,
2024-12-23,MOCK_ARG_24,0.0,,,,
2024-12-24,MOCK_ARG_24,0.0,,,,
2024-12-25,MOCK_ARG_24,0.0,,,,
2024-12-26,MOCK_ARG_24,0.5,,,,
2024-12-27,MOCK_ARG_24,0.0,,,,
2024-12-28,MOCK_ARG_24,0.0,,,,
2024-12-29,MOCK_ARG_24,7.5,,,,
2024-12-30,MOCK_ARG_24,0.0,,,,
2024-12-31,MOCK_ARG_24,0.0,,,,
